{
"type": "FeatureCollection",
"name": "equipements",
"crs": { "type": "name", "properties": { "name": "urn:ogc:def:crs:OGC:1.3:CRS84" } },
"features": [
{ "type": "Feature", "properties": { "categorie": "hospital", "name": "Centre Médico Social français" }, "geometry": { "type": "Point", "coordinates": [ 11.5175834, 3.8570057 ] } },
{ "type": "Feature", "properties": { "categorie": "bus_station", "name": "" }, "geometry": { "type": "Point", "coordinates": [ 11.5261798, 3.9073842 ] } },
{ "type": "Feature", "properties": { "categorie": "shop_supermarket", "name": "Bon Prix" }, "geometry": { "type": "Point", "coordinates": [ 11.5131003, 3.8924961 ] } },
{ "type": "Feature", "properties": { "categorie": "school", "name": "Collège Polyvalent G.T Les Peuples noirs de Mintotom" }, "geometry": { "type": "Point", "coordinates": [ 11.4795479, 3.9852468 ] } },
{ "type": "Feature", "properties": { "categorie": "school", "name": "Ecole Publique de Nouma" }, "geometry": { "type": "Point", "coordinates": [ 11.4219266, 3.9643459 ] } },
{ "type": "Feature", "properties": { "categorie": "school", "name": "Ecole Maternelle de Nkolgong" }, "geometry": { "type": "Point", "coordinates": [ 11.4619695, 3.9248644 ] } },
{ "type": "Feature", "properties": { "categorie": "school", "name": "Ecole Catholique Maternelle de Yegassi" }, "geometry": { "type": "Point", "coordinates": [ 11.4750991, 3.9895576 ] } },
{ "type": "Feature", "properties": { "categorie": "school", "name": "Scolastical SHMD deNgoya I" }, "geometry": { "type": "Point", "coordinates": [ 11.455897, 3.954567 ] } },
{ "type": "Feature", "properties": { "categorie": "shop_supermarket", "name": "Marche Central de Leboudi" }, "geometry": { "type": "Point", "coordinates": [ 11.4438063, 3.9361992 ] } },
{ "type": "Feature", "properties": { "categorie": "school", "name": "Ecole Maternelle et Primaire de Nkolgong" }, "geometry": { "type": "Point", "coordinates": [ 11.462556, 3.9252269 ] } },
{ "type": "Feature", "properties": { "categorie": "school", "name": "Ecole catholique de Yegassi" }, "geometry": { "type": "Point", "coordinates": [ 11.4751, 3.9895591 ] } },
{ "type": "Feature", "properties": { "categorie": "school", "name": "Ecole Publique de Levalembede" }, "geometry": { "type": "Point", "coordinates": [ 11.444866, 3.9080036 ] } },
{ "type": "Feature", "properties": { "categorie": "school", "name": "College Polyvalent G.T Les Peuples noirs de Mintotom" }, "geometry": { "type": "Point", "coordinates": [ 11.4790515, 3.9847667 ] } },
{ "type": "Feature", "properties": { "categorie": "school", "name": "École Catholique de Ngoya" }, "geometry": { "type": "Point", "coordinates": [ 11.4519203, 3.9612922 ] } },
{ "type": "Feature", "properties": { "categorie": "school", "name": "Ecole Catholique Ste.Augustin de Leboudi" }, "geometry": { "type": "Point", "coordinates": [ 11.4429224, 3.9169205 ] } },
{ "type": "Feature", "properties": { "categorie": "school", "name": "College Nell de Laboudi" }, "geometry": { "type": "Point", "coordinates": [ 11.4454213, 3.9116428 ] } },
{ "type": "Feature", "properties": { "categorie": "school", "name": "École Publique et primaire de Nkolondom" }, "geometry": { "type": "Point", "coordinates": [ 11.4814735, 3.9801803 ] } },
{ "type": "Feature", "properties": { "categorie": "shop_supermarket", "name": "Marche d'Ebot" }, "geometry": { "type": "Point", "coordinates": [ 11.4559046, 3.9760763 ] } },
{ "type": "Feature", "properties": { "categorie": "bus_station", "name": "General Express" }, "geometry": { "type": "Point", "coordinates": [ 11.526138, 3.9042177 ] } },
{ "type": "Feature", "properties": { "categorie": "university", "name": "École Normale Supérieure" }, "geometry": { "type": "Point", "coordinates": [ 11.509741, 3.8609372 ] } },
{ "type": "Feature", "properties": { "categorie": "pharmacy", "name": "Pharmacie Olezoa" }, "geometry": { "type": "Point", "coordinates": [ 11.5148132, 3.846497 ] } },
{ "type": "Feature", "properties": { "categorie": "marketplace", "name": "Marché de Mvog Mbi" }, "geometry": { "type": "Point", "coordinates": [ 11.5208378, 3.8505723 ] } },
{ "type": "Feature", "properties": { "categorie": "pharmacy", "name": "Pharmacie du Centre" }, "geometry": { "type": "Point", "coordinates": [ 11.5179547, 3.8710132 ] } },
{ "type": "Feature", "properties": { "categorie": "shop_mall", "name": "London House melen" }, "geometry": { "type": "Point", "coordinates": [ 11.4964768, 3.8658429 ] } },
{ "type": "Feature", "properties": { "categorie": "shop_supermarket", "name": "" }, "geometry": { "type": "Point", "coordinates": [ 11.4953369, 3.8352804 ] } },
{ "type": "Feature", "properties": { "categorie": "pharmacy", "name": "Pharmacie de Nkomo" }, "geometry": { "type": "Point", "coordinates": [ 11.550225, 3.8416617 ] } },
{ "type": "Feature", "properties": { "categorie": "pharmacy", "name": "Pharmacie Tsinga" }, "geometry": { "type": "Point", "coordinates": [ 11.5027686, 3.8818777 ] } },
{ "type": "Feature", "properties": { "categorie": "shop_supermarket", "name": "fekoue supermarche" }, "geometry": { "type": "Point", "coordinates": [ 11.50307, 3.8698554 ] } },
{ "type": "Feature", "properties": { "categorie": "pharmacy", "name": "Mami Macta" }, "geometry": { "type": "Point", "coordinates": [ 11.5346161, 3.8712872 ] } },
{ "type": "Feature", "properties": { "categorie": "pharmacy", "name": "Pharmacy de l'Université" }, "geometry": { "type": "Point", "coordinates": [ 11.5045728, 3.8594758 ] } },
{ "type": "Feature", "properties": { "categorie": "pharmacy", "name": "Pharmacie de la Moisson" }, "geometry": { "type": "Point", "coordinates": [ 11.5211667, 3.8604354 ] } },
{ "type": "Feature", "properties": { "categorie": "pharmacy", "name": "Pharmacie Mvog-Atangana Mballa" }, "geometry": { "type": "Point", "coordinates": [ 11.5192943, 3.8488518 ] } },
{ "type": "Feature", "properties": { "categorie": "pharmacy", "name": "Pharmacie de l'Aéroport" }, "geometry": { "type": "Point", "coordinates": [ 11.5167072, 3.8253653 ] } },
{ "type": "Feature", "properties": { "categorie": "school", "name": "HOLY TRINITY NPS" }, "geometry": { "type": "Point", "coordinates": [ 11.4816681, 3.8273045 ] } },
{ "type": "Feature", "properties": { "categorie": "school", "name": "ECOLE BILINGUE BIBI" }, "geometry": { "type": "Point", "coordinates": [ 11.5222759, 3.7922084 ] } },
{ "type": "Feature", "properties": { "categorie": "pharmacy", "name": "Pharmacie Moto George" }, "geometry": { "type": "Point", "coordinates": [ 11.5179934, 3.889256 ] } },
{ "type": "Feature", "properties": { "categorie": "school", "name": "" }, "geometry": { "type": "Point", "coordinates": [ 11.4818802, 3.8294389 ] } },
{ "type": "Feature", "properties": { "categorie": "bus_station", "name": "La Kribienne" }, "geometry": { "type": "Point", "coordinates": [ 11.5165313, 3.8243072 ] } },
{ "type": "Feature", "properties": { "categorie": "pharmacy", "name": "Pharmacie Isis" }, "geometry": { "type": "Point", "coordinates": [ 11.5483223, 3.8642524 ] } },
{ "type": "Feature", "properties": { "categorie": "shop_supermarket", "name": "" }, "geometry": { "type": "Point", "coordinates": [ 11.5338644, 3.8705721 ] } },
{ "type": "Feature", "properties": { "categorie": "pharmacy", "name": "La Référence de Ngousso" }, "geometry": { "type": "Point", "coordinates": [ 11.5491697, 3.8943449 ] } },
{ "type": "Feature", "properties": { "categorie": "pharmacy", "name": "Pharmacie du Stade" }, "geometry": { "type": "Point", "coordinates": [ 11.5452392, 3.8891163 ] } },
{ "type": "Feature", "properties": { "categorie": "shop_supermarket", "name": "Nziko" }, "geometry": { "type": "Point", "coordinates": [ 11.5197577, 3.8656919 ] } },
{ "type": "Feature", "properties": { "categorie": "pharmacy", "name": "" }, "geometry": { "type": "Point", "coordinates": [ 11.4989103, 3.8528552 ] } },
{ "type": "Feature", "properties": { "categorie": "hospital", "name": "Camp Yeyap 2" }, "geometry": { "type": "Point", "coordinates": [ 11.502893, 3.8698391 ] } },
{ "type": "Feature", "properties": { "categorie": "school", "name": "Groupe Scolaire Bilingue Iles des Anges" }, "geometry": { "type": "Point", "coordinates": [ 11.5310557, 3.9515936 ] } },
{ "type": "Feature", "properties": { "categorie": "school", "name": "École Publique ETOA" }, "geometry": { "type": "Point", "coordinates": [ 11.4779869, 3.7838792 ] } },
{ "type": "Feature", "properties": { "categorie": "marketplace", "name": "" }, "geometry": { "type": "Point", "coordinates": [ 11.5212009, 3.8882545 ] } },
{ "type": "Feature", "properties": { "categorie": "marketplace", "name": "Marché de Nkol Eton" }, "geometry": { "type": "Point", "coordinates": [ 11.5200739, 3.8883901 ] } },
{ "type": "Feature", "properties": { "categorie": "shop_supermarket", "name": "Soneco" }, "geometry": { "type": "Point", "coordinates": [ 11.5371932, 3.8867467 ] } },
{ "type": "Feature", "properties": { "categorie": "school", "name": "Juris Academize" }, "geometry": { "type": "Point", "coordinates": [ 11.5936628, 3.9674856 ] } },
{ "type": "Feature", "properties": { "categorie": "pharmacy", "name": "Pharmacie Jireh" }, "geometry": { "type": "Point", "coordinates": [ 11.5936877, 3.9672671 ] } },
{ "type": "Feature", "properties": { "categorie": "shop_supermarket", "name": "" }, "geometry": { "type": "Point", "coordinates": [ 11.5936672, 3.9671433 ] } },
{ "type": "Feature", "properties": { "categorie": "shop_supermarket", "name": "" }, "geometry": { "type": "Point", "coordinates": [ 11.5936745, 3.9674335 ] } },
{ "type": "Feature", "properties": { "categorie": "shop_supermarket", "name": "" }, "geometry": { "type": "Point", "coordinates": [ 11.593669, 3.9675634 ] } },
{ "type": "Feature", "properties": { "categorie": "shop_supermarket", "name": "" }, "geometry": { "type": "Point", "coordinates": [ 11.5937345, 3.9676606 ] } },
{ "type": "Feature", "properties": { "categorie": "shop_supermarket", "name": "La Grâce" }, "geometry": { "type": "Point", "coordinates": [ 11.5936807, 3.9655442 ] } },
{ "type": "Feature", "properties": { "categorie": "school", "name": "Scienta, formation en informatique et managment" }, "geometry": { "type": "Point", "coordinates": [ 11.5926842, 3.9677094 ] } },
{ "type": "Feature", "properties": { "categorie": "shop_supermarket", "name": "" }, "geometry": { "type": "Point", "coordinates": [ 11.593337, 3.9676171 ] } },
{ "type": "Feature", "properties": { "categorie": "shop_supermarket", "name": "" }, "geometry": { "type": "Point", "coordinates": [ 11.5934607, 3.9682103 ] } },
{ "type": "Feature", "properties": { "categorie": "shop_supermarket", "name": "" }, "geometry": { "type": "Point", "coordinates": [ 11.5934627, 3.9682352 ] } },
{ "type": "Feature", "properties": { "categorie": "shop_supermarket", "name": "" }, "geometry": { "type": "Point", "coordinates": [ 11.5934648, 3.968263 ] } },
{ "type": "Feature", "properties": { "categorie": "pharmacy", "name": "Saint Martin" }, "geometry": { "type": "Point", "coordinates": [ 11.5181947, 3.8647393 ] } },
{ "type": "Feature", "properties": { "categorie": "pharmacy", "name": "Pharmacie Lyonnaise" }, "geometry": { "type": "Point", "coordinates": [ 11.4970116, 3.8760709 ] } },
{ "type": "Feature", "properties": { "categorie": "clinic", "name": "Centre de santé de Madagascar" }, "geometry": { "type": "Point", "coordinates": [ 11.4937287, 3.8807548 ] } },
{ "type": "Feature", "properties": { "categorie": "shop_supermarket", "name": "Socropole Tsinga" }, "geometry": { "type": "Point", "coordinates": [ 11.5005597, 3.8879071 ] } },
{ "type": "Feature", "properties": { "categorie": "shop_supermarket", "name": "Dovv" }, "geometry": { "type": "Point", "coordinates": [ 11.5017313, 3.8733523 ] } },
{ "type": "Feature", "properties": { "categorie": "school", "name": "College Bethlehem Le Grand, Nkomkana" }, "geometry": { "type": "Point", "coordinates": [ 11.4929493, 3.8840308 ] } },
{ "type": "Feature", "properties": { "categorie": "pharmacy", "name": "Pharmacie Ketchy Madagascar" }, "geometry": { "type": "Point", "coordinates": [ 11.4926597, 3.8828222 ] } },
{ "type": "Feature", "properties": { "categorie": "shop_supermarket", "name": "" }, "geometry": { "type": "Point", "coordinates": [ 11.4772094, 3.840609 ] } },
{ "type": "Feature", "properties": { "categorie": "school", "name": "MTC Language Institute" }, "geometry": { "type": "Point", "coordinates": [ 11.4859372, 3.8338242 ] } },
{ "type": "Feature", "properties": { "categorie": "shop_supermarket", "name": "Alimentation Oncle René" }, "geometry": { "type": "Point", "coordinates": [ 11.4849752, 3.8372587 ] } },
{ "type": "Feature", "properties": { "categorie": "pharmacy", "name": "Pharmacie Biyem-assi Dr Tchachou Joseph" }, "geometry": { "type": "Point", "coordinates": [ 11.4849664, 3.8372952 ] } },
{ "type": "Feature", "properties": { "categorie": "shop_supermarket", "name": "Supermarché Niki" }, "geometry": { "type": "Point", "coordinates": [ 11.4859961, 3.8376745 ] } },
{ "type": "Feature", "properties": { "categorie": "shop_supermarket", "name": "" }, "geometry": { "type": "Point", "coordinates": [ 11.4852368, 3.8369864 ] } },
{ "type": "Feature", "properties": { "categorie": "pharmacy", "name": "pharmacie de la fidelite" }, "geometry": { "type": "Point", "coordinates": [ 11.5050912, 3.8722691 ] } },
{ "type": "Feature", "properties": { "categorie": "clinic", "name": "CABINET DES SOINS LES DELICES" }, "geometry": { "type": "Point", "coordinates": [ 11.4935654, 3.8597086 ] } },
{ "type": "Feature", "properties": { "categorie": "school", "name": "Collège Polyvalent St Augustin" }, "geometry": { "type": "Point", "coordinates": [ 11.555, 3.8989112 ] } },
{ "type": "Feature", "properties": { "categorie": "school", "name": "École maternelle et primaire bilingue" }, "geometry": { "type": "Point", "coordinates": [ 11.5533811, 3.895673 ] } },
{ "type": "Feature", "properties": { "categorie": "pharmacy", "name": "Pharmacie Provinciale" }, "geometry": { "type": "Point", "coordinates": [ 11.5159436, 3.8795091 ] } },
{ "type": "Feature", "properties": { "categorie": "bus_station", "name": "Danay Express" }, "geometry": { "type": "Point", "coordinates": [ 11.5151245, 3.8208736 ] } },
{ "type": "Feature", "properties": { "categorie": "bus_station", "name": "FineXs Voyages" }, "geometry": { "type": "Point", "coordinates": [ 11.5135891, 3.8171393 ] } },
{ "type": "Feature", "properties": { "categorie": "school", "name": "Groupe scolaire bilingue Honoris Causa" }, "geometry": { "type": "Point", "coordinates": [ 11.4903301, 3.7953901 ] } },
{ "type": "Feature", "properties": { "categorie": "school", "name": "Groupe scolaire bilingue Eriko de l'espoir" }, "geometry": { "type": "Point", "coordinates": [ 11.528997, 3.7786712 ] } },
{ "type": "Feature", "properties": { "categorie": "school", "name": "St Stephen high school" }, "geometry": { "type": "Point", "coordinates": [ 11.4880939, 3.8028769 ] } },
{ "type": "Feature", "properties": { "categorie": "school", "name": "St Mary primary and nursery school" }, "geometry": { "type": "Point", "coordinates": [ 11.4904501, 3.803146 ] } },
{ "type": "Feature", "properties": { "categorie": "school", "name": "centre pilote informatique" }, "geometry": { "type": "Point", "coordinates": [ 11.5108717, 3.8429354 ] } },
{ "type": "Feature", "properties": { "categorie": "school", "name": "École primaire et maternelle bilingue les lapereaux" }, "geometry": { "type": "Point", "coordinates": [ 11.4991796, 3.864434 ] } },
{ "type": "Feature", "properties": { "categorie": "pharmacy", "name": "Pharmacie de la liberté" }, "geometry": { "type": "Point", "coordinates": [ 11.5799773, 3.8527373 ] } },
{ "type": "Feature", "properties": { "categorie": "pharmacy", "name": "Pharmacie de l'Unité" }, "geometry": { "type": "Point", "coordinates": [ 11.5216897, 3.8588385 ] } },
{ "type": "Feature", "properties": { "categorie": "pharmacy", "name": "Pharmacie Ste Madeleine" }, "geometry": { "type": "Point", "coordinates": [ 11.5857939, 3.8618534 ] } },
{ "type": "Feature", "properties": { "categorie": "school", "name": "Faith comprehensive high school" }, "geometry": { "type": "Point", "coordinates": [ 11.4931663, 3.856254 ] } },
{ "type": "Feature", "properties": { "categorie": "pharmacy", "name": "MINDILI" }, "geometry": { "type": "Point", "coordinates": [ 11.5364405, 3.8245838 ] } },
{ "type": "Feature", "properties": { "categorie": "school", "name": "HBPNS" }, "geometry": { "type": "Point", "coordinates": [ 11.4804146, 3.8007054 ] } },
{ "type": "Feature", "properties": { "categorie": "shop_supermarket", "name": "Montana" }, "geometry": { "type": "Point", "coordinates": [ 11.5190329, 3.868886 ] } },
{ "type": "Feature", "properties": { "categorie": "pharmacy", "name": "Pharmacie la Colombe" }, "geometry": { "type": "Point", "coordinates": [ 11.5357759, 3.8849544 ] } },
{ "type": "Feature", "properties": { "categorie": "hospital", "name": "Fondation médico-chirurgicale Maria Rosa Nsisim" }, "geometry": { "type": "Point", "coordinates": [ 11.502291, 3.8121305 ] } },
{ "type": "Feature", "properties": { "categorie": "shop_supermarket", "name": "micc jouvence" }, "geometry": { "type": "Point", "coordinates": [ 11.4799567, 3.8290549 ] } },
{ "type": "Feature", "properties": { "categorie": "pharmacy", "name": "Pharmacie Bleue" }, "geometry": { "type": "Point", "coordinates": [ 11.5422648, 3.9076768 ] } },
{ "type": "Feature", "properties": { "categorie": "pharmacy", "name": "Phamacie Bayard" }, "geometry": { "type": "Point", "coordinates": [ 11.5461689, 3.9024161 ] } },
{ "type": "Feature", "properties": { "categorie": "bus_station", "name": "Binam Voyages" }, "geometry": { "type": "Point", "coordinates": [ 11.529305, 3.9081164 ] } },
{ "type": "Feature", "properties": { "categorie": "bus_station", "name": "Amigo Voyages" }, "geometry": { "type": "Point", "coordinates": [ 11.5265042, 3.9074822 ] } },
{ "type": "Feature", "properties": { "categorie": "school", "name": "Borax bilingual school" }, "geometry": { "type": "Point", "coordinates": [ 11.501503, 3.8510121 ] } },
{ "type": "Feature", "properties": { "categorie": "clinic", "name": "Centre de Santé Intégré Moïse & Elisabeth" }, "geometry": { "type": "Point", "coordinates": [ 11.5218151, 3.8211882 ] } },
{ "type": "Feature", "properties": { "categorie": "clinic", "name": "Centre de Santé Intégré Sainte Marie" }, "geometry": { "type": "Point", "coordinates": [ 11.5238763, 3.8178603 ] } },
{ "type": "Feature", "properties": { "categorie": "pharmacy", "name": "Pharmacie 2000" }, "geometry": { "type": "Point", "coordinates": [ 11.5079212, 3.8857174 ] } },
{ "type": "Feature", "properties": { "categorie": "school", "name": "essama virtual" }, "geometry": { "type": "Point", "coordinates": [ 11.4747539, 3.8392715 ] } },
{ "type": "Feature", "properties": { "categorie": "shop_supermarket", "name": "Oumbe" }, "geometry": { "type": "Point", "coordinates": [ 11.5233359, 3.8956368 ] } },
{ "type": "Feature", "properties": { "categorie": "bus_station", "name": "Gare de Soa (bus)" }, "geometry": { "type": "Point", "coordinates": [ 11.5225006, 3.8661547 ] } },
{ "type": "Feature", "properties": { "categorie": "bus_station", "name": "Gare de Nkoabang" }, "geometry": { "type": "Point", "coordinates": [ 11.585721, 3.8620756 ] } },
{ "type": "Feature", "properties": { "categorie": "bus_station", "name": "Gare de Mimboman" }, "geometry": { "type": "Point", "coordinates": [ 11.550065, 3.8672531 ] } },
{ "type": "Feature", "properties": { "categorie": "clinic", "name": "Hope Clinic" }, "geometry": { "type": "Point", "coordinates": [ 11.5477716, 3.8788543 ] } },
{ "type": "Feature", "properties": { "categorie": "shop_supermarket", "name": "Mahima" }, "geometry": { "type": "Point", "coordinates": [ 11.5191388, 3.8462745 ] } },
{ "type": "Feature", "properties": { "categorie": "pharmacy", "name": "" }, "geometry": { "type": "Point", "coordinates": [ 11.4928374, 3.8718871 ] } },
{ "type": "Feature", "properties": { "categorie": "shop_supermarket", "name": "Kenza Market 100% Bio" }, "geometry": { "type": "Point", "coordinates": [ 11.4866826, 3.8447971 ] } },
{ "type": "Feature", "properties": { "categorie": "clinic", "name": "Clinique de l'espoir" }, "geometry": { "type": "Point", "coordinates": [ 11.4866674, 3.8458495 ] } },
{ "type": "Feature", "properties": { "categorie": "school", "name": "Ecole privée bilingue laïque NOUTON" }, "geometry": { "type": "Point", "coordinates": [ 11.5007345, 3.8820496 ] } },
{ "type": "Feature", "properties": { "categorie": "pharmacy", "name": "" }, "geometry": { "type": "Point", "coordinates": [ 11.5204614, 3.9272773 ] } },
{ "type": "Feature", "properties": { "categorie": "hospital", "name": "GT labo" }, "geometry": { "type": "Point", "coordinates": [ 11.4992709, 3.8636288 ] } },
{ "type": "Feature", "properties": { "categorie": "pharmacy", "name": "Pharmacie Populaire" }, "geometry": { "type": "Point", "coordinates": [ 11.5400568, 3.8736658 ] } },
{ "type": "Feature", "properties": { "categorie": "school", "name": "Dynamisme Bilingual Nursery and Primary School" }, "geometry": { "type": "Point", "coordinates": [ 11.5323966, 3.8602702 ] } },
{ "type": "Feature", "properties": { "categorie": "school", "name": "Institut Supérieur JIMIT" }, "geometry": { "type": "Point", "coordinates": [ 11.5048555, 3.8587479 ] } },
{ "type": "Feature", "properties": { "categorie": "school", "name": "Institut Supérieur JIMIT" }, "geometry": { "type": "Point", "coordinates": [ 11.4901845, 3.8554699 ] } },
{ "type": "Feature", "properties": { "categorie": "school", "name": "COLLÈGE SOCRATE ELANDI" }, "geometry": { "type": "Point", "coordinates": [ 11.522264, 3.9489106 ] } },
{ "type": "Feature", "properties": { "categorie": "school", "name": "Lycee technique Charles Atangana" }, "geometry": { "type": "Point", "coordinates": [ 11.5157591, 3.8886197 ] } },
{ "type": "Feature", "properties": { "categorie": "school", "name": "I.S.E.I.G MELEN" }, "geometry": { "type": "Point", "coordinates": [ 11.494946, 3.8681898 ] } },
{ "type": "Feature", "properties": { "categorie": "school", "name": "INSTITUT MOD'ESTTA" }, "geometry": { "type": "Point", "coordinates": [ 11.5515232, 3.8921011 ] } },
{ "type": "Feature", "properties": { "categorie": "school", "name": "Dina Bélanger" }, "geometry": { "type": "Point", "coordinates": [ 11.4752546, 3.8172033 ] } },
{ "type": "Feature", "properties": { "categorie": "school", "name": "Saint-Achille" }, "geometry": { "type": "Point", "coordinates": [ 11.4758849, 3.8177372 ] } },
{ "type": "Feature", "properties": { "categorie": "school", "name": "MARIO" }, "geometry": { "type": "Point", "coordinates": [ 11.4757615, 3.8249002 ] } },
{ "type": "Feature", "properties": { "categorie": "school", "name": "GBS Les Dégourdis" }, "geometry": { "type": "Point", "coordinates": [ 11.4805915, 3.8259927 ] } },
{ "type": "Feature", "properties": { "categorie": "school", "name": "École Publique d'ETOUG-EBE" }, "geometry": { "type": "Point", "coordinates": [ 11.4583124, 3.842721 ] } },
{ "type": "Feature", "properties": { "categorie": "school", "name": "CESBI" }, "geometry": { "type": "Point", "coordinates": [ 11.4581166, 3.840386 ] } },
{ "type": "Feature", "properties": { "categorie": "school", "name": "IPONI" }, "geometry": { "type": "Point", "coordinates": [ 11.4580932, 3.8395785 ] } },
{ "type": "Feature", "properties": { "categorie": "school", "name": "Centre Catholique Universitaire" }, "geometry": { "type": "Point", "coordinates": [ 11.5025407, 3.8633554 ] } },
{ "type": "Feature", "properties": { "categorie": "clinic", "name": "LM St Mary medical" }, "geometry": { "type": "Point", "coordinates": [ 11.5041685, 3.8628941 ] } },
{ "type": "Feature", "properties": { "categorie": "clinic", "name": "Pavillon Ngantaha" }, "geometry": { "type": "Point", "coordinates": [ 11.5038832, 3.8650615 ] } },
{ "type": "Feature", "properties": { "categorie": "pharmacy", "name": "Pharmacie EMIA" }, "geometry": { "type": "Point", "coordinates": [ 11.5017314, 3.8626834 ] } },
{ "type": "Feature", "properties": { "categorie": "pharmacy", "name": "Pharmacie Mandela" }, "geometry": { "type": "Point", "coordinates": [ 11.4972547, 3.8641188 ] } },
{ "type": "Feature", "properties": { "categorie": "school", "name": "École Maternelle de la Gendarmerie Nationale" }, "geometry": { "type": "Point", "coordinates": [ 11.5002944, 3.8678674 ] } },
{ "type": "Feature", "properties": { "categorie": "school", "name": "École Publique de la Gendarmerie Nationale" }, "geometry": { "type": "Point", "coordinates": [ 11.4995272, 3.8674499 ] } },
{ "type": "Feature", "properties": { "categorie": "bus_station", "name": "Gare Routière Yaoundé Ouest" }, "geometry": { "type": "Point", "coordinates": [ 11.4972004, 3.8726067 ] } },
{ "type": "Feature", "properties": { "categorie": "pharmacy", "name": "Pharmacie MESSA" }, "geometry": { "type": "Point", "coordinates": [ 11.504311, 3.8722314 ] } },
{ "type": "Feature", "properties": { "categorie": "shop_supermarket", "name": "Niki Mokolo" }, "geometry": { "type": "Point", "coordinates": [ 11.49942, 3.874383 ] } },
{ "type": "Feature", "properties": { "categorie": "pharmacy", "name": "Pharmacie la Providence" }, "geometry": { "type": "Point", "coordinates": [ 11.5031764, 3.8733533 ] } },
{ "type": "Feature", "properties": { "categorie": "clinic", "name": "Centre de Vaccinations Internationales de Yaounde" }, "geometry": { "type": "Point", "coordinates": [ 11.508231, 3.8702745 ] } },
{ "type": "Feature", "properties": { "categorie": "school", "name": "École Maternelle Notre-Dame du Lac" }, "geometry": { "type": "Point", "coordinates": [ 11.5074693, 3.8701634 ] } },
{ "type": "Feature", "properties": { "categorie": "school", "name": "les Petits Chaperons" }, "geometry": { "type": "Point", "coordinates": [ 11.5073593, 3.8687478 ] } },
{ "type": "Feature", "properties": { "categorie": "pharmacy", "name": "" }, "geometry": { "type": "Point", "coordinates": [ 11.4917086, 3.856051 ] } },
{ "type": "Feature", "properties": { "categorie": "clinic", "name": "Polyclinique du palais" }, "geometry": { "type": "Point", "coordinates": [ 11.5036588, 3.8941892 ] } },
{ "type": "Feature", "properties": { "categorie": "school", "name": "" }, "geometry": { "type": "Point", "coordinates": [ 11.4937039, 3.8672736 ] } },
{ "type": "Feature", "properties": { "categorie": "clinic", "name": "Centre Hospitalier Pédiatrique et Gynécologique Nina" }, "geometry": { "type": "Point", "coordinates": [ 11.4748655, 3.8172274 ] } },
{ "type": "Feature", "properties": { "categorie": "school", "name": "Institut supérieur polytechnique les ArmandinsISPA" }, "geometry": { "type": "Point", "coordinates": [ 11.4985203, 3.8829765 ] } },
{ "type": "Feature", "properties": { "categorie": "school", "name": "Groupe Scolaire Bilingue Îlot de l'Espoir" }, "geometry": { "type": "Point", "coordinates": [ 11.4986567, 3.8645125 ] } },
{ "type": "Feature", "properties": { "categorie": "school", "name": "Harvester" }, "geometry": { "type": "Point", "coordinates": [ 11.4937016, 3.8673059 ] } },
{ "type": "Feature", "properties": { "categorie": "school", "name": "Lycée d'Odza" }, "geometry": { "type": "Point", "coordinates": [ 11.4996296, 3.7794312 ] } },
{ "type": "Feature", "properties": { "categorie": "shop_supermarket", "name": "Des Lys" }, "geometry": { "type": "Point", "coordinates": [ 11.5246532, 3.7834509 ] } },
{ "type": "Feature", "properties": { "categorie": "shop_supermarket", "name": "Santa Lucia Lycée Bilingue" }, "geometry": { "type": "Point", "coordinates": [ 11.5505494, 3.879744 ] } },
{ "type": "Feature", "properties": { "categorie": "school", "name": "Groupe Scolaire Bilingue Monica" }, "geometry": { "type": "Point", "coordinates": [ 11.5260741, 3.9271499 ] } },
{ "type": "Feature", "properties": { "categorie": "school", "name": "United Nations International School" }, "geometry": { "type": "Point", "coordinates": [ 11.5201802, 3.9256495 ] } },
{ "type": "Feature", "properties": { "categorie": "school", "name": "Groupe Scolaire Les Libellues" }, "geometry": { "type": "Point", "coordinates": [ 11.5226291, 3.8949984 ] } },
{ "type": "Feature", "properties": { "categorie": "school", "name": "Complexe Scolaire bilingue Les Futurs Savants" }, "geometry": { "type": "Point", "coordinates": [ 11.5217763, 3.9259896 ] } },
{ "type": "Feature", "properties": { "categorie": "school", "name": "Institut Bilingue d'Etoudi" }, "geometry": { "type": "Point", "coordinates": [ 11.5220224, 3.9260177 ] } },
{ "type": "Feature", "properties": { "categorie": "school", "name": "Groupe Scolaire Bilingue Le flambeau" }, "geometry": { "type": "Point", "coordinates": [ 11.5197245, 3.928835 ] } },
{ "type": "Feature", "properties": { "categorie": "school", "name": "St Emmanuel Bilingual Nursery and Primary School" }, "geometry": { "type": "Point", "coordinates": [ 11.5219432, 3.9233792 ] } },
{ "type": "Feature", "properties": { "categorie": "school", "name": "Groupe Scolaire MONICA" }, "geometry": { "type": "Point", "coordinates": [ 11.5260137, 3.9266698 ] } },
{ "type": "Feature", "properties": { "categorie": "school", "name": "ISUMAG" }, "geometry": { "type": "Point", "coordinates": [ 11.5303106, 3.8592793 ] } },
{ "type": "Feature", "properties": { "categorie": "school", "name": "IRIC" }, "geometry": { "type": "Point", "coordinates": [ 11.4912187, 3.8555967 ] } },
{ "type": "Feature", "properties": { "categorie": "pharmacy", "name": "Pharmacie Bethesda" }, "geometry": { "type": "Point", "coordinates": [ 11.4885805, 3.8323132 ] } },
{ "type": "Feature", "properties": { "categorie": "school", "name": "École Primaire et Maternelle de la Retraite" }, "geometry": { "type": "Point", "coordinates": [ 11.5143934, 3.8750982 ] } },
{ "type": "Feature", "properties": { "categorie": "school", "name": "ESEDA" }, "geometry": { "type": "Point", "coordinates": [ 11.5121511, 3.8723619 ] } },
{ "type": "Feature", "properties": { "categorie": "school", "name": "ESEDA" }, "geometry": { "type": "Point", "coordinates": [ 11.5126741, 3.8720514 ] } },
{ "type": "Feature", "properties": { "categorie": "school", "name": "CEMAC ISSEA" }, "geometry": { "type": "Point", "coordinates": [ 11.5129249, 3.8716286 ] } },
{ "type": "Feature", "properties": { "categorie": "hospital", "name": "Croix Rouge Camerounaise" }, "geometry": { "type": "Point", "coordinates": [ 11.5127036, 3.8689298 ] } },
{ "type": "Feature", "properties": { "categorie": "school", "name": "UCAC École des Sciences Infiermers" }, "geometry": { "type": "Point", "coordinates": [ 11.5133272, 3.8703655 ] } },
{ "type": "Feature", "properties": { "categorie": "shop_supermarket", "name": "Niki" }, "geometry": { "type": "Point", "coordinates": [ 11.5192562, 3.8650735 ] } },
{ "type": "Feature", "properties": { "categorie": "pharmacy", "name": "Pharmacie Française" }, "geometry": { "type": "Point", "coordinates": [ 11.519731, 3.8636485 ] } },
{ "type": "Feature", "properties": { "categorie": "pharmacy", "name": "Pharmacie de l'Intendance" }, "geometry": { "type": "Point", "coordinates": [ 11.5203653, 3.8662978 ] } },
{ "type": "Feature", "properties": { "categorie": "school", "name": "Megaique" }, "geometry": { "type": "Point", "coordinates": [ 11.5255031, 3.8727178 ] } },
{ "type": "Feature", "properties": { "categorie": "school", "name": "École primaire sainte thérèse" }, "geometry": { "type": "Point", "coordinates": [ 11.5224065, 3.8646186 ] } },
{ "type": "Feature", "properties": { "categorie": "pharmacy", "name": "Pharmacie du bien-être" }, "geometry": { "type": "Point", "coordinates": [ 11.5241352, 3.87467 ] } },
{ "type": "Feature", "properties": { "categorie": "pharmacy", "name": "Le Mfoundi" }, "geometry": { "type": "Point", "coordinates": [ 11.5237932, 3.8712767 ] } },
{ "type": "Feature", "properties": { "categorie": "bus_station", "name": "Gare Routière Touristique" }, "geometry": { "type": "Point", "coordinates": [ 11.5257572, 3.873174 ] } },
{ "type": "Feature", "properties": { "categorie": "pharmacy", "name": "Pharmacie Vallée" }, "geometry": { "type": "Point", "coordinates": [ 11.5241083, 3.8643429 ] } },
{ "type": "Feature", "properties": { "categorie": "shop_mall", "name": "NIKI" }, "geometry": { "type": "Point", "coordinates": [ 11.5237784, 3.8640941 ] } },
{ "type": "Feature", "properties": { "categorie": "shop_mall", "name": "Complexe Commercial du Boulevard" }, "geometry": { "type": "Point", "coordinates": [ 11.5165955, 3.8643055 ] } },
{ "type": "Feature", "properties": { "categorie": "school", "name": "CTSP" }, "geometry": { "type": "Point", "coordinates": [ 11.5141278, 3.8795966 ] } },
{ "type": "Feature", "properties": { "categorie": "school", "name": "CETIC Communale" }, "geometry": { "type": "Point", "coordinates": [ 11.5165928, 3.8792648 ] } },
{ "type": "Feature", "properties": { "categorie": "pharmacy", "name": "La Grande Pharmacie des Lumiéres" }, "geometry": { "type": "Point", "coordinates": [ 11.5185535, 3.8849407 ] } },
{ "type": "Feature", "properties": { "categorie": "shop_supermarket", "name": "Ecomarché" }, "geometry": { "type": "Point", "coordinates": [ 11.5168074, 3.88398 ] } },
{ "type": "Feature", "properties": { "categorie": "clinic", "name": "Centre Médical de l'Hippodrome" }, "geometry": { "type": "Point", "coordinates": [ 11.5205102, 3.870237 ] } },
{ "type": "Feature", "properties": { "categorie": "shop_supermarket", "name": "Mahima Supermarché" }, "geometry": { "type": "Point", "coordinates": [ 11.5249459, 3.8777484 ] } },
{ "type": "Feature", "properties": { "categorie": "clinic", "name": "Clinique Sainte-Maithe" }, "geometry": { "type": "Point", "coordinates": [ 11.5264083, 3.8801278 ] } },
{ "type": "Feature", "properties": { "categorie": "shop_supermarket", "name": "NIKI Nlongkak" }, "geometry": { "type": "Point", "coordinates": [ 11.5206456, 3.8857863 ] } },
{ "type": "Feature", "properties": { "categorie": "pharmacy", "name": "Pharmacie du Verset" }, "geometry": { "type": "Point", "coordinates": [ 11.5065654, 3.8767252 ] } },
{ "type": "Feature", "properties": { "categorie": "school", "name": "CSI la Gaité" }, "geometry": { "type": "Point", "coordinates": [ 11.5136987, 3.8808222 ] } },
{ "type": "Feature", "properties": { "categorie": "shop_supermarket", "name": "Max" }, "geometry": { "type": "Point", "coordinates": [ 11.5056628, 3.8817535 ] } },
{ "type": "Feature", "properties": { "categorie": "pharmacy", "name": "Pharmacie des Congrès" }, "geometry": { "type": "Point", "coordinates": [ 11.5027104, 3.8869725 ] } },
{ "type": "Feature", "properties": { "categorie": "clinic", "name": "Clinique vétérinaire" }, "geometry": { "type": "Point", "coordinates": [ 11.5090048, 3.9006048 ] } },
{ "type": "Feature", "properties": { "categorie": "clinic", "name": "Alhysca" }, "geometry": { "type": "Point", "coordinates": [ 11.5122342, 3.8965376 ] } },
{ "type": "Feature", "properties": { "categorie": "pharmacy", "name": "Pharmacie Bastos" }, "geometry": { "type": "Point", "coordinates": [ 11.5120273, 3.8920938 ] } },
{ "type": "Feature", "properties": { "categorie": "clinic", "name": "Dispensaire de l'ONU" }, "geometry": { "type": "Point", "coordinates": [ 11.5061738, 3.8919171 ] } },
{ "type": "Feature", "properties": { "categorie": "clinic", "name": "Centre de santé catholique de" }, "geometry": { "type": "Point", "coordinates": [ 11.5170448, 3.8889173 ] } },
{ "type": "Feature", "properties": { "categorie": "clinic", "name": "Émeraude Optique" }, "geometry": { "type": "Point", "coordinates": [ 11.5160265, 3.8820861 ] } },
{ "type": "Feature", "properties": { "categorie": "clinic", "name": "Cabinet Médical du Centre" }, "geometry": { "type": "Point", "coordinates": [ 11.5159221, 3.8826674 ] } },
{ "type": "Feature", "properties": { "categorie": "school", "name": "Ecole maternelle et primaire bilingue du CCE" }, "geometry": { "type": "Point", "coordinates": [ 11.5142271, 3.8797639 ] } },
{ "type": "Feature", "properties": { "categorie": "school", "name": "École catholique maternelle" }, "geometry": { "type": "Point", "coordinates": [ 11.5168919, 3.8887556 ] } },
{ "type": "Feature", "properties": { "categorie": "school", "name": "Groupe scolaire bilingue MICHELANGE" }, "geometry": { "type": "Point", "coordinates": [ 11.5204324, 3.8945744 ] } },
{ "type": "Feature", "properties": { "categorie": "school", "name": "École Internationale le Flamboyant" }, "geometry": { "type": "Point", "coordinates": [ 11.5160832, 3.8935361 ] } },
{ "type": "Feature", "properties": { "categorie": "school", "name": "Les Petits Gédéons" }, "geometry": { "type": "Point", "coordinates": [ 11.5142231, 3.9038026 ] } },
{ "type": "Feature", "properties": { "categorie": "school", "name": "La farandole de bastos" }, "geometry": { "type": "Point", "coordinates": [ 11.5111975, 3.8897904 ] } },
{ "type": "Feature", "properties": { "categorie": "school", "name": "The vine international school" }, "geometry": { "type": "Point", "coordinates": [ 11.5120418, 3.8914377 ] } },
{ "type": "Feature", "properties": { "categorie": "school", "name": "Centre educatif montessori" }, "geometry": { "type": "Point", "coordinates": [ 11.5115463, 3.8942433 ] } },
{ "type": "Feature", "properties": { "categorie": "school", "name": "Centre Educatif d'Ekoudou Bastos" }, "geometry": { "type": "Point", "coordinates": [ 11.5111319, 3.8945503 ] } },
{ "type": "Feature", "properties": { "categorie": "school", "name": "Groupe Scolaire Bilingue les Maximes" }, "geometry": { "type": "Point", "coordinates": [ 11.5080285, 3.8924684 ] } },
{ "type": "Feature", "properties": { "categorie": "school", "name": "Amity International Collège" }, "geometry": { "type": "Point", "coordinates": [ 11.5097399, 3.8933557 ] } },
{ "type": "Feature", "properties": { "categorie": "school", "name": "Lycée bilingue d’Ekorezok" }, "geometry": { "type": "Point", "coordinates": [ 11.4584397, 3.8863066 ] } },
{ "type": "Feature", "properties": { "categorie": "school", "name": "VFS TASHEEL" }, "geometry": { "type": "Point", "coordinates": [ 11.5077053, 3.8994889 ] } },
{ "type": "Feature", "properties": { "categorie": "school", "name": "Cento italiano" }, "geometry": { "type": "Point", "coordinates": [ 11.5116133, 3.8882001 ] } },
{ "type": "Feature", "properties": { "categorie": "pharmacy", "name": "Sotownek" }, "geometry": { "type": "Point", "coordinates": [ 11.4854108, 3.8690857 ] } },
{ "type": "Feature", "properties": { "categorie": "pharmacy", "name": "Pharmacie Saint Uriel" }, "geometry": { "type": "Point", "coordinates": [ 11.5399297, 3.831293 ] } },
{ "type": "Feature", "properties": { "categorie": "school", "name": "lycée technique de NKOLBISSON" }, "geometry": { "type": "Point", "coordinates": [ 11.4567834, 3.8663146 ] } },
{ "type": "Feature", "properties": { "categorie": "shop_supermarket", "name": "" }, "geometry": { "type": "Point", "coordinates": [ 11.4813566, 3.8504886 ] } },
{ "type": "Feature", "properties": { "categorie": "shop_supermarket", "name": "" }, "geometry": { "type": "Point", "coordinates": [ 11.4812252, 3.8506706 ] } },
{ "type": "Feature", "properties": { "categorie": "shop_supermarket", "name": "" }, "geometry": { "type": "Point", "coordinates": [ 11.4953255, 3.8638907 ] } },
{ "type": "Feature", "properties": { "categorie": "school", "name": "ISPA" }, "geometry": { "type": "Point", "coordinates": [ 11.4986635, 3.8834135 ] } },
{ "type": "Feature", "properties": { "categorie": "school", "name": "École l'amitié de Bibongbidou" }, "geometry": { "type": "Point", "coordinates": [ 11.436388, 3.7958452 ] } },
{ "type": "Feature", "properties": { "categorie": "pharmacy", "name": "Capha Vet Sarl Pharmacie Vétérinaires" }, "geometry": { "type": "Point", "coordinates": [ 11.5342397, 3.8864393 ] } },
{ "type": "Feature", "properties": { "categorie": "bus_station", "name": "" }, "geometry": { "type": "Point", "coordinates": [ 11.4609805, 3.8730001 ] } },
{ "type": "Feature", "properties": { "categorie": "bus_station", "name": "" }, "geometry": { "type": "Point", "coordinates": [ 11.4551521, 3.8880958 ] } },
{ "type": "Feature", "properties": { "categorie": "bus_station", "name": "" }, "geometry": { "type": "Point", "coordinates": [ 11.4550897, 3.8972411 ] } },
{ "type": "Feature", "properties": { "categorie": "bus_station", "name": "" }, "geometry": { "type": "Point", "coordinates": [ 11.5377165, 3.8732195 ] } },
{ "type": "Feature", "properties": { "categorie": "bus_station", "name": "" }, "geometry": { "type": "Point", "coordinates": [ 11.4545889, 3.8980803 ] } },
{ "type": "Feature", "properties": { "categorie": "bus_station", "name": "" }, "geometry": { "type": "Point", "coordinates": [ 11.4634106, 3.8736725 ] } },
{ "type": "Feature", "properties": { "categorie": "bus_station", "name": "" }, "geometry": { "type": "Point", "coordinates": [ 11.456219, 3.8948902 ] } },
{ "type": "Feature", "properties": { "categorie": "bus_station", "name": "" }, "geometry": { "type": "Point", "coordinates": [ 11.529749, 3.8668344 ] } },
{ "type": "Feature", "properties": { "categorie": "bus_station", "name": "" }, "geometry": { "type": "Point", "coordinates": [ 11.5486573, 3.8939308 ] } },
{ "type": "Feature", "properties": { "categorie": "bus_station", "name": "" }, "geometry": { "type": "Point", "coordinates": [ 11.4626586, 3.8727753 ] } },
{ "type": "Feature", "properties": { "categorie": "bus_station", "name": "Ligne 12 A" }, "geometry": { "type": "Point", "coordinates": [ 11.4680408, 3.8748834 ] } },
{ "type": "Feature", "properties": { "categorie": "bus_station", "name": "" }, "geometry": { "type": "Point", "coordinates": [ 11.4705547, 3.8762789 ] } },
{ "type": "Feature", "properties": { "categorie": "bus_station", "name": "Ligne 12 A" }, "geometry": { "type": "Point", "coordinates": [ 11.468482, 3.8715778 ] } },
{ "type": "Feature", "properties": { "categorie": "bus_station", "name": "" }, "geometry": { "type": "Point", "coordinates": [ 11.5343899, 3.865212 ] } },
{ "type": "Feature", "properties": { "categorie": "bus_station", "name": "Ligne 12 A" }, "geometry": { "type": "Point", "coordinates": [ 11.4684793, 3.8715791 ] } },
{ "type": "Feature", "properties": { "categorie": "bus_station", "name": "" }, "geometry": { "type": "Point", "coordinates": [ 11.4774577, 3.8738665 ] } },
{ "type": "Feature", "properties": { "categorie": "bus_station", "name": "" }, "geometry": { "type": "Point", "coordinates": [ 11.4789497, 3.873316 ] } },
{ "type": "Feature", "properties": { "categorie": "bus_station", "name": "Ligne 12 A" }, "geometry": { "type": "Point", "coordinates": [ 11.4714693, 3.8723732 ] } },
{ "type": "Feature", "properties": { "categorie": "bus_station", "name": "" }, "geometry": { "type": "Point", "coordinates": [ 11.565527, 3.9069 ] } },
{ "type": "Feature", "properties": { "categorie": "bus_station", "name": "" }, "geometry": { "type": "Point", "coordinates": [ 11.5276676, 3.8635347 ] } },
{ "type": "Feature", "properties": { "categorie": "bus_station", "name": "" }, "geometry": { "type": "Point", "coordinates": [ 11.5312189, 3.86806 ] } },
{ "type": "Feature", "properties": { "categorie": "bus_station", "name": "Ligne 12 b" }, "geometry": { "type": "Point", "coordinates": [ 11.4743172, 3.8752554 ] } },
{ "type": "Feature", "properties": { "categorie": "bus_station", "name": "" }, "geometry": { "type": "Point", "coordinates": [ 11.5320809, 3.8680858 ] } },
{ "type": "Feature", "properties": { "categorie": "bus_station", "name": "" }, "geometry": { "type": "Point", "coordinates": [ 11.4765397, 3.874455 ] } },
{ "type": "Feature", "properties": { "categorie": "bus_station", "name": "" }, "geometry": { "type": "Point", "coordinates": [ 11.4742233, 3.8754621 ] } },
{ "type": "Feature", "properties": { "categorie": "bus_station", "name": "" }, "geometry": { "type": "Point", "coordinates": [ 11.4673799, 3.8743304 ] } },
{ "type": "Feature", "properties": { "categorie": "bus_station", "name": "" }, "geometry": { "type": "Point", "coordinates": [ 11.4642654, 3.8737364 ] } },
{ "type": "Feature", "properties": { "categorie": "bus_station", "name": "" }, "geometry": { "type": "Point", "coordinates": [ 11.462089, 3.8727071 ] } },
{ "type": "Feature", "properties": { "categorie": "clinic", "name": "" }, "geometry": { "type": "Point", "coordinates": [ 11.4579805, 3.8495921 ] } },
{ "type": "Feature", "properties": { "categorie": "clinic", "name": "Centre De Santé La Vie" }, "geometry": { "type": "Point", "coordinates": [ 11.4684364, 3.8719504 ] } },
{ "type": "Feature", "properties": { "categorie": "clinic", "name": "" }, "geometry": { "type": "Point", "coordinates": [ 11.4420019, 3.8508298 ] } },
{ "type": "Feature", "properties": { "categorie": "clinic", "name": "Centre De Santé Saint Martin D' Etetak Abobo" }, "geometry": { "type": "Point", "coordinates": [ 11.4803508, 3.8770657 ] } },
{ "type": "Feature", "properties": { "categorie": "clinic", "name": "La Trinité" }, "geometry": { "type": "Point", "coordinates": [ 11.4513803, 3.8559934 ] } },
{ "type": "Feature", "properties": { "categorie": "clinic", "name": "Centre De Santé Marie Anderson" }, "geometry": { "type": "Point", "coordinates": [ 11.4594604, 3.8589091 ] } },
{ "type": "Feature", "properties": { "categorie": "clinic", "name": "" }, "geometry": { "type": "Point", "coordinates": [ 11.4510396, 3.8595032 ] } },
{ "type": "Feature", "properties": { "categorie": "clinic", "name": "" }, "geometry": { "type": "Point", "coordinates": [ 11.4805996, 3.8719103 ] } },
{ "type": "Feature", "properties": { "categorie": "clinic", "name": "Centre De Santé Irad" }, "geometry": { "type": "Point", "coordinates": [ 11.4581475, 3.8683303 ] } },
{ "type": "Feature", "properties": { "categorie": "clinic", "name": "Centre De Santé Saint Joseph" }, "geometry": { "type": "Point", "coordinates": [ 11.4642984, 3.8715945 ] } },
{ "type": "Feature", "properties": { "categorie": "clinic", "name": "" }, "geometry": { "type": "Point", "coordinates": [ 11.4732101, 3.8814585 ] } },
{ "type": "Feature", "properties": { "categorie": "clinic", "name": "" }, "geometry": { "type": "Point", "coordinates": [ 11.4814927, 3.8830869 ] } },
{ "type": "Feature", "properties": { "categorie": "clinic", "name": "" }, "geometry": { "type": "Point", "coordinates": [ 11.4743453, 3.8746579 ] } },
{ "type": "Feature", "properties": { "categorie": "clinic", "name": "" }, "geometry": { "type": "Point", "coordinates": [ 11.4738059, 3.8789557 ] } },
{ "type": "Feature", "properties": { "categorie": "clinic", "name": "" }, "geometry": { "type": "Point", "coordinates": [ 11.4702791, 3.8808156 ] } },
{ "type": "Feature", "properties": { "categorie": "clinic", "name": "" }, "geometry": { "type": "Point", "coordinates": [ 11.4657683, 3.8746867 ] } },
{ "type": "Feature", "properties": { "categorie": "clinic", "name": "" }, "geometry": { "type": "Point", "coordinates": [ 11.4645874, 3.8746626 ] } },
{ "type": "Feature", "properties": { "categorie": "clinic", "name": "" }, "geometry": { "type": "Point", "coordinates": [ 11.4258631, 3.8744934 ] } },
{ "type": "Feature", "properties": { "categorie": "clinic", "name": "" }, "geometry": { "type": "Point", "coordinates": [ 11.4520596, 3.8745462 ] } },
{ "type": "Feature", "properties": { "categorie": "clinic", "name": "" }, "geometry": { "type": "Point", "coordinates": [ 11.4616534, 3.8788507 ] } },
{ "type": "Feature", "properties": { "categorie": "clinic", "name": "" }, "geometry": { "type": "Point", "coordinates": [ 11.4313623, 3.875256 ] } },
{ "type": "Feature", "properties": { "categorie": "shop_mall", "name": "Sogali Vitrerie Complexe" }, "geometry": { "type": "Point", "coordinates": [ 11.457151, 3.8726415 ] } },
{ "type": "Feature", "properties": { "categorie": "clinic", "name": "" }, "geometry": { "type": "Point", "coordinates": [ 11.4313227, 3.8745241 ] } },
{ "type": "Feature", "properties": { "categorie": "clinic", "name": "" }, "geometry": { "type": "Point", "coordinates": [ 11.4677511, 3.8840516 ] } },
{ "type": "Feature", "properties": { "categorie": "clinic", "name": "" }, "geometry": { "type": "Point", "coordinates": [ 11.4330852, 3.8747466 ] } },
{ "type": "Feature", "properties": { "categorie": "clinic", "name": "" }, "geometry": { "type": "Point", "coordinates": [ 11.4581763, 3.876382 ] } },
{ "type": "Feature", "properties": { "categorie": "clinic", "name": "" }, "geometry": { "type": "Point", "coordinates": [ 11.4639544, 3.8854057 ] } },
{ "type": "Feature", "properties": { "categorie": "clinic", "name": "" }, "geometry": { "type": "Point", "coordinates": [ 11.4545573, 3.8857917 ] } },
{ "type": "Feature", "properties": { "categorie": "clinic", "name": "Florence Nightingale" }, "geometry": { "type": "Point", "coordinates": [ 11.4514621, 3.8839211 ] } },
{ "type": "Feature", "properties": { "categorie": "clinic", "name": "" }, "geometry": { "type": "Point", "coordinates": [ 11.4558186, 3.8728784 ] } },
{ "type": "Feature", "properties": { "categorie": "clinic", "name": "" }, "geometry": { "type": "Point", "coordinates": [ 11.4433028, 3.8837251 ] } },
{ "type": "Feature", "properties": { "categorie": "clinic", "name": "" }, "geometry": { "type": "Point", "coordinates": [ 11.427353, 3.87486 ] } },
{ "type": "Feature", "properties": { "categorie": "clinic", "name": "" }, "geometry": { "type": "Point", "coordinates": [ 11.4151745, 3.8754922 ] } },
{ "type": "Feature", "properties": { "categorie": "clinic", "name": "" }, "geometry": { "type": "Point", "coordinates": [ 11.4632604, 3.8827346 ] } },
{ "type": "Feature", "properties": { "categorie": "clinic", "name": "" }, "geometry": { "type": "Point", "coordinates": [ 11.4645995, 3.8844416 ] } },
{ "type": "Feature", "properties": { "categorie": "clinic", "name": "" }, "geometry": { "type": "Point", "coordinates": [ 11.4689446, 3.886416 ] } },
{ "type": "Feature", "properties": { "categorie": "clinic", "name": "" }, "geometry": { "type": "Point", "coordinates": [ 11.4690594, 3.8843607 ] } },
{ "type": "Feature", "properties": { "categorie": "clinic", "name": "" }, "geometry": { "type": "Point", "coordinates": [ 11.4688783, 3.8864714 ] } },
{ "type": "Feature", "properties": { "categorie": "clinic", "name": "" }, "geometry": { "type": "Point", "coordinates": [ 11.4623022, 3.8860105 ] } },
{ "type": "Feature", "properties": { "categorie": "clinic", "name": "" }, "geometry": { "type": "Point", "coordinates": [ 11.4654907, 3.885488 ] } },
{ "type": "Feature", "properties": { "categorie": "clinic", "name": "" }, "geometry": { "type": "Point", "coordinates": [ 11.4609266, 3.8808594 ] } },
{ "type": "Feature", "properties": { "categorie": "clinic", "name": "" }, "geometry": { "type": "Point", "coordinates": [ 11.4583929, 3.8792193 ] } },
{ "type": "Feature", "properties": { "categorie": "clinic", "name": "District De Santé De Nkolbisson" }, "geometry": { "type": "Point", "coordinates": [ 11.4458247, 3.8764215 ] } },
{ "type": "Feature", "properties": { "categorie": "clinic", "name": "" }, "geometry": { "type": "Point", "coordinates": [ 11.4596274, 3.8853715 ] } },
{ "type": "Feature", "properties": { "categorie": "clinic", "name": "" }, "geometry": { "type": "Point", "coordinates": [ 11.4550106, 3.882752 ] } },
{ "type": "Feature", "properties": { "categorie": "clinic", "name": "" }, "geometry": { "type": "Point", "coordinates": [ 11.4614791, 3.877984 ] } },
{ "type": "Feature", "properties": { "categorie": "clinic", "name": "" }, "geometry": { "type": "Point", "coordinates": [ 11.4359163, 3.8788858 ] } },
{ "type": "Feature", "properties": { "categorie": "clinic", "name": "" }, "geometry": { "type": "Point", "coordinates": [ 11.45974, 3.8861369 ] } },
{ "type": "Feature", "properties": { "categorie": "clinic", "name": "" }, "geometry": { "type": "Point", "coordinates": [ 11.4515834, 3.8815575 ] } },
{ "type": "Feature", "properties": { "categorie": "clinic", "name": "" }, "geometry": { "type": "Point", "coordinates": [ 11.4330903, 3.8747449 ] } },
{ "type": "Feature", "properties": { "categorie": "clinic", "name": "" }, "geometry": { "type": "Point", "coordinates": [ 11.4545546, 3.8857924 ] } },
{ "type": "Feature", "properties": { "categorie": "clinic", "name": "La Référence" }, "geometry": { "type": "Point", "coordinates": [ 11.4359223, 3.8788898 ] } },
{ "type": "Feature", "properties": { "categorie": "clinic", "name": "" }, "geometry": { "type": "Point", "coordinates": [ 11.4199702, 3.879695 ] } },
{ "type": "Feature", "properties": { "categorie": "clinic", "name": "Florence Nightingale" }, "geometry": { "type": "Point", "coordinates": [ 11.4514527, 3.8839238 ] } },
{ "type": "Feature", "properties": { "categorie": "clinic", "name": "" }, "geometry": { "type": "Point", "coordinates": [ 11.4575735, 3.8935214 ] } },
{ "type": "Feature", "properties": { "categorie": "clinic", "name": "" }, "geometry": { "type": "Point", "coordinates": [ 11.4529782, 3.8989704 ] } },
{ "type": "Feature", "properties": { "categorie": "clinic", "name": "La Relève" }, "geometry": { "type": "Point", "coordinates": [ 11.4509216, 3.8975334 ] } },
{ "type": "Feature", "properties": { "categorie": "clinic", "name": "" }, "geometry": { "type": "Point", "coordinates": [ 11.4533088, 3.8969434 ] } },
{ "type": "Feature", "properties": { "categorie": "clinic", "name": "" }, "geometry": { "type": "Point", "coordinates": [ 11.4566287, 3.890737 ] } },
{ "type": "Feature", "properties": { "categorie": "clinic", "name": "" }, "geometry": { "type": "Point", "coordinates": [ 11.4500733, 3.8919124 ] } },
{ "type": "Feature", "properties": { "categorie": "clinic", "name": "" }, "geometry": { "type": "Point", "coordinates": [ 11.460763, 3.889676 ] } },
{ "type": "Feature", "properties": { "categorie": "clinic", "name": "Centre De Soins Spécialisés Ste Germaine" }, "geometry": { "type": "Point", "coordinates": [ 11.4722706, 3.8789383 ] } },
{ "type": "Feature", "properties": { "categorie": "clinic", "name": "La Providence" }, "geometry": { "type": "Point", "coordinates": [ 11.4703076, 3.8780328 ] } },
{ "type": "Feature", "properties": { "categorie": "clinic", "name": "Centre De Naturopathe" }, "geometry": { "type": "Point", "coordinates": [ 11.4649884, 3.8739334 ] } },
{ "type": "Feature", "properties": { "categorie": "clinic", "name": "Cabinet De Soin Au Coeur Uni" }, "geometry": { "type": "Point", "coordinates": [ 11.4559266, 3.8955886 ] } },
{ "type": "Feature", "properties": { "categorie": "clinic", "name": "Cabinets De Soins Teffeu" }, "geometry": { "type": "Point", "coordinates": [ 11.4745451, 3.8769834 ] } },
{ "type": "Feature", "properties": { "categorie": "hospital", "name": "Le Samaritain Plus" }, "geometry": { "type": "Point", "coordinates": [ 11.4531028, 3.8442102 ] } },
{ "type": "Feature", "properties": { "categorie": "school", "name": "Flourishing Bilingual School" }, "geometry": { "type": "Point", "coordinates": [ 11.4569062, 3.8562509 ] } },
{ "type": "Feature", "properties": { "categorie": "school", "name": "" }, "geometry": { "type": "Point", "coordinates": [ 11.4583255, 3.8598463 ] } },
{ "type": "Feature", "properties": { "categorie": "school", "name": "Grand Séminaire De Nkolbisson" }, "geometry": { "type": "Point", "coordinates": [ 11.4486583, 3.8706842 ] } },
{ "type": "Feature", "properties": { "categorie": "university", "name": "" }, "geometry": { "type": "Point", "coordinates": [ 11.4685587, 3.8749646 ] } },
{ "type": "Feature", "properties": { "categorie": "university", "name": "Université Catholique D'afrique Centrale Yaoundé" }, "geometry": { "type": "Point", "coordinates": [ 11.4466381, 3.8697701 ] } },
{ "type": "Feature", "properties": { "categorie": "marketplace", "name": "Marché De Nkolbisson" }, "geometry": { "type": "Point", "coordinates": [ 11.4545305, 3.8716005 ] } },
{ "type": "Feature", "properties": { "categorie": "marketplace", "name": "Marché De Nkolbisson" }, "geometry": { "type": "Point", "coordinates": [ 11.4679996, 3.8829189 ] } },
{ "type": "Feature", "properties": { "categorie": "school", "name": "College Bilingue Epassi Felix" }, "geometry": { "type": "Point", "coordinates": [ 11.4503687, 3.8927711 ] } },
{ "type": "Feature", "properties": { "categorie": "school", "name": "College Privé Laïc Ymele" }, "geometry": { "type": "Point", "coordinates": [ 11.4490779, 3.8938462 ] } },
{ "type": "Feature", "properties": { "categorie": "school", "name": "Institut Bilingue Roger Ampère" }, "geometry": { "type": "Point", "coordinates": [ 11.4589628, 3.8952175 ] } },
{ "type": "Feature", "properties": { "categorie": "school", "name": "Collège Bilingue Kiatabala ( Fonamco)" }, "geometry": { "type": "Point", "coordinates": [ 11.4584412, 3.8959504 ] } },
{ "type": "Feature", "properties": { "categorie": "school", "name": "Centre Éducatif Meyon Meyeme \" New Look \"" }, "geometry": { "type": "Point", "coordinates": [ 11.4833262, 3.8762934 ] } },
{ "type": "Feature", "properties": { "categorie": "school", "name": "Complexe Scolaire Thecla" }, "geometry": { "type": "Point", "coordinates": [ 11.4801136, 3.8730552 ] } },
{ "type": "Feature", "properties": { "categorie": "school", "name": "Collège Privé Laïc Ekani Eyenga" }, "geometry": { "type": "Point", "coordinates": [ 11.4797951, 3.8730762 ] } },
{ "type": "Feature", "properties": { "categorie": "school", "name": "Bista" }, "geometry": { "type": "Point", "coordinates": [ 11.4524012, 3.8886317 ] } },
{ "type": "Feature", "properties": { "categorie": "school", "name": "Collège Les Fonco" }, "geometry": { "type": "Point", "coordinates": [ 11.4556345, 3.8900599 ] } },
{ "type": "Feature", "properties": { "categorie": "clinic", "name": "Centre Médical Ashyvic" }, "geometry": { "type": "Point", "coordinates": [ 11.5297034, 3.8619197 ] } },
{ "type": "Feature", "properties": { "categorie": "school", "name": "American School Nkolbisson" }, "geometry": { "type": "Point", "coordinates": [ 11.4581761, 3.8797417 ] } },
{ "type": "Feature", "properties": { "categorie": "school", "name": "Institut Poussi" }, "geometry": { "type": "Point", "coordinates": [ 11.4546722, 3.8794144 ] } },
{ "type": "Feature", "properties": { "categorie": "school", "name": "Institut Le Jourdain" }, "geometry": { "type": "Point", "coordinates": [ 11.4589472, 3.8768022 ] } },
{ "type": "Feature", "properties": { "categorie": "school", "name": "Osmond Innovatory Nursery, Primary And Secondary School" }, "geometry": { "type": "Point", "coordinates": [ 11.4563494, 3.8760369 ] } },
{ "type": "Feature", "properties": { "categorie": "clinic", "name": "Hôpital de District de Mvog Ada" }, "geometry": { "type": "Point", "coordinates": [ 11.5272251, 3.8637221 ] } },
{ "type": "Feature", "properties": { "categorie": "clinic", "name": "Maeva Care Clinique" }, "geometry": { "type": "Point", "coordinates": [ 11.5300085, 3.8699567 ] } },
{ "type": "Feature", "properties": { "categorie": "clinic", "name": "Centre De Santé Main Douce-nhuka" }, "geometry": { "type": "Point", "coordinates": [ 11.5326646, 3.8663935 ] } },
{ "type": "Feature", "properties": { "categorie": "clinic", "name": "" }, "geometry": { "type": "Point", "coordinates": [ 11.5382369, 3.8693389 ] } },
{ "type": "Feature", "properties": { "categorie": "clinic", "name": "Clinique Hope House" }, "geometry": { "type": "Point", "coordinates": [ 11.5317453, 3.869198 ] } },
{ "type": "Feature", "properties": { "categorie": "school", "name": "Collège Les Agneaux" }, "geometry": { "type": "Point", "coordinates": [ 11.4251191, 3.8709522 ] } },
{ "type": "Feature", "properties": { "categorie": "school", "name": "Complexe Scolaire Mukete" }, "geometry": { "type": "Point", "coordinates": [ 11.4214879, 3.8730638 ] } },
{ "type": "Feature", "properties": { "categorie": "school", "name": "Lycée Technique De Nkolbisson" }, "geometry": { "type": "Point", "coordinates": [ 11.4559024, 3.8665245 ] } },
{ "type": "Feature", "properties": { "categorie": "school", "name": "Lycee De Nkolbisson" }, "geometry": { "type": "Point", "coordinates": [ 11.4560574, 3.8644047 ] } },
{ "type": "Feature", "properties": { "categorie": "school", "name": "Cedev" }, "geometry": { "type": "Point", "coordinates": [ 11.4297938, 3.8729573 ] } },
{ "type": "Feature", "properties": { "categorie": "clinic", "name": "Centre De Santé St Gok-pierre" }, "geometry": { "type": "Point", "coordinates": [ 11.5378077, 3.8696523 ] } },
{ "type": "Feature", "properties": { "categorie": "school", "name": "Complexe Scolaire Bilingue Benta" }, "geometry": { "type": "Point", "coordinates": [ 11.4594399, 3.8529716 ] } },
{ "type": "Feature", "properties": { "categorie": "school", "name": "Groupe Scolaire Bilingue Tedong" }, "geometry": { "type": "Point", "coordinates": [ 11.4572538, 3.851675 ] } },
{ "type": "Feature", "properties": { "categorie": "clinic", "name": "Centre De Santé St Joseph" }, "geometry": { "type": "Point", "coordinates": [ 11.5439741, 3.8710118 ] } },
{ "type": "Feature", "properties": { "categorie": "clinic", "name": "" }, "geometry": { "type": "Point", "coordinates": [ 11.5475053, 3.8737788 ] } },
{ "type": "Feature", "properties": { "categorie": "school", "name": "Complexe Scolaire Les Futurs Génies" }, "geometry": { "type": "Point", "coordinates": [ 11.4319091, 3.8823608 ] } },
{ "type": "Feature", "properties": { "categorie": "clinic", "name": "" }, "geometry": { "type": "Point", "coordinates": [ 11.5476823, 3.8725037 ] } },
{ "type": "Feature", "properties": { "categorie": "school", "name": "Samtteccol" }, "geometry": { "type": "Point", "coordinates": [ 11.4304413, 3.860694 ] } },
{ "type": "Feature", "properties": { "categorie": "school", "name": "Groupe Scolaire Bilingue New Deal" }, "geometry": { "type": "Point", "coordinates": [ 11.4646441, 3.8755521 ] } },
{ "type": "Feature", "properties": { "categorie": "school", "name": "Fonko Bilingual Institute" }, "geometry": { "type": "Point", "coordinates": [ 11.4556725, 3.8900827 ] } },
{ "type": "Feature", "properties": { "categorie": "clinic", "name": "Centre Medical Sainte Bernadette" }, "geometry": { "type": "Point", "coordinates": [ 11.5318559, 3.8751938 ] } },
{ "type": "Feature", "properties": { "categorie": "clinic", "name": "Sainte Thérèse" }, "geometry": { "type": "Point", "coordinates": [ 11.5386553, 3.8761726 ] } },
{ "type": "Feature", "properties": { "categorie": "school", "name": "Complexe Scolaire Yona" }, "geometry": { "type": "Point", "coordinates": [ 11.4533972, 3.8720574 ] } },
{ "type": "Feature", "properties": { "categorie": "clinic", "name": "Maison De La Santé St Paul" }, "geometry": { "type": "Point", "coordinates": [ 11.5433948, 3.8757939 ] } },
{ "type": "Feature", "properties": { "categorie": "school", "name": "Lycée Bilingue D'ekorezok" }, "geometry": { "type": "Point", "coordinates": [ 11.4587855, 3.8859004 ] } },
{ "type": "Feature", "properties": { "categorie": "school", "name": "Genius Trilingual College" }, "geometry": { "type": "Point", "coordinates": [ 11.4508136, 3.8791945 ] } },
{ "type": "Feature", "properties": { "categorie": "clinic", "name": "" }, "geometry": { "type": "Point", "coordinates": [ 11.532448, 3.8766001 ] } },
{ "type": "Feature", "properties": { "categorie": "clinic", "name": "Kutenda Médical" }, "geometry": { "type": "Point", "coordinates": [ 11.5411478, 3.8760301 ] } },
{ "type": "Feature", "properties": { "categorie": "school", "name": "Collège Venus" }, "geometry": { "type": "Point", "coordinates": [ 11.4641107, 3.8841847 ] } },
{ "type": "Feature", "properties": { "categorie": "clinic", "name": "Virginia Anderson" }, "geometry": { "type": "Point", "coordinates": [ 11.5560293, 3.8792635 ] } },
{ "type": "Feature", "properties": { "categorie": "clinic", "name": "Humanitaire" }, "geometry": { "type": "Point", "coordinates": [ 11.5433519, 3.8780485 ] } },
{ "type": "Feature", "properties": { "categorie": "school", "name": "College Polyvalent La Perle Plus" }, "geometry": { "type": "Point", "coordinates": [ 11.4656161, 3.8804061 ] } },
{ "type": "Feature", "properties": { "categorie": "clinic", "name": "Cabinet Dentaire The Queen" }, "geometry": { "type": "Point", "coordinates": [ 11.5388719, 3.8805741 ] } },
{ "type": "Feature", "properties": { "categorie": "school", "name": "Institut Mgr Rene Marie Graffin" }, "geometry": { "type": "Point", "coordinates": [ 11.4678982, 3.8697697 ] } },
{ "type": "Feature", "properties": { "categorie": "school", "name": "Complexe Privé Laïc Excellente Plus" }, "geometry": { "type": "Point", "coordinates": [ 11.4732216, 3.8713957 ] } },
{ "type": "Feature", "properties": { "categorie": "clinic", "name": "St Thomas" }, "geometry": { "type": "Point", "coordinates": [ 11.53314, 3.8893227 ] } },
{ "type": "Feature", "properties": { "categorie": "clinic", "name": "Gasi" }, "geometry": { "type": "Point", "coordinates": [ 11.5443527, 3.8798816 ] } },
{ "type": "Feature", "properties": { "categorie": "school", "name": "" }, "geometry": { "type": "Point", "coordinates": [ 11.4699875, 3.8771761 ] } },
{ "type": "Feature", "properties": { "categorie": "clinic", "name": "Gic Santé Moko Benis" }, "geometry": { "type": "Point", "coordinates": [ 11.5330937, 3.8831143 ] } },
{ "type": "Feature", "properties": { "categorie": "clinic", "name": "Le Bien-être De Nkolmesseng" }, "geometry": { "type": "Point", "coordinates": [ 11.5601867, 3.8782345 ] } },
{ "type": "Feature", "properties": { "categorie": "clinic", "name": "Centre Médico Sanitaire De L'espoir" }, "geometry": { "type": "Point", "coordinates": [ 11.5572692, 3.8815749 ] } },
{ "type": "Feature", "properties": { "categorie": "university", "name": "" }, "geometry": { "type": "Point", "coordinates": [ 11.4685591, 3.874963 ] } },
{ "type": "Feature", "properties": { "categorie": "school", "name": "College Polyvalent La Perle Plus" }, "geometry": { "type": "Point", "coordinates": [ 11.4765236, 3.8696763 ] } },
{ "type": "Feature", "properties": { "categorie": "clinic", "name": "Citée Des Anges" }, "geometry": { "type": "Point", "coordinates": [ 11.567194, 3.8914776 ] } },
{ "type": "Feature", "properties": { "categorie": "university", "name": "Institut De Philosophie" }, "geometry": { "type": "Point", "coordinates": [ 11.4384587, 3.8755006 ] } },
{ "type": "Feature", "properties": { "categorie": "clinic", "name": "La Main Douce Plus" }, "geometry": { "type": "Point", "coordinates": [ 11.5616026, 3.87999 ] } },
{ "type": "Feature", "properties": { "categorie": "clinic", "name": "L'espoir Santé" }, "geometry": { "type": "Point", "coordinates": [ 11.5565852, 3.8802372 ] } },
{ "type": "Feature", "properties": { "categorie": "clinic", "name": "Gic Santé" }, "geometry": { "type": "Point", "coordinates": [ 11.5571572, 3.8799472 ] } },
{ "type": "Feature", "properties": { "categorie": "clinic", "name": "" }, "geometry": { "type": "Point", "coordinates": [ 11.5386323, 3.8843195 ] } },
{ "type": "Feature", "properties": { "categorie": "university", "name": "Université Catholique D'afrique Centrale Yaoundé" }, "geometry": { "type": "Point", "coordinates": [ 11.4463026, 3.8700368 ] } },
{ "type": "Feature", "properties": { "categorie": "clinic", "name": "Centre De Sante La Gloire De Dieu" }, "geometry": { "type": "Point", "coordinates": [ 11.5554647, 3.8803881 ] } },
{ "type": "Feature", "properties": { "categorie": "clinic", "name": "Sainte Romaine" }, "geometry": { "type": "Point", "coordinates": [ 11.5503507, 3.8803282 ] } },
{ "type": "Feature", "properties": { "categorie": "clinic", "name": "Centre De Santé Hoch" }, "geometry": { "type": "Point", "coordinates": [ 11.5570707, 3.8821195 ] } },
{ "type": "Feature", "properties": { "categorie": "clinic", "name": "" }, "geometry": { "type": "Point", "coordinates": [ 11.5655565, 3.8875472 ] } },
{ "type": "Feature", "properties": { "categorie": "clinic", "name": "" }, "geometry": { "type": "Point", "coordinates": [ 11.5335014, 3.8859489 ] } },
{ "type": "Feature", "properties": { "categorie": "clinic", "name": "" }, "geometry": { "type": "Point", "coordinates": [ 11.5639479, 3.8832561 ] } },
{ "type": "Feature", "properties": { "categorie": "clinic", "name": "Centre De Santé Intégré Saint Maurice" }, "geometry": { "type": "Point", "coordinates": [ 11.5355433, 3.8853622 ] } },
{ "type": "Feature", "properties": { "categorie": "clinic", "name": "La Paix Des Anges" }, "geometry": { "type": "Point", "coordinates": [ 11.5610984, 3.8847149 ] } },
{ "type": "Feature", "properties": { "categorie": "clinic", "name": "Mal Barr" }, "geometry": { "type": "Point", "coordinates": [ 11.5491327, 3.8846109 ] } },
{ "type": "Feature", "properties": { "categorie": "clinic", "name": "" }, "geometry": { "type": "Point", "coordinates": [ 11.5499038, 3.8849427 ] } },
{ "type": "Feature", "properties": { "categorie": "pharmacy", "name": "" }, "geometry": { "type": "Point", "coordinates": [ 11.4506443, 3.9005657 ] } },
{ "type": "Feature", "properties": { "categorie": "pharmacy", "name": "Pharmacie Du Bleu" }, "geometry": { "type": "Point", "coordinates": [ 11.4506189, 3.880537 ] } },
{ "type": "Feature", "properties": { "categorie": "pharmacy", "name": "" }, "geometry": { "type": "Point", "coordinates": [ 11.4607343, 3.889715 ] } },
{ "type": "Feature", "properties": { "categorie": "pharmacy", "name": "" }, "geometry": { "type": "Point", "coordinates": [ 11.4549969, 3.8972828 ] } },
{ "type": "Feature", "properties": { "categorie": "pharmacy", "name": "La Renaissance" }, "geometry": { "type": "Point", "coordinates": [ 11.4679932, 3.8825423 ] } },
{ "type": "Feature", "properties": { "categorie": "clinic", "name": "Clinique Du 6ème Bonheur" }, "geometry": { "type": "Point", "coordinates": [ 11.5416349, 3.8732088 ] } },
{ "type": "Feature", "properties": { "categorie": "clinic", "name": "En Elyon" }, "geometry": { "type": "Point", "coordinates": [ 11.5432261, 3.8730818 ] } },
{ "type": "Feature", "properties": { "categorie": "clinic", "name": "Clinique Médicale Enfants Malades" }, "geometry": { "type": "Point", "coordinates": [ 11.5307381, 3.8722548 ] } },
{ "type": "Feature", "properties": { "categorie": "clinic", "name": "Centre Médico Chirurgical De L'espoir" }, "geometry": { "type": "Point", "coordinates": [ 11.5359462, 3.8731241 ] } },
{ "type": "Feature", "properties": { "categorie": "clinic", "name": "Medicy" }, "geometry": { "type": "Point", "coordinates": [ 11.5363297, 3.8723065 ] } },
{ "type": "Feature", "properties": { "categorie": "clinic", "name": "La Grâce De Dieu" }, "geometry": { "type": "Point", "coordinates": [ 11.5378514, 3.8719565 ] } },
{ "type": "Feature", "properties": { "categorie": "clinic", "name": "Centre Médico Chirurgical D'essos" }, "geometry": { "type": "Point", "coordinates": [ 11.5462344, 3.877622 ] } },
{ "type": "Feature", "properties": { "categorie": "clinic", "name": "Frot" }, "geometry": { "type": "Point", "coordinates": [ 11.5447823, 3.8779191 ] } },
{ "type": "Feature", "properties": { "categorie": "clinic", "name": "Cabinet Dentaire" }, "geometry": { "type": "Point", "coordinates": [ 11.5460952, 3.8777672 ] } },
{ "type": "Feature", "properties": { "categorie": "clinic", "name": "Clinique De L'espoir" }, "geometry": { "type": "Point", "coordinates": [ 11.547554, 3.8785092 ] } },
{ "type": "Feature", "properties": { "categorie": "clinic", "name": "Fondation Médicale De La Paix" }, "geometry": { "type": "Point", "coordinates": [ 11.5648873, 3.8911056 ] } },
{ "type": "Feature", "properties": { "categorie": "clinic", "name": "" }, "geometry": { "type": "Point", "coordinates": [ 11.5398442, 3.8907919 ] } },
{ "type": "Feature", "properties": { "categorie": "clinic", "name": "Centre De Sante La Reference" }, "geometry": { "type": "Point", "coordinates": [ 11.5582381, 3.8878215 ] } },
{ "type": "Feature", "properties": { "categorie": "clinic", "name": "Espoir Et Vie" }, "geometry": { "type": "Point", "coordinates": [ 11.5632445, 3.8909832 ] } },
{ "type": "Feature", "properties": { "categorie": "clinic", "name": "Clinique Dutrelle" }, "geometry": { "type": "Point", "coordinates": [ 11.5398341, 3.8879058 ] } },
{ "type": "Feature", "properties": { "categorie": "clinic", "name": "Apsad" }, "geometry": { "type": "Point", "coordinates": [ 11.5404356, 3.897514 ] } },
{ "type": "Feature", "properties": { "categorie": "clinic", "name": "Fondation Medical Bio Santé" }, "geometry": { "type": "Point", "coordinates": [ 11.552871, 3.8918475 ] } },
{ "type": "Feature", "properties": { "categorie": "clinic", "name": "Centre De Santé Le Premier Secours." }, "geometry": { "type": "Point", "coordinates": [ 11.5598877, 3.8929655 ] } },
{ "type": "Feature", "properties": { "categorie": "clinic", "name": "Centre De Santé Santé Pour Tous" }, "geometry": { "type": "Point", "coordinates": [ 11.5580883, 3.8912876 ] } },
{ "type": "Feature", "properties": { "categorie": "clinic", "name": "Espoir Et Vie" }, "geometry": { "type": "Point", "coordinates": [ 11.5587719, 3.8902613 ] } },
{ "type": "Feature", "properties": { "categorie": "clinic", "name": "Centre De Sante La Paix" }, "geometry": { "type": "Point", "coordinates": [ 11.5584621, 3.8915906 ] } },
{ "type": "Feature", "properties": { "categorie": "clinic", "name": "Action Santé Développement" }, "geometry": { "type": "Point", "coordinates": [ 11.5401808, 3.8922476 ] } },
{ "type": "Feature", "properties": { "categorie": "clinic", "name": "Fondation Medical Saint Raphaël" }, "geometry": { "type": "Point", "coordinates": [ 11.5491079, 3.887788 ] } },
{ "type": "Feature", "properties": { "categorie": "clinic", "name": "Centre De Santé Sainte Monique" }, "geometry": { "type": "Point", "coordinates": [ 11.5679544, 3.898757 ] } },
{ "type": "Feature", "properties": { "categorie": "clinic", "name": "Le Toubib" }, "geometry": { "type": "Point", "coordinates": [ 11.5478251, 3.8926229 ] } },
{ "type": "Feature", "properties": { "categorie": "clinic", "name": "Cabinet De Soins Jehovat Jiré" }, "geometry": { "type": "Point", "coordinates": [ 11.5411109, 3.8944781 ] } },
{ "type": "Feature", "properties": { "categorie": "clinic", "name": "Centre De Santé Communautaire De Ngousso" }, "geometry": { "type": "Point", "coordinates": [ 11.5392682, 3.8969761 ] } },
{ "type": "Feature", "properties": { "categorie": "clinic", "name": "Centre De Sante Providence" }, "geometry": { "type": "Point", "coordinates": [ 11.5617069, 3.8985898 ] } },
{ "type": "Feature", "properties": { "categorie": "clinic", "name": "Fondation Médical Anchel" }, "geometry": { "type": "Point", "coordinates": [ 11.5650898, 3.9029215 ] } },
{ "type": "Feature", "properties": { "categorie": "clinic", "name": "Le Magnificat" }, "geometry": { "type": "Point", "coordinates": [ 11.5446554, 3.8921466 ] } },
{ "type": "Feature", "properties": { "categorie": "clinic", "name": "Sainte Glanie" }, "geometry": { "type": "Point", "coordinates": [ 11.5568383, 3.9006379 ] } },
{ "type": "Feature", "properties": { "categorie": "clinic", "name": "La Référence" }, "geometry": { "type": "Point", "coordinates": [ 11.541949, 3.8932779 ] } },
{ "type": "Feature", "properties": { "categorie": "clinic", "name": "Centre Médical Sainte Victoire" }, "geometry": { "type": "Point", "coordinates": [ 11.5621682, 3.9014042 ] } },
{ "type": "Feature", "properties": { "categorie": "clinic", "name": "Fondation Sigba" }, "geometry": { "type": "Point", "coordinates": [ 11.5667716, 3.8982526 ] } },
{ "type": "Feature", "properties": { "categorie": "clinic", "name": "Centre De Santé Apsad" }, "geometry": { "type": "Point", "coordinates": [ 11.5664474, 3.8995869 ] } },
{ "type": "Feature", "properties": { "categorie": "clinic", "name": "" }, "geometry": { "type": "Point", "coordinates": [ 11.5690803, 3.8970464 ] } },
{ "type": "Feature", "properties": { "categorie": "clinic", "name": "Centre De Santé De Sainte Pancrace" }, "geometry": { "type": "Point", "coordinates": [ 11.5618993, 3.9016163 ] } },
{ "type": "Feature", "properties": { "categorie": "clinic", "name": "Centre De Soins Hospitalier Source De Core" }, "geometry": { "type": "Point", "coordinates": [ 11.5578606, 3.8945791 ] } },
{ "type": "Feature", "properties": { "categorie": "clinic", "name": "" }, "geometry": { "type": "Point", "coordinates": [ 11.5680295, 3.896168 ] } },
{ "type": "Feature", "properties": { "categorie": "clinic", "name": "Les Merveilles De Dieu" }, "geometry": { "type": "Point", "coordinates": [ 11.567078, 3.8984847 ] } },
{ "type": "Feature", "properties": { "categorie": "clinic", "name": "" }, "geometry": { "type": "Point", "coordinates": [ 11.5641128, 3.9030714 ] } },
{ "type": "Feature", "properties": { "categorie": "clinic", "name": "Centre De Santé Le Divin" }, "geometry": { "type": "Point", "coordinates": [ 11.5649825, 3.9070974 ] } },
{ "type": "Feature", "properties": { "categorie": "shop_supermarket", "name": "DOVV NGOUSSO" }, "geometry": { "type": "Point", "coordinates": [ 11.541344, 3.9081554 ] } },
{ "type": "Feature", "properties": { "categorie": "clinic", "name": "Centre Médical Ange David" }, "geometry": { "type": "Point", "coordinates": [ 11.5607393, 3.90172 ] } },
{ "type": "Feature", "properties": { "categorie": "clinic", "name": "Centre Se Sante Grace Divine" }, "geometry": { "type": "Point", "coordinates": [ 11.5638245, 3.9013701 ] } },
{ "type": "Feature", "properties": { "categorie": "clinic", "name": "Les Premiers Secours De Ngoulmekong - Fosapps" }, "geometry": { "type": "Point", "coordinates": [ 11.5632441, 3.9063986 ] } },
{ "type": "Feature", "properties": { "categorie": "clinic", "name": "Centre De Santé Josepha" }, "geometry": { "type": "Point", "coordinates": [ 11.5554138, 3.900665 ] } },
{ "type": "Feature", "properties": { "categorie": "clinic", "name": "Cabinet De Soins De Santé - A C S A S" }, "geometry": { "type": "Point", "coordinates": [ 11.5684305, 3.9080996 ] } },
{ "type": "Feature", "properties": { "categorie": "clinic", "name": "La Patience" }, "geometry": { "type": "Point", "coordinates": [ 11.5443298, 3.8997478 ] } },
{ "type": "Feature", "properties": { "categorie": "clinic", "name": "Josephina Médical Space Al . Technologie (cabinet Médicalisé De Beauté Et De Bien-etre)" }, "geometry": { "type": "Point", "coordinates": [ 11.5472562, 3.9004507 ] } },
{ "type": "Feature", "properties": { "categorie": "clinic", "name": "Radiographie -échographie" }, "geometry": { "type": "Point", "coordinates": [ 11.54746, 3.8999357 ] } },
{ "type": "Feature", "properties": { "categorie": "clinic", "name": "Sgi Sarl (vente De Produits De Santé Traditionnel)" }, "geometry": { "type": "Point", "coordinates": [ 11.5471041, 3.9009373 ] } },
{ "type": "Feature", "properties": { "categorie": "clinic", "name": "Centre Médical Espoir Solidarité" }, "geometry": { "type": "Point", "coordinates": [ 11.5463633, 3.8739896 ] } },
{ "type": "Feature", "properties": { "categorie": "clinic", "name": "Fohow International Vip( l Univers Bio De Votre Santé )" }, "geometry": { "type": "Point", "coordinates": [ 11.546997, 3.8869317 ] } },
{ "type": "Feature", "properties": { "categorie": "clinic", "name": "Polyclinic Sende" }, "geometry": { "type": "Point", "coordinates": [ 11.5523413, 3.8880449 ] } },
{ "type": "Feature", "properties": { "categorie": "clinic", "name": "Centre Médical Au Bois D'amour" }, "geometry": { "type": "Point", "coordinates": [ 11.5489776, 3.8765846 ] } },
{ "type": "Feature", "properties": { "categorie": "clinic", "name": "Avicenne" }, "geometry": { "type": "Point", "coordinates": [ 11.5491966, 3.8760991 ] } },
{ "type": "Feature", "properties": { "categorie": "clinic", "name": "La Solidarité" }, "geometry": { "type": "Point", "coordinates": [ 11.5469132, 3.8818114 ] } },
{ "type": "Feature", "properties": { "categorie": "clinic", "name": "Clinique Vétérinaire De Ngousso" }, "geometry": { "type": "Point", "coordinates": [ 11.5548139, 3.8998703 ] } },
{ "type": "Feature", "properties": { "categorie": "clinic", "name": "Longrich Health & Wealth Home" }, "geometry": { "type": "Point", "coordinates": [ 11.5507065, 3.8985988 ] } },
{ "type": "Feature", "properties": { "categorie": "clinic", "name": "Centre Médical Saint Luc De Ngousso" }, "geometry": { "type": "Point", "coordinates": [ 11.5517564, 3.8993284 ] } },
{ "type": "Feature", "properties": { "categorie": "clinic", "name": "Bb Diagnostics" }, "geometry": { "type": "Point", "coordinates": [ 11.5422226, 3.8895542 ] } },
{ "type": "Feature", "properties": { "categorie": "clinic", "name": "Exact( Laboratoire, Consultation, Radiographie, Échographie )" }, "geometry": { "type": "Point", "coordinates": [ 11.5399057, 3.8806093 ] } },
{ "type": "Feature", "properties": { "categorie": "clinic", "name": "Centre De Recherche Sur Les Filarioses Et Autres Maladies Tropicales" }, "geometry": { "type": "Point", "coordinates": [ 11.5366505, 3.8800549 ] } },
{ "type": "Feature", "properties": { "categorie": "clinic", "name": "Cap Santé. Centre Medico-chirurgical" }, "geometry": { "type": "Point", "coordinates": [ 11.5390568, 3.8800211 ] } },
{ "type": "Feature", "properties": { "categorie": "clinic", "name": "Clinique: St Joseph Cancer Center" }, "geometry": { "type": "Point", "coordinates": [ 11.5369151, 3.8795672 ] } },
{ "type": "Feature", "properties": { "categorie": "clinic", "name": "Medical Services" }, "geometry": { "type": "Point", "coordinates": [ 11.5396953, 3.8788984 ] } },
{ "type": "Feature", "properties": { "categorie": "clinic", "name": "Cemrio" }, "geometry": { "type": "Point", "coordinates": [ 11.5370917, 3.8869193 ] } },
{ "type": "Feature", "properties": { "categorie": "clinic", "name": "Naroge Medical & Services" }, "geometry": { "type": "Point", "coordinates": [ 11.5380343, 3.8884962 ] } },
{ "type": "Feature", "properties": { "categorie": "clinic", "name": "Centre Médical Lamat Centre Cadio Vasculaire" }, "geometry": { "type": "Point", "coordinates": [ 11.5367912, 3.8856983 ] } },
{ "type": "Feature", "properties": { "categorie": "clinic", "name": "Cabinet Médical Dilma" }, "geometry": { "type": "Point", "coordinates": [ 11.5386773, 3.8831333 ] } },
{ "type": "Feature", "properties": { "categorie": "clinic", "name": "Centre De Thérapie Du Langage Orthophonie-logopedie" }, "geometry": { "type": "Point", "coordinates": [ 11.5405905, 3.9086637 ] } },
{ "type": "Feature", "properties": { "categorie": "clinic", "name": "Esperance Cabinet De Lunetterie" }, "geometry": { "type": "Point", "coordinates": [ 11.5379948, 3.9084924 ] } },
{ "type": "Feature", "properties": { "categorie": "clinic", "name": "Casesco" }, "geometry": { "type": "Point", "coordinates": [ 11.5347339, 3.8889882 ] } },
{ "type": "Feature", "properties": { "categorie": "clinic", "name": "Cabinet De Dépistage" }, "geometry": { "type": "Point", "coordinates": [ 11.5387136, 3.8981843 ] } },
{ "type": "Feature", "properties": { "categorie": "clinic", "name": "" }, "geometry": { "type": "Point", "coordinates": [ 11.5351074, 3.8938974 ] } },
{ "type": "Feature", "properties": { "categorie": "clinic", "name": "Maloine Sarl" }, "geometry": { "type": "Point", "coordinates": [ 11.5643611, 3.9141651 ] } },
{ "type": "Feature", "properties": { "categorie": "clinic", "name": "Espoir Et Vie" }, "geometry": { "type": "Point", "coordinates": [ 11.5594925, 3.9129131 ] } },
{ "type": "Feature", "properties": { "categorie": "clinic", "name": "Laboratoire Bourgeois" }, "geometry": { "type": "Point", "coordinates": [ 11.562709, 3.9072911 ] } },
{ "type": "Feature", "properties": { "categorie": "clinic", "name": "Centre Medical Sainte Victoire" }, "geometry": { "type": "Point", "coordinates": [ 11.5623374, 3.9013021 ] } },
{ "type": "Feature", "properties": { "categorie": "clinic", "name": "Cabinet Médico Sanitaire - La Voix Du Seigneur M'appelle" }, "geometry": { "type": "Point", "coordinates": [ 11.5548994, 3.9305908 ] } },
{ "type": "Feature", "properties": { "categorie": "clinic", "name": "" }, "geometry": { "type": "Point", "coordinates": [ 11.5526149, 3.9188495 ] } },
{ "type": "Feature", "properties": { "categorie": "clinic", "name": "Grâce Divine" }, "geometry": { "type": "Point", "coordinates": [ 11.5487384, 3.8987818 ] } },
{ "type": "Feature", "properties": { "categorie": "clinic", "name": "La Bienfaisance" }, "geometry": { "type": "Point", "coordinates": [ 11.5441559, 3.8987948 ] } },
{ "type": "Feature", "properties": { "categorie": "clinic", "name": "La Miséricorde" }, "geometry": { "type": "Point", "coordinates": [ 11.5468434, 3.9025583 ] } },
{ "type": "Feature", "properties": { "categorie": "clinic", "name": "La Miséricorde" }, "geometry": { "type": "Point", "coordinates": [ 11.5372042, 3.907082 ] } },
{ "type": "Feature", "properties": { "categorie": "clinic", "name": "Djamtabo" }, "geometry": { "type": "Point", "coordinates": [ 11.5401942, 3.8981987 ] } },
{ "type": "Feature", "properties": { "categorie": "clinic", "name": "Le Bien Être De Ngousso" }, "geometry": { "type": "Point", "coordinates": [ 11.5458594, 3.8993397 ] } },
{ "type": "Feature", "properties": { "categorie": "clinic", "name": "Alliance Divine" }, "geometry": { "type": "Point", "coordinates": [ 11.5364271, 3.8987353 ] } },
{ "type": "Feature", "properties": { "categorie": "clinic", "name": "" }, "geometry": { "type": "Point", "coordinates": [ 11.5468924, 3.9076172 ] } },
{ "type": "Feature", "properties": { "categorie": "clinic", "name": "Centre De Santé La Roche" }, "geometry": { "type": "Point", "coordinates": [ 11.5483756, 3.9089686 ] } },
{ "type": "Feature", "properties": { "categorie": "clinic", "name": "Go For Humanity" }, "geometry": { "type": "Point", "coordinates": [ 11.5502824, 3.9112097 ] } },
{ "type": "Feature", "properties": { "categorie": "clinic", "name": "La Gaieté" }, "geometry": { "type": "Point", "coordinates": [ 11.5464391, 3.91015 ] } },
{ "type": "Feature", "properties": { "categorie": "clinic", "name": "La Fraternité" }, "geometry": { "type": "Point", "coordinates": [ 11.5430474, 3.9102932 ] } },
{ "type": "Feature", "properties": { "categorie": "clinic", "name": "" }, "geometry": { "type": "Point", "coordinates": [ 11.5460441, 3.9141546 ] } },
{ "type": "Feature", "properties": { "categorie": "clinic", "name": "En Saïd" }, "geometry": { "type": "Point", "coordinates": [ 11.5412544, 3.9163823 ] } },
{ "type": "Feature", "properties": { "categorie": "clinic", "name": "Zogo Abena" }, "geometry": { "type": "Point", "coordinates": [ 11.5422984, 3.9163179 ] } },
{ "type": "Feature", "properties": { "categorie": "clinic", "name": "La Grâce Du Rédempteur" }, "geometry": { "type": "Point", "coordinates": [ 11.5422763, 3.9305366 ] } },
{ "type": "Feature", "properties": { "categorie": "clinic", "name": "Cabinet De Soins Espoir,santé & Vie" }, "geometry": { "type": "Point", "coordinates": [ 11.5396799, 3.9210953 ] } },
{ "type": "Feature", "properties": { "categorie": "clinic", "name": "Shalom" }, "geometry": { "type": "Point", "coordinates": [ 11.5438863, 3.9247279 ] } },
{ "type": "Feature", "properties": { "categorie": "clinic", "name": "Holly Anna'health Center" }, "geometry": { "type": "Point", "coordinates": [ 11.5389135, 3.9176908 ] } },
{ "type": "Feature", "properties": { "categorie": "clinic", "name": "Tamoud" }, "geometry": { "type": "Point", "coordinates": [ 11.5432241, 3.9216195 ] } },
{ "type": "Feature", "properties": { "categorie": "clinic", "name": "Propharmacie" }, "geometry": { "type": "Point", "coordinates": [ 11.5418889, 3.9200654 ] } },
{ "type": "Feature", "properties": { "categorie": "clinic", "name": "Tamoude" }, "geometry": { "type": "Point", "coordinates": [ 11.54285, 3.9215892 ] } },
{ "type": "Feature", "properties": { "categorie": "clinic", "name": "St Germaine" }, "geometry": { "type": "Point", "coordinates": [ 11.5419933, 3.9196908 ] } },
{ "type": "Feature", "properties": { "categorie": "clinic", "name": "Centre De Santé Don De Guérison" }, "geometry": { "type": "Point", "coordinates": [ 11.5425301, 3.9303664 ] } },
{ "type": "Feature", "properties": { "categorie": "clinic", "name": "Centee De Santé God's Will" }, "geometry": { "type": "Point", "coordinates": [ 11.5407112, 3.9206437 ] } },
{ "type": "Feature", "properties": { "categorie": "clinic", "name": "La Gloire" }, "geometry": { "type": "Point", "coordinates": [ 11.5566328, 3.9288521 ] } },
{ "type": "Feature", "properties": { "categorie": "clinic", "name": "Les Merveilles" }, "geometry": { "type": "Point", "coordinates": [ 11.5423338, 3.9216914 ] } },
{ "type": "Feature", "properties": { "categorie": "clinic", "name": "Samaritain" }, "geometry": { "type": "Point", "coordinates": [ 11.5485634, 3.9242094 ] } },
{ "type": "Feature", "properties": { "categorie": "shop_supermarket", "name": "Idole Sarl" }, "geometry": { "type": "Point", "coordinates": [ 11.4534663, 3.8726763 ] } },
{ "type": "Feature", "properties": { "categorie": "school", "name": "Groupe Scolaire Bilingue L'aurore" }, "geometry": { "type": "Point", "coordinates": [ 11.5583589, 3.8817602 ] } },
{ "type": "Feature", "properties": { "categorie": "school", "name": "Collège Bilingue Foch" }, "geometry": { "type": "Point", "coordinates": [ 11.5593579, 3.8818886 ] } },
{ "type": "Feature", "properties": { "categorie": "school", "name": "Collège Bilingue Dja'ankeu" }, "geometry": { "type": "Point", "coordinates": [ 11.5541481, 3.8783955 ] } },
{ "type": "Feature", "properties": { "categorie": "school", "name": "Queensway International College" }, "geometry": { "type": "Point", "coordinates": [ 11.5543163, 3.8817294 ] } },
{ "type": "Feature", "properties": { "categorie": "school", "name": "Collège La Dignité" }, "geometry": { "type": "Point", "coordinates": [ 11.5500815, 3.8790982 ] } },
{ "type": "Feature", "properties": { "categorie": "school", "name": "Institut Samba Secondaire" }, "geometry": { "type": "Point", "coordinates": [ 11.5300575, 3.8673698 ] } },
{ "type": "Feature", "properties": { "categorie": "school", "name": "Collège Notre Dame De Victoire" }, "geometry": { "type": "Point", "coordinates": [ 11.5292682, 3.8665064 ] } },
{ "type": "Feature", "properties": { "categorie": "hospital", "name": "abe" }, "geometry": { "type": "Point", "coordinates": [ 11.5205968, 3.8824412 ] } },
{ "type": "Feature", "properties": { "categorie": "school", "name": "Centre Social D'arrondissement De Yaoundé 5" }, "geometry": { "type": "Point", "coordinates": [ 11.5326497, 3.8704187 ] } },
{ "type": "Feature", "properties": { "categorie": "school", "name": "Collège Privé Larousse" }, "geometry": { "type": "Point", "coordinates": [ 11.5336249, 3.8703565 ] } },
{ "type": "Feature", "properties": { "categorie": "school", "name": "Angel Michael Bilingual College" }, "geometry": { "type": "Point", "coordinates": [ 11.5467605, 3.8730437 ] } },
{ "type": "Feature", "properties": { "categorie": "school", "name": "Complexe Éducatif Privé Laïc Essomba" }, "geometry": { "type": "Point", "coordinates": [ 11.549913, 3.8752834 ] } },
{ "type": "Feature", "properties": { "categorie": "school", "name": "Collège Privé Montesquieu" }, "geometry": { "type": "Point", "coordinates": [ 11.5241526, 3.8616601 ] } },
{ "type": "Feature", "properties": { "categorie": "school", "name": "Groupe Scolaire Les Pharaons" }, "geometry": { "type": "Point", "coordinates": [ 11.5659052, 3.8850437 ] } },
{ "type": "Feature", "properties": { "categorie": "school", "name": "Anglo Saxon College" }, "geometry": { "type": "Point", "coordinates": [ 11.5441893, 3.8935642 ] } },
{ "type": "Feature", "properties": { "categorie": "school", "name": "Collège De L'espérance" }, "geometry": { "type": "Point", "coordinates": [ 11.5438984, 3.8919587 ] } },
{ "type": "Feature", "properties": { "categorie": "school", "name": "Complexe Scolaire Bilingue Mbeukam" }, "geometry": { "type": "Point", "coordinates": [ 11.5479934, 3.8998399 ] } },
{ "type": "Feature", "properties": { "categorie": "school", "name": "Collège Privé Mongo Beti" }, "geometry": { "type": "Point", "coordinates": [ 11.5414007, 3.874705 ] } },
{ "type": "Feature", "properties": { "categorie": "school", "name": "Certif Sorawell" }, "geometry": { "type": "Point", "coordinates": [ 11.5437661, 3.8764627 ] } },
{ "type": "Feature", "properties": { "categorie": "university", "name": "" }, "geometry": { "type": "Point", "coordinates": [ 11.5670535, 3.9075455 ] } },
{ "type": "Feature", "properties": { "categorie": "university", "name": "Istag" }, "geometry": { "type": "Point", "coordinates": [ 11.5413868, 3.8881292 ] } },
{ "type": "Feature", "properties": { "categorie": "university", "name": "Ce Ce Psa" }, "geometry": { "type": "Point", "coordinates": [ 11.5451287, 3.8756068 ] } },
{ "type": "Feature", "properties": { "categorie": "university", "name": "Institut Universitaire Royal Deumaga" }, "geometry": { "type": "Point", "coordinates": [ 11.5387924, 3.8813675 ] } },
{ "type": "Feature", "properties": { "categorie": "university", "name": "Centre De Formation Professionnelle Paramédical De Ngousso" }, "geometry": { "type": "Point", "coordinates": [ 11.552061, 3.8995424 ] } },
{ "type": "Feature", "properties": { "categorie": "university", "name": "Institut Mod'estta" }, "geometry": { "type": "Point", "coordinates": [ 11.5520992, 3.8921419 ] } },
{ "type": "Feature", "properties": { "categorie": "university", "name": "Institut Universitaire International" }, "geometry": { "type": "Point", "coordinates": [ 11.5361557, 3.8856671 ] } },
{ "type": "Feature", "properties": { "categorie": "university", "name": "Iusty Institutions Universitaire Des Sciences Et Technologies De Yaoundé" }, "geometry": { "type": "Point", "coordinates": [ 11.5341888, 3.8864584 ] } },
{ "type": "Feature", "properties": { "categorie": "school", "name": "Cameroon School Of Excellent" }, "geometry": { "type": "Point", "coordinates": [ 11.5579431, 3.8944219 ] } },
{ "type": "Feature", "properties": { "categorie": "school", "name": "College Mathieu & Claire" }, "geometry": { "type": "Point", "coordinates": [ 11.5615694, 3.8910688 ] } },
{ "type": "Feature", "properties": { "categorie": "school", "name": "Catiba" }, "geometry": { "type": "Point", "coordinates": [ 11.5504155, 3.8856305 ] } },
{ "type": "Feature", "properties": { "categorie": "school", "name": "Collège Bilingue Tcheutchoua" }, "geometry": { "type": "Point", "coordinates": [ 11.5385869, 3.9094208 ] } },
{ "type": "Feature", "properties": { "categorie": "school", "name": "Institut La Reference (1er Et 2nd Cycle)" }, "geometry": { "type": "Point", "coordinates": [ 11.5635497, 3.8965571 ] } },
{ "type": "Feature", "properties": { "categorie": "school", "name": "Complexe Scolaire Les Polytechniciens" }, "geometry": { "type": "Point", "coordinates": [ 11.5635053, 3.8945067 ] } },
{ "type": "Feature", "properties": { "categorie": "school", "name": "Collège Fondation De Vie Volta Rien Voltarienne" }, "geometry": { "type": "Point", "coordinates": [ 11.567256, 3.8966268 ] } },
{ "type": "Feature", "properties": { "categorie": "school", "name": "Collège Privé Les Lilas" }, "geometry": { "type": "Point", "coordinates": [ 11.5672639, 3.8956713 ] } },
{ "type": "Feature", "properties": { "categorie": "school", "name": "College Polyvalent Saint-marc" }, "geometry": { "type": "Point", "coordinates": [ 11.5560508, 3.8894953 ] } },
{ "type": "Feature", "properties": { "categorie": "school", "name": "Collège Polyvalent Saint Augustin. Campus B" }, "geometry": { "type": "Point", "coordinates": [ 11.5612489, 3.8988641 ] } },
{ "type": "Feature", "properties": { "categorie": "school", "name": "Collège Bilingue Vie Voltarienne" }, "geometry": { "type": "Point", "coordinates": [ 11.5679559, 3.9000451 ] } },
{ "type": "Feature", "properties": { "categorie": "school", "name": "Complexe Scolaire Fondation Vie Voltarienne" }, "geometry": { "type": "Point", "coordinates": [ 11.5659215, 3.8979917 ] } },
{ "type": "Feature", "properties": { "categorie": "school", "name": "Diba Bilingual School" }, "geometry": { "type": "Point", "coordinates": [ 11.5509519, 3.9043525 ] } },
{ "type": "Feature", "properties": { "categorie": "school", "name": "École Maternel Et Primaire Bilingue St.marry Et Rita Et Collège Bilingue Ayungha" }, "geometry": { "type": "Point", "coordinates": [ 11.5456152, 3.9130026 ] } },
{ "type": "Feature", "properties": { "categorie": "school", "name": "Complexe Tim Engineering" }, "geometry": { "type": "Point", "coordinates": [ 11.5447578, 3.9126039 ] } },
{ "type": "Feature", "properties": { "categorie": "school", "name": "Collège Bilingue Notre Dame De La Bonne Semence" }, "geometry": { "type": "Point", "coordinates": [ 11.5614554, 3.9054042 ] } },
{ "type": "Feature", "properties": { "categorie": "school", "name": "Ornee" }, "geometry": { "type": "Point", "coordinates": [ 11.5483193, 3.923788 ] } },
{ "type": "Feature", "properties": { "categorie": "school", "name": "Collège Georges Brassens" }, "geometry": { "type": "Point", "coordinates": [ 11.553728, 3.9073188 ] } },
{ "type": "Feature", "properties": { "categorie": "school", "name": "Crispefp" }, "geometry": { "type": "Point", "coordinates": [ 11.5371278, 3.9049747 ] } },
{ "type": "Feature", "properties": { "categorie": "school", "name": "Collège Le Succès" }, "geometry": { "type": "Point", "coordinates": [ 11.5477976, 3.9095814 ] } },
{ "type": "Feature", "properties": { "categorie": "school", "name": "Oba Complex" }, "geometry": { "type": "Point", "coordinates": [ 11.5431346, 3.9230173 ] } },
{ "type": "Feature", "properties": { "categorie": "school", "name": "Collège La Fraternité Adana Yaoundé" }, "geometry": { "type": "Point", "coordinates": [ 11.5605837, 3.9289552 ] } },
{ "type": "Feature", "properties": { "categorie": "school", "name": "Complexe Scolaire Roméo" }, "geometry": { "type": "Point", "coordinates": [ 11.5608922, 3.915902 ] } },
{ "type": "Feature", "properties": { "categorie": "school", "name": "Chrccss Christian Comprehensive Secondary School Nkolmbong Etoudi-yde" }, "geometry": { "type": "Point", "coordinates": [ 11.548841, 3.9258779 ] } },
{ "type": "Feature", "properties": { "categorie": "school", "name": "École primaire Les pépites d’or" }, "geometry": { "type": "Point", "coordinates": [ 11.593589, 3.840452 ] } },
{ "type": "Feature", "properties": { "categorie": "clinic", "name": "Fondation médicale Mine et Da Sylva" }, "geometry": { "type": "Point", "coordinates": [ 11.5951909, 3.8401909 ] } },
{ "type": "Feature", "properties": { "categorie": "bus_station", "name": "" }, "geometry": { "type": "Point", "coordinates": [ 11.5313267, 3.8733182 ] } },
{ "type": "Feature", "properties": { "categorie": "bus_station", "name": "" }, "geometry": { "type": "Point", "coordinates": [ 11.5441082, 3.8881767 ] } },
{ "type": "Feature", "properties": { "categorie": "marketplace", "name": "Petit Marché Mvog Ada" }, "geometry": { "type": "Point", "coordinates": [ 11.5260639, 3.8671492 ] } },
{ "type": "Feature", "properties": { "categorie": "marketplace", "name": "" }, "geometry": { "type": "Point", "coordinates": [ 11.5260458, 3.8669084 ] } },
{ "type": "Feature", "properties": { "categorie": "marketplace", "name": "Petit Marché" }, "geometry": { "type": "Point", "coordinates": [ 11.5488087, 3.8929171 ] } },
{ "type": "Feature", "properties": { "categorie": "marketplace", "name": "Marché Total Ngousso" }, "geometry": { "type": "Point", "coordinates": [ 11.550101, 3.8973811 ] } },
{ "type": "Feature", "properties": { "categorie": "marketplace", "name": "Vente Des Fruits" }, "geometry": { "type": "Point", "coordinates": [ 11.5503433, 3.8797643 ] } },
{ "type": "Feature", "properties": { "categorie": "marketplace", "name": "" }, "geometry": { "type": "Point", "coordinates": [ 11.551412, 3.8798922 ] } },
{ "type": "Feature", "properties": { "categorie": "marketplace", "name": "" }, "geometry": { "type": "Point", "coordinates": [ 11.5547293, 3.8801729 ] } },
{ "type": "Feature", "properties": { "categorie": "marketplace", "name": "Petit Marché De Fruit" }, "geometry": { "type": "Point", "coordinates": [ 11.5387277, 3.9220004 ] } },
{ "type": "Feature", "properties": { "categorie": "marketplace", "name": "Petit Marché" }, "geometry": { "type": "Point", "coordinates": [ 11.567098, 3.8912327 ] } },
{ "type": "Feature", "properties": { "categorie": "marketplace", "name": "" }, "geometry": { "type": "Point", "coordinates": [ 11.5643871, 3.9062836 ] } },
{ "type": "Feature", "properties": { "categorie": "pharmacy", "name": "Pharmacie d'Oyom-Abang" }, "geometry": { "type": "Point", "coordinates": [ 11.4754035, 3.8750506 ] } },
{ "type": "Feature", "properties": { "categorie": "clinic", "name": "Centre hospitalier Caroline" }, "geometry": { "type": "Point", "coordinates": [ 11.4786268, 3.8435976 ] } },
{ "type": "Feature", "properties": { "categorie": "school", "name": "ICT University" }, "geometry": { "type": "Point", "coordinates": [ 11.5166902, 3.9529298 ] } },
{ "type": "Feature", "properties": { "categorie": "clinic", "name": "test 1" }, "geometry": { "type": "Point", "coordinates": [ 11.4540259, 3.8111891 ] } },
{ "type": "Feature", "properties": { "categorie": "pharmacy", "name": "Pharmacie La Référence" }, "geometry": { "type": "Point", "coordinates": [ 11.5490815, 3.8941583 ] } },
{ "type": "Feature", "properties": { "categorie": "pharmacy", "name": "Pharmacie la Statoise" }, "geometry": { "type": "Point", "coordinates": [ 11.5278381, 3.8449852 ] } },
{ "type": "Feature", "properties": { "categorie": "pharmacy", "name": "Pharmacie de l'Etoile" }, "geometry": { "type": "Point", "coordinates": [ 11.4816492, 3.8387131 ] } },
{ "type": "Feature", "properties": { "categorie": "pharmacy", "name": "Pharmacie Jérusalem" }, "geometry": { "type": "Point", "coordinates": [ 11.4768711, 3.8403714 ] } },
{ "type": "Feature", "properties": { "categorie": "shop_supermarket", "name": "DOVV Supermarket" }, "geometry": { "type": "Point", "coordinates": [ 11.5226361, 3.7992939 ] } },
{ "type": "Feature", "properties": { "categorie": "shop_supermarket", "name": "Supermarché ecomax" }, "geometry": { "type": "Point", "coordinates": [ 11.5172322, 3.8080001 ] } },
{ "type": "Feature", "properties": { "categorie": "pharmacy", "name": "Pharmacie Siloë" }, "geometry": { "type": "Point", "coordinates": [ 11.482124, 3.8489637 ] } },
{ "type": "Feature", "properties": { "categorie": "pharmacy", "name": "" }, "geometry": { "type": "Point", "coordinates": [ 11.550909, 3.830191 ] } },
{ "type": "Feature", "properties": { "categorie": "pharmacy", "name": "Pharmacie urbaine" }, "geometry": { "type": "Point", "coordinates": [ 11.5192009, 3.8679438 ] } },
{ "type": "Feature", "properties": { "categorie": "hospital", "name": "Hygiène Mobile" }, "geometry": { "type": "Point", "coordinates": [ 11.5082292, 3.8699215 ] } },
{ "type": "Feature", "properties": { "categorie": "shop_supermarket", "name": "Santa Maria" }, "geometry": { "type": "Point", "coordinates": [ 11.5498327, 3.8279879 ] } },
{ "type": "Feature", "properties": { "categorie": "clinic", "name": "La Gloire" }, "geometry": { "type": "Point", "coordinates": [ 11.5566303, 3.9288525 ] } },
{ "type": "Feature", "properties": { "categorie": "hospital", "name": "Hôpital St Thérèse de Nomayos" }, "geometry": { "type": "Point", "coordinates": [ 11.4459804, 3.7913432 ] } },
{ "type": "Feature", "properties": { "categorie": "hospital", "name": "Q7 Hôpital" }, "geometry": { "type": "Point", "coordinates": [ 11.4835363, 3.8360396 ] } },
{ "type": "Feature", "properties": { "categorie": "school", "name": "EPM le Phare" }, "geometry": { "type": "Point", "coordinates": [ 11.5488437, 3.8930477 ] } },
{ "type": "Feature", "properties": { "categorie": "pharmacy", "name": "" }, "geometry": { "type": "Point", "coordinates": [ 11.548783, 3.8671906 ] } },
{ "type": "Feature", "properties": { "categorie": "shop_supermarket", "name": "Santa Lucia" }, "geometry": { "type": "Point", "coordinates": [ 11.5170607, 3.8252064 ] } },
{ "type": "Feature", "properties": { "categorie": "pharmacy", "name": "Parapharmacie des Nations" }, "geometry": { "type": "Point", "coordinates": [ 11.5216344, 3.887733 ] } },
{ "type": "Feature", "properties": { "categorie": "pharmacy", "name": "Olembé Pharmacy" }, "geometry": { "type": "Point", "coordinates": [ 11.5334315, 3.9569055 ] } },
{ "type": "Feature", "properties": { "categorie": "pharmacy", "name": "Pharmacie 3A" }, "geometry": { "type": "Point", "coordinates": [ 11.4707056, 3.8276107 ] } },
{ "type": "Feature", "properties": { "categorie": "pharmacy", "name": "Pharmacie de Simbock" }, "geometry": { "type": "Point", "coordinates": [ 11.4718734, 3.8212364 ] } },
{ "type": "Feature", "properties": { "categorie": "pharmacy", "name": "Pharmacie Efoulan" }, "geometry": { "type": "Point", "coordinates": [ 11.5068517, 3.8356646 ] } },
{ "type": "Feature", "properties": { "categorie": "shop_supermarket", "name": "Dôvv Simbock" }, "geometry": { "type": "Point", "coordinates": [ 11.4720959, 3.8227904 ] } },
{ "type": "Feature", "properties": { "categorie": "clinic", "name": "Docteur EDU" }, "geometry": { "type": "Point", "coordinates": [ 11.5266299, 3.9109219 ] } },
{ "type": "Feature", "properties": { "categorie": "clinic", "name": "ombéssa" }, "geometry": { "type": "Point", "coordinates": [ 11.5191774, 3.8472095 ] } },
{ "type": "Feature", "properties": { "categorie": "school", "name": "école primaire Sainte thérèse de mballa4" }, "geometry": { "type": "Point", "coordinates": [ 11.5334136, 3.9016075 ] } },
{ "type": "Feature", "properties": { "categorie": "school", "name": "Complexe scolaire Nancy et Frères" }, "geometry": { "type": "Point", "coordinates": [ 11.4487467, 3.9073309 ] } },
{ "type": "Feature", "properties": { "categorie": "hospital", "name": "Centre de santé CLAUDINE ECHERNIER" }, "geometry": { "type": "Point", "coordinates": [ 11.4490943, 3.9071074 ] } },
{ "type": "Feature", "properties": { "categorie": "school", "name": "EMIRA Anglo saxon school" }, "geometry": { "type": "Point", "coordinates": [ 11.506867, 3.9345882 ] } },
{ "type": "Feature", "properties": { "categorie": "hospital", "name": "ZION REFERENCE MEDICAL CLINIC" }, "geometry": { "type": "Point", "coordinates": [ 11.5687495, 3.8767421 ] } },
{ "type": "Feature", "properties": { "categorie": "hospital", "name": "REFERENCE CLINIC MIMBOMAN" }, "geometry": { "type": "Point", "coordinates": [ 11.5691491, 3.8761056 ] } },
{ "type": "Feature", "properties": { "categorie": "shop_supermarket", "name": "Carrefour Momebeingal" }, "geometry": { "type": "Point", "coordinates": [ 11.5669043, 3.8912572 ] } },
{ "type": "Feature", "properties": { "categorie": "school", "name": "" }, "geometry": { "type": "Point", "coordinates": [ 11.4737114, 3.8249526 ] } },
{ "type": "Feature", "properties": { "categorie": "school", "name": "Collège ITSE" }, "geometry": { "type": "Point", "coordinates": [ 11.4716578, 3.8317311 ] } },
{ "type": "Feature", "properties": { "categorie": "school", "name": "COSBIE" }, "geometry": { "type": "Point", "coordinates": [ 11.4704639, 3.8261613 ] } },
{ "type": "Feature", "properties": { "categorie": "shop_supermarket", "name": "Dovv Mendong" }, "geometry": { "type": "Point", "coordinates": [ 11.4735722, 3.8310556 ] } },
{ "type": "Feature", "properties": { "categorie": "school", "name": "Collège Jules ferry" }, "geometry": { "type": "Point", "coordinates": [ 11.4736374, 3.8212665 ] } },
{ "type": "Feature", "properties": { "categorie": "school", "name": "ecole maternelle publique de MBALLA II" }, "geometry": { "type": "Point", "coordinates": [ 11.5259846, 3.8996976 ] } },
{ "type": "Feature", "properties": { "categorie": "school", "name": "ECOLE PRIMAIRE PUBLIQUE DE MBALLA II" }, "geometry": { "type": "Point", "coordinates": [ 11.5255058, 3.8995946 ] } },
{ "type": "Feature", "properties": { "categorie": "school", "name": "ELGRA School complex" }, "geometry": { "type": "Point", "coordinates": [ 11.4695632, 3.8241576 ] } },
{ "type": "Feature", "properties": { "categorie": "school", "name": "Complexe scolaire bilingue la lumière" }, "geometry": { "type": "Point", "coordinates": [ 11.4769086, 3.8413431 ] } },
{ "type": "Feature", "properties": { "categorie": "clinic", "name": "" }, "geometry": { "type": "Point", "coordinates": [ 11.4633335, 3.801733 ] } },
{ "type": "Feature", "properties": { "categorie": "hospital", "name": "" }, "geometry": { "type": "Point", "coordinates": [ 11.4641342, 3.8045083 ] } },
{ "type": "Feature", "properties": { "categorie": "school", "name": "école maternelle et primaire bilingue bonne fois" }, "geometry": { "type": "Point", "coordinates": [ 11.4654458, 3.8009703 ] } },
{ "type": "Feature", "properties": { "categorie": "school", "name": "Linda et Les anges" }, "geometry": { "type": "Point", "coordinates": [ 11.4630908, 3.7995839 ] } },
{ "type": "Feature", "properties": { "categorie": "school", "name": "St Marie Primary School" }, "geometry": { "type": "Point", "coordinates": [ 11.4904217, 3.803424 ] } },
{ "type": "Feature", "properties": { "categorie": "shop_supermarket", "name": "Carrefour Warda" }, "geometry": { "type": "Point", "coordinates": [ 11.5130299, 3.876637 ] } },
{ "type": "Feature", "properties": { "categorie": "hospital", "name": "CMA de Mvog-Ada" }, "geometry": { "type": "Point", "coordinates": [ 11.5273853, 3.863764 ] } },
{ "type": "Feature", "properties": { "categorie": "bus_station", "name": "Amour Mezam Express" }, "geometry": { "type": "Point", "coordinates": [ 11.5282798, 3.9553164 ] } },
{ "type": "Feature", "properties": { "categorie": "shop_supermarket", "name": "Santa Lucia" }, "geometry": { "type": "Point", "coordinates": [ 11.5228581, 3.7927409 ] } },
{ "type": "Feature", "properties": { "categorie": "pharmacy", "name": "Pharmacie Messamendongo" }, "geometry": { "type": "Point", "coordinates": [ 11.5225284, 3.7966201 ] } },
{ "type": "Feature", "properties": { "categorie": "school", "name": "Groupe Scolaire Bilingue Honoris Causa" }, "geometry": { "type": "Point", "coordinates": [ 11.4897672, 3.7957332 ] } },
{ "type": "Feature", "properties": { "categorie": "school", "name": "TGCR" }, "geometry": { "type": "Point", "coordinates": [ 11.466031, 3.8113536 ] } },
{ "type": "Feature", "properties": { "categorie": "shop_supermarket", "name": "Mini mokolo" }, "geometry": { "type": "Point", "coordinates": [ 11.4287295, 3.8745872 ] } },
{ "type": "Feature", "properties": { "categorie": "hospital", "name": "Cabinet De Soins" }, "geometry": { "type": "Point", "coordinates": [ 11.5027928, 3.8528744 ] } },
{ "type": "Feature", "properties": { "categorie": "school", "name": "École Azobe" }, "geometry": { "type": "Point", "coordinates": [ 11.5053383, 3.8438484 ] } },
{ "type": "Feature", "properties": { "categorie": "marketplace", "name": "Marche Mvog betsi" }, "geometry": { "type": "Point", "coordinates": [ 11.4866697, 3.8664157 ] } },
{ "type": "Feature", "properties": { "categorie": "pharmacy", "name": "Pharmacie Élite" }, "geometry": { "type": "Point", "coordinates": [ 11.4893178, 3.8639878 ] } },
{ "type": "Feature", "properties": { "categorie": "clinic", "name": "Full bright" }, "geometry": { "type": "Point", "coordinates": [ 11.4903464, 3.8637788 ] } },
{ "type": "Feature", "properties": { "categorie": "school", "name": "Luc bilingual Nursery and Primary" }, "geometry": { "type": "Point", "coordinates": [ 11.4824866, 3.870405 ] } },
{ "type": "Feature", "properties": { "categorie": "pharmacy", "name": "Pharmacie Marijova" }, "geometry": { "type": "Point", "coordinates": [ 11.4816399, 3.8703088 ] } },
{ "type": "Feature", "properties": { "categorie": "school", "name": "LUC BILINGUAL NURSERY & PRIMARY SCHOOL" }, "geometry": { "type": "Point", "coordinates": [ 11.4826017, 3.8704199 ] } },
{ "type": "Feature", "properties": { "categorie": "shop_supermarket", "name": "DOVV Shakespeare" }, "geometry": { "type": "Point", "coordinates": [ 11.5726384, 3.8612176 ] } },
{ "type": "Feature", "properties": { "categorie": "clinic", "name": "La Vertu" }, "geometry": { "type": "Point", "coordinates": [ 11.5741212, 3.862243 ] } },
{ "type": "Feature", "properties": { "categorie": "school", "name": "Simosia" }, "geometry": { "type": "Point", "coordinates": [ 11.574019, 3.8624499 ] } },
{ "type": "Feature", "properties": { "categorie": "clinic", "name": "Cabinet De Soins Père Et Fils" }, "geometry": { "type": "Point", "coordinates": [ 11.5009347, 3.8522261 ] } },
{ "type": "Feature", "properties": { "categorie": "school", "name": "Frazati" }, "geometry": { "type": "Point", "coordinates": [ 11.4912158, 3.8120276 ] } },
{ "type": "Feature", "properties": { "categorie": "school", "name": "Marie-Albert Prestige" }, "geometry": { "type": "Point", "coordinates": [ 11.5577085, 3.8218955 ] } },
{ "type": "Feature", "properties": { "categorie": "pharmacy", "name": "Pro Pharmacie" }, "geometry": { "type": "Point", "coordinates": [ 11.4971182, 3.8511459 ] } },
{ "type": "Feature", "properties": { "categorie": "school", "name": "" }, "geometry": { "type": "Point", "coordinates": [ 11.5164726, 3.8845528 ] } },
{ "type": "Feature", "properties": { "categorie": "school", "name": "" }, "geometry": { "type": "Point", "coordinates": [ 11.4908326, 3.8758588 ] } },
{ "type": "Feature", "properties": { "categorie": "school", "name": "Nival Bilingual School" }, "geometry": { "type": "Point", "coordinates": [ 11.5528677, 3.9416005 ] } },
{ "type": "Feature", "properties": { "categorie": "school", "name": "Ecole Materbellt Et Primaire Saint Augustin" }, "geometry": { "type": "Point", "coordinates": [ 11.5548256, 3.8994592 ] } },
{ "type": "Feature", "properties": { "categorie": "clinic", "name": "Centre Médical Miséricorde Divine" }, "geometry": { "type": "Point", "coordinates": [ 11.5036478, 3.8627457 ] } },
{ "type": "Feature", "properties": { "categorie": "school", "name": "Institut Laikairish" }, "geometry": { "type": "Point", "coordinates": [ 11.5014965, 3.863046 ] } },
{ "type": "Feature", "properties": { "categorie": "clinic", "name": "Atelier ethnbotanique Pr Noumi" }, "geometry": { "type": "Point", "coordinates": [ 11.5031073, 3.8628022 ] } },
{ "type": "Feature", "properties": { "categorie": "pharmacy", "name": "Pharmacie du carrefour EMIA" }, "geometry": { "type": "Point", "coordinates": [ 11.5017615, 3.8626434 ] } },
{ "type": "Feature", "properties": { "categorie": "pharmacy", "name": "Pharmacie de l université" }, "geometry": { "type": "Point", "coordinates": [ 11.5047207, 3.8590317 ] } },
{ "type": "Feature", "properties": { "categorie": "school", "name": "Cétic de ngoaekélé" }, "geometry": { "type": "Point", "coordinates": [ 11.5048625, 3.8598755 ] } },
{ "type": "Feature", "properties": { "categorie": "school", "name": "Cetic de ngoaekelle" }, "geometry": { "type": "Point", "coordinates": [ 11.5049498, 3.8600454 ] } },
{ "type": "Feature", "properties": { "categorie": "university", "name": "Université de Yaoundé 1" }, "geometry": { "type": "Point", "coordinates": [ 11.5037063, 3.856488 ] } },
{ "type": "Feature", "properties": { "categorie": "university", "name": "IFPBI-CAARD" }, "geometry": { "type": "Point", "coordinates": [ 11.4923203, 3.844815 ] } },
{ "type": "Feature", "properties": { "categorie": "school", "name": "Light world mission anglo-saxon boarding college" }, "geometry": { "type": "Point", "coordinates": [ 11.4657461, 3.8136082 ] } },
{ "type": "Feature", "properties": { "categorie": "pharmacy", "name": "Pharmacie Saint Bernadette" }, "geometry": { "type": "Point", "coordinates": [ 11.4990238, 3.8528423 ] } },
{ "type": "Feature", "properties": { "categorie": "hospital", "name": "Hcnps" }, "geometry": { "type": "Point", "coordinates": [ 11.5317451, 3.8161721 ] } },
{ "type": "Feature", "properties": { "categorie": "shop_mall", "name": "Bâtiment" }, "geometry": { "type": "Point", "coordinates": [ 11.497617, 3.8529388 ] } },
{ "type": "Feature", "properties": { "categorie": "university", "name": "Supptic" }, "geometry": { "type": "Point", "coordinates": [ 11.4996201, 3.8513001 ] } },
{ "type": "Feature", "properties": { "categorie": "shop_mall", "name": "Bâtiment" }, "geometry": { "type": "Point", "coordinates": [ 11.4976009, 3.8530676 ] } },
{ "type": "Feature", "properties": { "categorie": "marketplace", "name": "Marché Obili" }, "geometry": { "type": "Point", "coordinates": [ 11.4933714, 3.8501504 ] } },
{ "type": "Feature", "properties": { "categorie": "school", "name": "Ecole Francophone Entré CNPS Messassi" }, "geometry": { "type": "Point", "coordinates": [ 11.5243621, 3.9444964 ] } },
{ "type": "Feature", "properties": { "categorie": "hospital", "name": "" }, "geometry": { "type": "Point", "coordinates": [ 11.5257199, 3.9141556 ] } },
{ "type": "Feature", "properties": { "categorie": "school", "name": "Ecole Privee Mvogo Et Mbida" }, "geometry": { "type": "Point", "coordinates": [ 11.5181521, 3.940913 ] } },
{ "type": "Feature", "properties": { "categorie": "university", "name": "Yaoundé 1" }, "geometry": { "type": "Point", "coordinates": [ 11.5012149, 3.8556367 ] } },
{ "type": "Feature", "properties": { "categorie": "shop_mall", "name": "Univers Market" }, "geometry": { "type": "Point", "coordinates": [ 11.5438812, 3.8704185 ] } },
{ "type": "Feature", "properties": { "categorie": "clinic", "name": "Centre de santé joie de vivre" }, "geometry": { "type": "Point", "coordinates": [ 11.5844563, 3.946767 ] } },
{ "type": "Feature", "properties": { "categorie": "school", "name": "MAARIF SCHOOL of CAMEROON" }, "geometry": { "type": "Point", "coordinates": [ 11.5097663, 3.8934237 ] } },
{ "type": "Feature", "properties": { "categorie": "clinic", "name": "Centre Médico-Chirurgical Queen Mary" }, "geometry": { "type": "Point", "coordinates": [ 11.4954751, 3.8409739 ] } },
{ "type": "Feature", "properties": { "categorie": "pharmacy", "name": "Pharmacie d'Ahala" }, "geometry": { "type": "Point", "coordinates": [ 11.4899437, 3.7946619 ] } },
{ "type": "Feature", "properties": { "categorie": "shop_supermarket", "name": "Mahima" }, "geometry": { "type": "Point", "coordinates": [ 11.5195926, 3.8658445 ] } },
{ "type": "Feature", "properties": { "categorie": "pharmacy", "name": "Pharmacie Botanik" }, "geometry": { "type": "Point", "coordinates": [ 11.5729856, 3.8611662 ] } },
{ "type": "Feature", "properties": { "categorie": "pharmacy", "name": "Pharmacie Nsam" }, "geometry": { "type": "Point", "coordinates": [ 11.5076691, 3.8251092 ] } },
{ "type": "Feature", "properties": { "categorie": "school", "name": "" }, "geometry": { "type": "Point", "coordinates": [ 11.4284731, 3.9122271 ] } },
{ "type": "Feature", "properties": { "categorie": "school", "name": "École Publique de Nkol-Kos" }, "geometry": { "type": "Point", "coordinates": [ 11.4067632, 3.9094116 ] } },
{ "type": "Feature", "properties": { "categorie": "pharmacy", "name": "Pharmacie les Pétales" }, "geometry": { "type": "Point", "coordinates": [ 11.5156414, 3.8692647 ] } },
{ "type": "Feature", "properties": { "categorie": "pharmacy", "name": "Pharmacie de Sion" }, "geometry": { "type": "Point", "coordinates": [ 11.5173643, 3.8652662 ] } },
{ "type": "Feature", "properties": { "categorie": "shop_mall", "name": "Espace Commercial du Mfoundi" }, "geometry": { "type": "Point", "coordinates": [ 11.5171539, 3.8653026 ] } },
{ "type": "Feature", "properties": { "categorie": "marketplace", "name": "Marche Ongola" }, "geometry": { "type": "Point", "coordinates": [ 11.518063, 3.8681654 ] } },
{ "type": "Feature", "properties": { "categorie": "school", "name": "Collège jesus marie" }, "geometry": { "type": "Point", "coordinates": [ 11.478466, 3.8152472 ] } },
{ "type": "Feature", "properties": { "categorie": "bus_station", "name": "Carrefour Simbock" }, "geometry": { "type": "Point", "coordinates": [ 11.4721708, 3.8216789 ] } },
{ "type": "Feature", "properties": { "categorie": "clinic", "name": "Serenity Medical Center" }, "geometry": { "type": "Point", "coordinates": [ 11.4891829, 3.82311 ] } },
{ "type": "Feature", "properties": { "categorie": "pharmacy", "name": "Pharmacie des Sept Collines" }, "geometry": { "type": "Point", "coordinates": [ 11.4960491, 3.8671308 ] } },
{ "type": "Feature", "properties": { "categorie": "school", "name": "Centre Éducatif Bilingue le Cenacle" }, "geometry": { "type": "Point", "coordinates": [ 11.4697307, 3.7859013 ] } },
{ "type": "Feature", "properties": { "categorie": "school", "name": "Faithful Infant school" }, "geometry": { "type": "Point", "coordinates": [ 11.5573892, 3.8411755 ] } },
{ "type": "Feature", "properties": { "categorie": "hospital", "name": "" }, "geometry": { "type": "Point", "coordinates": [ 11.5626728, 3.873726 ] } },
{ "type": "Feature", "properties": { "categorie": "school", "name": "Groupe Scolaire Bilingue La Farandole" }, "geometry": { "type": "Point", "coordinates": [ 11.5519048, 3.8201197 ] } },
{ "type": "Feature", "properties": { "categorie": "school", "name": "Sidifel" }, "geometry": { "type": "Point", "coordinates": [ 11.5694772, 3.8643021 ] } },
{ "type": "Feature", "properties": { "categorie": "school", "name": "École Maternelle et Primaire Noula" }, "geometry": { "type": "Point", "coordinates": [ 11.549592, 3.8275068 ] } },
{ "type": "Feature", "properties": { "categorie": "school", "name": "Lycee de Ngoa-Ekele" }, "geometry": { "type": "Point", "coordinates": [ 11.5061925, 3.8586829 ] } },
{ "type": "Feature", "properties": { "categorie": "school", "name": "Saint-Albert" }, "geometry": { "type": "Point", "coordinates": [ 11.5302345, 3.811642 ] } },
{ "type": "Feature", "properties": { "categorie": "school", "name": "Le Bon Berger" }, "geometry": { "type": "Point", "coordinates": [ 11.5367416, 3.8264149 ] } },
{ "type": "Feature", "properties": { "categorie": "school", "name": "Écoles Maternelles 1 et 2" }, "geometry": { "type": "Point", "coordinates": [ 11.5327826, 3.8423664 ] } },
{ "type": "Feature", "properties": { "categorie": "clinic", "name": "st john healthy centre" }, "geometry": { "type": "Point", "coordinates": [ 11.5480723, 3.9752247 ] } },
{ "type": "Feature", "properties": { "categorie": "clinic", "name": "centre médical sainte héléne" }, "geometry": { "type": "Point", "coordinates": [ 11.5438944, 3.9678687 ] } },
{ "type": "Feature", "properties": { "categorie": "clinic", "name": "centre de santé miséricorde divine" }, "geometry": { "type": "Point", "coordinates": [ 11.5430106, 3.9630133 ] } },
{ "type": "Feature", "properties": { "categorie": "clinic", "name": "centre de santé el shama d'akak" }, "geometry": { "type": "Point", "coordinates": [ 11.5559744, 3.9878268 ] } },
{ "type": "Feature", "properties": { "categorie": "clinic", "name": "centre de santé sylvain" }, "geometry": { "type": "Point", "coordinates": [ 11.5058444, 3.9740946 ] } },
{ "type": "Feature", "properties": { "categorie": "clinic", "name": "centre de santé la grace" }, "geometry": { "type": "Point", "coordinates": [ 11.5510175, 3.9752851 ] } },
{ "type": "Feature", "properties": { "categorie": "clinic", "name": "centre de santé ubuntu" }, "geometry": { "type": "Point", "coordinates": [ 11.541628, 3.9866917 ] } },
{ "type": "Feature", "properties": { "categorie": "clinic", "name": "centre de santé la foi" }, "geometry": { "type": "Point", "coordinates": [ 11.5186385, 3.974272 ] } },
{ "type": "Feature", "properties": { "categorie": "clinic", "name": "centre de santé la référence" }, "geometry": { "type": "Point", "coordinates": [ 11.5259583, 3.9861703 ] } },
{ "type": "Feature", "properties": { "categorie": "clinic", "name": "centre de soin betta health" }, "geometry": { "type": "Point", "coordinates": [ 11.5422208, 3.9656355 ] } },
{ "type": "Feature", "properties": { "categorie": "clinic", "name": "cente de santé mére et enfants" }, "geometry": { "type": "Point", "coordinates": [ 11.5381758, 3.9762806 ] } },
{ "type": "Feature", "properties": { "categorie": "clinic", "name": "centre de santé et vie" }, "geometry": { "type": "Point", "coordinates": [ 11.5434527, 3.975075 ] } },
{ "type": "Feature", "properties": { "categorie": "clinic", "name": "centre de santé la gréce divine" }, "geometry": { "type": "Point", "coordinates": [ 11.5547819, 3.9854342 ] } },
{ "type": "Feature", "properties": { "categorie": "clinic", "name": "clinique saint françois" }, "geometry": { "type": "Point", "coordinates": [ 11.5422074, 3.9752267 ] } },
{ "type": "Feature", "properties": { "categorie": "clinic", "name": "centre de santé saint jean" }, "geometry": { "type": "Point", "coordinates": [ 11.5468791, 3.986383 ] } },
{ "type": "Feature", "properties": { "categorie": "clinic", "name": "centre de santé saint joseph d'akak" }, "geometry": { "type": "Point", "coordinates": [ 11.5617626, 3.9889531 ] } },
{ "type": "Feature", "properties": { "categorie": "clinic", "name": "centre de santé dynamique verte" }, "geometry": { "type": "Point", "coordinates": [ 11.5196164, 3.9732791 ] } },
{ "type": "Feature", "properties": { "categorie": "pharmacy", "name": "Pharmacie de Nkozoa" }, "geometry": { "type": "Point", "coordinates": [ 11.5407427, 3.9653961 ] } },
{ "type": "Feature", "properties": { "categorie": "clinic", "name": "centre de santé gabriel" }, "geometry": { "type": "Point", "coordinates": [ 11.5498387, 3.9795642 ] } },
{ "type": "Feature", "properties": { "categorie": "clinic", "name": "centre de santé polyvalent" }, "geometry": { "type": "Point", "coordinates": [ 11.582985, 3.9477938 ] } },
{ "type": "Feature", "properties": { "categorie": "clinic", "name": "clinique catholique sainte marie de soa" }, "geometry": { "type": "Point", "coordinates": [ 11.5940448, 3.9768869 ] } },
{ "type": "Feature", "properties": { "categorie": "clinic", "name": "centre de santé christophe" }, "geometry": { "type": "Point", "coordinates": [ 11.592527, 3.9806234 ] } },
{ "type": "Feature", "properties": { "categorie": "clinic", "name": "zos clinic" }, "geometry": { "type": "Point", "coordinates": [ 11.5926086, 3.9815518 ] } },
{ "type": "Feature", "properties": { "categorie": "clinic", "name": "cabinet vétérinaire univet sarl" }, "geometry": { "type": "Point", "coordinates": [ 11.5817302, 3.9376693 ] } },
{ "type": "Feature", "properties": { "categorie": "clinic", "name": "centre médical saint robert" }, "geometry": { "type": "Point", "coordinates": [ 11.5788889, 3.9426643 ] } },
{ "type": "Feature", "properties": { "categorie": "clinic", "name": "centre de santé le rocher" }, "geometry": { "type": "Point", "coordinates": [ 11.5949062, 3.9815363 ] } },
{ "type": "Feature", "properties": { "categorie": "clinic", "name": "ministère de la santé publique" }, "geometry": { "type": "Point", "coordinates": [ 11.5926934, 3.973946 ] } },
{ "type": "Feature", "properties": { "categorie": "clinic", "name": "centre de santé" }, "geometry": { "type": "Point", "coordinates": [ 11.5875061, 3.9857255 ] } },
{ "type": "Feature", "properties": { "categorie": "clinic", "name": "centre médical care first" }, "geometry": { "type": "Point", "coordinates": [ 11.5809004, 3.9403941 ] } },
{ "type": "Feature", "properties": { "categorie": "clinic", "name": "centre de santé" }, "geometry": { "type": "Point", "coordinates": [ 11.5896258, 3.956333 ] } },
{ "type": "Feature", "properties": { "categorie": "clinic", "name": "cabinet de suivi médical imee bernadette" }, "geometry": { "type": "Point", "coordinates": [ 11.5946068, 3.9705095 ] } },
{ "type": "Feature", "properties": { "categorie": "clinic", "name": "centre médical de la camnafaw de soa" }, "geometry": { "type": "Point", "coordinates": [ 11.5919964, 3.9733991 ] } },
{ "type": "Feature", "properties": { "categorie": "clinic", "name": "centre de santé" }, "geometry": { "type": "Point", "coordinates": [ 11.5781136, 3.9578667 ] } },
{ "type": "Feature", "properties": { "categorie": "clinic", "name": "centre de santé joie de vivre" }, "geometry": { "type": "Point", "coordinates": [ 11.5845939, 3.9471723 ] } },
{ "type": "Feature", "properties": { "categorie": "pharmacy", "name": "" }, "geometry": { "type": "Point", "coordinates": [ 11.5937195, 3.9672653 ] } },
{ "type": "Feature", "properties": { "categorie": "clinic", "name": "centre de santé fortune divine" }, "geometry": { "type": "Point", "coordinates": [ 11.5802413, 3.9321665 ] } },
{ "type": "Feature", "properties": { "categorie": "clinic", "name": "centre de santé michelle gracia" }, "geometry": { "type": "Point", "coordinates": [ 11.5939763, 3.9672051 ] } },
{ "type": "Feature", "properties": { "categorie": "hospital", "name": "hopital des soeurs" }, "geometry": { "type": "Point", "coordinates": [ 11.5942071, 3.9766405 ] } },
{ "type": "Feature", "properties": { "categorie": "clinic", "name": "centre de santé les bénédictins de st jacques" }, "geometry": { "type": "Point", "coordinates": [ 11.5826167, 3.9535177 ] } },
{ "type": "Feature", "properties": { "categorie": "clinic", "name": "clinique la santé les 3 phoenix" }, "geometry": { "type": "Point", "coordinates": [ 11.5831285, 3.9445977 ] } },
{ "type": "Feature", "properties": { "categorie": "hospital", "name": "hopital de discrit de soa" }, "geometry": { "type": "Point", "coordinates": [ 11.5924499, 3.9739335 ] } },
{ "type": "Feature", "properties": { "categorie": "pharmacy", "name": "pharmacie jireh" }, "geometry": { "type": "Point", "coordinates": [ 11.5933834, 3.9673911 ] } },
{ "type": "Feature", "properties": { "categorie": "clinic", "name": "clinique la fortune divine" }, "geometry": { "type": "Point", "coordinates": [ 11.5802144, 3.9425349 ] } },
{ "type": "Feature", "properties": { "categorie": "clinic", "name": "centre de santé" }, "geometry": { "type": "Point", "coordinates": [ 11.5951859, 3.9814133 ] } },
{ "type": "Feature", "properties": { "categorie": "clinic", "name": "centre de santé" }, "geometry": { "type": "Point", "coordinates": [ 11.5843128, 3.9598353 ] } },
{ "type": "Feature", "properties": { "categorie": "hospital", "name": "hopital de district de soa" }, "geometry": { "type": "Point", "coordinates": [ 11.5934298, 3.9840693 ] } },
{ "type": "Feature", "properties": { "categorie": "clinic", "name": "sos santé" }, "geometry": { "type": "Point", "coordinates": [ 11.576582, 3.9460891 ] } },
{ "type": "Feature", "properties": { "categorie": "clinic", "name": "clinique zos" }, "geometry": { "type": "Point", "coordinates": [ 11.5928599, 3.9817819 ] } },
{ "type": "Feature", "properties": { "categorie": "clinic", "name": "centre de santé intégré el rapha" }, "geometry": { "type": "Point", "coordinates": [ 11.5934445, 3.9697634 ] } },
{ "type": "Feature", "properties": { "categorie": "clinic", "name": "centre de santé les experts de soa +" }, "geometry": { "type": "Point", "coordinates": [ 11.592051, 3.9774294 ] } },
{ "type": "Feature", "properties": { "categorie": "clinic", "name": "centre de santé le cénacle" }, "geometry": { "type": "Point", "coordinates": [ 11.5836984, 3.9536859 ] } },
{ "type": "Feature", "properties": { "categorie": "school", "name": "" }, "geometry": { "type": "Point", "coordinates": [ 11.5045725, 3.8599594 ] } },
{ "type": "Feature", "properties": { "categorie": "school", "name": "Foyer Social" }, "geometry": { "type": "Point", "coordinates": [ 11.4963322, 3.8493758 ] } },
{ "type": "Feature", "properties": { "categorie": "clinic", "name": "cabinet de soins la trinité" }, "geometry": { "type": "Point", "coordinates": [ 11.577282, 3.8831836 ] } },
{ "type": "Feature", "properties": { "categorie": "clinic", "name": "fondation médicale saint clair" }, "geometry": { "type": "Point", "coordinates": [ 11.5895673, 3.880332 ] } },
{ "type": "Feature", "properties": { "categorie": "clinic", "name": "laboratoire d'analyse médicale" }, "geometry": { "type": "Point", "coordinates": [ 11.5734205, 3.8973429 ] } },
{ "type": "Feature", "properties": { "categorie": "clinic", "name": "centre médical la gréce divine" }, "geometry": { "type": "Point", "coordinates": [ 11.586711, 3.8769117 ] } },
{ "type": "Feature", "properties": { "categorie": "clinic", "name": "centre de santé sainte nathanaelle" }, "geometry": { "type": "Point", "coordinates": [ 11.5982293, 3.9038698 ] } },
{ "type": "Feature", "properties": { "categorie": "clinic", "name": "centre de santé les merveilles de fovu" }, "geometry": { "type": "Point", "coordinates": [ 11.5981351, 3.8802207 ] } },
{ "type": "Feature", "properties": { "categorie": "clinic", "name": "centre de santé intégré d'abom" }, "geometry": { "type": "Point", "coordinates": [ 11.5759646, 3.8871757 ] } },
{ "type": "Feature", "properties": { "categorie": "clinic", "name": "cabinet médical le samaritain" }, "geometry": { "type": "Point", "coordinates": [ 11.5973254, 3.9059091 ] } },
{ "type": "Feature", "properties": { "categorie": "clinic", "name": "centre de sante" }, "geometry": { "type": "Point", "coordinates": [ 11.5867561, 3.8756574 ] } },
{ "type": "Feature", "properties": { "categorie": "clinic", "name": "centre de santé la gréce" }, "geometry": { "type": "Point", "coordinates": [ 11.5765484, 3.8676162 ] } },
{ "type": "Feature", "properties": { "categorie": "clinic", "name": "centre de santé les merveilles de dieu" }, "geometry": { "type": "Point", "coordinates": [ 11.5904171, 3.8860504 ] } },
{ "type": "Feature", "properties": { "categorie": "clinic", "name": "cabinet de soins sainte rita" }, "geometry": { "type": "Point", "coordinates": [ 11.5873889, 3.875916 ] } },
{ "type": "Feature", "properties": { "categorie": "clinic", "name": "centre de santé du bien étre" }, "geometry": { "type": "Point", "coordinates": [ 11.5972405, 3.8771364 ] } },
{ "type": "Feature", "properties": { "categorie": "clinic", "name": "centre de santé" }, "geometry": { "type": "Point", "coordinates": [ 11.5757962, 3.8953345 ] } },
{ "type": "Feature", "properties": { "categorie": "clinic", "name": "cabinet de soins saint josué" }, "geometry": { "type": "Point", "coordinates": [ 11.5861897, 3.8731521 ] } },
{ "type": "Feature", "properties": { "categorie": "clinic", "name": "Centre de Santé Saint-Gédéon" }, "geometry": { "type": "Point", "coordinates": [ 11.5721392, 3.8775979 ] } },
{ "type": "Feature", "properties": { "categorie": "clinic", "name": "" }, "geometry": { "type": "Point", "coordinates": [ 11.5979608, 3.8794645 ] } },
{ "type": "Feature", "properties": { "categorie": "shop_supermarket", "name": "Carrefour Market" }, "geometry": { "type": "Point", "coordinates": [ 11.5408361, 3.8343417 ] } },
{ "type": "Feature", "properties": { "categorie": "school", "name": "Collège Marie bernard" }, "geometry": { "type": "Point", "coordinates": [ 11.5983007, 3.8798693 ] } },
{ "type": "Feature", "properties": { "categorie": "school", "name": "Groupe scolaire saint Clement" }, "geometry": { "type": "Point", "coordinates": [ 11.5759313, 3.8873137 ] } },
{ "type": "Feature", "properties": { "categorie": "school", "name": "Groupe Scolaire Bilingue la Performance" }, "geometry": { "type": "Point", "coordinates": [ 11.5969468, 3.9042638 ] } },
{ "type": "Feature", "properties": { "categorie": "school", "name": "Elisabeth holistic bilingual school complex" }, "geometry": { "type": "Point", "coordinates": [ 11.5862806, 3.8816448 ] } },
{ "type": "Feature", "properties": { "categorie": "school", "name": "Complexe scolaire privé saint Exupéry" }, "geometry": { "type": "Point", "coordinates": [ 11.5754743, 3.8774581 ] } },
{ "type": "Feature", "properties": { "categorie": "school", "name": "Groupe scolaire bilingue Schekina" }, "geometry": { "type": "Point", "coordinates": [ 11.5964739, 3.9031393 ] } },
{ "type": "Feature", "properties": { "categorie": "school", "name": "GBS LES MArtinaux" }, "geometry": { "type": "Point", "coordinates": [ 11.5991429, 3.9001054 ] } },
{ "type": "Feature", "properties": { "categorie": "school", "name": "Windmill bilingual school" }, "geometry": { "type": "Point", "coordinates": [ 11.5821569, 3.8726914 ] } },
{ "type": "Feature", "properties": { "categorie": "school", "name": "Ecole primaire et maternelle bilingue centre Albert Einstein" }, "geometry": { "type": "Point", "coordinates": [ 11.5858953, 3.8893984 ] } },
{ "type": "Feature", "properties": { "categorie": "school", "name": "Gate of heaven" }, "geometry": { "type": "Point", "coordinates": [ 11.5957166, 3.8966936 ] } },
{ "type": "Feature", "properties": { "categorie": "school", "name": "Groupe scolaire bilingue tne New convenant prestige" }, "geometry": { "type": "Point", "coordinates": [ 11.5841724, 3.8885737 ] } },
{ "type": "Feature", "properties": { "categorie": "school", "name": "Collège Marcus Garvey" }, "geometry": { "type": "Point", "coordinates": [ 11.5992316, 3.8947552 ] } },
{ "type": "Feature", "properties": { "categorie": "school", "name": "Groupe scolaire bilingue AM" }, "geometry": { "type": "Point", "coordinates": [ 11.5938652, 3.8776738 ] } },
{ "type": "Feature", "properties": { "categorie": "school", "name": "Le grand private bilingual school" }, "geometry": { "type": "Point", "coordinates": [ 11.5879848, 3.8748067 ] } },
{ "type": "Feature", "properties": { "categorie": "school", "name": "Groupe scolaire privé bilingue laic Irène patrini renato" }, "geometry": { "type": "Point", "coordinates": [ 11.5895686, 3.8883579 ] } },
{ "type": "Feature", "properties": { "categorie": "school", "name": "GBS BLUE BELLS" }, "geometry": { "type": "Point", "coordinates": [ 11.5997739, 3.9066711 ] } },
{ "type": "Feature", "properties": { "categorie": "school", "name": "College bilingue" }, "geometry": { "type": "Point", "coordinates": [ 11.5752445, 3.8958978 ] } },
{ "type": "Feature", "properties": { "categorie": "school", "name": "GBS NOTRE DAME DE LA CHARITé" }, "geometry": { "type": "Point", "coordinates": [ 11.5763585, 3.8726961 ] } },
{ "type": "Feature", "properties": { "categorie": "school", "name": "ECOLE PUBLIQUE DE NGONA" }, "geometry": { "type": "Point", "coordinates": [ 11.5939279, 3.8844285 ] } },
{ "type": "Feature", "properties": { "categorie": "school", "name": "Ecole publique d'abom ba'aba" }, "geometry": { "type": "Point", "coordinates": [ 11.5743695, 3.8895256 ] } },
{ "type": "Feature", "properties": { "categorie": "school", "name": "Institut de formation professionnelle group EMAK FISH" }, "geometry": { "type": "Point", "coordinates": [ 11.5913613, 3.8827582 ] } },
{ "type": "Feature", "properties": { "categorie": "school", "name": "Complexe scolaire bilingue le cénacle 2" }, "geometry": { "type": "Point", "coordinates": [ 11.5742343, 3.8776425 ] } },
{ "type": "Feature", "properties": { "categorie": "school", "name": "RUTH ET ERNESTA HUMANITY RUTHERNE" }, "geometry": { "type": "Point", "coordinates": [ 11.5870443, 3.8757243 ] } },
{ "type": "Feature", "properties": { "categorie": "school", "name": "Centre de formation professionnelle Marie brigitte" }, "geometry": { "type": "Point", "coordinates": [ 11.5897442, 3.8895218 ] } },
{ "type": "Feature", "properties": { "categorie": "school", "name": "Collège bilingue GADEEN" }, "geometry": { "type": "Point", "coordinates": [ 11.5999175, 3.8886537 ] } },
{ "type": "Feature", "properties": { "categorie": "school", "name": "Groupe scolaire maternelle et primaire la prospérité" }, "geometry": { "type": "Point", "coordinates": [ 11.5865025, 3.8922708 ] } },
{ "type": "Feature", "properties": { "categorie": "school", "name": "Ecole Saint Jean Baptiste" }, "geometry": { "type": "Point", "coordinates": [ 11.599967, 3.8941568 ] } },
{ "type": "Feature", "properties": { "categorie": "school", "name": "Groupe scolaire bilingue academia" }, "geometry": { "type": "Point", "coordinates": [ 11.5796501, 3.8901676 ] } },
{ "type": "Feature", "properties": { "categorie": "school", "name": "Golden leaders" }, "geometry": { "type": "Point", "coordinates": [ 11.5819317, 3.8831334 ] } },
{ "type": "Feature", "properties": { "categorie": "school", "name": "Gis Yaoundé" }, "geometry": { "type": "Point", "coordinates": [ 11.5786717, 3.9404883 ] } },
{ "type": "Feature", "properties": { "categorie": "school", "name": "Institut Supérieur des Technologies Agro Pastorales Appliquées" }, "geometry": { "type": "Point", "coordinates": [ 11.5889493, 3.9456616 ] } },
{ "type": "Feature", "properties": { "categorie": "school", "name": "Groupe scolaire bilingue jean xxiii" }, "geometry": { "type": "Point", "coordinates": [ 11.5850942, 3.9411705 ] } },
{ "type": "Feature", "properties": { "categorie": "school", "name": "CSB Royal Knowledge" }, "geometry": { "type": "Point", "coordinates": [ 11.574868, 3.9448163 ] } },
{ "type": "Feature", "properties": { "categorie": "school", "name": "Gsb elite de soa" }, "geometry": { "type": "Point", "coordinates": [ 11.5928086, 3.9844643 ] } },
{ "type": "Feature", "properties": { "categorie": "school", "name": "Triumph international bilingual nursery and primary school soa" }, "geometry": { "type": "Point", "coordinates": [ 11.5938329, 3.9775455 ] } },
{ "type": "Feature", "properties": { "categorie": "school", "name": "Azimut" }, "geometry": { "type": "Point", "coordinates": [ 11.5815119, 3.9344568 ] } },
{ "type": "Feature", "properties": { "categorie": "school", "name": "Groupe de formation Technopole" }, "geometry": { "type": "Point", "coordinates": [ 11.5946487, 3.9764617 ] } },
{ "type": "Feature", "properties": { "categorie": "school", "name": "FRANKY ACADEMIC COMPLEX annexe SOA" }, "geometry": { "type": "Point", "coordinates": [ 11.5827153, 3.9381233 ] } },
{ "type": "Feature", "properties": { "categorie": "school", "name": "CFP -CEDEC" }, "geometry": { "type": "Point", "coordinates": [ 11.5917395, 3.977419 ] } },
{ "type": "Feature", "properties": { "categorie": "school", "name": "New Century Institute learning" }, "geometry": { "type": "Point", "coordinates": [ 11.5841135, 3.9343491 ] } },
{ "type": "Feature", "properties": { "categorie": "school", "name": "Benchmark Bilingual nursery primary school sol" }, "geometry": { "type": "Point", "coordinates": [ 11.5917093, 3.9787906 ] } },
{ "type": "Feature", "properties": { "categorie": "school", "name": "Les champions international bilingual school" }, "geometry": { "type": "Point", "coordinates": [ 11.5965946, 3.9384268 ] } },
{ "type": "Feature", "properties": { "categorie": "school", "name": "Triumph international bilingual nursery and primary SCHOOL soa" }, "geometry": { "type": "Point", "coordinates": [ 11.5935246, 3.9779484 ] } },
{ "type": "Feature", "properties": { "categorie": "school", "name": "Complexe scolaire bilingue les Kamites" }, "geometry": { "type": "Point", "coordinates": [ 11.5770079, 3.9463025 ] } },
{ "type": "Feature", "properties": { "categorie": "school", "name": "Groupe scolaire le bon berger" }, "geometry": { "type": "Point", "coordinates": [ 11.5902786, 3.981477 ] } },
{ "type": "Feature", "properties": { "categorie": "school", "name": "Ecole maternelle publique de SOA 1" }, "geometry": { "type": "Point", "coordinates": [ 11.5913491, 3.9725694 ] } },
{ "type": "Feature", "properties": { "categorie": "school", "name": "GSB VALTEG" }, "geometry": { "type": "Point", "coordinates": [ 11.595033, 3.9508077 ] } },
{ "type": "Feature", "properties": { "categorie": "school", "name": "Groupe scolaire Bilingue HEDA" }, "geometry": { "type": "Point", "coordinates": [ 11.5885436, 3.9423941 ] } },
{ "type": "Feature", "properties": { "categorie": "school", "name": "Ecole bilingue Ange et Léonce" }, "geometry": { "type": "Point", "coordinates": [ 11.5793499, 3.9457753 ] } },
{ "type": "Feature", "properties": { "categorie": "school", "name": "Groupe scolaire bilingue saintes marie et Juliana" }, "geometry": { "type": "Point", "coordinates": [ 11.5883869, 3.9593114 ] } },
{ "type": "Feature", "properties": { "categorie": "school", "name": "Royal knowledge" }, "geometry": { "type": "Point", "coordinates": [ 11.5750272, 3.9443726 ] } },
{ "type": "Feature", "properties": { "categorie": "school", "name": "GSB les petits Samuel" }, "geometry": { "type": "Point", "coordinates": [ 11.5940564, 3.9840414 ] } },
{ "type": "Feature", "properties": { "categorie": "school", "name": "Groupe scolaire bilingue les amis d'anges de soa" }, "geometry": { "type": "Point", "coordinates": [ 11.5937643, 3.9783283 ] } },
{ "type": "Feature", "properties": { "categorie": "school", "name": "Lycée d'ATOUKU" }, "geometry": { "type": "Point", "coordinates": [ 11.5959195, 3.977209 ] } },
{ "type": "Feature", "properties": { "categorie": "school", "name": "INSTITUTE MERS" }, "geometry": { "type": "Point", "coordinates": [ 11.5867885, 3.9431961 ] } },
{ "type": "Feature", "properties": { "categorie": "school", "name": "Groupe scolaire bilingue la pépinière de soa" }, "geometry": { "type": "Point", "coordinates": [ 11.5891953, 3.9815269 ] } },
{ "type": "Feature", "properties": { "categorie": "school", "name": "KM BUSINESS SCHOOL" }, "geometry": { "type": "Point", "coordinates": [ 11.5877825, 3.9475287 ] } },
{ "type": "Feature", "properties": { "categorie": "school", "name": "SINEVIS" }, "geometry": { "type": "Point", "coordinates": [ 11.5956638, 3.9862317 ] } },
{ "type": "Feature", "properties": { "categorie": "school", "name": "Ecole catholique bilingue saint marc" }, "geometry": { "type": "Point", "coordinates": [ 11.5948835, 3.9687687 ] } },
{ "type": "Feature", "properties": { "categorie": "school", "name": "Ecole publique SOA ville" }, "geometry": { "type": "Point", "coordinates": [ 11.5916204, 3.9727903 ] } },
{ "type": "Feature", "properties": { "categorie": "school", "name": "Institut privée d'élite de SOA" }, "geometry": { "type": "Point", "coordinates": [ 11.5932117, 3.9842743 ] } },
{ "type": "Feature", "properties": { "categorie": "school", "name": "Ecole primaire publique de SOA 1" }, "geometry": { "type": "Point", "coordinates": [ 11.5914961, 3.9721445 ] } },
{ "type": "Feature", "properties": { "categorie": "school", "name": "Groupe scolaire bilingue les petits samuel" }, "geometry": { "type": "Point", "coordinates": [ 11.5937643, 3.9843478 ] } },
{ "type": "Feature", "properties": { "categorie": "school", "name": "Institut bilingue les myriades plus" }, "geometry": { "type": "Point", "coordinates": [ 11.590208, 3.9450094 ] } },
{ "type": "Feature", "properties": { "categorie": "school", "name": "Les mirades" }, "geometry": { "type": "Point", "coordinates": [ 11.5861226, 3.9472645 ] } },
{ "type": "Feature", "properties": { "categorie": "school", "name": "Groupe scolaire privé bilingue les nounous" }, "geometry": { "type": "Point", "coordinates": [ 11.5925042, 3.973376 ] } },
{ "type": "Feature", "properties": { "categorie": "school", "name": "Collège Catholique Bilingue Saint Marc" }, "geometry": { "type": "Point", "coordinates": [ 11.5958499, 3.9691363 ] } },
{ "type": "Feature", "properties": { "categorie": "school", "name": "CADEFF- FORMATION" }, "geometry": { "type": "Point", "coordinates": [ 11.5943686, 3.9653906 ] } },
{ "type": "Feature", "properties": { "categorie": "school", "name": "Les archanges" }, "geometry": { "type": "Point", "coordinates": [ 11.5844672, 3.9367046 ] } },
{ "type": "Feature", "properties": { "categorie": "school", "name": "Ecole maternelle et primaire bilingue La Vigne" }, "geometry": { "type": "Point", "coordinates": [ 11.5988164, 3.9600826 ] } },
{ "type": "Feature", "properties": { "categorie": "school", "name": "Gsb nounou" }, "geometry": { "type": "Point", "coordinates": [ 11.5895215, 3.9726762 ] } },
{ "type": "Feature", "properties": { "categorie": "school", "name": "Benchmark educational bilingual nursery" }, "geometry": { "type": "Point", "coordinates": [ 11.5918383, 3.9786925 ] } },
{ "type": "Feature", "properties": { "categorie": "school", "name": "Groupe scolaire bilingue privé les frères réunis" }, "geometry": { "type": "Point", "coordinates": [ 11.5797254, 3.9417895 ] } },
{ "type": "Feature", "properties": { "categorie": "school", "name": "Gsb les camerounais de demain" }, "geometry": { "type": "Point", "coordinates": [ 11.5932382, 3.9588333 ] } },
{ "type": "Feature", "properties": { "categorie": "school", "name": "Ecole publique" }, "geometry": { "type": "Point", "coordinates": [ 11.5918802, 3.9732248 ] } },
{ "type": "Feature", "properties": { "categorie": "school", "name": "Gsb les bénies de Dieu" }, "geometry": { "type": "Point", "coordinates": [ 11.5859126, 3.9597281 ] } },
{ "type": "Feature", "properties": { "categorie": "school", "name": "Crèche garderie sainte Marie" }, "geometry": { "type": "Point", "coordinates": [ 11.5942626, 3.9762214 ] } },
{ "type": "Feature", "properties": { "categorie": "school", "name": "Divine bilingual international complex school" }, "geometry": { "type": "Point", "coordinates": [ 11.578325, 3.9558767 ] } },
{ "type": "Feature", "properties": { "categorie": "school", "name": "Institut des sciences médicales" }, "geometry": { "type": "Point", "coordinates": [ 11.5743644, 3.9433793 ] } },
{ "type": "Feature", "properties": { "categorie": "school", "name": "Complexe scolaire bilingue pierre Julien" }, "geometry": { "type": "Point", "coordinates": [ 11.5810738, 3.9327132 ] } },
{ "type": "Feature", "properties": { "categorie": "school", "name": "Complexe scolaire bilingue Emmanuel" }, "geometry": { "type": "Point", "coordinates": [ 11.5858576, 3.9468489 ] } },
{ "type": "Feature", "properties": { "categorie": "school", "name": "Groupe scolaire bilingue le jardin d'eden" }, "geometry": { "type": "Point", "coordinates": [ 11.5849457, 3.9859648 ] } },
{ "type": "Feature", "properties": { "categorie": "school", "name": "Saints Mary and Juliana bilingual school" }, "geometry": { "type": "Point", "coordinates": [ 11.5888502, 3.9586401 ] } },
{ "type": "Feature", "properties": { "categorie": "school", "name": "Azimut" }, "geometry": { "type": "Point", "coordinates": [ 11.5818736, 3.9363275 ] } },
{ "type": "Feature", "properties": { "categorie": "school", "name": "ISMEF ISSMAA" }, "geometry": { "type": "Point", "coordinates": [ 11.5929683, 3.9769241 ] } },
{ "type": "Feature", "properties": { "categorie": "school", "name": "COMPLEXE SCOLAIRE BILINGUE INTERNATIONAL QUIN MADINA" }, "geometry": { "type": "Point", "coordinates": [ 11.587595, 3.9251617 ] } },
{ "type": "Feature", "properties": { "categorie": "school", "name": "Complexe scolaire Knowledge" }, "geometry": { "type": "Point", "coordinates": [ 11.5829346, 3.9074867 ] } },
{ "type": "Feature", "properties": { "categorie": "school", "name": "Groupe scolaire bilingue Frangis" }, "geometry": { "type": "Point", "coordinates": [ 11.5698081, 3.9236793 ] } },
{ "type": "Feature", "properties": { "categorie": "school", "name": "Ecole" }, "geometry": { "type": "Point", "coordinates": [ 11.5812812, 3.9218012 ] } },
{ "type": "Feature", "properties": { "categorie": "school", "name": "Crèche franjomerje calinou" }, "geometry": { "type": "Point", "coordinates": [ 11.5773409, 3.9163425 ] } },
{ "type": "Feature", "properties": { "categorie": "school", "name": "Polytechnique tchokos" }, "geometry": { "type": "Point", "coordinates": [ 11.5751794, 3.9216335 ] } },
{ "type": "Feature", "properties": { "categorie": "school", "name": "Groupe Scolaire Bilingue Persévérance des Anges" }, "geometry": { "type": "Point", "coordinates": [ 11.5956795, 3.930507 ] } },
{ "type": "Feature", "properties": { "categorie": "school", "name": "GROUPE SCOLAIRE BILINGUE LA VOIE DE LA SAGESSE" }, "geometry": { "type": "Point", "coordinates": [ 11.5793598, 3.926052 ] } },
{ "type": "Feature", "properties": { "categorie": "school", "name": "Le phoenix de soa" }, "geometry": { "type": "Point", "coordinates": [ 11.5811284, 3.9252372 ] } },
{ "type": "Feature", "properties": { "categorie": "school", "name": "Groupe scolaire international Ena" }, "geometry": { "type": "Point", "coordinates": [ 11.5889197, 3.8997402 ] } },
{ "type": "Feature", "properties": { "categorie": "school", "name": "Collège polyvalent saint Albert nkolfoulou" }, "geometry": { "type": "Point", "coordinates": [ 11.5781309, 3.9183265 ] } },
{ "type": "Feature", "properties": { "categorie": "school", "name": "GROUPE SCOLAIRE BILINGUE NUMERIQUE LA MODE" }, "geometry": { "type": "Point", "coordinates": [ 11.595844, 3.9142839 ] } },
{ "type": "Feature", "properties": { "categorie": "school", "name": "Leadership bilingual college" }, "geometry": { "type": "Point", "coordinates": [ 11.580215, 3.8972921 ] } },
{ "type": "Feature", "properties": { "categorie": "school", "name": "Disney school" }, "geometry": { "type": "Point", "coordinates": [ 11.5814064, 3.9227047 ] } },
{ "type": "Feature", "properties": { "categorie": "school", "name": "GROUPE SCOLAIRE BILINGUE LES PETITS WAGUéS" }, "geometry": { "type": "Point", "coordinates": [ 11.5762287, 3.9185628 ] } },
{ "type": "Feature", "properties": { "categorie": "school", "name": "Collège polyvalent bilingue sainte geace" }, "geometry": { "type": "Point", "coordinates": [ 11.5867502, 3.8968902 ] } },
{ "type": "Feature", "properties": { "categorie": "school", "name": "GROUPE EDUCATIF DU C.A.S.E" }, "geometry": { "type": "Point", "coordinates": [ 11.586011, 3.9249846 ] } },
{ "type": "Feature", "properties": { "categorie": "school", "name": "GROUPE SCOLAIRE BILINGUE NOBEL" }, "geometry": { "type": "Point", "coordinates": [ 11.5857077, 3.8943846 ] } },
{ "type": "Feature", "properties": { "categorie": "school", "name": "Complexe scolaire bilingue Sophia" }, "geometry": { "type": "Point", "coordinates": [ 11.5986266, 3.9250951 ] } },
{ "type": "Feature", "properties": { "categorie": "school", "name": "MAT-HELE'S BILINGUAL SCHOOL" }, "geometry": { "type": "Point", "coordinates": [ 11.5902511, 3.9065444 ] } },
{ "type": "Feature", "properties": { "categorie": "school", "name": "Bitame Lucia college" }, "geometry": { "type": "Point", "coordinates": [ 11.5948414, 3.9231515 ] } },
{ "type": "Feature", "properties": { "categorie": "school", "name": "Groupe Scolaire Bilingue Benita" }, "geometry": { "type": "Point", "coordinates": [ 11.5972416, 3.9322667 ] } },
{ "type": "Feature", "properties": { "categorie": "school", "name": "Meugang kids" }, "geometry": { "type": "Point", "coordinates": [ 11.5856697, 3.9271424 ] } },
{ "type": "Feature", "properties": { "categorie": "school", "name": "GBS ROUSELLE" }, "geometry": { "type": "Point", "coordinates": [ 11.5906974, 3.9037114 ] } },
{ "type": "Feature", "properties": { "categorie": "school", "name": "INSTITUT POLYVALENT BILINGUE WAGUé" }, "geometry": { "type": "Point", "coordinates": [ 11.5778829, 3.9171503 ] } },
{ "type": "Feature", "properties": { "categorie": "school", "name": "Complexe scolaire bilingue sainte grace" }, "geometry": { "type": "Point", "coordinates": [ 11.5879558, 3.8964871 ] } },
{ "type": "Feature", "properties": { "categorie": "school", "name": "SAR/SM D'application de Soa" }, "geometry": { "type": "Point", "coordinates": [ 11.5948433, 3.9221135 ] } },
{ "type": "Feature", "properties": { "categorie": "school", "name": "School complexe" }, "geometry": { "type": "Point", "coordinates": [ 11.572167, 3.9163485 ] } },
{ "type": "Feature", "properties": { "categorie": "school", "name": "Polytechnique tchokos" }, "geometry": { "type": "Point", "coordinates": [ 11.5751268, 3.9215843 ] } },
{ "type": "Feature", "properties": { "categorie": "school", "name": "Institut supérieur bilingue la performance" }, "geometry": { "type": "Point", "coordinates": [ 11.5859386, 3.8985887 ] } },
{ "type": "Feature", "properties": { "categorie": "school", "name": "Complexe scolaire bilingue La Sophia" }, "geometry": { "type": "Point", "coordinates": [ 11.5988956, 3.9255362 ] } },
{ "type": "Feature", "properties": { "categorie": "school", "name": "ECOLE NORMALE D'INSTITUTEURS DE L'ENSEIGNEMENT TECHNIQUE (ENIET)" }, "geometry": { "type": "Point", "coordinates": [ 11.5946317, 3.9216942 ] } },
{ "type": "Feature", "properties": { "categorie": "school", "name": "SANAAM BILINGUAL GREAT SCHOOL" }, "geometry": { "type": "Point", "coordinates": [ 11.5844637, 3.915982 ] } },
{ "type": "Feature", "properties": { "categorie": "school", "name": "Centre de formation professionnelle bilingue polyvalent soa" }, "geometry": { "type": "Point", "coordinates": [ 11.5913541, 3.9199897 ] } },
{ "type": "Feature", "properties": { "categorie": "school", "name": "Nkolfoulou maarif college" }, "geometry": { "type": "Point", "coordinates": [ 11.5789448, 3.9040741 ] } },
{ "type": "Feature", "properties": { "categorie": "school", "name": "Collège bilingue MÃ¼ller" }, "geometry": { "type": "Point", "coordinates": [ 11.5913889, 3.9245724 ] } },
{ "type": "Feature", "properties": { "categorie": "school", "name": "Complexe scolaire bilingue international Qu'on Madina" }, "geometry": { "type": "Point", "coordinates": [ 11.5877709, 3.9256575 ] } },
{ "type": "Feature", "properties": { "categorie": "school", "name": "Complexe scolaire Imhotep" }, "geometry": { "type": "Point", "coordinates": [ 11.5756604, 3.9195122 ] } },
{ "type": "Feature", "properties": { "categorie": "school", "name": "MARIE CURIE BILINGUAL SCHOOL (MACABIS)" }, "geometry": { "type": "Point", "coordinates": [ 11.5907247, 3.9205685 ] } },
{ "type": "Feature", "properties": { "categorie": "school", "name": "Collège bilingue d'enseignement technique industriel et commercial" }, "geometry": { "type": "Point", "coordinates": [ 11.5902246, 3.9005839 ] } },
{ "type": "Feature", "properties": { "categorie": "school", "name": "UBUNTU INSTITUTE" }, "geometry": { "type": "Point", "coordinates": [ 11.5595024, 3.987658 ] } },
{ "type": "Feature", "properties": { "categorie": "shop_supermarket", "name": "Spar" }, "geometry": { "type": "Point", "coordinates": [ 11.5134077, 3.8820689 ] } },
{ "type": "Feature", "properties": { "categorie": "pharmacy", "name": "Pharmacie Get Better" }, "geometry": { "type": "Point", "coordinates": [ 11.480823, 3.8524808 ] } },
{ "type": "Feature", "properties": { "categorie": "pharmacy", "name": "Priorité Santé" }, "geometry": { "type": "Point", "coordinates": [ 11.5568189, 3.8835471 ] } },
{ "type": "Feature", "properties": { "categorie": "university", "name": "Golden University Institute" }, "geometry": { "type": "Point", "coordinates": [ 11.5639358, 3.8837343 ] } },
{ "type": "Feature", "properties": { "categorie": "pharmacy", "name": "Pharmacie du 20 mai" }, "geometry": { "type": "Point", "coordinates": [ 11.5169918, 3.8649676 ] } },
{ "type": "Feature", "properties": { "categorie": "school", "name": "GSB Petou Zotebou" }, "geometry": { "type": "Point", "coordinates": [ 11.5412847, 3.824388 ] } },
{ "type": "Feature", "properties": { "categorie": "pharmacy", "name": "Parapharmacie PM Beauty Cmr" }, "geometry": { "type": "Point", "coordinates": [ 11.4867953, 3.8391301 ] } },
{ "type": "Feature", "properties": { "categorie": "university", "name": "Kelden University" }, "geometry": { "type": "Point", "coordinates": [ 11.4987239, 3.839159 ] } },
{ "type": "Feature", "properties": { "categorie": "shop_supermarket", "name": "La paroisse de la mode" }, "geometry": { "type": "Point", "coordinates": [ 11.5017188, 3.8735607 ] } },
{ "type": "Feature", "properties": { "categorie": "school", "name": "Complexe Scolaire Bilingue David Augustin" }, "geometry": { "type": "Point", "coordinates": [ 11.5012955, 3.7956596 ] } },
{ "type": "Feature", "properties": { "categorie": "clinic", "name": "Clinic Saint Luc" }, "geometry": { "type": "Point", "coordinates": [ 11.5096693, 3.8154776 ] } },
{ "type": "Feature", "properties": { "categorie": "pharmacy", "name": "" }, "geometry": { "type": "Point", "coordinates": [ 11.5048672, 3.854715 ] } },
{ "type": "Feature", "properties": { "categorie": "pharmacy", "name": "" }, "geometry": { "type": "Point", "coordinates": [ 11.5049621, 3.8542649 ] } },
{ "type": "Feature", "properties": { "categorie": "school", "name": "Groupe scolaire bilingue international nesto" }, "geometry": { "type": "Point", "coordinates": [ 11.5049833, 3.85406 ] } },
{ "type": "Feature", "properties": { "categorie": "pharmacy", "name": "" }, "geometry": { "type": "Point", "coordinates": [ 11.5050255, 3.8539642 ] } },
{ "type": "Feature", "properties": { "categorie": "pharmacy", "name": "" }, "geometry": { "type": "Point", "coordinates": [ 11.5018218, 3.8533315 ] } },
{ "type": "Feature", "properties": { "categorie": "clinic", "name": "Les Promoteurs De La Bonne Santé" }, "geometry": { "type": "Point", "coordinates": [ 11.5003124, 3.8506762 ] } },
{ "type": "Feature", "properties": { "categorie": "pharmacy", "name": "" }, "geometry": { "type": "Point", "coordinates": [ 11.5026572, 3.852837 ] } },
{ "type": "Feature", "properties": { "categorie": "university", "name": "Université Protestante D'Afrique Centrale (UPAC)" }, "geometry": { "type": "Point", "coordinates": [ 11.5225408, 3.8783174 ] } },
{ "type": "Feature", "properties": { "categorie": "clinic", "name": "Cabinet De Soins BUCCODENTAIRE" }, "geometry": { "type": "Point", "coordinates": [ 11.529584, 3.8089169 ] } },
{ "type": "Feature", "properties": { "categorie": "pharmacy", "name": "Pharmacie de la Valée" }, "geometry": { "type": "Point", "coordinates": [ 11.5226789, 3.8665688 ] } },
{ "type": "Feature", "properties": { "categorie": "marketplace", "name": "" }, "geometry": { "type": "Point", "coordinates": [ 11.50029, 3.8641725 ] } },
{ "type": "Feature", "properties": { "categorie": "marketplace", "name": "Marché De Melen" }, "geometry": { "type": "Point", "coordinates": [ 11.4963566, 3.8684693 ] } },
{ "type": "Feature", "properties": { "categorie": "shop_supermarket", "name": "Dovv Ékié" }, "geometry": { "type": "Point", "coordinates": [ 11.5397683, 3.8311116 ] } },
{ "type": "Feature", "properties": { "categorie": "shop_supermarket", "name": "" }, "geometry": { "type": "Point", "coordinates": [ 11.5397477, 3.8309841 ] } },
{ "type": "Feature", "properties": { "categorie": "shop_supermarket", "name": "Dovv Awae" }, "geometry": { "type": "Point", "coordinates": [ 11.5533367, 3.8291988 ] } },
{ "type": "Feature", "properties": { "categorie": "shop_supermarket", "name": "Mfoundi Mall" }, "geometry": { "type": "Point", "coordinates": [ 11.5233194, 3.8660182 ] } },
{ "type": "Feature", "properties": { "categorie": "shop_supermarket", "name": "Niki Central" }, "geometry": { "type": "Point", "coordinates": [ 11.5192511, 3.8650737 ] } },
{ "type": "Feature", "properties": { "categorie": "shop_supermarket", "name": "MAHIMA" }, "geometry": { "type": "Point", "coordinates": [ 11.519597, 3.8657825 ] } },
{ "type": "Feature", "properties": { "categorie": "shop_supermarket", "name": "Kumayas" }, "geometry": { "type": "Point", "coordinates": [ 11.516715, 3.8683795 ] } },
{ "type": "Feature", "properties": { "categorie": "shop_supermarket", "name": "Casino Poste" }, "geometry": { "type": "Point", "coordinates": [ 11.5202736, 3.8632968 ] } },
{ "type": "Feature", "properties": { "categorie": "marketplace", "name": "Central Market" }, "geometry": { "type": "Point", "coordinates": [ 11.5170169, 3.8667026 ] } },
{ "type": "Feature", "properties": { "categorie": "school", "name": "Groupe Scolaire Bilingue Privé Laïc Les Bâtisseurs" }, "geometry": { "type": "Point", "coordinates": [ 11.5685117, 3.897761 ] } },
{ "type": "Feature", "properties": { "categorie": "marketplace", "name": "Marché Acacia" }, "geometry": { "type": "Point", "coordinates": [ 11.4895355, 3.8420008 ] } },
{ "type": "Feature", "properties": { "categorie": "pharmacy", "name": "Pharmacie M&M" }, "geometry": { "type": "Point", "coordinates": [ 11.4939699, 3.8631059 ] } },
{ "type": "Feature", "properties": { "categorie": "school", "name": "Lycée Bilingue de Nkoleton" }, "geometry": { "type": "Point", "coordinates": [ 11.5190445, 3.8898427 ] } },
{ "type": "Feature", "properties": { "categorie": "marketplace", "name": "Marché Madagascar" }, "geometry": { "type": "Point", "coordinates": [ 11.492772988584147, 3.880387518065849 ] } },
{ "type": "Feature", "properties": { "categorie": "university", "name": "Université de Yaoundé I" }, "geometry": { "type": "Point", "coordinates": [ 11.499447095347886, 3.857133533042939 ] } },
{ "type": "Feature", "properties": { "categorie": "school", "name": "Lycée Bilingue d'Application" }, "geometry": { "type": "Point", "coordinates": [ 11.508485534062562, 3.859978424091559 ] } },
{ "type": "Feature", "properties": { "categorie": "school", "name": "Ecole maternelle et primaire Français Fustel de Coulanges" }, "geometry": { "type": "Point", "coordinates": [ 11.512624446741043, 3.849032221659519 ] } },
{ "type": "Feature", "properties": { "categorie": "university", "name": "Université Catholique d'Afrique centrale" }, "geometry": { "type": "Point", "coordinates": [ 11.521190555822381, 3.843884355304753 ] } },
{ "type": "Feature", "properties": { "categorie": "marketplace", "name": "" }, "geometry": { "type": "Point", "coordinates": [ 11.519032127042133, 3.850218888654174 ] } },
{ "type": "Feature", "properties": { "categorie": "school", "name": "Lycée Fustel de Coulanges" }, "geometry": { "type": "Point", "coordinates": [ 11.516296053996916, 3.876691554822558 ] } },
{ "type": "Feature", "properties": { "categorie": "marketplace", "name": "Marché Artisanal" }, "geometry": { "type": "Point", "coordinates": [ 11.518045996418927, 3.871224758013385 ] } },
{ "type": "Feature", "properties": { "categorie": "hospital", "name": "Hôpital Protestant de Djoungolo" }, "geometry": { "type": "Point", "coordinates": [ 11.521067026344285, 3.884008024683995 ] } },
{ "type": "Feature", "properties": { "categorie": "school", "name": "Lycée Général Leclerc" }, "geometry": { "type": "Point", "coordinates": [ 11.507163908015801, 3.856306128559308 ] } },
{ "type": "Feature", "properties": { "categorie": "school", "name": "Lycée d'Elig-Essono" }, "geometry": { "type": "Point", "coordinates": [ 11.522742261542843, 3.8725071663997 ] } },
{ "type": "Feature", "properties": { "categorie": "school", "name": "École Américaine de Yaoundé" }, "geometry": { "type": "Point", "coordinates": [ 11.504594529421192, 3.865025324851017 ] } },
{ "type": "Feature", "properties": { "categorie": "university", "name": "École Nationale Supérieure Polytechnique" }, "geometry": { "type": "Point", "coordinates": [ 11.500088463228691, 3.862435711140756 ] } },
{ "type": "Feature", "properties": { "categorie": "university", "name": "" }, "geometry": { "type": "Point", "coordinates": [ 11.496116945881045, 3.861455151271358 ] } },
{ "type": "Feature", "properties": { "categorie": "school", "name": "Collège Ebanda" }, "geometry": { "type": "Point", "coordinates": [ 11.487940315125051, 3.8464445598876 ] } },
{ "type": "Feature", "properties": { "categorie": "school", "name": "Collège Victor Hugo" }, "geometry": { "type": "Point", "coordinates": [ 11.495858447841103, 3.837508439883205 ] } },
{ "type": "Feature", "properties": { "categorie": "school", "name": "GBPS" }, "geometry": { "type": "Point", "coordinates": [ 11.484393537172121, 3.833881493777561 ] } },
{ "type": "Feature", "properties": { "categorie": "hospital", "name": "Hôpital de District de Biyem-Assi" }, "geometry": { "type": "Point", "coordinates": [ 11.48501502872513, 3.8340861650898 ] } },
{ "type": "Feature", "properties": { "categorie": "university", "name": "Université Yaoundé Sud Joseph Ndi Samba" }, "geometry": { "type": "Point", "coordinates": [ 11.522466673381453, 3.81204592318682 ] } },
{ "type": "Feature", "properties": { "categorie": "school", "name": "Institut de Formation et de Conservation du Patrimoine Audiovisuel" }, "geometry": { "type": "Point", "coordinates": [ 11.532619429714888, 3.84147071951542 ] } },
{ "type": "Feature", "properties": { "categorie": "school", "name": "Écoles Publiques de Nkondengui" }, "geometry": { "type": "Point", "coordinates": [ 11.543165590551295, 3.856355471482714 ] } },
{ "type": "Feature", "properties": { "categorie": "school", "name": "École Catholique Sainte Famille de Nkoa-Ayos" }, "geometry": { "type": "Point", "coordinates": [ 11.544977759815271, 3.844130782244566 ] } },
{ "type": "Feature", "properties": { "categorie": "school", "name": "Écoles Publiques de Nkolndongo" }, "geometry": { "type": "Point", "coordinates": [ 11.527728000570795, 3.855326259058065 ] } },
{ "type": "Feature", "properties": { "categorie": "school", "name": "Lycée d'Ekounou" }, "geometry": { "type": "Point", "coordinates": [ 11.540079809515078, 3.841164234284859 ] } },
{ "type": "Feature", "properties": { "categorie": "school", "name": "" }, "geometry": { "type": "Point", "coordinates": [ 11.520619152908926, 3.894047129264275 ] } },
{ "type": "Feature", "properties": { "categorie": "hospital", "name": "Hopital du Bien" }, "geometry": { "type": "Point", "coordinates": [ 11.500441318831436, 3.869426733253629 ] } },
{ "type": "Feature", "properties": { "categorie": "school", "name": "" }, "geometry": { "type": "Point", "coordinates": [ 11.507304391134923, 3.86894573919563 ] } },
{ "type": "Feature", "properties": { "categorie": "marketplace", "name": "marche national" }, "geometry": { "type": "Point", "coordinates": [ 11.501249532180809, 3.870458589601108 ] } },
{ "type": "Feature", "properties": { "categorie": "bus_station", "name": "Gare Routière de MIMBOMAN Terminus" }, "geometry": { "type": "Point", "coordinates": [ 11.550449954813939, 3.867443037996764 ] } },
{ "type": "Feature", "properties": { "categorie": "hospital", "name": "Centre Hospitalier Dominicain" }, "geometry": { "type": "Point", "coordinates": [ 11.476839812979712, 3.860338224009821 ] } },
{ "type": "Feature", "properties": { "categorie": "school", "name": "Annexe Facultés Lettres UY" }, "geometry": { "type": "Point", "coordinates": [ 11.503263831205395, 3.856118506529314 ] } },
{ "type": "Feature", "properties": { "categorie": "school", "name": "École Primaire catholique Notre-Dame" }, "geometry": { "type": "Point", "coordinates": [ 11.508367310974768, 3.842794073598098 ] } },
{ "type": "Feature", "properties": { "categorie": "school", "name": "Groupe Scolaire Bilingue Amacia block C" }, "geometry": { "type": "Point", "coordinates": [ 11.538342143905297, 3.839989113875023 ] } },
{ "type": "Feature", "properties": { "categorie": "school", "name": "Les Petits Génies" }, "geometry": { "type": "Point", "coordinates": [ 11.484787868231173, 3.803434357548161 ] } },
{ "type": "Feature", "properties": { "categorie": "university", "name": "Université de Yaoundé 2 - Soa" }, "geometry": { "type": "Point", "coordinates": [ 11.588475834166243, 3.964980194768949 ] } },
{ "type": "Feature", "properties": { "categorie": "marketplace", "name": "" }, "geometry": { "type": "Point", "coordinates": [ 11.53062107302542, 3.889958180287958 ] } },
{ "type": "Feature", "properties": { "categorie": "school", "name": "Écoles Publiques Mfandena II" }, "geometry": { "type": "Point", "coordinates": [ 11.53942608140752, 3.883386602979829 ] } },
{ "type": "Feature", "properties": { "categorie": "marketplace", "name": "Marché d'Essos" }, "geometry": { "type": "Point", "coordinates": [ 11.542269103473958, 3.869678727672933 ] } },
{ "type": "Feature", "properties": { "categorie": "school", "name": "Our Lady of Victory Catholic Primary School" }, "geometry": { "type": "Point", "coordinates": [ 11.536286717366774, 3.865058949883664 ] } },
{ "type": "Feature", "properties": { "categorie": "school", "name": "Collège de la Retraite" }, "geometry": { "type": "Point", "coordinates": [ 11.514491871273211, 3.874096941889778 ] } },
{ "type": "Feature", "properties": { "categorie": "school", "name": "Lycée de Mendong" }, "geometry": { "type": "Point", "coordinates": [ 11.464454755817972, 3.832231288006685 ] } },
{ "type": "Feature", "properties": { "categorie": "school", "name": "Lycée Technique d'Ekounou" }, "geometry": { "type": "Point", "coordinates": [ 11.561173301800437, 3.841892784828011 ] } },
{ "type": "Feature", "properties": { "categorie": "marketplace", "name": "Marché Mvog-Betsi" }, "geometry": { "type": "Point", "coordinates": [ 11.486424146997386, 3.866222704677772 ] } },
{ "type": "Feature", "properties": { "categorie": "hospital", "name": "Hopital Central de Yaoundé" }, "geometry": { "type": "Point", "coordinates": [ 11.510366382417269, 3.871476593824079 ] } },
{ "type": "Feature", "properties": { "categorie": "marketplace", "name": "Foire de Tsinga" }, "geometry": { "type": "Point", "coordinates": [ 11.498512756723233, 3.895717642110168 ] } },
{ "type": "Feature", "properties": { "categorie": "marketplace", "name": "Grand Marché de Biyem-Assi" }, "geometry": { "type": "Point", "coordinates": [ 11.486430903932654, 3.835693579573112 ] } },
{ "type": "Feature", "properties": { "categorie": "marketplace", "name": "Grand Marché de Biyem-Assi" }, "geometry": { "type": "Point", "coordinates": [ 11.488711955868835, 3.8420055649837 ] } },
{ "type": "Feature", "properties": { "categorie": "marketplace", "name": "" }, "geometry": { "type": "Point", "coordinates": [ 11.471179748145456, 3.836083557654661 ] } },
{ "type": "Feature", "properties": { "categorie": "marketplace", "name": "Marché Nsam" }, "geometry": { "type": "Point", "coordinates": [ 11.510167589220508, 3.829199792251616 ] } },
{ "type": "Feature", "properties": { "categorie": "marketplace", "name": "Marché Central" }, "geometry": { "type": "Point", "coordinates": [ 11.517898360938865, 3.866126447060998 ] } },
{ "type": "Feature", "properties": { "categorie": "marketplace", "name": "Marché Mokolo" }, "geometry": { "type": "Point", "coordinates": [ 11.50092315709932, 3.87465111960892 ] } },
{ "type": "Feature", "properties": { "categorie": "marketplace", "name": "Marché aux Bestiaux" }, "geometry": { "type": "Point", "coordinates": [ 11.49417683366455, 3.887302117593929 ] } },
{ "type": "Feature", "properties": { "categorie": "marketplace", "name": "Marché de Bois" }, "geometry": { "type": "Point", "coordinates": [ 11.544331798534664, 3.82444468699634 ] } },
{ "type": "Feature", "properties": { "categorie": "marketplace", "name": "Marché de Sable et Gravier" }, "geometry": { "type": "Point", "coordinates": [ 11.541337080374888, 3.835351299013783 ] } },
{ "type": "Feature", "properties": { "categorie": "marketplace", "name": "Marché du 8ème" }, "geometry": { "type": "Point", "coordinates": [ 11.49706603167135, 3.889033884252918 ] } },
{ "type": "Feature", "properties": { "categorie": "marketplace", "name": "Marché Étoudi" }, "geometry": { "type": "Point", "coordinates": [ 11.525399549081543, 3.915000496029132 ] } },
{ "type": "Feature", "properties": { "categorie": "pharmacy", "name": "Pharmacie Buvole Abondo" }, "geometry": { "type": "Point", "coordinates": [ 11.492716588966507, 3.889283148206536 ] } },
{ "type": "Feature", "properties": { "categorie": "pharmacy", "name": "" }, "geometry": { "type": "Point", "coordinates": [ 11.5520335, 3.86844 ] } },
{ "type": "Feature", "properties": { "categorie": "hospital", "name": "Benoit Menni" }, "geometry": { "type": "Point", "coordinates": [ 11.504239736577983, 3.838875452125692 ] } },
{ "type": "Feature", "properties": { "categorie": "hospital", "name": "Centre national de réhabilitation des personnes handicapées" }, "geometry": { "type": "Point", "coordinates": [ 11.478124424672798, 3.8506588077965 ] } },
{ "type": "Feature", "properties": { "categorie": "hospital", "name": "Centre de la Mère et de l'Enfant" }, "geometry": { "type": "Point", "coordinates": [ 11.517021318961662, 3.882783337731457 ] } },
{ "type": "Feature", "properties": { "categorie": "clinic", "name": "Clinique Médico-Chirurgicale Sainte-Marie" }, "geometry": { "type": "Point", "coordinates": [ 11.54813291820583, 3.89740039327939 ] } },
{ "type": "Feature", "properties": { "categorie": "clinic", "name": "Centre Médical la Cathédrale" }, "geometry": { "type": "Point", "coordinates": [ 11.534659747539628, 3.883799724234515 ] } },
{ "type": "Feature", "properties": { "categorie": "hospital", "name": "Groupement d'Investissement Communautaire Santé le Sonline" }, "geometry": { "type": "Point", "coordinates": [ 11.529824612806335, 3.952145391112015 ] } },
{ "type": "Feature", "properties": { "categorie": "hospital", "name": "Hôpital Catholique Deo Gratias Afrique Future" }, "geometry": { "type": "Point", "coordinates": [ 11.504958415057597, 3.923915364933968 ] } },
{ "type": "Feature", "properties": { "categorie": "school", "name": "Collège Technique Industrial et General de NYOM II" }, "geometry": { "type": "Point", "coordinates": [ 11.525747993343087, 3.96055942165667 ] } },
{ "type": "Feature", "properties": { "categorie": "school", "name": "Groupe Scolaire Bilingue Jean Jacques Rousseau de NYON II" }, "geometry": { "type": "Point", "coordinates": [ 11.52408577662564, 3.96300061375329 ] } },
{ "type": "Feature", "properties": { "categorie": "school", "name": "Anglo - Saxon - Bilingual Elite School NYOM" }, "geometry": { "type": "Point", "coordinates": [ 11.521854509684511, 3.958565319929274 ] } },
{ "type": "Feature", "properties": { "categorie": "school", "name": "Collége Prime FAPO" }, "geometry": { "type": "Point", "coordinates": [ 11.532949392946815, 3.921886541414153 ] } },
{ "type": "Feature", "properties": { "categorie": "school", "name": "Groupe Scolaire Bilingue La Boussole" }, "geometry": { "type": "Point", "coordinates": [ 11.538782655377881, 3.923633027438786 ] } },
{ "type": "Feature", "properties": { "categorie": "school", "name": "Groupe Scolaire Bilingue Les Pierres Préueuses" }, "geometry": { "type": "Point", "coordinates": [ 11.534781757499736, 3.925972379546649 ] } },
{ "type": "Feature", "properties": { "categorie": "school", "name": "Groupe Scolaire Bilingue Tatsafduo" }, "geometry": { "type": "Point", "coordinates": [ 11.545947965185059, 3.933947049891264 ] } },
{ "type": "Feature", "properties": { "categorie": "bus_station", "name": "" }, "geometry": { "type": "Point", "coordinates": [ 11.497193809317958, 3.872611852275733 ] } },
{ "type": "Feature", "properties": { "categorie": "school", "name": "École Publique de Mendong" }, "geometry": { "type": "Point", "coordinates": [ 11.468271737776698, 3.83601232040319 ] } },
{ "type": "Feature", "properties": { "categorie": "school", "name": "Groupe Scolaire Bilingue Malaim and Ayena" }, "geometry": { "type": "Point", "coordinates": [ 11.547710252156316, 3.935040226060018 ] } },
{ "type": "Feature", "properties": { "categorie": "school", "name": "École Publique de Tsinga Village" }, "geometry": { "type": "Point", "coordinates": [ 11.553513803922153, 3.935642953872487 ] } },
{ "type": "Feature", "properties": { "categorie": "school", "name": "EMPP Langue Bilingue Le Pavillon" }, "geometry": { "type": "Point", "coordinates": [ 11.55097695599175, 3.932082340079124 ] } },
{ "type": "Feature", "properties": { "categorie": "school", "name": "Complexe Scolaire Ile Educative" }, "geometry": { "type": "Point", "coordinates": [ 11.525061109647064, 3.926198108401671 ] } },
{ "type": "Feature", "properties": { "categorie": "school", "name": "Groupe Scolaire Bilingue Dorcas" }, "geometry": { "type": "Point", "coordinates": [ 11.526663615606786, 3.928894723498539 ] } },
{ "type": "Feature", "properties": { "categorie": "school", "name": "Groupe Scolaire Bilingue Risetti TOUMWA" }, "geometry": { "type": "Point", "coordinates": [ 11.528679334212386, 3.93160199734056 ] } },
{ "type": "Feature", "properties": { "categorie": "school", "name": "Groupe Scolaire Bilingue La lumiére" }, "geometry": { "type": "Point", "coordinates": [ 11.509531505870147, 3.933756701642748 ] } },
{ "type": "Feature", "properties": { "categorie": "school", "name": "Groupe Scolaire Bilingue Tasiko" }, "geometry": { "type": "Point", "coordinates": [ 11.503475726921881, 3.929577768397612 ] } },
{ "type": "Feature", "properties": { "categorie": "school", "name": "Groupe Scolaire Bilingue Nil" }, "geometry": { "type": "Point", "coordinates": [ 11.521749248459942, 3.932194972899982 ] } },
{ "type": "Feature", "properties": { "categorie": "school", "name": "Groupe Scolaire Bilingue La Fontaine des Savoirs" }, "geometry": { "type": "Point", "coordinates": [ 11.52667335305363, 3.95401063840605 ] } },
{ "type": "Feature", "properties": { "categorie": "school", "name": "Centre Éducatif Bilingüe Les Petits Lapins" }, "geometry": { "type": "Point", "coordinates": [ 11.51461184813313, 3.945512732492862 ] } },
{ "type": "Feature", "properties": { "categorie": "school", "name": "École Bilingue Les Rois Mages" }, "geometry": { "type": "Point", "coordinates": [ 11.513112346265789, 3.948771441347221 ] } },
{ "type": "Feature", "properties": { "categorie": "school", "name": "École Maternelle Bilingue Les Rois Mages" }, "geometry": { "type": "Point", "coordinates": [ 11.513908094520399, 3.948909596504463 ] } },
{ "type": "Feature", "properties": { "categorie": "school", "name": "Messie International School" }, "geometry": { "type": "Point", "coordinates": [ 11.512294821608537, 3.948523625014154 ] } },
{ "type": "Feature", "properties": { "categorie": "school", "name": "College Privé Mvom Nnam" }, "geometry": { "type": "Point", "coordinates": [ 11.503969288379874, 3.950845542995058 ] } },
{ "type": "Feature", "properties": { "categorie": "school", "name": "Lycée d'AFANOYOA" }, "geometry": { "type": "Point", "coordinates": [ 11.469012747751229, 3.755560880392716 ] } },
{ "type": "Feature", "properties": { "categorie": "school", "name": "École Catholique AFANOYOA" }, "geometry": { "type": "Point", "coordinates": [ 11.471305528303706, 3.765239614551079 ] } },
{ "type": "Feature", "properties": { "categorie": "school", "name": "Les Écoles Publiques d'ODZA" }, "geometry": { "type": "Point", "coordinates": [ 11.528414528543632, 3.776291133074854 ] } },
{ "type": "Feature", "properties": { "categorie": "school", "name": "École Enchantée" }, "geometry": { "type": "Point", "coordinates": [ 11.524579358931101, 3.780688367863466 ] } },
{ "type": "Feature", "properties": { "categorie": "school", "name": "École Publique de MEYO" }, "geometry": { "type": "Point", "coordinates": [ 11.503343687406327, 3.780383356209745 ] } },
{ "type": "Feature", "properties": { "categorie": "school", "name": "Pas à Pas" }, "geometry": { "type": "Point", "coordinates": [ 11.478293765937391, 3.807858784923225 ] } },
{ "type": "Feature", "properties": { "categorie": "school", "name": "Complexe Scolaire de l'Excellence" }, "geometry": { "type": "Point", "coordinates": [ 11.517051395006625, 3.795839497459367 ] } },
{ "type": "Feature", "properties": { "categorie": "school", "name": "École Saint-Pierre et Saint-Paul" }, "geometry": { "type": "Point", "coordinates": [ 11.52071268972856, 3.796051298731979 ] } },
{ "type": "Feature", "properties": { "categorie": "school", "name": "Collège Privé Les Bambis" }, "geometry": { "type": "Point", "coordinates": [ 11.500027270229655, 3.799931465430205 ] } },
{ "type": "Feature", "properties": { "categorie": "school", "name": "Collège Diderot" }, "geometry": { "type": "Point", "coordinates": [ 11.494299626889507, 3.801407181413677 ] } },
{ "type": "Feature", "properties": { "categorie": "school", "name": "Collège Jules Yad-Zal" }, "geometry": { "type": "Point", "coordinates": [ 11.481057086208359, 3.799103819231644 ] } },
{ "type": "Feature", "properties": { "categorie": "school", "name": "Saint-Agnès" }, "geometry": { "type": "Point", "coordinates": [ 11.490317273880443, 3.800946347796012 ] } },
{ "type": "Feature", "properties": { "categorie": "school", "name": "La Refondation" }, "geometry": { "type": "Point", "coordinates": [ 11.533207030776579, 3.79654649327975 ] } },
{ "type": "Feature", "properties": { "categorie": "school", "name": "Complexe Scolaire Adventiste d'ODZA" }, "geometry": { "type": "Point", "coordinates": [ 11.519523166407618, 3.802975508647328 ] } },
{ "type": "Feature", "properties": { "categorie": "school", "name": "AIGLONS" }, "geometry": { "type": "Point", "coordinates": [ 11.47066114539002, 3.849690840248553 ] } },
{ "type": "Feature", "properties": { "categorie": "school", "name": "Centre Éducatif Meyom Meyeme" }, "geometry": { "type": "Point", "coordinates": [ 11.483225913630491, 3.876413251224409 ] } },
{ "type": "Feature", "properties": { "categorie": "school", "name": "Collège Mokala" }, "geometry": { "type": "Point", "coordinates": [ 11.473871539850517, 3.858225577188763 ] } },
{ "type": "Feature", "properties": { "categorie": "school", "name": "Collège Privé Laïc Notre Dame les Beatitudes" }, "geometry": { "type": "Point", "coordinates": [ 11.481055788621362, 3.857966282559612 ] } },
{ "type": "Feature", "properties": { "categorie": "school", "name": "College Prive Laic Xavier Ebomo" }, "geometry": { "type": "Point", "coordinates": [ 11.469633550974168, 3.889047553508969 ] } },
{ "type": "Feature", "properties": { "categorie": "school", "name": "Collège les Oisillons" }, "geometry": { "type": "Point", "coordinates": [ 11.483092275754075, 3.860928467957127 ] } },
{ "type": "Feature", "properties": { "categorie": "school", "name": "Complexe Scolaire Fonamco" }, "geometry": { "type": "Point", "coordinates": [ 11.45850100901785, 3.896182646731738 ] } },
{ "type": "Feature", "properties": { "categorie": "school", "name": "Ecole primaire laic Les princes intelligents" }, "geometry": { "type": "Point", "coordinates": [ 11.459747703354401, 3.877445075942731 ] } },
{ "type": "Feature", "properties": { "categorie": "school", "name": "GBS Sigmund Freud" }, "geometry": { "type": "Point", "coordinates": [ 11.464844858757571, 3.841828224139015 ] } },
{ "type": "Feature", "properties": { "categorie": "school", "name": "GBS YMCA" }, "geometry": { "type": "Point", "coordinates": [ 11.461040408856256, 3.829945703967041 ] } },
{ "type": "Feature", "properties": { "categorie": "school", "name": "Groupe Bilingue Scolaire les Champs de Lys" }, "geometry": { "type": "Point", "coordinates": [ 11.47027406946505, 3.834816617745526 ] } },
{ "type": "Feature", "properties": { "categorie": "school", "name": "Groupe Scolaire Bilingue ASEC" }, "geometry": { "type": "Point", "coordinates": [ 11.47372471447358, 3.85666982935182 ] } },
{ "type": "Feature", "properties": { "categorie": "school", "name": "Groupe Scolaire Bilingue Elohim" }, "geometry": { "type": "Point", "coordinates": [ 11.48118228934519, 3.896494277927607 ] } },
{ "type": "Feature", "properties": { "categorie": "school", "name": "Groupe Scolaire Bilingue Esperance" }, "geometry": { "type": "Point", "coordinates": [ 11.475634484848481, 3.847565310113914 ] } },
{ "type": "Feature", "properties": { "categorie": "school", "name": "Groupe Scolaire Bilingue Harvard" }, "geometry": { "type": "Point", "coordinates": [ 11.475001079408953, 3.856816481262589 ] } },
{ "type": "Feature", "properties": { "categorie": "school", "name": "Groupe Scolaire Bilingue Saint-Judith" }, "geometry": { "type": "Point", "coordinates": [ 11.471578060366436, 3.854317148340691 ] } },
{ "type": "Feature", "properties": { "categorie": "school", "name": "Groupe Scolaire Bilingue la Fontaine" }, "geometry": { "type": "Point", "coordinates": [ 11.472518211437061, 3.844785870004924 ] } },
{ "type": "Feature", "properties": { "categorie": "school", "name": "Groupe Scolaire Bilingue la Félicité" }, "geometry": { "type": "Point", "coordinates": [ 11.46026246909296, 3.845542871885671 ] } },
{ "type": "Feature", "properties": { "categorie": "school", "name": "Groupe Scolaire Bilingue la Perche" }, "geometry": { "type": "Point", "coordinates": [ 11.455405452998525, 3.889329917032422 ] } },
{ "type": "Feature", "properties": { "categorie": "school", "name": "Groupe Scolaire Bilingue le Prodige" }, "geometry": { "type": "Point", "coordinates": [ 11.475185435135188, 3.844704437862596 ] } },
{ "type": "Feature", "properties": { "categorie": "school", "name": "Groupe Scolaire Bilingue les Chants d'Allégresse" }, "geometry": { "type": "Point", "coordinates": [ 11.459051840589554, 3.844926282037264 ] } },
{ "type": "Feature", "properties": { "categorie": "school", "name": "Groupe Scolaire les Mbohmelites" }, "geometry": { "type": "Point", "coordinates": [ 11.461222363986666, 3.877731047960373 ] } },
{ "type": "Feature", "properties": { "categorie": "school", "name": "IBB" }, "geometry": { "type": "Point", "coordinates": [ 11.466826901649531, 3.840882855582259 ] } },
{ "type": "Feature", "properties": { "categorie": "school", "name": "IPONI" }, "geometry": { "type": "Point", "coordinates": [ 11.458983378487032, 3.840275186989612 ] } },
{ "type": "Feature", "properties": { "categorie": "school", "name": "Institut Rene Graffin" }, "geometry": { "type": "Point", "coordinates": [ 11.468482845684946, 3.86961483278267 ] } },
{ "type": "Feature", "properties": { "categorie": "school", "name": "Lycée Bilingue d'Etoug-Ebé" }, "geometry": { "type": "Point", "coordinates": [ 11.483442587739807, 3.857174937864344 ] } },
{ "type": "Feature", "properties": { "categorie": "school", "name": "Lycée Technique Yaoundé" }, "geometry": { "type": "Point", "coordinates": [ 11.456916580586389, 3.866284481641561 ] } },
{ "type": "Feature", "properties": { "categorie": "school", "name": "Lycée de Nkolbisson" }, "geometry": { "type": "Point", "coordinates": [ 11.456238914466995, 3.864375426126483 ] } },
{ "type": "Feature", "properties": { "categorie": "school", "name": "Marie Immaculée" }, "geometry": { "type": "Point", "coordinates": [ 11.458000354087192, 3.835836638554256 ] } },
{ "type": "Feature", "properties": { "categorie": "school", "name": "Mevick Bilingual Grammar School" }, "geometry": { "type": "Point", "coordinates": [ 11.479660253343225, 3.848673194748796 ] } },
{ "type": "Feature", "properties": { "categorie": "school", "name": "NPS Marvellous" }, "geometry": { "type": "Point", "coordinates": [ 11.458865226758727, 3.860154827326453 ] } },
{ "type": "Feature", "properties": { "categorie": "school", "name": "Théologal Saint-Augustin" }, "geometry": { "type": "Point", "coordinates": [ 11.453993876057551, 3.900879873527779 ] } },
{ "type": "Feature", "properties": { "categorie": "university", "name": "Université Catholique d'Afrique Centrale" }, "geometry": { "type": "Point", "coordinates": [ 11.446965794804298, 3.869486843945737 ] } },
{ "type": "Feature", "properties": { "categorie": "school", "name": "Ecole d'Amélie" }, "geometry": { "type": "Point", "coordinates": [ 11.462466842679802, 3.884760646107114 ] } },
{ "type": "Feature", "properties": { "categorie": "school", "name": "les Agneaux" }, "geometry": { "type": "Point", "coordinates": [ 11.431401400351797, 3.876766807876022 ] } },
{ "type": "Feature", "properties": { "categorie": "school", "name": "École" }, "geometry": { "type": "Point", "coordinates": [ 11.475120197105724, 3.845828389073583 ] } },
{ "type": "Feature", "properties": { "categorie": "school", "name": "École" }, "geometry": { "type": "Point", "coordinates": [ 11.464185420402988, 3.838296390389333 ] } },
{ "type": "Feature", "properties": { "categorie": "school", "name": "École" }, "geometry": { "type": "Point", "coordinates": [ 11.470856675420082, 3.84510181322365 ] } },
{ "type": "Feature", "properties": { "categorie": "school", "name": "École Maternelle OYOM-ABANG" }, "geometry": { "type": "Point", "coordinates": [ 11.465930374464589, 3.883906204314835 ] } },
{ "type": "Feature", "properties": { "categorie": "school", "name": "École Maternelle de Mvog-Betsi" }, "geometry": { "type": "Point", "coordinates": [ 11.484909894923018, 3.86413638831657 ] } },
{ "type": "Feature", "properties": { "categorie": "school", "name": "École Publique Anglophone" }, "geometry": { "type": "Point", "coordinates": [ 11.481949601338069, 3.855517777916721 ] } },
{ "type": "Feature", "properties": { "categorie": "school", "name": "École Publique Fébé" }, "geometry": { "type": "Point", "coordinates": [ 11.480946640288671, 3.914006604994828 ] } },
{ "type": "Feature", "properties": { "categorie": "school", "name": "École Publique de Minkoameyos" }, "geometry": { "type": "Point", "coordinates": [ 11.411962825790242, 3.873329189267235 ] } },
{ "type": "Feature", "properties": { "categorie": "school", "name": "École Publique de Mvog-Betsi" }, "geometry": { "type": "Point", "coordinates": [ 11.484191142619, 3.863648412841322 ] } },
{ "type": "Feature", "properties": { "categorie": "school", "name": "École Saint-Esprit d'Abobo" }, "geometry": { "type": "Point", "coordinates": [ 11.478903515668522, 3.879315859285484 ] } },
{ "type": "Feature", "properties": { "categorie": "school", "name": "École les Oisillons" }, "geometry": { "type": "Point", "coordinates": [ 11.483113638665845, 3.860427502914265 ] } },
{ "type": "Feature", "properties": { "categorie": "school", "name": "Écoles Maternelles de Mendong" }, "geometry": { "type": "Point", "coordinates": [ 11.467622065561498, 3.835110555233791 ] } },
{ "type": "Feature", "properties": { "categorie": "school", "name": "Écoles Publiques de Nkolbisson" }, "geometry": { "type": "Point", "coordinates": [ 11.453937668764711, 3.874962799477407 ] } },
{ "type": "Feature", "properties": { "categorie": "school", "name": "Ayungha Collège Bilingue Polyvalent" }, "geometry": { "type": "Point", "coordinates": [ 11.488839518451789, 3.885976350757692 ] } },
{ "type": "Feature", "properties": { "categorie": "university", "name": "Institut Universitaire Siantou - Campus de Coron" }, "geometry": { "type": "Point", "coordinates": [ 11.520411617291222, 3.845066370816773 ] } },
{ "type": "Feature", "properties": { "categorie": "school", "name": "Berceau des Anges" }, "geometry": { "type": "Point", "coordinates": [ 11.486011093728827, 3.845806590372931 ] } },
{ "type": "Feature", "properties": { "categorie": "school", "name": "Lycée de Ngoa-Ekelle" }, "geometry": { "type": "Point", "coordinates": [ 11.50605494915591, 3.858710899700899 ] } },
{ "type": "Feature", "properties": { "categorie": "school", "name": "CETI Jeanne Alégué Messi" }, "geometry": { "type": "Point", "coordinates": [ 11.50227371330771, 3.845482812819612 ] } },
{ "type": "Feature", "properties": { "categorie": "school", "name": "CETI Notre-Dame" }, "geometry": { "type": "Point", "coordinates": [ 11.528655034428596, 3.866606622066997 ] } },
{ "type": "Feature", "properties": { "categorie": "school", "name": "Centre de Formation Technique des Armées" }, "geometry": { "type": "Point", "coordinates": [ 11.529374225770995, 3.841225214170395 ] } },
{ "type": "Feature", "properties": { "categorie": "school", "name": "Collège Charles et Thèrése Mbakop" }, "geometry": { "type": "Point", "coordinates": [ 11.515176469875119, 3.888406984618217 ] } },
{ "type": "Feature", "properties": { "categorie": "school", "name": "Collège Protestant Jhonson" }, "geometry": { "type": "Point", "coordinates": [ 11.520022660470866, 3.882687036108859 ] } },
{ "type": "Feature", "properties": { "categorie": "school", "name": "Collège d'Enseignement Technique Indistriel et Commercial Djonou" }, "geometry": { "type": "Point", "coordinates": [ 11.490940107958224, 3.84107065140191 ] } },
{ "type": "Feature", "properties": { "categorie": "school", "name": "Collége Jean Tabi" }, "geometry": { "type": "Point", "coordinates": [ 11.525366634677349, 3.918075337041789 ] } },
{ "type": "Feature", "properties": { "categorie": "school", "name": "Collége d'Enseignement Technique Industriel des Benedictins du Mont Fébé" }, "geometry": { "type": "Point", "coordinates": [ 11.498034863848506, 3.916049179023942 ] } },
{ "type": "Feature", "properties": { "categorie": "school", "name": "Complexe Scolaire les Coccinelles" }, "geometry": { "type": "Point", "coordinates": [ 11.493631363380118, 3.896016735385284 ] } },
{ "type": "Feature", "properties": { "categorie": "school", "name": "English High School" }, "geometry": { "type": "Point", "coordinates": [ 11.497391724514124, 3.846712828075552 ] } },
{ "type": "Feature", "properties": { "categorie": "school", "name": "GENS" }, "geometry": { "type": "Point", "coordinates": [ 11.48771377948364, 3.836122932829404 ] } },
{ "type": "Feature", "properties": { "categorie": "school", "name": "Groupe Scolaire Bilingue CEREC" }, "geometry": { "type": "Point", "coordinates": [ 11.487424167199176, 3.838481351536289 ] } },
{ "type": "Feature", "properties": { "categorie": "school", "name": "Groupe Scolaire Bilingue Fouda Mekinda" }, "geometry": { "type": "Point", "coordinates": [ 11.489661704723389, 3.852467454922358 ] } },
{ "type": "Feature", "properties": { "categorie": "school", "name": "Groupe Scolaire Bilingue Franky" }, "geometry": { "type": "Point", "coordinates": [ 11.489693348221181, 3.851502269283849 ] } },
{ "type": "Feature", "properties": { "categorie": "school", "name": "Groupe Scolaire Bilingue Jumping Jacks" }, "geometry": { "type": "Point", "coordinates": [ 11.493751332165795, 3.856544117303751 ] } },
{ "type": "Feature", "properties": { "categorie": "school", "name": "Groupe Scolaire Bilingue Sagesse" }, "geometry": { "type": "Point", "coordinates": [ 11.487286936860535, 3.836888319853325 ] } },
{ "type": "Feature", "properties": { "categorie": "school", "name": "Groupe Scolaire Bilingue Savoir" }, "geometry": { "type": "Point", "coordinates": [ 11.487211540494972, 3.836592098382326 ] } },
{ "type": "Feature", "properties": { "categorie": "school", "name": "Groupe Scolaire Bilingue les Franchinets" }, "geometry": { "type": "Point", "coordinates": [ 11.486157407314698, 3.843928483756871 ] } },
{ "type": "Feature", "properties": { "categorie": "school", "name": "Groupe Scolaire Bilingue les Pigeons" }, "geometry": { "type": "Point", "coordinates": [ 11.487289476568483, 3.837989593995835 ] } },
{ "type": "Feature", "properties": { "categorie": "school", "name": "Groupe Scolaire Fussée" }, "geometry": { "type": "Point", "coordinates": [ 11.487767429035117, 3.865939137957054 ] } },
{ "type": "Feature", "properties": { "categorie": "school", "name": "Holy Infant School" }, "geometry": { "type": "Point", "coordinates": [ 11.489654254063705, 3.864097305767868 ] } },
{ "type": "Feature", "properties": { "categorie": "school", "name": "Jordan" }, "geometry": { "type": "Point", "coordinates": [ 11.49211472379849, 3.84505541748857 ] } },
{ "type": "Feature", "properties": { "categorie": "school", "name": "Linda et les Chatons" }, "geometry": { "type": "Point", "coordinates": [ 11.492070170559844, 3.870134582853292 ] } },
{ "type": "Feature", "properties": { "categorie": "school", "name": "Lycée De Nsam-Efoulan" }, "geometry": { "type": "Point", "coordinates": [ 11.503888633891158, 3.838075009399235 ] } },
{ "type": "Feature", "properties": { "categorie": "school", "name": "Lycée Technique et Industriel" }, "geometry": { "type": "Point", "coordinates": [ 11.506041158468452, 3.863337090391113 ] } },
{ "type": "Feature", "properties": { "categorie": "school", "name": "Lycée d'Emana" }, "geometry": { "type": "Point", "coordinates": [ 11.507021575583796, 3.921435683059989 ] } },
{ "type": "Feature", "properties": { "categorie": "school", "name": "Lycée de Biyem-Assi" }, "geometry": { "type": "Point", "coordinates": [ 11.494111747466748, 3.844693346171624 ] } },
{ "type": "Feature", "properties": { "categorie": "school", "name": "Lycée de Tsinga" }, "geometry": { "type": "Point", "coordinates": [ 11.501917486136033, 3.883351393135205 ] } },
{ "type": "Feature", "properties": { "categorie": "school", "name": "Saint Vicent Pallotti de Nlongkak" }, "geometry": { "type": "Point", "coordinates": [ 11.516761429440191, 3.888607286168022 ] } },
{ "type": "Feature", "properties": { "categorie": "school", "name": "Saint-Joseph" }, "geometry": { "type": "Point", "coordinates": [ 11.508672824340765, 3.84454630489363 ] } },
{ "type": "Feature", "properties": { "categorie": "school", "name": "La Reference" }, "geometry": { "type": "Point", "coordinates": [ 11.516134016946793, 3.837414879661392 ] } },
{ "type": "Feature", "properties": { "categorie": "school", "name": "les Bambis" }, "geometry": { "type": "Point", "coordinates": [ 11.49504798768125, 3.846575167502253 ] } },
{ "type": "Feature", "properties": { "categorie": "school", "name": "École EPC Djoungolo" }, "geometry": { "type": "Point", "coordinates": [ 11.520587575487381, 3.882239885927738 ] } },
{ "type": "Feature", "properties": { "categorie": "school", "name": "École Maternelle Bilingue EPC" }, "geometry": { "type": "Point", "coordinates": [ 11.522592939150176, 3.880543874275761 ] } },
{ "type": "Feature", "properties": { "categorie": "school", "name": "École Maternelle Publique" }, "geometry": { "type": "Point", "coordinates": [ 11.521126421830841, 3.875071538840758 ] } },
{ "type": "Feature", "properties": { "categorie": "school", "name": "École Maternelle Tsinga-Oliga" }, "geometry": { "type": "Point", "coordinates": [ 11.496584851672655, 3.892066049764899 ] } },
{ "type": "Feature", "properties": { "categorie": "school", "name": "École Maternelle de Messa" }, "geometry": { "type": "Point", "coordinates": [ 11.50572541374205, 3.873352100217201 ] } },
{ "type": "Feature", "properties": { "categorie": "school", "name": "" }, "geometry": { "type": "Point", "coordinates": [ 11.500281745526049, 3.867829108993698 ] } },
{ "type": "Feature", "properties": { "categorie": "school", "name": "École Maternelle des Sources" }, "geometry": { "type": "Point", "coordinates": [ 11.488910870277907, 3.881579148618125 ] } },
{ "type": "Feature", "properties": { "categorie": "school", "name": "École Maternelle et Primaire" }, "geometry": { "type": "Point", "coordinates": [ 11.523154720215812, 3.867260312513557 ] } },
{ "type": "Feature", "properties": { "categorie": "school", "name": "École Primaire Catholique Saint Aloys Etoudi" }, "geometry": { "type": "Point", "coordinates": [ 11.525419052851353, 3.917043302671232 ] } },
{ "type": "Feature", "properties": { "categorie": "school", "name": "École Primaire et Maternelle Catholique" }, "geometry": { "type": "Point", "coordinates": [ 11.510156718957296, 3.876857055475138 ] } },
{ "type": "Feature", "properties": { "categorie": "school", "name": "École Primarie et Maternelle les Cherubins" }, "geometry": { "type": "Point", "coordinates": [ 11.51863076113089, 3.879262957722751 ] } },
{ "type": "Feature", "properties": { "categorie": "school", "name": "École Publique Anglophone" }, "geometry": { "type": "Point", "coordinates": [ 11.513252521828344, 3.86074098943907 ] } },
{ "type": "Feature", "properties": { "categorie": "school", "name": "École Publique Départementale de Melen III" }, "geometry": { "type": "Point", "coordinates": [ 11.505906590061686, 3.862288738814637 ] } },
{ "type": "Feature", "properties": { "categorie": "school", "name": "École Publique Tsinga-Oliga" }, "geometry": { "type": "Point", "coordinates": [ 11.496345968689411, 3.892560725976301 ] } },
{ "type": "Feature", "properties": { "categorie": "school", "name": "École Publique d'Ekoudou" }, "geometry": { "type": "Point", "coordinates": [ 11.507997192381717, 3.878372833663369 ] } },
{ "type": "Feature", "properties": { "categorie": "school", "name": "École Publique d'Olezoa" }, "geometry": { "type": "Point", "coordinates": [ 11.515611031986857, 3.848023835803567 ] } },
{ "type": "Feature", "properties": { "categorie": "school", "name": "École publique francophone de Bastos" }, "geometry": { "type": "Point", "coordinates": [ 11.506465817677313, 3.897726510554528 ] } },
{ "type": "Feature", "properties": { "categorie": "school", "name": "École Publique de Biyemassi I" }, "geometry": { "type": "Point", "coordinates": [ 11.486811754871598, 3.84215386721193 ] } },
{ "type": "Feature", "properties": { "categorie": "school", "name": "" }, "geometry": { "type": "Point", "coordinates": [ 11.499514721175959, 3.867486435113434 ] } },
{ "type": "Feature", "properties": { "categorie": "school", "name": "École Publique du Centre" }, "geometry": { "type": "Point", "coordinates": [ 11.518400022907148, 3.861382496534398 ] } },
{ "type": "Feature", "properties": { "categorie": "school", "name": "École Publique du Plateau" }, "geometry": { "type": "Point", "coordinates": [ 11.504760699153408, 3.857211702633015 ] } },
{ "type": "Feature", "properties": { "categorie": "school", "name": "École Publique les Sources" }, "geometry": { "type": "Point", "coordinates": [ 11.491042026371719, 3.881126127225457 ] } },
{ "type": "Feature", "properties": { "categorie": "school", "name": "École Sacré-Coeur" }, "geometry": { "type": "Point", "coordinates": [ 11.495045326150247, 3.874594775395219 ] } },
{ "type": "Feature", "properties": { "categorie": "school", "name": "École Sainte-Cathérine" }, "geometry": { "type": "Point", "coordinates": [ 11.52799643705152, 3.91872432734892 ] } },
{ "type": "Feature", "properties": { "categorie": "school", "name": "École d'Infirmiers et Techniciens Médico-Sanitaires" }, "geometry": { "type": "Point", "coordinates": [ 11.508886518091144, 3.872677082068727 ] } },
{ "type": "Feature", "properties": { "categorie": "school", "name": "École primaire Camp Bove" }, "geometry": { "type": "Point", "coordinates": [ 11.512257176248058, 3.870934369244356 ] } },
{ "type": "Feature", "properties": { "categorie": "school", "name": "Écoles Maternelles" }, "geometry": { "type": "Point", "coordinates": [ 11.48660024658677, 3.841813294490962 ] } },
{ "type": "Feature", "properties": { "categorie": "school", "name": "Écoles Publiques de Biyemassi II" }, "geometry": { "type": "Point", "coordinates": [ 11.49029345249545, 3.846833888003839 ] } },
{ "type": "Feature", "properties": { "categorie": "school", "name": "CETIC" }, "geometry": { "type": "Point", "coordinates": [ 11.504608034796298, 3.860175257462441 ] } },
{ "type": "Feature", "properties": { "categorie": "university", "name": "Institut Matamfen" }, "geometry": { "type": "Point", "coordinates": [ 11.519317353043158, 3.882871301524211 ] } },
{ "type": "Feature", "properties": { "categorie": "school", "name": "Lycée de Mballa II" }, "geometry": { "type": "Point", "coordinates": [ 11.52538417398325, 3.898771481216842 ] } },
{ "type": "Feature", "properties": { "categorie": "school", "name": "ADVEC" }, "geometry": { "type": "Point", "coordinates": [ 11.545076427537129, 3.841432218652427 ] } },
{ "type": "Feature", "properties": { "categorie": "school", "name": "Effa Gaston" }, "geometry": { "type": "Point", "coordinates": [ 11.532063040312797, 3.858600319786432 ] } },
{ "type": "Feature", "properties": { "categorie": "school", "name": "CSB Seat of Wisdom" }, "geometry": { "type": "Point", "coordinates": [ 11.531183516423878, 3.900440394634908 ] } },
{ "type": "Feature", "properties": { "categorie": "school", "name": "Collège Privé Atangana Essomba" }, "geometry": { "type": "Point", "coordinates": [ 11.532936415818618, 3.850796096598964 ] } },
{ "type": "Feature", "properties": { "categorie": "school", "name": "Collège Protestant des Frères Unis" }, "geometry": { "type": "Point", "coordinates": [ 11.535564544023291, 3.843724869242223 ] } },
{ "type": "Feature", "properties": { "categorie": "school", "name": "Collège la Mefou" }, "geometry": { "type": "Point", "coordinates": [ 11.535680864073681, 3.862375028230825 ] } },
{ "type": "Feature", "properties": { "categorie": "school", "name": "Collége FIDO" }, "geometry": { "type": "Point", "coordinates": [ 11.535114464726734, 3.915227550456145 ] } },
{ "type": "Feature", "properties": { "categorie": "school", "name": "EMPB Mapokam" }, "geometry": { "type": "Point", "coordinates": [ 11.541014257420047, 3.899785193135166 ] } },
{ "type": "Feature", "properties": { "categorie": "school", "name": "EPB Clin d'Œil" }, "geometry": { "type": "Point", "coordinates": [ 11.543977399575283, 3.874627768180729 ] } },
{ "type": "Feature", "properties": { "categorie": "school", "name": "EPL les Charlottins" }, "geometry": { "type": "Point", "coordinates": [ 11.531337791418224, 3.916208737601641 ] } },
{ "type": "Feature", "properties": { "categorie": "school", "name": "Fondation Clément Onana" }, "geometry": { "type": "Point", "coordinates": [ 11.544733012259847, 3.838896198874525 ] } },
{ "type": "Feature", "properties": { "categorie": "school", "name": "Groupe Scolaire Bilingue Amihdaf" }, "geometry": { "type": "Point", "coordinates": [ 11.545132608306041, 3.908775460208938 ] } },
{ "type": "Feature", "properties": { "categorie": "school", "name": "Groupe Scolaire Bilingue Obam Jacky" }, "geometry": { "type": "Point", "coordinates": [ 11.544949422733097, 3.874582024277607 ] } },
{ "type": "Feature", "properties": { "categorie": "school", "name": "Groupe Scolaire Bilingue Toussaint Antoine" }, "geometry": { "type": "Point", "coordinates": [ 11.541484920906134, 3.898971482182252 ] } },
{ "type": "Feature", "properties": { "categorie": "school", "name": "Groupe Scolaire Bilingue les Travailleurs" }, "geometry": { "type": "Point", "coordinates": [ 11.53411944710416, 3.894250624440254 ] } },
{ "type": "Feature", "properties": { "categorie": "school", "name": "Groupe Scolaire de Djoungolo" }, "geometry": { "type": "Point", "coordinates": [ 11.532939558867559, 3.872626506942981 ] } },
{ "type": "Feature", "properties": { "categorie": "school", "name": "Lycée d'Anguissa" }, "geometry": { "type": "Point", "coordinates": [ 11.540062092653548, 3.863951566312674 ] } },
{ "type": "Feature", "properties": { "categorie": "school", "name": "Rustel School A" }, "geometry": { "type": "Point", "coordinates": [ 11.532017813716523, 3.853384355771911 ] } },
{ "type": "Feature", "properties": { "categorie": "school", "name": "la Reférence" }, "geometry": { "type": "Point", "coordinates": [ 11.531289130775686, 3.919536396757228 ] } },
{ "type": "Feature", "properties": { "categorie": "school", "name": "le Classique" }, "geometry": { "type": "Point", "coordinates": [ 11.531834666828891, 3.906554812856888 ] } },
{ "type": "Feature", "properties": { "categorie": "school", "name": "Les Mignons" }, "geometry": { "type": "Point", "coordinates": [ 11.546459760477102, 3.865880739625648 ] } },
{ "type": "Feature", "properties": { "categorie": "school", "name": "École CBEC Mballa V" }, "geometry": { "type": "Point", "coordinates": [ 11.535217251488127, 3.897840206675402 ] } },
{ "type": "Feature", "properties": { "categorie": "school", "name": "École Ecofru" }, "geometry": { "type": "Point", "coordinates": [ 11.545815865576952, 3.846564824059236 ] } },
{ "type": "Feature", "properties": { "categorie": "school", "name": "" }, "geometry": { "type": "Point", "coordinates": [ 11.532648481577922, 3.870398535972314 ] } },
{ "type": "Feature", "properties": { "categorie": "school", "name": "École Maternelle" }, "geometry": { "type": "Point", "coordinates": [ 11.532986721494094, 3.86670805207216 ] } },
{ "type": "Feature", "properties": { "categorie": "school", "name": "École Maternelle Essos II" }, "geometry": { "type": "Point", "coordinates": [ 11.545733955034914, 3.877321616221078 ] } },
{ "type": "Feature", "properties": { "categorie": "school", "name": "École Primaire Catholique" }, "geometry": { "type": "Point", "coordinates": [ 11.533357934057706, 3.866378491933047 ] } },
{ "type": "Feature", "properties": { "categorie": "school", "name": "La Petite Severine" }, "geometry": { "type": "Point", "coordinates": [ 11.536891477219182, 3.860831363532965 ] } },
{ "type": "Feature", "properties": { "categorie": "school", "name": "École Publique Bilingue Mballa IV" }, "geometry": { "type": "Point", "coordinates": [ 11.535251102083642, 3.90395590609028 ] } },
{ "type": "Feature", "properties": { "categorie": "school", "name": "École Publique d'Essos" }, "geometry": { "type": "Point", "coordinates": [ 11.545964766553446, 3.874611837179355 ] } },
{ "type": "Feature", "properties": { "categorie": "school", "name": "École Publique de Ngousso" }, "geometry": { "type": "Point", "coordinates": [ 11.542464223727793, 3.904417969773104 ] } },
{ "type": "Feature", "properties": { "categorie": "school", "name": "Ecole Charles Lwuanga" }, "geometry": { "type": "Point", "coordinates": [ 11.532177923791012, 3.859347136558739 ] } },
{ "type": "Feature", "properties": { "categorie": "school", "name": "Écoles Publiques de Nkolndongo Mbida" }, "geometry": { "type": "Point", "coordinates": [ 11.535347324281556, 3.861781038050992 ] } },
{ "type": "Feature", "properties": { "categorie": "school", "name": "Écoles Publiques et Etoa-Maki Groupe I et II" }, "geometry": { "type": "Point", "coordinates": [ 11.529784019048552, 3.879888385539657 ] } },
{ "type": "Feature", "properties": { "categorie": "school", "name": "Bethanie Viacam" }, "geometry": { "type": "Point", "coordinates": [ 11.56846217331856, 3.895735494488803 ] } },
{ "type": "Feature", "properties": { "categorie": "school", "name": "Le Verger" }, "geometry": { "type": "Point", "coordinates": [ 11.570764295077135, 3.862778114465524 ] } },
{ "type": "Feature", "properties": { "categorie": "school", "name": "CBS la Citadelle" }, "geometry": { "type": "Point", "coordinates": [ 11.568264776399968, 3.90660969259425 ] } },
{ "type": "Feature", "properties": { "categorie": "school", "name": "Cameroon School of Excellence" }, "geometry": { "type": "Point", "coordinates": [ 11.558490685729414, 3.894509879825686 ] } },
{ "type": "Feature", "properties": { "categorie": "school", "name": "Centre Professionnel Don Bosco" }, "geometry": { "type": "Point", "coordinates": [ 11.559092334449245, 3.867740978177369 ] } },
{ "type": "Feature", "properties": { "categorie": "school", "name": "Centre Éducatif Marie Madeleine" }, "geometry": { "type": "Point", "coordinates": [ 11.561473903227816, 3.853217085801906 ] } },
{ "type": "Feature", "properties": { "categorie": "school", "name": "Collège Privé Marie Albert II" }, "geometry": { "type": "Point", "coordinates": [ 11.549908539683264, 3.848522672778876 ] } },
{ "type": "Feature", "properties": { "categorie": "school", "name": "Collége les Lauréats" }, "geometry": { "type": "Point", "coordinates": [ 11.560378331732823, 3.875519526926365 ] } },
{ "type": "Feature", "properties": { "categorie": "school", "name": "Complexe Scolaire Dream la Roseraie" }, "geometry": { "type": "Point", "coordinates": [ 11.562970854252541, 3.890320826419094 ] } },
{ "type": "Feature", "properties": { "categorie": "school", "name": "ENIEG et École la Pensée" }, "geometry": { "type": "Point", "coordinates": [ 11.560438313686628, 3.843842484755258 ] } },
{ "type": "Feature", "properties": { "categorie": "school", "name": "Ecole Seraphine Mvondo" }, "geometry": { "type": "Point", "coordinates": [ 11.555777466342102, 3.875774144182837 ] } },
{ "type": "Feature", "properties": { "categorie": "school", "name": "EPMB les Roitelets" }, "geometry": { "type": "Point", "coordinates": [ 11.560180926164454, 3.885466199014863 ] } },
{ "type": "Feature", "properties": { "categorie": "university", "name": "ESIG Complexe Universitaire Siantou" }, "geometry": { "type": "Point", "coordinates": [ 11.56467688017568, 3.848577136817887 ] } },
{ "type": "Feature", "properties": { "categorie": "school", "name": "GSPL les Petits Futés" }, "geometry": { "type": "Point", "coordinates": [ 11.564025394700677, 3.899832444280298 ] } },
{ "type": "Feature", "properties": { "categorie": "school", "name": "Golden Bilingual School" }, "geometry": { "type": "Point", "coordinates": [ 11.563601814278538, 3.884662269980827 ] } },
{ "type": "Feature", "properties": { "categorie": "school", "name": "Groupe Scolaire Bilingue Alberto" }, "geometry": { "type": "Point", "coordinates": [ 11.555929548774182, 3.879795396484683 ] } },
{ "type": "Feature", "properties": { "categorie": "school", "name": "Groupe Scolaire Bilingue Fondation les Louveteaux" }, "geometry": { "type": "Point", "coordinates": [ 11.569165759607106, 3.900071297363514 ] } },
{ "type": "Feature", "properties": { "categorie": "school", "name": "Groupe Scolaire Bilingue Samaga" }, "geometry": { "type": "Point", "coordinates": [ 11.562942517815854, 3.914600174544526 ] } },
{ "type": "Feature", "properties": { "categorie": "school", "name": "Groupe Scolaire Bilingue Sarah" }, "geometry": { "type": "Point", "coordinates": [ 11.558964491636518, 3.840548719907668 ] } },
{ "type": "Feature", "properties": { "categorie": "school", "name": "Groupe Scolaire Bilingue la Fraternité" }, "geometry": { "type": "Point", "coordinates": [ 11.56541184873269, 3.896323661688774 ] } },
{ "type": "Feature", "properties": { "categorie": "school", "name": "Groupe Scolaire KJM" }, "geometry": { "type": "Point", "coordinates": [ 11.549830192530388, 3.853409218925364 ] } },
{ "type": "Feature", "properties": { "categorie": "school", "name": "Institut Polytechnique Lanile Dipito Maternelle et Primaire Bilingue" }, "geometry": { "type": "Point", "coordinates": [ 11.563457423146781, 3.894563050181357 ] } },
{ "type": "Feature", "properties": { "categorie": "school", "name": "Institut Technique et Professionnel" }, "geometry": { "type": "Point", "coordinates": [ 11.558753041174471, 3.866856701993056 ] } },
{ "type": "Feature", "properties": { "categorie": "school", "name": "Jean Bocchi" }, "geometry": { "type": "Point", "coordinates": [ 11.552989933996315, 3.863260269065907 ] } },
{ "type": "Feature", "properties": { "categorie": "school", "name": "King Salomon Nursery and Primary School" }, "geometry": { "type": "Point", "coordinates": [ 11.567110842159323, 3.896270628814085 ] } },
{ "type": "Feature", "properties": { "categorie": "school", "name": "Lycée Bilingue De Yaoundé" }, "geometry": { "type": "Point", "coordinates": [ 11.551691511490375, 3.881058009744846 ] } },
{ "type": "Feature", "properties": { "categorie": "school", "name": "Lycée de Mimboman" }, "geometry": { "type": "Point", "coordinates": [ 11.563800155577921, 3.86965883393779 ] } },
{ "type": "Feature", "properties": { "categorie": "school", "name": "Mbesombe Bilingual School" }, "geometry": { "type": "Point", "coordinates": [ 11.552329505518962, 3.840637464810477 ] } },
{ "type": "Feature", "properties": { "categorie": "school", "name": "Nursery Primary School la Fierte" }, "geometry": { "type": "Point", "coordinates": [ 11.560758777996385, 3.842819076222113 ] } },
{ "type": "Feature", "properties": { "categorie": "school", "name": "Pi & Ju International Collège" }, "geometry": { "type": "Point", "coordinates": [ 11.563660854094309, 3.845267925888616 ] } },
{ "type": "Feature", "properties": { "categorie": "school", "name": "Queen's Way Bilingual School" }, "geometry": { "type": "Point", "coordinates": [ 11.552005539581831, 3.884895365618615 ] } },
{ "type": "Feature", "properties": { "categorie": "school", "name": "Rosi et Marina" }, "geometry": { "type": "Point", "coordinates": [ 11.562966597838967, 3.867356396547219 ] } },
{ "type": "Feature", "properties": { "categorie": "school", "name": "École Catholique de Kong" }, "geometry": { "type": "Point", "coordinates": [ 11.54926575756561, 3.880157676874853 ] } },
{ "type": "Feature", "properties": { "categorie": "school", "name": "École Maternelle Sainte-Marthe de Nkol Messeng" }, "geometry": { "type": "Point", "coordinates": [ 11.568052932525417, 3.889426942356207 ] } },
{ "type": "Feature", "properties": { "categorie": "school", "name": "École Notre-Dame de Fatima de Ngoulmekong" }, "geometry": { "type": "Point", "coordinates": [ 11.569264788084876, 3.906594574688612 ] } },
{ "type": "Feature", "properties": { "categorie": "school", "name": "École Primaire Catholique Sainte-Thérèse" }, "geometry": { "type": "Point", "coordinates": [ 11.562907472765227, 3.857727949993541 ] } },
{ "type": "Feature", "properties": { "categorie": "school", "name": "Les Petits Enfants" }, "geometry": { "type": "Point", "coordinates": [ 11.555131360307701, 3.859074713625151 ] } },
{ "type": "Feature", "properties": { "categorie": "school", "name": "École Privée Bilingue Marie Albert" }, "geometry": { "type": "Point", "coordinates": [ 11.56065016180349, 3.847704444652898 ] } },
{ "type": "Feature", "properties": { "categorie": "school", "name": "École Privée la Madone" }, "geometry": { "type": "Point", "coordinates": [ 11.540562968250937, 3.844537833940364 ] } },
{ "type": "Feature", "properties": { "categorie": "school", "name": "École Publique Ngoulmekong" }, "geometry": { "type": "Point", "coordinates": [ 11.56559702845108, 3.905859540909714 ] } },
{ "type": "Feature", "properties": { "categorie": "school", "name": "École Publique de Mimboman" }, "geometry": { "type": "Point", "coordinates": [ 11.55986676113606, 3.869484023705066 ] } },
{ "type": "Feature", "properties": { "categorie": "school", "name": "École Publique de Nkol Messeng" }, "geometry": { "type": "Point", "coordinates": [ 11.568146417654438, 3.886488506007035 ] } },
{ "type": "Feature", "properties": { "categorie": "school", "name": "École Rosette" }, "geometry": { "type": "Point", "coordinates": [ 11.55857738293482, 3.85092809001178 ] } },
{ "type": "Feature", "properties": { "categorie": "school", "name": "Le Berger" }, "geometry": { "type": "Point", "coordinates": [ 11.554019874099234, 3.860634608114465 ] } },
{ "type": "Feature", "properties": { "categorie": "school", "name": "Les Champignons" }, "geometry": { "type": "Point", "coordinates": [ 11.554325682000169, 3.847640581631129 ] } },
{ "type": "Feature", "properties": { "categorie": "school", "name": "Écoles Publiques de MIMBOMAN I" }, "geometry": { "type": "Point", "coordinates": [ 11.559614372933476, 3.874595675904198 ] } },
{ "type": "Feature", "properties": { "categorie": "school", "name": "École Publique d'Ekoumdoum" }, "geometry": { "type": "Point", "coordinates": [ 11.540789081904547, 3.817253849807044 ] } },
{ "type": "Feature", "properties": { "categorie": "school", "name": "Ecole Publique de Mvan" }, "geometry": { "type": "Point", "coordinates": [ 11.515858230612592, 3.82425069513867 ] } },
{ "type": "Feature", "properties": { "categorie": "school", "name": "CPL La Colombe" }, "geometry": { "type": "Point", "coordinates": [ 11.489492540176641, 3.827119952452755 ] } },
{ "type": "Feature", "properties": { "categorie": "school", "name": "Collège Jésus Marie" }, "geometry": { "type": "Point", "coordinates": [ 11.478384197264702, 3.815406064826536 ] } },
{ "type": "Feature", "properties": { "categorie": "school", "name": "EP AHALA" }, "geometry": { "type": "Point", "coordinates": [ 11.503395741577874, 3.811401855598564 ] } },
{ "type": "Feature", "properties": { "categorie": "school", "name": "EP NSAM" }, "geometry": { "type": "Point", "coordinates": [ 11.510611484775168, 3.826414500062923 ] } },
{ "type": "Feature", "properties": { "categorie": "school", "name": "GBS Angels" }, "geometry": { "type": "Point", "coordinates": [ 11.494563619718196, 3.830092759532912 ] } },
{ "type": "Feature", "properties": { "categorie": "school", "name": "GBS Eden Solly" }, "geometry": { "type": "Point", "coordinates": [ 11.509507188844321, 3.829749483348191 ] } },
{ "type": "Feature", "properties": { "categorie": "school", "name": "GBS Greenhills Arc" }, "geometry": { "type": "Point", "coordinates": [ 11.488051731763496, 3.822611350009121 ] } },
{ "type": "Feature", "properties": { "categorie": "school", "name": "GBS La Rosière" }, "geometry": { "type": "Point", "coordinates": [ 11.489201134113854, 3.82438237625055 ] } },
{ "type": "Feature", "properties": { "categorie": "school", "name": "GSB Cosbie" }, "geometry": { "type": "Point", "coordinates": [ 11.470486426659653, 3.826122281798182 ] } },
{ "type": "Feature", "properties": { "categorie": "school", "name": "" }, "geometry": { "type": "Point", "coordinates": [ 11.477707569823108, 3.813184877415474 ] } },
{ "type": "Feature", "properties": { "categorie": "school", "name": "IPRP" }, "geometry": { "type": "Point", "coordinates": [ 11.479206416506548, 3.823289057514484 ] } },
{ "type": "Feature", "properties": { "categorie": "school", "name": "Jeanne Elise" }, "geometry": { "type": "Point", "coordinates": [ 11.496849804659599, 3.827756875689342 ] } },
{ "type": "Feature", "properties": { "categorie": "school", "name": "La Pouponnière" }, "geometry": { "type": "Point", "coordinates": [ 11.5101497116906, 3.826258323020542 ] } },
{ "type": "Feature", "properties": { "categorie": "school", "name": "La Rosière" }, "geometry": { "type": "Point", "coordinates": [ 11.48838972636667, 3.811095186054724 ] } },
{ "type": "Feature", "properties": { "categorie": "school", "name": "Les Colibris" }, "geometry": { "type": "Point", "coordinates": [ 11.501512353245333, 3.822502823003354 ] } },
{ "type": "Feature", "properties": { "categorie": "school", "name": "Les Poissons" }, "geometry": { "type": "Point", "coordinates": [ 11.4852872131833, 3.818062586765552 ] } },
{ "type": "Feature", "properties": { "categorie": "school", "name": "Les Rossignols" }, "geometry": { "type": "Point", "coordinates": [ 11.508145541725941, 3.819603386046646 ] } },
{ "type": "Feature", "properties": { "categorie": "school", "name": "Les Étoiles" }, "geometry": { "type": "Point", "coordinates": [ 11.4782708048944, 3.829298868072139 ] } },
{ "type": "Feature", "properties": { "categorie": "school", "name": "Mario" }, "geometry": { "type": "Point", "coordinates": [ 11.473733346566794, 3.824869040446709 ] } },
{ "type": "Feature", "properties": { "categorie": "school", "name": "Société Internationale de Linguistique" }, "geometry": { "type": "Point", "coordinates": [ 11.521863266037634, 3.81824871763402 ] } },
{ "type": "Feature", "properties": { "categorie": "school", "name": "École" }, "geometry": { "type": "Point", "coordinates": [ 11.485829245473633, 3.816633784117097 ] } },
{ "type": "Feature", "properties": { "categorie": "school", "name": "École Publique" }, "geometry": { "type": "Point", "coordinates": [ 11.480393858896155, 3.82724417122951 ] } },
{ "type": "Feature", "properties": { "categorie": "school", "name": "École Publique d'Efoulan" }, "geometry": { "type": "Point", "coordinates": [ 11.505416840362178, 3.831184728796182 ] } },
{ "type": "Feature", "properties": { "categorie": "school", "name": "École Publique d'Obobogo" }, "geometry": { "type": "Point", "coordinates": [ 11.50062925186452, 3.825153455322327 ] } },
{ "type": "Feature", "properties": { "categorie": "clinic", "name": "" }, "geometry": { "type": "Point", "coordinates": [ 11.517201789100939, 3.892604911437394 ] } },
{ "type": "Feature", "properties": { "categorie": "school", "name": "Collège Allemand Braunschweig" }, "geometry": { "type": "Point", "coordinates": [ 11.538403963282656, 3.815612734970412 ] } },
{ "type": "Feature", "properties": { "categorie": "school", "name": "Collège Bilingue Jeunesse Lumière" }, "geometry": { "type": "Point", "coordinates": [ 11.529807134075375, 3.830454894539339 ] } },
{ "type": "Feature", "properties": { "categorie": "school", "name": "Collège Fotso" }, "geometry": { "type": "Point", "coordinates": [ 11.526841427293583, 3.823271750090904 ] } },
{ "type": "Feature", "properties": { "categorie": "school", "name": "Complexe Scolaire Bilingue Paul Mintong" }, "geometry": { "type": "Point", "coordinates": [ 11.540709598974525, 3.811435590370121 ] } },
{ "type": "Feature", "properties": { "categorie": "school", "name": "Groupe Scolaire Bilingue Gloire Olympique" }, "geometry": { "type": "Point", "coordinates": [ 11.533563228325573, 3.801281049558045 ] } },
{ "type": "Feature", "properties": { "categorie": "school", "name": "Groupe Scolaire Bilingue les Anges" }, "geometry": { "type": "Point", "coordinates": [ 11.555480844858568, 3.8284384715295 ] } },
{ "type": "Feature", "properties": { "categorie": "school", "name": "Groupe Scolaire Les Sauterelles" }, "geometry": { "type": "Point", "coordinates": [ 11.534135803340241, 3.822765296348463 ] } },
{ "type": "Feature", "properties": { "categorie": "school", "name": "Groupe Scolaire Sylvain" }, "geometry": { "type": "Point", "coordinates": [ 11.532094529145407, 3.818570034486971 ] } },
{ "type": "Feature", "properties": { "categorie": "school", "name": "Les Bambinos" }, "geometry": { "type": "Point", "coordinates": [ 11.540281725442258, 3.819347374907275 ] } },
{ "type": "Feature", "properties": { "categorie": "school", "name": "TCHEB's Enieg et École d'Application" }, "geometry": { "type": "Point", "coordinates": [ 11.542960784435349, 3.828568603613341 ] } },
{ "type": "Feature", "properties": { "categorie": "school", "name": "École La Source" }, "geometry": { "type": "Point", "coordinates": [ 11.534719997712861, 3.802923896268671 ] } },
{ "type": "Feature", "properties": { "categorie": "hospital", "name": "Centre Hospitalier d'Essos" }, "geometry": { "type": "Point", "coordinates": [ 11.532325753875055, 3.871462630884466 ] } },
{ "type": "Feature", "properties": { "categorie": "school", "name": "Collège François-Xavier Vogt" }, "geometry": { "type": "Point", "coordinates": [ 11.500459443847774, 3.84109179585679 ] } },
{ "type": "Feature", "properties": { "categorie": "marketplace", "name": "" }, "geometry": { "type": "Point", "coordinates": [ 11.522115185547397, 3.863370956099208 ] } },
{ "type": "Feature", "properties": { "categorie": "marketplace", "name": "Marché Mfoundi A" }, "geometry": { "type": "Point", "coordinates": [ 11.523109890404749, 3.864387908698429 ] } },
{ "type": "Feature", "properties": { "categorie": "hospital", "name": "Centre Hospitalier Universitaire" }, "geometry": { "type": "Point", "coordinates": [ 11.49623313289173, 3.862844400022237 ] } },
{ "type": "Feature", "properties": { "categorie": "hospital", "name": "Hôpital de la Cité Verte" }, "geometry": { "type": "Point", "coordinates": [ 11.489927319639797, 3.876113924374841 ] } },
{ "type": "Feature", "properties": { "categorie": "school", "name": "Lycée de la Cité Verte" }, "geometry": { "type": "Point", "coordinates": [ 11.487208682512133, 3.874668010058263 ] } },
{ "type": "Feature", "properties": { "categorie": "school", "name": "École Publique de la Cité Verte" }, "geometry": { "type": "Point", "coordinates": [ 11.490588534827499, 3.874808742007537 ] } },
{ "type": "Feature", "properties": { "categorie": "school", "name": "École Publique d'Olembé II" }, "geometry": { "type": "Point", "coordinates": [ 11.5312683882982, 3.952427098476296 ] } },
{ "type": "Feature", "properties": { "categorie": "marketplace", "name": "Marché Ongola" }, "geometry": { "type": "Point", "coordinates": [ 11.518379931669518, 3.868424328393687 ] } },
{ "type": "Feature", "properties": { "categorie": "school", "name": "École GSB - Laclex BNPS" }, "geometry": { "type": "Point", "coordinates": [ 11.585531690453463, 3.977083650937957 ] } },
{ "type": "Feature", "properties": { "categorie": "school", "name": "École Primaire Publique de Soa" }, "geometry": { "type": "Point", "coordinates": [ 11.591387039012666, 3.972461566078644 ] } },
{ "type": "Feature", "properties": { "categorie": "marketplace", "name": "" }, "geometry": { "type": "Point", "coordinates": [ 11.593634457516973, 3.975728843171082 ] } },
{ "type": "Feature", "properties": { "categorie": "school", "name": "École Catholique Saint-Marc" }, "geometry": { "type": "Point", "coordinates": [ 11.594659432882603, 3.968839713455536 ] } },
{ "type": "Feature", "properties": { "categorie": "school", "name": "Lycée de Soa" }, "geometry": { "type": "Point", "coordinates": [ 11.590433142773918, 3.976543906861675 ] } },
{ "type": "Feature", "properties": { "categorie": "school", "name": "Centre Social le Bon Berger, École publique privée laïque" }, "geometry": { "type": "Point", "coordinates": [ 11.590297472226339, 3.981275963292069 ] } },
{ "type": "Feature", "properties": { "categorie": "school", "name": "Les Amis d'Ange" }, "geometry": { "type": "Point", "coordinates": [ 11.593934262294349, 3.978320544844185 ] } },
{ "type": "Feature", "properties": { "categorie": "pharmacy", "name": "UBI PHARM" }, "geometry": { "type": "Point", "coordinates": [ 11.510001077125066, 3.817119024549725 ] } },
{ "type": "Feature", "properties": { "categorie": "hospital", "name": "Hôpital de la CASS" }, "geometry": { "type": "Point", "coordinates": [ 11.536091638081691, 3.858214386219604 ] } },
{ "type": "Feature", "properties": { "categorie": "hospital", "name": "Hopital de District de Mbankomo" }, "geometry": { "type": "Point", "coordinates": [ 11.398519970767847, 3.786653410769088 ] } },
{ "type": "Feature", "properties": { "categorie": "marketplace", "name": "Marché de mbankomo" }, "geometry": { "type": "Point", "coordinates": [ 11.39963875654866, 3.790572709264322 ] } },
{ "type": "Feature", "properties": { "categorie": "school", "name": "Ecole primaire publique de mbankomo ( groupe 2)" }, "geometry": { "type": "Point", "coordinates": [ 11.398332792229089, 3.792656478520387 ] } },
{ "type": "Feature", "properties": { "categorie": "school", "name": "Ecole maternelle publique de mbankomo" }, "geometry": { "type": "Point", "coordinates": [ 11.398191527611266, 3.793544193840526 ] } },
{ "type": "Feature", "properties": { "categorie": "marketplace", "name": "Marché périodique de mbankomo" }, "geometry": { "type": "Point", "coordinates": [ 11.40317284241952, 3.790308598563517 ] } },
{ "type": "Feature", "properties": { "categorie": "school", "name": "Lycée bilingue de mbankomo" }, "geometry": { "type": "Point", "coordinates": [ 11.40529495959197, 3.795570274077645 ] } },
{ "type": "Feature", "properties": { "categorie": "school", "name": "Ecole publique de mbankomo groupe 3" }, "geometry": { "type": "Point", "coordinates": [ 11.409857661400405, 3.794806263964746 ] } },
{ "type": "Feature", "properties": { "categorie": "school", "name": "Lycée technique de mbankomo" }, "geometry": { "type": "Point", "coordinates": [ 11.406390965189692, 3.800606107164935 ] } },
{ "type": "Feature", "properties": { "categorie": "school", "name": "GSB HOLLY TRINITY" }, "geometry": { "type": "Point", "coordinates": [ 11.481706165898423, 3.827457922181329 ] } },
{ "type": "Feature", "properties": { "categorie": "shop_supermarket", "name": "MTN sarl" }, "geometry": { "type": "Point", "coordinates": [ 11.41935112988382, 3.788243778009342 ] } },
{ "type": "Feature", "properties": { "categorie": "marketplace", "name": "Marché de Nomayos" }, "geometry": { "type": "Point", "coordinates": [ 11.431688310060089, 3.788654291744764 ] } },
{ "type": "Feature", "properties": { "categorie": "school", "name": "Bibi Bilingual School" }, "geometry": { "type": "Point", "coordinates": [ 11.522368700955553, 3.79136407017522 ] } },
{ "type": "Feature", "properties": { "categorie": "school", "name": "Goethe-Institut Yaoundé" }, "geometry": { "type": "Point", "coordinates": [ 11.506954162313317, 3.896624720794786 ] } },
{ "type": "Feature", "properties": { "categorie": "clinic", "name": "Fondation Chantal Biya Centre et Mère Enfant" }, "geometry": { "type": "Point", "coordinates": [ 11.512043863565555, 3.870230391993222 ] } },
{ "type": "Feature", "properties": { "categorie": "hospital", "name": "Hôpital Général De Yaoundé" }, "geometry": { "type": "Point", "coordinates": [ 11.54112520016194, 3.906807088025263 ] } },
{ "type": "Feature", "properties": { "categorie": "clinic", "name": "Magrabi ICO Cameroon Eye Institute" }, "geometry": { "type": "Point", "coordinates": [ 11.448283485181506, 3.983388125303621 ] } },
{ "type": "Feature", "properties": { "categorie": "school", "name": "La Rosière Supérieure" }, "geometry": { "type": "Point", "coordinates": [ 11.481038626928139, 3.804644399497071 ] } },
{ "type": "Feature", "properties": { "categorie": "school", "name": "" }, "geometry": { "type": "Point", "coordinates": [ 11.47290779821979, 3.80539888541969 ] } },
{ "type": "Feature", "properties": { "categorie": "school", "name": "Jules Ferry" }, "geometry": { "type": "Point", "coordinates": [ 11.473625908005118, 3.821248912924524 ] } },
{ "type": "Feature", "properties": { "categorie": "school", "name": "CES de Mendong" }, "geometry": { "type": "Point", "coordinates": [ 11.463494507870191, 3.832557830719626 ] } },
{ "type": "Feature", "properties": { "categorie": "school", "name": "" }, "geometry": { "type": "Point", "coordinates": [ 11.558143930007775, 3.695494392353971 ] } },
{ "type": "Feature", "properties": { "categorie": "university", "name": "Institut universitaire des science et de management" }, "geometry": { "type": "Point", "coordinates": [ 11.511597055077985, 3.886699035637418 ] } },
{ "type": "Feature", "properties": { "categorie": "university", "name": "Institut Universitaire Iues/insam" }, "geometry": { "type": "Point", "coordinates": [ 11.541750037126333, 3.878953185592291 ] } },
{ "type": "Feature", "properties": { "categorie": "university", "name": "Institut Supérieur De Management Et Des Technologies Industrielles" }, "geometry": { "type": "Point", "coordinates": [ 11.542702616589692, 3.883233972131916 ] } },
{ "type": "Feature", "properties": { "categorie": "university", "name": "Institut Supérieur Issba" }, "geometry": { "type": "Point", "coordinates": [ 11.53751134871359, 3.880728269187767 ] } },
{ "type": "Feature", "properties": { "categorie": "school", "name": "Collège Saint-Benoît" }, "geometry": { "type": "Point", "coordinates": [ 11.509735585932933, 3.843864875999409 ] } },
{ "type": "Feature", "properties": { "categorie": "school", "name": "Lycée De Nkolmesseng" }, "geometry": { "type": "Point", "coordinates": [ 11.553056781107173, 3.880635690309655 ] } },
{ "type": "Feature", "properties": { "categorie": "school", "name": "Groupe Scolaire Bilingue Salvation" }, "geometry": { "type": "Point", "coordinates": [ 11.517274344934766, 3.976484837861616 ] } },
{ "type": "Feature", "properties": { "categorie": "marketplace", "name": "Marché des Vivres & Fruits du Parcours Vita" }, "geometry": { "type": "Point", "coordinates": [ 11.501023387887603, 3.91515332278113 ] } },
{ "type": "Feature", "properties": { "categorie": "university", "name": "Institut Supérieur de Technologie Médical" }, "geometry": { "type": "Point", "coordinates": [ 11.509322694400742, 3.952868526204024 ] } },
{ "type": "Feature", "properties": { "categorie": "hospital", "name": "Centre de santé de District de Soa" }, "geometry": { "type": "Point", "coordinates": [ 11.592438874427964, 3.973954432440737 ] } },
{ "type": "Feature", "properties": { "categorie": "university", "name": "Presses de l'IRIC" }, "geometry": { "type": "Point", "coordinates": [ 11.491440338131792, 3.854366772881169 ] } },
{ "type": "Feature", "properties": { "categorie": "bus_station", "name": "Gare Routière d'Olembé" }, "geometry": { "type": "Point", "coordinates": [ 11.537472833905154, 3.958771535500202 ] } },
{ "type": "Feature", "properties": { "categorie": "school", "name": "Greener Pastures International School" }, "geometry": { "type": "Point", "coordinates": [ 11.521419915004882, 3.80137590740301 ] } },
{ "type": "Feature", "properties": { "categorie": "marketplace", "name": "" }, "geometry": { "type": "Point", "coordinates": [ 11.511518607228535, 3.829417479184949 ] } },
{ "type": "Feature", "properties": { "categorie": "school", "name": "Centre Éducatif Bilingue le Cénacle" }, "geometry": { "type": "Point", "coordinates": [ 11.46971273715126, 3.785667513530359 ] } },
{ "type": "Feature", "properties": { "categorie": "hospital", "name": "Hôpital de district d'Efoulan" }, "geometry": { "type": "Point", "coordinates": [ 11.506243520815534, 3.834280963152681 ] } },
{ "type": "Feature", "properties": { "categorie": "school", "name": "Complexe Scolaire Internatinale la Gaieté" }, "geometry": { "type": "Point", "coordinates": [ 11.513521336035208, 3.881580538485471 ] } },
{ "type": "Feature", "properties": { "categorie": "shop_mall", "name": "Star Mall" }, "geometry": { "type": "Point", "coordinates": [ 11.513414986358629, 3.882022805022576 ] } },
{ "type": "Feature", "properties": { "categorie": "marketplace", "name": "mokolo en bas" }, "geometry": { "type": "Point", "coordinates": [ 11.499851739179807, 3.872800762272736 ] } },
{ "type": "Feature", "properties": { "categorie": "school", "name": "Les Meilleurs de Nkolnda" }, "geometry": { "type": "Point", "coordinates": [ 11.536537486717432, 3.748807107341733 ] } },
{ "type": "Feature", "properties": { "categorie": "school", "name": "École de music Nsimeyong" }, "geometry": { "type": "Point", "coordinates": [ 11.5158337, 3.8196923 ] } },
{ "type": "Feature", "properties": { "categorie": "pharmacy", "name": "" }, "geometry": { "type": "Point", "coordinates": [ 11.5447866, 3.8890955 ] } },
{ "type": "Feature", "properties": { "categorie": "pharmacy", "name": "" }, "geometry": { "type": "Point", "coordinates": [ 11.5462451, 3.9024474 ] } },
{ "type": "Feature", "properties": { "categorie": "pharmacy", "name": "Capha Vet Sarl Pharmacie Vétérinaires" }, "geometry": { "type": "Point", "coordinates": [ 11.5342397, 3.886491 ] } },
{ "type": "Feature", "properties": { "categorie": "pharmacy", "name": "La Sante" }, "geometry": { "type": "Point", "coordinates": [ 11.5322239, 3.8724589 ] } },
{ "type": "Feature", "properties": { "categorie": "pharmacy", "name": "Pharmacie Montesquieu (espace Conseils)" }, "geometry": { "type": "Point", "coordinates": [ 11.5249993, 3.8625442 ] } },
{ "type": "Feature", "properties": { "categorie": "pharmacy", "name": "Dr.iguedo's Goko" }, "geometry": { "type": "Point", "coordinates": [ 11.5399355, 3.8722753 ] } },
{ "type": "Feature", "properties": { "categorie": "pharmacy", "name": "Pharmacie Mvog Ada" }, "geometry": { "type": "Point", "coordinates": [ 11.5277271, 3.8643785 ] } },
{ "type": "Feature", "properties": { "categorie": "pharmacy", "name": "Pharmacie De L'arche" }, "geometry": { "type": "Point", "coordinates": [ 11.5295865, 3.8663421 ] } },
{ "type": "Feature", "properties": { "categorie": "pharmacy", "name": "Pharmacie Le Bon Berger" }, "geometry": { "type": "Point", "coordinates": [ 11.5388462, 3.8813214 ] } },
{ "type": "Feature", "properties": { "categorie": "pharmacy", "name": "Pharmacie De La Rosée" }, "geometry": { "type": "Point", "coordinates": [ 11.5568303, 3.9002316 ] } },
{ "type": "Feature", "properties": { "categorie": "pharmacy", "name": "Pharmacie de La Chapelle" }, "geometry": { "type": "Point", "coordinates": [ 11.5497167, 3.8988401 ] } },
{ "type": "Feature", "properties": { "categorie": "pharmacy", "name": "Pharmacie Le Cygne" }, "geometry": { "type": "Point", "coordinates": [ 11.5303784, 3.8618149 ] } },
{ "type": "Feature", "properties": { "categorie": "pharmacy", "name": "Complexe Miss Ngou" }, "geometry": { "type": "Point", "coordinates": [ 11.5583002, 3.8878926 ] } },
{ "type": "Feature", "properties": { "categorie": "pharmacy", "name": "Pharmacie De La Cité" }, "geometry": { "type": "Point", "coordinates": [ 11.5517932, 3.8851982 ] } },
{ "type": "Feature", "properties": { "categorie": "pharmacy", "name": "Médicament Vétérinaire" }, "geometry": { "type": "Point", "coordinates": [ 11.5277825, 3.8689175 ] } },
{ "type": "Feature", "properties": { "categorie": "pharmacy", "name": "Pharmacie du Lycée Bilingue" }, "geometry": { "type": "Point", "coordinates": [ 11.5496417, 3.8785935 ] } },
{ "type": "Feature", "properties": { "categorie": "pharmacy", "name": "Phamarcie Athera" }, "geometry": { "type": "Point", "coordinates": [ 11.5474852, 3.8867912 ] } },
{ "type": "Feature", "properties": { "categorie": "pharmacy", "name": "Pro-pharmacie" }, "geometry": { "type": "Point", "coordinates": [ 11.5665114, 3.9071578 ] } },
{ "type": "Feature", "properties": { "categorie": "pharmacy", "name": "Santé St Victor" }, "geometry": { "type": "Point", "coordinates": [ 11.5616834, 3.9128037 ] } },
{ "type": "Feature", "properties": { "categorie": "pharmacy", "name": "La Médecine Naturelle De Maman Nettoyage" }, "geometry": { "type": "Point", "coordinates": [ 11.56052, 3.924255 ] } },
{ "type": "Feature", "properties": { "categorie": "shop_supermarket", "name": "SONECO" }, "geometry": { "type": "Point", "coordinates": [ 11.5371511, 3.8868143 ] } },
{ "type": "Feature", "properties": { "categorie": "shop_supermarket", "name": "Kenza Market" }, "geometry": { "type": "Point", "coordinates": [ 11.5438497, 3.8758702 ] } },
{ "type": "Feature", "properties": { "categorie": "shop_supermarket", "name": "Le Best" }, "geometry": { "type": "Point", "coordinates": [ 11.5308923, 3.8675021 ] } },
{ "type": "Feature", "properties": { "categorie": "shop_supermarket", "name": "Fokou" }, "geometry": { "type": "Point", "coordinates": [ 11.5340137, 3.8705127 ] } },
{ "type": "Feature", "properties": { "categorie": "shop_supermarket", "name": "" }, "geometry": { "type": "Point", "coordinates": [ 11.5046693, 3.8679 ] } }
]
}
