{
"type": "FeatureCollection",
"name": "hexagones",
"crs": { "type": "name", "properties": { "name": "urn:ogc:def:crs:OGC:1.3:CRS84" } },
"features": [
{ "type": "Feature", "properties": { "cell_id": "8858db4db3fffff", "arrondissement": "Yaoundé V", "profil_marche": "Quartier d'activite mixte", "score_potentiel_brut": 67.31, "score_potentiel_net": 67.24, "rang_net": 1, "dist_min_m": 2994.0, "enseigne_plus_proche": "AFRILAND FIRST BANK", "nb_batiments": 1402, "dens_bat_km2": 2085.0, "dens_route_m_km2": 28550.0, "nb_commerces": 52, "nb_education": 10, "nb_sante": 5, "nb_banques": 0, "nb_restauration": 38, "nb_bureaux": 1, "nb_transport": 1, "nb_loisirs": 0, "nb_lieux_culte": 2, "nb_axes_structurants": 10, "longueur_principale_m": 0.0, "dens_commerces_km2": 77.3, "lat": 3.900964, "lon": 11.569003 }, "geometry": { "type": "Polygon", "coordinates": [ [ [ 11.571559944908959, 3.897407688805101 ], [ 11.573588038222852, 3.901693012377004 ], [ 11.571030594146494, 3.905248918913167 ], [ 11.566445292514022, 3.904519621395413 ], [ 11.564417251518904, 3.900234554812744 ], [ 11.566974459822806, 3.896678528765922 ], [ 11.571559944908959, 3.897407688805101 ] ] ] } },
{ "type": "Feature", "properties": { "cell_id": "8858db4dbbfffff", "arrondissement": "Yaoundé V", "profil_marche": "Quartier d'activite mixte", "score_potentiel_brut": 63.16, "score_potentiel_net": 62.23, "rang_net": 2, "dist_min_m": 2916.0, "enseigne_plus_proche": "Guichet Éléctronique Bicec", "nb_batiments": 1144, "dens_bat_km2": 1702.0, "dens_route_m_km2": 22084.0, "nb_commerces": 60, "nb_education": 8, "nb_sante": 3, "nb_banques": 0, "nb_restauration": 32, "nb_bureaux": 1, "nb_transport": 2, "nb_loisirs": 6, "nb_lieux_culte": 0, "nb_axes_structurants": 7, "longueur_principale_m": 0.0, "dens_commerces_km2": 89.2, "lat": 3.908805, "lon": 11.568473 }, "geometry": { "type": "Polygon", "coordinates": [ [ [ 11.571030594146494, 3.905248918913167 ], [ 11.573058615543927, 3.909533944366785 ], [ 11.57050128300363, 3.913089415313868 ], [ 11.565916164810991, 3.912359980362224 ], [ 11.563888195733515, 3.908075211890083 ], [ 11.566445292514022, 3.904519621395413 ], [ 11.571030594146494, 3.905248918913167 ] ] ] } },
{ "type": "Feature", "properties": { "cell_id": "88828b4ce3fffff", "arrondissement": "Yaoundé VII", "profil_marche": "Centre structure commercant", "score_potentiel_brut": 61.3, "score_potentiel_net": 61.3, "rang_net": 3, "dist_min_m": 3325.0, "enseigne_plus_proche": "Afriland First Bank", "nb_batiments": 755, "dens_bat_km2": 1125.0, "dens_route_m_km2": 23904.0, "nb_commerces": 35, "nb_education": 4, "nb_sante": 2, "nb_banques": 0, "nb_restauration": 17, "nb_bureaux": 1, "nb_transport": 0, "nb_loisirs": 1, "nb_lieux_culte": 3, "nb_axes_structurants": 3, "longueur_principale_m": 1956.0, "dens_commerces_km2": 52.2, "lat": 3.874078, "lon": 11.424926 }, "geometry": { "type": "Polygon", "coordinates": [ [ [ 11.427477796923661, 3.870523629469536 ], [ 11.429505569957538, 3.874806819599862 ], [ 11.426954200948369, 3.878360873602426 ], [ 11.422375295690022, 3.877631856281175 ], [ 11.420347576285103, 3.873348923857904 ], [ 11.422898708494989, 3.869794751056269 ], [ 11.427477796923661, 3.870523629469536 ] ] ] } },
{ "type": "Feature", "properties": { "cell_id": "88828b4c27fffff", "arrondissement": "Yaoundé VII", "profil_marche": "Quartier d'activite mixte", "score_potentiel_brut": 71.12, "score_potentiel_net": 60.27, "rang_net": 4, "dist_min_m": 2128.0, "enseigne_plus_proche": "Afriland First Bank", "nb_batiments": 1811, "dens_bat_km2": 2696.0, "dens_route_m_km2": 25699.0, "nb_commerces": 68, "nb_education": 7, "nb_sante": 7, "nb_banques": 0, "nb_restauration": 40, "nb_bureaux": 9, "nb_transport": 3, "nb_loisirs": 1, "nb_lieux_culte": 2, "nb_axes_structurants": 5, "longueur_principale_m": 0.0, "dens_commerces_km2": 101.2, "lat": 3.877813, "lon": 11.47328 }, "geometry": { "type": "Polygon", "coordinates": [ [ [ 11.475833468769688, 3.874257647353658 ], [ 11.477861399509141, 3.878541750128168 ], [ 11.475307929277767, 3.882096713591903 ], [ 11.470726764759389, 3.881367693300114 ], [ 11.468698887212307, 3.877083847999462 ], [ 11.471252120976605, 3.873528765524124 ], [ 11.475833468769688, 3.874257647353658 ] ] ] } },
{ "type": "Feature", "properties": { "cell_id": "88828b48a7fffff", "arrondissement": "Yaoundé V", "profil_marche": "Centre structure commercant", "score_potentiel_brut": 61.02, "score_potentiel_net": 58.63, "rang_net": 5, "dist_min_m": 2776.0, "enseigne_plus_proche": "AFRILAND FIRST BANK", "nb_batiments": 1415, "dens_bat_km2": 2104.0, "dens_route_m_km2": 29661.0, "nb_commerces": 34, "nb_education": 9, "nb_sante": 3, "nb_banques": 0, "nb_restauration": 19, "nb_bureaux": 3, "nb_transport": 0, "nb_loisirs": 0, "nb_lieux_culte": 0, "nb_axes_structurants": 11, "longueur_principale_m": 0.0, "dens_commerces_km2": 50.6, "lat": 3.893122, "lon": 11.569532 }, "geometry": { "type": "Polygon", "coordinates": [ [ [ 11.572089335295356, 3.889565725182428 ], [ 11.57411750053045, 3.893851346753854 ], [ 11.571559944908959, 3.897407688805101 ], [ 11.566974459822806, 3.896678528765922 ], [ 11.56494634690532, 3.892393164191438 ], [ 11.567503666741681, 3.888836702666504 ], [ 11.572089335295356, 3.889565725182428 ] ] ] } },
{ "type": "Feature", "properties": { "cell_id": "88828b4d89fffff", "arrondissement": "Yaoundé VII", "profil_marche": "Centre structure commercant", "score_potentiel_brut": 61.58, "score_potentiel_net": 58.46, "rang_net": 6, "dist_min_m": 2710.0, "enseigne_plus_proche": "MC2 Le Grenier de la communaute de Lboudi", "nb_batiments": 711, "dens_bat_km2": 1059.0, "dens_route_m_km2": 20741.0, "nb_commerces": 36, "nb_education": 6, "nb_sante": 2, "nb_banques": 0, "nb_restauration": 29, "nb_bureaux": 1, "nb_transport": 4, "nb_loisirs": 0, "nb_lieux_culte": 4, "nb_axes_structurants": 1, "longueur_principale_m": 3539.0, "dens_commerces_km2": 53.6, "lat": 3.899138, "lon": 11.457963 }, "geometry": { "type": "Polygon", "coordinates": [ [ [ 11.460515192948264, 3.895584777129452 ], [ 11.462542873300398, 3.899867770719209 ], [ 11.459990321115496, 3.903421229952227 ], [ 11.455410325089478, 3.902691814659937 ], [ 11.453382698057519, 3.898409078588513 ], [ 11.455935013716802, 3.89485550029843 ], [ 11.460515192948264, 3.895584777129452 ] ] ] } },
{ "type": "Feature", "properties": { "cell_id": "88828b4dc3fffff", "arrondissement": "Yaoundé VII", "profil_marche": "Quartier d'activite mixte", "score_potentiel_brut": 67.82, "score_potentiel_net": 57.11, "rang_net": 7, "dist_min_m": 2097.0, "enseigne_plus_proche": "Afriland First Bank", "nb_batiments": 873, "dens_bat_km2": 1300.0, "dens_route_m_km2": 29060.0, "nb_commerces": 45, "nb_education": 9, "nb_sante": 4, "nb_banques": 0, "nb_restauration": 24, "nb_bureaux": 5, "nb_transport": 2, "nb_loisirs": 0, "nb_lieux_culte": 7, "nb_axes_structurants": 4, "longueur_principale_m": 3539.0, "dens_commerces_km2": 67.0, "lat": 3.891302, "lon": 11.458487 }, "geometry": { "type": "Polygon", "coordinates": [ [ [ 11.461040104064296, 3.887747591482522 ], [ 11.463067856383903, 3.892030882235137 ], [ 11.460515192948264, 3.895584777129452 ], [ 11.455935013716802, 3.89485550029843 ], [ 11.453907314716348, 3.890572467071968 ], [ 11.456459741613589, 3.887018453157758 ], [ 11.461040104064296, 3.887747591482522 ] ] ] } },
{ "type": "Feature", "properties": { "cell_id": "8858db4c25fffff", "arrondissement": "Yaoundé I", "profil_marche": "Peripherie residentielle", "score_potentiel_brut": 56.29, "score_potentiel_net": 56.29, "rang_net": 8, "dist_min_m": 3240.0, "enseigne_plus_proche": "Guichet SGC", "nb_batiments": 672, "dens_bat_km2": 1001.0, "dens_route_m_km2": 30010.0, "nb_commerces": 1, "nb_education": 3, "nb_sante": 2, "nb_banques": 0, "nb_restauration": 0, "nb_bureaux": 0, "nb_transport": 2, "nb_loisirs": 0, "nb_lieux_culte": 0, "nb_axes_structurants": 6, "longueur_principale_m": 6721.0, "dens_commerces_km2": 1.5, "lat": 3.954275, "lon": 11.53066 }, "geometry": { "type": "Polygon", "coordinates": [ [ [ 11.533214962668728, 3.950722747568748 ], [ 11.535242434193487, 3.955005294310572 ], [ 11.53268728384908, 3.95855744051963 ], [ 11.528104897886687, 3.957827159616878 ], [ 11.526077479001964, 3.953544869975997 ], [ 11.528632393424928, 3.949992604144242 ], [ 11.533214962668728, 3.950722747568748 ] ] ] } },
{ "type": "Feature", "properties": { "cell_id": "88828b4f6dfffff", "arrondissement": "Yaoundé IV", "profil_marche": "Peripherie residentielle", "score_potentiel_brut": 56.52, "score_potentiel_net": 56.29, "rang_net": 9, "dist_min_m": 2976.0, "enseigne_plus_proche": "Afriland First bank", "nb_batiments": 921, "dens_bat_km2": 1369.0, "dens_route_m_km2": 26500.0, "nb_commerces": 2, "nb_education": 2, "nb_sante": 1, "nb_banques": 0, "nb_restauration": 1, "nb_bureaux": 0, "nb_transport": 1, "nb_loisirs": 0, "nb_lieux_culte": 0, "nb_axes_structurants": 14, "longueur_principale_m": 1745.0, "dens_commerces_km2": 3.0, "lat": 3.828827, "lon": 11.539106 }, "geometry": { "type": "Polygon", "coordinates": [ [ [ 11.541663197049267, 3.825267882650502 ], [ 11.543691819595422, 3.829555192003283 ], [ 11.54113488590675, 3.833114306442607 ], [ 11.536549565781915, 3.832386230566562 ], [ 11.534520995857687, 3.828099178438473 ], [ 11.53707769342166, 3.824539944969073 ], [ 11.541663197049267, 3.825267882650502 ] ] ] } },
{ "type": "Feature", "properties": { "cell_id": "88828b4ab7fffff", "arrondissement": "Yaoundé IV", "profil_marche": "Peripherie residentielle", "score_potentiel_brut": 58.27, "score_potentiel_net": 56.04, "rang_net": 10, "dist_min_m": 2781.0, "enseigne_plus_proche": "Mutuelle Epargne Crédit", "nb_batiments": 1273, "dens_bat_km2": 1892.0, "dens_route_m_km2": 29390.0, "nb_commerces": 1, "nb_education": 2, "nb_sante": 1, "nb_banques": 0, "nb_restauration": 0, "nb_bureaux": 1, "nb_transport": 1, "nb_loisirs": 0, "nb_lieux_culte": 0, "nb_axes_structurants": 5, "longueur_principale_m": 4537.0, "dens_commerces_km2": 1.5, "lat": 3.838858, "lon": 11.552335 }, "geometry": { "type": "Polygon", "coordinates": [ [ [ 11.554892080021856, 3.835298575628527 ], [ 11.556920663682844, 3.839585805648435 ], [ 11.554363257910403, 3.843144681872468 ], [ 11.549777504476586, 3.842416447217461 ], [ 11.54774897331348, 3.838129474346504 ], [ 11.55030614307163, 3.834570478988957 ], [ 11.554892080021856, 3.835298575628527 ] ] ] } },
{ "type": "Feature", "properties": { "cell_id": "88828b4c21fffff", "arrondissement": "Yaoundé VII", "profil_marche": "Quartier d'activite mixte", "score_potentiel_brut": 65.91, "score_potentiel_net": 55.8, "rang_net": 11, "dist_min_m": 2124.0, "enseigne_plus_proche": "Afriland First Bank", "nb_batiments": 1063, "dens_bat_km2": 1583.0, "dens_route_m_km2": 25373.0, "nb_commerces": 14, "nb_education": 6, "nb_sante": 1, "nb_banques": 0, "nb_restauration": 7, "nb_bureaux": 2, "nb_transport": 1, "nb_loisirs": 1, "nb_lieux_culte": 3, "nb_axes_structurants": 3, "longueur_principale_m": 5236.0, "dens_commerces_km2": 20.8, "lat": 3.869973, "lon": 11.473806 }, "geometry": { "type": "Polygon", "coordinates": [ [ [ 11.476359047599344, 3.866417848734413 ], [ 11.478387050313673, 3.870702248449712 ], [ 11.475833468769688, 3.874257647353658 ], [ 11.471252120976605, 3.873528765524124 ], [ 11.469224171453599, 3.869244623290415 ], [ 11.471777516517735, 3.865689105412031 ], [ 11.476359047599344, 3.866417848734413 ] ] ] } },
{ "type": "Feature", "properties": { "cell_id": "88828b4e6dfffff", "arrondissement": "Yaoundé III", "profil_marche": "Centre structure commercant", "score_potentiel_brut": 56.42, "score_potentiel_net": 55.74, "rang_net": 12, "dist_min_m": 2931.0, "enseigne_plus_proche": "Afriland First Bank Damas", "nb_batiments": 640, "dens_bat_km2": 951.0, "dens_route_m_km2": 21794.0, "nb_commerces": 1, "nb_education": 2, "nb_sante": 1, "nb_banques": 0, "nb_restauration": 3, "nb_bureaux": 0, "nb_transport": 1, "nb_loisirs": 0, "nb_lieux_culte": 1, "nb_axes_structurants": 6, "longueur_principale_m": 2836.0, "dens_commerces_km2": 1.5, "lat": 3.793722, "lon": 11.492813 }, "geometry": { "type": "Polygon", "coordinates": [ [ [ 11.49536833222917, 3.790161735461103 ], [ 11.497397089105585, 3.794449317291168 ], [ 11.494841809447543, 3.798009263853675 ], [ 11.490258009408802, 3.797281747260904 ], [ 11.488229305588119, 3.792994422919889 ], [ 11.490784348735769, 3.789434357689969 ], [ 11.49536833222917, 3.790161735461103 ] ] ] } },
{ "type": "Feature", "properties": { "cell_id": "88828b48ebfffff", "arrondissement": "Yaoundé IV", "profil_marche": "Peripherie residentielle", "score_potentiel_brut": 57.72, "score_potentiel_net": 55.64, "rang_net": 13, "dist_min_m": 2794.0, "enseigne_plus_proche": "ACEP", "nb_batiments": 1493, "dens_bat_km2": 2219.0, "dens_route_m_km2": 31128.0, "nb_commerces": 1, "nb_education": 4, "nb_sante": 2, "nb_banques": 0, "nb_restauration": 0, "nb_bureaux": 0, "nb_transport": 0, "nb_loisirs": 0, "nb_lieux_culte": 0, "nb_axes_structurants": 5, "longueur_principale_m": 5912.0, "dens_commerces_km2": 1.5, "lat": 3.861749, "lon": 11.571649 }, "geometry": { "type": "Polygon", "coordinates": [ [ [ 11.574207293167516, 3.858190539406257 ], [ 11.57623574613482, 3.86247735178688 ], [ 11.573677744241778, 3.866035435156673 ], [ 11.569091525202532, 3.865306825478715 ], [ 11.567063124548154, 3.861020270125631 ], [ 11.569620890605405, 3.857462067430292 ], [ 11.574207293167516, 3.858190539406257 ] ] ] } },
{ "type": "Feature", "properties": { "cell_id": "88828b4ab1fffff", "arrondissement": "Yaoundé IV", "profil_marche": "Peripherie residentielle", "score_potentiel_brut": 54.99, "score_potentiel_net": 54.99, "rang_net": 14, "dist_min_m": 3628.0, "enseigne_plus_proche": "Mutuelle Epargne Crédit", "nb_batiments": 864, "dens_bat_km2": 1284.0, "dens_route_m_km2": 29869.0, "nb_commerces": 2, "nb_education": 1, "nb_sante": 1, "nb_banques": 0, "nb_restauration": 0, "nb_bureaux": 0, "nb_transport": 1, "nb_loisirs": 0, "nb_lieux_culte": 0, "nb_axes_structurants": 5, "longueur_principale_m": 6527.0, "dens_commerces_km2": 3.0, "lat": 3.831011, "lon": 11.552863 }, "geometry": { "type": "Polygon", "coordinates": [ [ [ 11.555420941727654, 3.827451737521493 ], [ 11.557449597356008, 3.831739264446603 ], [ 11.554892080021856, 3.835298575628527 ], [ 11.55030614307163, 3.834570478988957 ], [ 11.548277539940001, 3.830283209220266 ], [ 11.550834821247172, 3.826723778942045 ], [ 11.555420941727654, 3.827451737521493 ] ] ] } },
{ "type": "Feature", "properties": { "cell_id": "88828b4f47fffff", "arrondissement": "Yaoundé IV", "profil_marche": "Peripherie residentielle", "score_potentiel_brut": 55.55, "score_potentiel_net": 54.91, "rang_net": 15, "dist_min_m": 2935.0, "enseigne_plus_proche": "Vision Finance Odja", "nb_batiments": 854, "dens_bat_km2": 1269.0, "dens_route_m_km2": 21900.0, "nb_commerces": 1, "nb_education": 2, "nb_sante": 1, "nb_banques": 0, "nb_restauration": 0, "nb_bureaux": 0, "nb_transport": 4, "nb_loisirs": 1, "nb_lieux_culte": 0, "nb_axes_structurants": 8, "longueur_principale_m": 2558.0, "dens_commerces_km2": 1.5, "lat": 3.821628, "lon": 11.518738 }, "geometry": { "type": "Polygon", "coordinates": [ [ [ 11.521293808502199, 3.818069043239942 ], [ 11.523322416963094, 3.822356173966468 ], [ 11.520766303303065, 3.825915210494505 ], [ 11.516181817444847, 3.825187235215442 ], [ 11.514153261792941, 3.820900361819585 ], [ 11.516709139175587, 3.817341206379465 ], [ 11.521293808502199, 3.818069043239942 ] ] ] } },
{ "type": "Feature", "properties": { "cell_id": "88828b48a1fffff", "arrondissement": "Yaoundé V", "profil_marche": "Centre structure commercant", "score_potentiel_brut": 55.42, "score_potentiel_net": 53.63, "rang_net": 16, "dist_min_m": 2815.0, "enseigne_plus_proche": "AFRILAND FIRST BANK", "nb_batiments": 1254, "dens_bat_km2": 1864.0, "dens_route_m_km2": 27862.0, "nb_commerces": 9, "nb_education": 7, "nb_sante": 0, "nb_banques": 0, "nb_restauration": 4, "nb_bureaux": 0, "nb_transport": 0, "nb_loisirs": 1, "nb_lieux_culte": 1, "nb_axes_structurants": 2, "longueur_principale_m": 0.0, "dens_commerces_km2": 13.4, "lat": 3.88528, "lon": 11.570061 }, "geometry": { "type": "Polygon", "coordinates": [ [ [ 11.572618765310056, 3.88172302823805 ], [ 11.574647002471069, 3.886008947690183 ], [ 11.572089335295356, 3.889565725182428 ], [ 11.567503666741681, 3.888836702666504 ], [ 11.565475481897092, 3.884551040219026 ], [ 11.568032913275031, 3.880994143290106 ], [ 11.572618765310056, 3.88172302823805 ] ] ] } },
{ "type": "Feature", "properties": { "cell_id": "88828b4dc1fffff", "arrondissement": "Yaoundé VII", "profil_marche": "Centre structure commercant", "score_potentiel_brut": 62.6, "score_potentiel_net": 52.95, "rang_net": 17, "dist_min_m": 2119.0, "enseigne_plus_proche": "Afriland First Bank", "nb_batiments": 1294, "dens_bat_km2": 1927.0, "dens_route_m_km2": 29405.0, "nb_commerces": 26, "nb_education": 8, "nb_sante": 5, "nb_banques": 0, "nb_restauration": 9, "nb_bureaux": 2, "nb_transport": 0, "nb_loisirs": 0, "nb_lieux_culte": 3, "nb_axes_structurants": 2, "longueur_principale_m": 0.0, "dens_commerces_km2": 38.7, "lat": 3.888477, "lon": 11.465621 }, "geometry": { "type": "Polygon", "coordinates": [ [ [ 11.468173642285867, 3.884922340298468 ], [ 11.470201447861779, 3.889205888547217 ], [ 11.467648436669922, 3.892760099994693 ], [ 11.463067856383903, 3.892030882235137 ], [ 11.461040104064296, 3.887747591482522 ], [ 11.463592878759771, 3.884193261000695 ], [ 11.468173642285867, 3.884922340298468 ] ] ] } },
{ "type": "Feature", "properties": { "cell_id": "88828b4ce7fffff", "arrondissement": "Yaoundé VII", "profil_marche": "Centre structure commercant", "score_potentiel_brut": 55.39, "score_potentiel_net": 52.34, "rang_net": 18, "dist_min_m": 2685.0, "enseigne_plus_proche": "Afriland First Bank", "nb_batiments": 837, "dens_bat_km2": 1247.0, "dens_route_m_km2": 20801.0, "nb_commerces": 10, "nb_education": 4, "nb_sante": 1, "nb_banques": 0, "nb_restauration": 6, "nb_bureaux": 1, "nb_transport": 0, "nb_loisirs": 0, "nb_lieux_culte": 1, "nb_axes_structurants": 1, "longueur_principale_m": 1680.0, "dens_commerces_km2": 14.9, "lat": 3.87909, "lon": 11.431533 }, "geometry": { "type": "Polygon", "coordinates": [ [ [ 11.434084876768173, 3.875535777922031 ], [ 11.436112631377675, 3.879818929072836 ], [ 11.433561025623884, 3.883372864224693 ], [ 11.428981901990637, 3.88264376708388 ], [ 11.426954200948369, 3.878360873602426 ], [ 11.429505569957538, 3.874806819599862 ], [ 11.434084876768173, 3.875535777922031 ] ] ] } },
{ "type": "Feature", "properties": { "cell_id": "8858db4db9fffff", "arrondissement": "Yaoundé V", "profil_marche": "Centre structure commercant", "score_potentiel_brut": 61.08, "score_potentiel_net": 52.31, "rang_net": 19, "dist_min_m": 2179.0, "enseigne_plus_proche": "Guichet Éléctronique Bicec", "nb_batiments": 834, "dens_bat_km2": 1241.0, "dens_route_m_km2": 29012.0, "nb_commerces": 39, "nb_education": 5, "nb_sante": 3, "nb_banques": 0, "nb_restauration": 16, "nb_bureaux": 1, "nb_transport": 0, "nb_loisirs": 3, "nb_lieux_culte": 2, "nb_axes_structurants": 2, "longueur_principale_m": 0.0, "dens_commerces_km2": 58.0, "lat": 3.911631, "lon": 11.561331 }, "geometry": { "type": "Polygon", "coordinates": [ [ [ 11.563888195733515, 3.908075211890083 ], [ 11.565916164810991, 3.912359980362224 ], [ 11.563359179544767, 3.915915135230751 ], [ 11.558774460988728, 3.91518564116755 ], [ 11.556746544294375, 3.91090112970718 ], [ 11.559303293758239, 3.907345855305547 ], [ 11.563888195733515, 3.908075211890083 ] ] ] } },
{ "type": "Feature", "properties": { "cell_id": "88828b4f45fffff", "arrondissement": "Yaoundé IV", "profil_marche": "Peripherie residentielle", "score_potentiel_brut": 55.92, "score_potentiel_net": 52.21, "rang_net": 20, "dist_min_m": 2621.0, "enseigne_plus_proche": "Vision Finance Odja", "nb_batiments": 730, "dens_bat_km2": 1085.0, "dens_route_m_km2": 23369.0, "nb_commerces": 0, "nb_education": 1, "nb_sante": 1, "nb_banques": 0, "nb_restauration": 0, "nb_bureaux": 0, "nb_transport": 1, "nb_loisirs": 7, "nb_lieux_culte": 1, "nb_axes_structurants": 14, "longueur_principale_m": 3726.0, "dens_commerces_km2": 0.0, "lat": 3.818797, "lon": 11.525879 }, "geometry": { "type": "Polygon", "coordinates": [ [ [ 11.528435103510995, 3.815237350137086 ], [ 11.530463764717819, 3.819524738163969 ], [ 11.527907303333702, 3.823084090611712 ], [ 11.523322416963094, 3.822356173966468 ], [ 11.521293808502199, 3.818069043239942 ], [ 11.523850033651287, 3.814509571865625 ], [ 11.528435103510995, 3.815237350137086 ] ] ] } },
{ "type": "Feature", "properties": { "cell_id": "8858db4db1fffff", "arrondissement": "Yaoundé V", "profil_marche": "Quartier d'activite mixte", "score_potentiel_brut": 60.19, "score_potentiel_net": 51.76, "rang_net": 21, "dist_min_m": 2200.0, "enseigne_plus_proche": "Guichet Éléctronique Bicec", "nb_batiments": 1746, "dens_bat_km2": 2597.0, "dens_route_m_km2": 37220.0, "nb_commerces": 89, "nb_education": 6, "nb_sante": 9, "nb_banques": 1, "nb_restauration": 40, "nb_bureaux": 2, "nb_transport": 1, "nb_loisirs": 0, "nb_lieux_culte": 0, "nb_axes_structurants": 12, "longueur_principale_m": 0.0, "dens_commerces_km2": 132.4, "lat": 3.90379, "lon": 11.56186 }, "geometry": { "type": "Polygon", "coordinates": [ [ [ 11.564417251518904, 3.900234554812744 ], [ 11.566445292514022, 3.904519621395413 ], [ 11.563888195733515, 3.908075211890083 ], [ 11.559303293758239, 3.907345855305547 ], [ 11.557275305145081, 3.903061045742425 ], [ 11.559832166110564, 3.899505335751612 ], [ 11.564417251518904, 3.900234554812744 ] ] ] } },
{ "type": "Feature", "properties": { "cell_id": "88828b4c23fffff", "arrondissement": "Yaoundé VII", "profil_marche": "Quartier d'activite mixte", "score_potentiel_brut": 72.01, "score_potentiel_net": 50.76, "rang_net": 22, "dist_min_m": 1314.0, "enseigne_plus_proche": "Afriland First Bank", "nb_batiments": 1012, "dens_bat_km2": 1507.0, "dens_route_m_km2": 28620.0, "nb_commerces": 41, "nb_education": 9, "nb_sante": 7, "nb_banques": 0, "nb_restauration": 29, "nb_bureaux": 2, "nb_transport": 7, "nb_loisirs": 10, "nb_lieux_culte": 5, "nb_axes_structurants": 3, "longueur_principale_m": 4301.0, "dens_commerces_km2": 61.0, "lat": 3.8728, "lon": 11.466671 }, "geometry": { "type": "Polygon", "coordinates": [ [ [ 11.469224171453599, 3.869244623290415 ], [ 11.471252120976605, 3.873528765524124 ], [ 11.468698887212307, 3.877083847999462 ], [ 11.464117940432342, 3.876354907208453 ], [ 11.462090044163524, 3.872071022486363 ], [ 11.464643041405889, 3.86851582105106 ], [ 11.469224171453599, 3.869244623290415 ] ] ] } },
{ "type": "Feature", "properties": { "cell_id": "8858db4d89fffff", "arrondissement": "Yaoundé I", "profil_marche": "Centre structure commercant", "score_potentiel_brut": 52.31, "score_potentiel_net": 50.66, "rang_net": 23, "dist_min_m": 2819.0, "enseigne_plus_proche": "Guichet Éléctronique Bicec", "nb_batiments": 746, "dens_bat_km2": 1110.0, "dens_route_m_km2": 29060.0, "nb_commerces": 2, "nb_education": 2, "nb_sante": 3, "nb_banques": 0, "nb_restauration": 3, "nb_bureaux": 0, "nb_transport": 0, "nb_loisirs": 1, "nb_lieux_culte": 0, "nb_axes_structurants": 6, "longueur_principale_m": 0.0, "dens_commerces_km2": 3.0, "lat": 3.930133, "lon": 11.553133 }, "geometry": { "type": "Polygon", "coordinates": [ [ [ 11.555689141309783, 3.926579096146636 ], [ 11.557716914180764, 3.930863011045719 ], [ 11.55516049916719, 3.934416978236545 ], [ 11.550576547087484, 3.933687150128029 ], [ 11.548548826665066, 3.92940349225529 ], [ 11.551105005859089, 3.925849405472023 ], [ 11.555689141309783, 3.926579096146636 ] ] ] } },
{ "type": "Feature", "properties": { "cell_id": "88828b4dddfffff", "arrondissement": "Yaoundé VII", "profil_marche": "Quartier d'activite mixte", "score_potentiel_brut": 67.18, "score_potentiel_net": 50.07, "rang_net": 24, "dist_min_m": 1544.0, "enseigne_plus_proche": "Afriland First Bank", "nb_batiments": 1199, "dens_bat_km2": 1786.0, "dens_route_m_km2": 28570.0, "nb_commerces": 47, "nb_education": 7, "nb_sante": 4, "nb_banques": 0, "nb_restauration": 25, "nb_bureaux": 3, "nb_transport": 1, "nb_loisirs": 0, "nb_lieux_culte": 4, "nb_axes_structurants": 1, "longueur_principale_m": 3539.0, "dens_commerces_km2": 70.0, "lat": 3.886289, "lon": 11.45188 }, "geometry": { "type": "Polygon", "coordinates": [ [ [ 11.454431970639867, 3.882735122894946 ], [ 11.456459741613589, 3.887018453157758 ], [ 11.453907314716348, 3.890572467071968 ], [ 11.449327353423993, 3.889843269699113 ], [ 11.4472996358312, 3.885560197000232 ], [ 11.449851826135243, 3.882006064117673 ], [ 11.454431970639867, 3.882735122894946 ] ] ] } },
{ "type": "Feature", "properties": { "cell_id": "8858db4c21fffff", "arrondissement": "Yaoundé I", "profil_marche": "Peripherie residentielle", "score_potentiel_brut": 49.64, "score_potentiel_net": 49.64, "rang_net": 25, "dist_min_m": 4043.0, "enseigne_plus_proche": "Guichet SGC", "nb_batiments": 813, "dens_bat_km2": 1211.0, "dens_route_m_km2": 29356.0, "nb_commerces": 0, "nb_education": 0, "nb_sante": 0, "nb_banques": 0, "nb_restauration": 0, "nb_bureaux": 0, "nb_transport": 2, "nb_loisirs": 0, "nb_lieux_culte": 1, "nb_axes_structurants": 4, "longueur_principale_m": 7672.0, "dens_commerces_km2": 0.0, "lat": 3.959288, "lon": 11.53727 }, "geometry": { "type": "Polygon", "coordinates": [ [ [ 11.539825220045167, 3.955735515838795 ], [ 11.541852672249545, 3.960018020972246 ], [ 11.539297286038758, 3.963570047507292 ], [ 11.534714683475343, 3.962839688590239 ], [ 11.53268728384908, 3.95855744051963 ], [ 11.535242434193487, 3.955005294310572 ], [ 11.539825220045167, 3.955735515838795 ] ] ] } },
{ "type": "Feature", "properties": { "cell_id": "88828b4ce1fffff", "arrondissement": "Yaoundé VII", "profil_marche": "Centre structure commercant", "score_potentiel_brut": 54.01, "score_potentiel_net": 49.59, "rang_net": 26, "dist_min_m": 2532.0, "enseigne_plus_proche": "Afriland First Bank", "nb_batiments": 618, "dens_bat_km2": 921.0, "dens_route_m_km2": 22768.0, "nb_commerces": 28, "nb_education": 2, "nb_sante": 3, "nb_banques": 0, "nb_restauration": 20, "nb_bureaux": 0, "nb_transport": 0, "nb_loisirs": 0, "nb_lieux_culte": 1, "nb_axes_structurants": 1, "longueur_principale_m": 1680.0, "dens_commerces_km2": 41.7, "lat": 3.871253, "lon": 11.432057 }, "geometry": { "type": "Polygon", "coordinates": [ [ [ 11.434608767121411, 3.867697959450167 ], [ 11.436636593721525, 3.87198140725762 ], [ 11.434084876768173, 3.875535777922031 ], [ 11.429505569957538, 3.874806819599862 ], [ 11.427477796923661, 3.870523629469536 ], [ 11.430029277119571, 3.866969139991661 ], [ 11.434608767121411, 3.867697959450167 ] ] ] } },
{ "type": "Feature", "properties": { "cell_id": "8858db4d8bfffff", "arrondissement": "Yaoundé V", "profil_marche": "Centre structure commercant", "score_potentiel_brut": 49.43, "score_potentiel_net": 49.43, "rang_net": 27, "dist_min_m": 3001.0, "enseigne_plus_proche": "Guichet Éléctronique Bicec", "nb_batiments": 523, "dens_bat_km2": 778.0, "dens_route_m_km2": 24478.0, "nb_commerces": 11, "nb_education": 3, "nb_sante": 1, "nb_banques": 0, "nb_restauration": 7, "nb_bureaux": 1, "nb_transport": 0, "nb_loisirs": 0, "nb_lieux_culte": 0, "nb_axes_structurants": 2, "longueur_principale_m": 0.0, "dens_commerces_km2": 16.4, "lat": 3.927309, "lon": 11.560273 }, "geometry": { "type": "Polygon", "coordinates": [ [ [ 11.562830202948312, 3.923754324642206 ], [ 11.56485802820475, 3.92803849653742 ], [ 11.562301265939796, 3.931592779932049 ], [ 11.557716914180764, 3.930863011045719 ], [ 11.555689141309783, 3.926579096146636 ], [ 11.558245667797699, 3.923024693145079 ], [ 11.562830202948312, 3.923754324642206 ] ] ] } },
{ "type": "Feature", "properties": { "cell_id": "88828b4d8bfffff", "arrondissement": "Yaoundé VII", "profil_marche": "Centre structure commercant", "score_potentiel_brut": 58.51, "score_potentiel_net": 49.33, "rang_net": 28, "dist_min_m": 2104.0, "enseigne_plus_proche": "MC2 Le Grenier de la communaute de Lboudi", "nb_batiments": 626, "dens_bat_km2": 933.0, "dens_route_m_km2": 23233.0, "nb_commerces": 12, "nb_education": 2, "nb_sante": 2, "nb_banques": 0, "nb_restauration": 3, "nb_bureaux": 4, "nb_transport": 0, "nb_loisirs": 4, "nb_lieux_culte": 1, "nb_axes_structurants": 2, "longueur_principale_m": 5336.0, "dens_commerces_km2": 17.9, "lat": 3.901962, "lon": 11.450831 }, "geometry": { "type": "Polygon", "coordinates": [ [ [ 11.453382698057519, 3.898409078588513 ], [ 11.455410325089478, 3.902691814659937 ], [ 11.452858120659103, 3.906244957252182 ], [ 11.448278525749792, 3.90551548282306 ], [ 11.446250952100847, 3.901233004299933 ], [ 11.448802919963612, 3.897679742665034 ], [ 11.453382698057519, 3.898409078588513 ] ] ] } },
{ "type": "Feature", "properties": { "cell_id": "8858db4db7fffff", "arrondissement": "Yaoundé V", "profil_marche": "Centre structure commercant", "score_potentiel_brut": 58.3, "score_potentiel_net": 49.09, "rang_net": 29, "dist_min_m": 2098.0, "enseigne_plus_proche": "AFRILAND FIRST BANK", "nb_batiments": 1634, "dens_bat_km2": 2430.0, "dens_route_m_km2": 27344.0, "nb_commerces": 36, "nb_education": 16, "nb_sante": 2, "nb_banques": 0, "nb_restauration": 6, "nb_bureaux": 0, "nb_transport": 0, "nb_loisirs": 0, "nb_lieux_culte": 0, "nb_axes_structurants": 3, "longueur_principale_m": 0.0, "dens_commerces_km2": 53.5, "lat": 3.895949, "lon": 11.562389 }, "geometry": { "type": "Polygon", "coordinates": [ [ [ 11.56494634690532, 3.892393164191438 ], [ 11.566974459822806, 3.896678528765922 ], [ 11.564417251518904, 3.900234554812744 ], [ 11.559832166110564, 3.899505335751612 ], [ 11.557804105573876, 3.895220228204427 ], [ 11.560361078050047, 3.891664082698405 ], [ 11.56494634690532, 3.892393164191438 ] ] ] } },
{ "type": "Feature", "properties": { "cell_id": "88828b4a97fffff", "arrondissement": "Yaoundé IV", "profil_marche": "Peripherie residentielle", "score_potentiel_brut": 48.92, "score_potentiel_net": 48.92, "rang_net": 30, "dist_min_m": 3411.0, "enseigne_plus_proche": "Vision Finance Odja", "nb_batiments": 684, "dens_bat_km2": 1016.0, "dens_route_m_km2": 23334.0, "nb_commerces": 0, "nb_education": 3, "nb_sante": 0, "nb_banques": 0, "nb_restauration": 1, "nb_bureaux": 0, "nb_transport": 0, "nb_loisirs": 2, "nb_lieux_culte": 2, "nb_axes_structurants": 1, "longueur_principale_m": 1572.0, "dens_commerces_km2": 0.0, "lat": 3.82098, "lon": 11.539635 }, "geometry": { "type": "Polygon", "coordinates": [ [ [ 11.542191547748921, 3.817420727323376 ], [ 11.544220242274232, 3.821708333327715 ], [ 11.541663197049267, 3.825267882650502 ], [ 11.53707769342166, 3.824539944969073 ], [ 11.535049051517106, 3.820252596196886 ], [ 11.537605860604708, 3.816692927881296 ], [ 11.542191547748921, 3.817420727323376 ] ] ] } },
{ "type": "Feature", "properties": { "cell_id": "88828b4c25fffff", "arrondissement": "Yaoundé VII", "profil_marche": "Quartier d'activite mixte", "score_potentiel_brut": 61.01, "score_potentiel_net": 48.84, "rang_net": 31, "dist_min_m": 1860.0, "enseigne_plus_proche": "societe cooperative de epargne et de credit general du cameroun", "nb_batiments": 1368, "dens_bat_km2": 2037.0, "dens_route_m_km2": 21254.0, "nb_commerces": 48, "nb_education": 9, "nb_sante": 2, "nb_banques": 1, "nb_restauration": 40, "nb_bureaux": 10, "nb_transport": 4, "nb_loisirs": 1, "nb_lieux_culte": 2, "nb_axes_structurants": 3, "longueur_principale_m": 0.0, "dens_commerces_km2": 71.5, "lat": 3.874987, "lon": 11.480415 }, "geometry": { "type": "Polygon", "coordinates": [ [ [ 11.4829687990367, 3.871431071338906 ], [ 11.484996782905627, 3.875715431557193 ], [ 11.482442964936695, 3.879270711435111 ], [ 11.477861399509141, 3.878541750128168 ], [ 11.475833468769688, 3.874257647353658 ], [ 11.478387050313673, 3.870702248449712 ], [ 11.4829687990367, 3.871431071338906 ] ] ] } },
{ "type": "Feature", "properties": { "cell_id": "88828b48abfffff", "arrondissement": "Yaoundé V", "profil_marche": "Centre structure commercant", "score_potentiel_brut": 55.97, "score_potentiel_net": 48.65, "rang_net": 32, "dist_min_m": 2252.0, "enseigne_plus_proche": "AFRILAND FIRST BANK", "nb_batiments": 1285, "dens_bat_km2": 1910.0, "dens_route_m_km2": 22382.0, "nb_commerces": 35, "nb_education": 4, "nb_sante": 5, "nb_banques": 0, "nb_restauration": 17, "nb_bureaux": 0, "nb_transport": 0, "nb_loisirs": 0, "nb_lieux_culte": 0, "nb_axes_structurants": 6, "longueur_principale_m": 0.0, "dens_commerces_km2": 52.0, "lat": 3.880265, "lon": 11.563447 }, "geometry": { "type": "Polygon", "coordinates": [ [ [ 11.566004656498581, 3.876708183088471 ], [ 11.568032913275031, 3.880994143290106 ], [ 11.565475481897092, 3.884551040219026 ], [ 11.560890029581072, 3.883822096338805 ], [ 11.55886182518309, 3.879536393179838 ], [ 11.561419020707955, 3.875979376865754 ], [ 11.566004656498581, 3.876708183088471 ] ] ] } },
{ "type": "Feature", "properties": { "cell_id": "88828b4dc9fffff", "arrondissement": "Yaoundé VII", "profil_marche": "Quartier d'activite mixte", "score_potentiel_brut": 64.93, "score_potentiel_net": 48.33, "rang_net": 33, "dist_min_m": 1539.0, "enseigne_plus_proche": "Afriland First Bank", "nb_batiments": 1421, "dens_bat_km2": 2116.0, "dens_route_m_km2": 31381.0, "nb_commerces": 41, "nb_education": 6, "nb_sante": 4, "nb_banques": 0, "nb_restauration": 16, "nb_bureaux": 5, "nb_transport": 0, "nb_loisirs": 0, "nb_lieux_culte": 7, "nb_axes_structurants": 4, "longueur_principale_m": 0.0, "dens_commerces_km2": 61.1, "lat": 3.880639, "lon": 11.466146 }, "geometry": { "type": "Polygon", "coordinates": [ [ [ 11.468698887212307, 3.877083847999462 ], [ 11.470726764759389, 3.881367693300114 ], [ 11.468173642285867, 3.884922340298468 ], [ 11.463592878759771, 3.884193261000695 ], [ 11.461565054467957, 3.879909673203973 ], [ 11.464117940432342, 3.876354907208453 ], [ 11.468698887212307, 3.877083847999462 ] ] ] } },
{ "type": "Feature", "properties": { "cell_id": "88828b4c85fffff", "arrondissement": "Yaoundé VII", "profil_marche": "Centre structure commercant", "score_potentiel_brut": 48.27, "score_potentiel_net": 48.27, "rang_net": 34, "dist_min_m": 4140.0, "enseigne_plus_proche": "Afriland First Bank", "nb_batiments": 441, "dens_bat_km2": 657.0, "dens_route_m_km2": 8346.0, "nb_commerces": 19, "nb_education": 1, "nb_sante": 2, "nb_banques": 0, "nb_restauration": 10, "nb_bureaux": 2, "nb_transport": 0, "nb_loisirs": 0, "nb_lieux_culte": 0, "nb_axes_structurants": 3, "longueur_principale_m": 1463.0, "dens_commerces_km2": 28.3, "lat": 3.876903, "lon": 11.417797 }, "geometry": { "type": "Polygon", "coordinates": [ [ [ 11.420347576285103, 3.873348923857904 ], [ 11.422375295690022, 3.877631856281175 ], [ 11.419824274645011, 3.881185593570966 ], [ 11.415245771021613, 3.880456517229603 ], [ 11.413218105308408, 3.876173842543317 ], [ 11.415768889512293, 3.872619986468838 ], [ 11.420347576285103, 3.873348923857904 ] ] ] } },
{ "type": "Feature", "properties": { "cell_id": "8858db4d19fffff", "arrondissement": "Yaoundé I", "profil_marche": "Peripherie residentielle", "score_potentiel_brut": 52.01, "score_potentiel_net": 47.59, "rang_net": 35, "dist_min_m": 2514.0, "enseigne_plus_proche": "Guichet SGC", "nb_batiments": 1164, "dens_bat_km2": 1734.0, "dens_route_m_km2": 24885.0, "nb_commerces": 0, "nb_education": 1, "nb_sante": 1, "nb_banques": 0, "nb_restauration": 0, "nb_bureaux": 0, "nb_transport": 2, "nb_loisirs": 0, "nb_lieux_culte": 0, "nb_axes_structurants": 4, "longueur_principale_m": 5204.0, "dens_commerces_km2": 0.0, "lat": 3.949262, "lon": 11.52405 }, "geometry": { "type": "Polygon", "coordinates": [ [ [ 11.526604902635773, 3.945710015958316 ], [ 11.528632393424928, 3.949992604144242 ], [ 11.526077479001964, 3.953544869975997 ], [ 11.521495309751717, 3.952814667200567 ], [ 11.519467871664483, 3.948532336153663 ], [ 11.522022550110947, 3.944979950750506 ], [ 11.526604902635773, 3.945710015958316 ] ] ] } },
{ "type": "Feature", "properties": { "cell_id": "8858db4dc7fffff", "arrondissement": "Yaoundé I", "profil_marche": "Centre structure commercant", "score_potentiel_brut": 48.21, "score_potentiel_net": 47.26, "rang_net": 36, "dist_min_m": 2887.0, "enseigne_plus_proche": "Guichet Éléctronique Bicec", "nb_batiments": 941, "dens_bat_km2": 1401.0, "dens_route_m_km2": 27347.0, "nb_commerces": 5, "nb_education": 2, "nb_sante": 0, "nb_banques": 0, "nb_restauration": 4, "nb_bureaux": 0, "nb_transport": 0, "nb_loisirs": 0, "nb_lieux_culte": 0, "nb_axes_structurants": 4, "longueur_principale_m": 0.0, "dens_commerces_km2": 7.4, "lat": 3.932957, "lon": 11.545993 }, "geometry": { "type": "Polygon", "coordinates": [ [ [ 11.548548826665066, 3.92940349225529 ], [ 11.550576547087484, 3.933687150128029 ], [ 11.548020479346002, 3.937240801063706 ], [ 11.543436927029443, 3.936510913711922 ], [ 11.541409259118685, 3.932227512895723 ], [ 11.543965090998132, 3.928673742382085 ], [ 11.548548826665066, 3.92940349225529 ] ] ] } },
{ "type": "Feature", "properties": { "cell_id": "88828b4f13fffff", "arrondissement": "Yaoundé VI", "profil_marche": "Quartier d'activite mixte", "score_potentiel_brut": 72.71, "score_potentiel_net": 47.26, "rang_net": 37, "dist_min_m": 630.0, "enseigne_plus_proche": "Société Générale", "nb_batiments": 1267, "dens_bat_km2": 1885.0, "dens_route_m_km2": 39569.0, "nb_commerces": 10, "nb_education": 6, "nb_sante": 5, "nb_banques": 0, "nb_restauration": 5, "nb_bureaux": 3, "nb_transport": 1, "nb_loisirs": 3, "nb_lieux_culte": 2, "nb_axes_structurants": 17, "longueur_principale_m": 2621.0, "dens_commerces_km2": 14.9, "lat": 3.83578, "lon": 11.483044 }, "geometry": { "type": "Polygon", "coordinates": [ [ [ 11.485598560033287, 3.832221889442093 ], [ 11.487626903818674, 3.836507733212355 ], [ 11.485072529086638, 3.840065189366066 ], [ 11.480490047043345, 3.839336920596688 ], [ 11.478461756382051, 3.83505133430837 ], [ 11.48101589462533, 3.831493759314856 ], [ 11.485598560033287, 3.832221889442093 ] ] ] } },
{ "type": "Feature", "properties": { "cell_id": "88828b4abbfffff", "arrondissement": "Yaoundé IV", "profil_marche": "Peripherie residentielle", "score_potentiel_brut": 47.09, "score_potentiel_net": 47.09, "rang_net": 38, "dist_min_m": 3758.0, "enseigne_plus_proche": "Afriland First bank", "nb_batiments": 553, "dens_bat_km2": 822.0, "dens_route_m_km2": 22768.0, "nb_commerces": 2, "nb_education": 1, "nb_sante": 0, "nb_banques": 0, "nb_restauration": 0, "nb_bureaux": 1, "nb_transport": 2, "nb_loisirs": 0, "nb_lieux_culte": 0, "nb_axes_structurants": 1, "longueur_principale_m": 1572.0, "dens_commerces_km2": 3.0, "lat": 3.825996, "lon": 11.546249 }, "geometry": { "type": "Polygon", "coordinates": [ [ [ 11.548806146142265, 3.822436212394952 ], [ 11.550834821247172, 3.826723778942045 ], [ 11.548277539940001, 3.830283209220266 ], [ 11.543691819595422, 3.829555192003283 ], [ 11.541663197049267, 3.825267882650502 ], [ 11.544220242274232, 3.821708333327715 ], [ 11.548806146142265, 3.822436212394952 ] ] ] } },
{ "type": "Feature", "properties": { "cell_id": "88828b4d1bfffff", "arrondissement": "Yaoundé VII", "profil_marche": "Centre structure commercant", "score_potentiel_brut": 54.91, "score_potentiel_net": 47.05, "rang_net": 39, "dist_min_m": 2182.0, "enseigne_plus_proche": "Société Générale Cameroun", "nb_batiments": 1436, "dens_bat_km2": 2138.0, "dens_route_m_km2": 12006.0, "nb_commerces": 33, "nb_education": 4, "nb_sante": 1, "nb_banques": 0, "nb_restauration": 8, "nb_bureaux": 2, "nb_transport": 0, "nb_loisirs": 0, "nb_lieux_culte": 3, "nb_axes_structurants": 0, "longueur_principale_m": 0.0, "dens_commerces_km2": 49.1, "lat": 3.882826, "lon": 11.479889 }, "geometry": { "type": "Polygon", "coordinates": [ [ [ 11.482442964936695, 3.879270711435111 ], [ 11.484470876836612, 3.883554774586038 ], [ 11.481917170193052, 3.887109618986573 ], [ 11.47733578804714, 3.886380519306782 ], [ 11.475307929277767, 3.882096713591903 ], [ 11.477861399509141, 3.878541750128168 ], [ 11.482442964936695, 3.879270711435111 ] ] ] } },
{ "type": "Feature", "properties": { "cell_id": "88828b48dbfffff", "arrondissement": "Yaoundé IV", "profil_marche": "Peripherie residentielle", "score_potentiel_brut": 57.42, "score_potentiel_net": 46.58, "rang_net": 40, "dist_min_m": 1922.0, "enseigne_plus_proche": "Afriland First bank", "nb_batiments": 1431, "dens_bat_km2": 2127.0, "dens_route_m_km2": 22095.0, "nb_commerces": 0, "nb_education": 3, "nb_sante": 0, "nb_banques": 0, "nb_restauration": 0, "nb_bureaux": 0, "nb_transport": 2, "nb_loisirs": 2, "nb_lieux_culte": 1, "nb_axes_structurants": 7, "longueur_principale_m": 1485.0, "dens_commerces_km2": 0.0, "lat": 3.844518, "lon": 11.53805 }, "geometry": { "type": "Polygon", "coordinates": [ [ [ 11.540606614317028, 3.840959998505753 ], [ 11.542635092919081, 3.84524671419739 ], [ 11.540078382275773, 3.84880495864609 ], [ 11.53549342911495, 3.84807660651499 ], [ 11.53346500313708, 3.843790148033019 ], [ 11.536021477681141, 3.840231784479819 ], [ 11.540606614317028, 3.840959998505753 ] ] ] } },
{ "type": "Feature", "properties": { "cell_id": "88828b4f31fffff", "arrondissement": "Yaoundé III", "profil_marche": "Quartier d'activite mixte", "score_potentiel_brut": 65.83, "score_potentiel_net": 46.4, "rang_net": 41, "dist_min_m": 1314.0, "enseigne_plus_proche": "People finance", "nb_batiments": 1140, "dens_bat_km2": 1696.0, "dens_route_m_km2": 15756.0, "nb_commerces": 4, "nb_education": 6, "nb_sante": 9, "nb_banques": 0, "nb_restauration": 21, "nb_bureaux": 1, "nb_transport": 3, "nb_loisirs": 4, "nb_lieux_culte": 3, "nb_axes_structurants": 6, "longueur_principale_m": 0.0, "dens_commerces_km2": 6.0, "lat": 3.850821, "lon": 11.502878 }, "geometry": { "type": "Polygon", "coordinates": [ [ [ 11.505432835712288, 3.847264172842994 ], [ 11.507461122537768, 3.851549899035725 ], [ 11.504906038669231, 3.855106998359626 ], [ 11.500322904284394, 3.854378490493154 ], [ 11.498294670397298, 3.850093021669041 ], [ 11.500849517942022, 3.846535803350172 ], [ 11.505432835712288, 3.847264172842994 ] ] ] } },
{ "type": "Feature", "properties": { "cell_id": "88828b4f69fffff", "arrondissement": "Yaoundé IV", "profil_marche": "Peripherie residentielle", "score_potentiel_brut": 46.15, "score_potentiel_net": 46.15, "rang_net": 42, "dist_min_m": 3030.0, "enseigne_plus_proche": "Afriland First bank", "nb_batiments": 565, "dens_bat_km2": 840.0, "dens_route_m_km2": 24435.0, "nb_commerces": 0, "nb_education": 1, "nb_sante": 1, "nb_banques": 0, "nb_restauration": 0, "nb_bureaux": 0, "nb_transport": 0, "nb_loisirs": 1, "nb_lieux_culte": 0, "nb_axes_structurants": 4, "longueur_principale_m": 1607.0, "dens_commerces_km2": 0.0, "lat": 3.823812, "lon": 11.532492 }, "geometry": { "type": "Polygon", "coordinates": [ [ [ 11.535049051517106, 3.820252596196886 ], [ 11.53707769342166, 3.824539944969073 ], [ 11.534520995857687, 3.828099178438473 ], [ 11.529935892554331, 3.827371182121366 ], [ 11.527907303333702, 3.823084090611712 ], [ 11.530463764717819, 3.819524738163969 ], [ 11.535049051517106, 3.820252596196886 ] ] ] } },
{ "type": "Feature", "properties": { "cell_id": "8858db4de3fffff", "arrondissement": "Yaoundé V", "profil_marche": "Centre structure commercant", "score_potentiel_brut": 62.93, "score_potentiel_net": 46.13, "rang_net": 43, "dist_min_m": 1475.0, "enseigne_plus_proche": "Guichet Éléctronique Bicec", "nb_batiments": 1624, "dens_bat_km2": 2417.0, "dens_route_m_km2": 29117.0, "nb_commerces": 59, "nb_education": 3, "nb_sante": 9, "nb_banques": 0, "nb_restauration": 21, "nb_bureaux": 2, "nb_transport": 0, "nb_loisirs": 0, "nb_lieux_culte": 2, "nb_axes_structurants": 2, "longueur_principale_m": 0.0, "dens_commerces_km2": 87.8, "lat": 3.920106, "lon": 11.53991 }, "geometry": { "type": "Polygon", "coordinates": [ [ [ 11.542465482756386, 3.916551839571337 ], [ 11.544493294495112, 3.920835836917418 ], [ 11.541937351175759, 3.924390043241694 ], [ 11.537353832032847, 3.923660371716882 ], [ 11.535326072866569, 3.919376631473269 ], [ 11.537881780256079, 3.915822305659327 ], [ 11.542465482756386, 3.916551839571337 ] ] ] } },
{ "type": "Feature", "properties": { "cell_id": "88828b48a3fffff", "arrondissement": "Yaoundé V", "profil_marche": "Quartier d'activite mixte", "score_potentiel_brut": 55.86, "score_potentiel_net": 46.08, "rang_net": 44, "dist_min_m": 1999.0, "enseigne_plus_proche": "AFRILAND FIRST BANK", "nb_batiments": 1848, "dens_bat_km2": 2748.0, "dens_route_m_km2": 25320.0, "nb_commerces": 45, "nb_education": 7, "nb_sante": 5, "nb_banques": 1, "nb_restauration": 31, "nb_bureaux": 2, "nb_transport": 0, "nb_loisirs": 0, "nb_lieux_culte": 0, "nb_axes_structurants": 6, "longueur_principale_m": 0.0, "dens_commerces_km2": 66.9, "lat": 3.888108, "lon": 11.562918 }, "geometry": { "type": "Polygon", "coordinates": [ [ [ 11.565475481897092, 3.884551040219026 ], [ 11.567503666741681, 3.888836702666504 ], [ 11.56494634690532, 3.892393164191438 ], [ 11.560361078050047, 3.891664082698405 ], [ 11.558332945585093, 3.887378677285938 ], [ 11.560890029581072, 3.883822096338805 ], [ 11.565475481897092, 3.884551040219026 ] ] ] } },
{ "type": "Feature", "properties": { "cell_id": "88828b4f01fffff", "arrondissement": "Yaoundé III", "profil_marche": "Peripherie residentielle", "score_potentiel_brut": 54.14, "score_potentiel_net": 45.95, "rang_net": 45, "dist_min_m": 2136.0, "enseigne_plus_proche": "Afriland First bank", "nb_batiments": 933, "dens_bat_km2": 1387.0, "dens_route_m_km2": 40328.0, "nb_commerces": 2, "nb_education": 1, "nb_sante": 0, "nb_banques": 0, "nb_restauration": 0, "nb_bureaux": 1, "nb_transport": 1, "nb_loisirs": 0, "nb_lieux_culte": 0, "nb_axes_structurants": 14, "longueur_principale_m": 1348.0, "dens_commerces_km2": 3.0, "lat": 3.832304, "lon": 11.51107 }, "geometry": { "type": "Polygon", "coordinates": [ [ [ 11.513626051529462, 3.828745955771973 ], [ 11.515654535192953, 3.833032532665551 ], [ 11.513098880735722, 3.836590818263918 ], [ 11.50851497890736, 3.835862645911009 ], [ 11.506486548117049, 3.831576326370925 ], [ 11.509041966267276, 3.828017921837649 ], [ 11.513626051529462, 3.828745955771973 ] ] ] } },
{ "type": "Feature", "properties": { "cell_id": "88828b4dd5fffff", "arrondissement": "Yaoundé VII", "profil_marche": "Centre structure commercant", "score_potentiel_brut": 51.32, "score_potentiel_net": 45.92, "rang_net": 46, "dist_min_m": 2398.0, "enseigne_plus_proche": "Afriland First Bank", "nb_batiments": 933, "dens_bat_km2": 1390.0, "dens_route_m_km2": 22802.0, "nb_commerces": 18, "nb_education": 5, "nb_sante": 3, "nb_banques": 0, "nb_restauration": 6, "nb_bureaux": 1, "nb_transport": 0, "nb_loisirs": 0, "nb_lieux_culte": 0, "nb_axes_structurants": 0, "longueur_principale_m": 0.0, "dens_commerces_km2": 26.8, "lat": 3.894126, "lon": 11.451355 }, "geometry": { "type": "Polygon", "coordinates": [ [ [ 11.453907314716348, 3.890572467071968 ], [ 11.455935013716802, 3.89485550029843 ], [ 11.453382698057519, 3.898409078588513 ], [ 11.448802919963612, 3.897679742665034 ], [ 11.446775274345132, 3.893396966994701 ], [ 11.449327353423993, 3.889843269699113 ], [ 11.453907314716348, 3.890572467071968 ] ] ] } },
{ "type": "Feature", "properties": { "cell_id": "88828b4ce5fffff", "arrondissement": "Yaoundé VII", "profil_marche": "Centre structure commercant", "score_potentiel_brut": 57.43, "score_potentiel_net": 45.79, "rang_net": 47, "dist_min_m": 1842.0, "enseigne_plus_proche": "Afriland First Bank", "nb_batiments": 495, "dens_bat_km2": 737.0, "dens_route_m_km2": 19763.0, "nb_commerces": 9, "nb_education": 1, "nb_sante": 2, "nb_banques": 0, "nb_restauration": 9, "nb_bureaux": 1, "nb_transport": 0, "nb_loisirs": 4, "nb_lieux_culte": 6, "nb_axes_structurants": 5, "longueur_principale_m": 3150.0, "dens_commerces_km2": 13.4, "lat": 3.876265, "lon": 11.438664 }, "geometry": { "type": "Polygon", "coordinates": [ [ [ 11.441216302001681, 3.872710306601732 ], [ 11.44324411011565, 3.876993715391961 ], [ 11.440692156459583, 3.880547967191243 ], [ 11.436112631377675, 3.879818929072836 ], [ 11.434084876768173, 3.875535777922031 ], [ 11.436636593721525, 3.87198140725762 ], [ 11.441216302001681, 3.872710306601732 ] ] ] } },
{ "type": "Feature", "properties": { "cell_id": "88828b4dc5fffff", "arrondissement": "Yaoundé II", "profil_marche": "Centre structure commercant", "score_potentiel_brut": 45.79, "score_potentiel_net": 45.79, "rang_net": 48, "dist_min_m": 3001.0, "enseigne_plus_proche": "Afriland First Bank", "nb_batiments": 807, "dens_bat_km2": 1202.0, "dens_route_m_km2": 18571.0, "nb_commerces": 8, "nb_education": 1, "nb_sante": 0, "nb_banques": 0, "nb_restauration": 4, "nb_bureaux": 1, "nb_transport": 0, "nb_loisirs": 0, "nb_lieux_culte": 0, "nb_axes_structurants": 5, "longueur_principale_m": 0.0, "dens_commerces_km2": 11.9, "lat": 3.893489, "lon": 11.472229 }, "geometry": { "type": "Polygon", "coordinates": [ [ [ 11.474782429119305, 3.889935047256365 ], [ 11.476810215923315, 3.894218555792791 ], [ 11.474256968289925, 3.897772648154368 ], [ 11.46967617027944, 3.897043351072812 ], [ 11.467648436669922, 3.892760099994693 ], [ 11.470201447861779, 3.889205888547217 ], [ 11.474782429119305, 3.889935047256365 ] ] ] } },
{ "type": "Feature", "properties": { "cell_id": "8858db4db5fffff", "arrondissement": "Yaoundé V", "profil_marche": "Quartier d'activite mixte", "score_potentiel_brut": 60.69, "score_potentiel_net": 45.77, "rang_net": 49, "dist_min_m": 1595.0, "enseigne_plus_proche": "AFRILAND FIRST BANK", "nb_batiments": 1479, "dens_bat_km2": 2200.0, "dens_route_m_km2": 27078.0, "nb_commerces": 80, "nb_education": 7, "nb_sante": 6, "nb_banques": 1, "nb_restauration": 43, "nb_bureaux": 9, "nb_transport": 1, "nb_loisirs": 2, "nb_lieux_culte": 0, "nb_axes_structurants": 8, "longueur_principale_m": 0.0, "dens_commerces_km2": 119.0, "lat": 3.898776, "lon": 11.555247 }, "geometry": { "type": "Polygon", "coordinates": [ [ [ 11.557804105573876, 3.895220228204427 ], [ 11.559832166110564, 3.899505335751612 ], [ 11.557275305145081, 3.903061045742425 ], [ 11.552690619498488, 3.902331767638077 ], [ 11.550662611405743, 3.898046917148474 ], [ 11.553219236500972, 3.894491087712961 ], [ 11.557804105573876, 3.895220228204427 ] ] ] } },
{ "type": "Feature", "properties": { "cell_id": "88828b48c1fffff", "arrondissement": "Yaoundé IV", "profil_marche": "Peripherie residentielle", "score_potentiel_brut": 47.81, "score_potentiel_net": 45.02, "rang_net": 50, "dist_min_m": 2666.0, "enseigne_plus_proche": "ACEP", "nb_batiments": 609, "dens_bat_km2": 905.0, "dens_route_m_km2": 22337.0, "nb_commerces": 0, "nb_education": 3, "nb_sante": 0, "nb_banques": 0, "nb_restauration": 0, "nb_bureaux": 0, "nb_transport": 1, "nb_loisirs": 4, "nb_lieux_culte": 0, "nb_axes_structurants": 2, "longueur_principale_m": 3966.0, "dens_commerces_km2": 0.0, "lat": 3.848888, "lon": 11.565564 }, "geometry": { "type": "Polygon", "coordinates": [ [ [ 11.568121751088924, 3.845329426849786 ], [ 11.570150295640184, 3.849616576878016 ], [ 11.567592418004953, 3.853175214680076 ], [ 11.563006231707547, 3.852446821698058 ], [ 11.560977739530076, 3.848159928742901 ], [ 11.563535381261536, 3.844601171704033 ], [ 11.568121751088924, 3.845329426849786 ] ] ] } },
{ "type": "Feature", "properties": { "cell_id": "88828b4c0bfffff", "arrondissement": "Yaoundé VII", "profil_marche": "Centre structure commercant", "score_potentiel_brut": 49.61, "score_potentiel_net": 44.92, "rang_net": 51, "dist_min_m": 2460.0, "enseigne_plus_proche": "Afriland First Bank", "nb_batiments": 813, "dens_bat_km2": 1210.0, "dens_route_m_km2": 19768.0, "nb_commerces": 26, "nb_education": 2, "nb_sante": 1, "nb_banques": 0, "nb_restauration": 10, "nb_bureaux": 0, "nb_transport": 0, "nb_loisirs": 0, "nb_lieux_culte": 1, "nb_axes_structurants": 0, "longueur_principale_m": 0.0, "dens_commerces_km2": 38.7, "lat": 3.847094, "lon": 11.454503 }, "geometry": { "type": "Polygon", "coordinates": [ [ [ 11.457055839379233, 3.843537418846955 ], [ 11.459083970290598, 3.847822232508495 ], [ 11.456530987067387, 3.85137842343521 ], [ 11.451950109575362, 3.850649919489893 ], [ 11.449922032039757, 3.846365363430819 ], [ 11.452474778605808, 3.842809053721996 ], [ 11.457055839379233, 3.843537418846955 ] ] ] } },
{ "type": "Feature", "properties": { "cell_id": "88828b4887fffff", "arrondissement": "Yaoundé IV", "profil_marche": "Centre structure commercant", "score_potentiel_brut": 58.0, "score_potentiel_net": 44.76, "rang_net": 52, "dist_min_m": 1696.0, "enseigne_plus_proche": "ACEP", "nb_batiments": 1909, "dens_bat_km2": 2838.0, "dens_route_m_km2": 24065.0, "nb_commerces": 16, "nb_education": 4, "nb_sante": 1, "nb_banques": 0, "nb_restauration": 7, "nb_bureaux": 0, "nb_transport": 0, "nb_loisirs": 0, "nb_lieux_culte": 1, "nb_axes_structurants": 1, "longueur_principale_m": 0.0, "dens_commerces_km2": 23.8, "lat": 3.875251, "lon": 11.556834 }, "geometry": { "type": "Polygon", "coordinates": [ [ [ 11.55939074437223, 3.871693376079222 ], [ 11.561419020707955, 3.875979376865754 ], [ 11.55886182518309, 3.879536393179838 ], [ 11.554276589216077, 3.878807528048349 ], [ 11.552248365320827, 3.874521784342506 ], [ 11.554805324937407, 3.870964648694797 ], [ 11.55939074437223, 3.871693376079222 ] ] ] } },
{ "type": "Feature", "properties": { "cell_id": "88828b4895fffff", "arrondissement": "Yaoundé V", "profil_marche": "Quartier d'activite mixte", "score_potentiel_brut": 68.85, "score_potentiel_net": 44.75, "rang_net": 53, "dist_min_m": 380.0, "enseigne_plus_proche": "Afriland first bank", "nb_batiments": 1349, "dens_bat_km2": 2006.0, "dens_route_m_km2": 35748.0, "nb_commerces": 177, "nb_education": 18, "nb_sante": 9, "nb_banques": 11, "nb_restauration": 120, "nb_bureaux": 18, "nb_transport": 3, "nb_loisirs": 4, "nb_lieux_culte": 1, "nb_axes_structurants": 15, "longueur_principale_m": 1530.0, "dens_commerces_km2": 263.2, "lat": 3.873064, "lon": 11.543079 }, "geometry": { "type": "Polygon", "coordinates": [ [ [ 11.545635102477695, 3.869507213984595 ], [ 11.547663345814138, 3.87379299807277 ], [ 11.545106733664584, 3.87734981770969 ], [ 11.540522114169908, 3.876620972533338 ], [ 11.53849392339909, 3.872335445594131 ], [ 11.541050299542642, 3.868778506689639 ], [ 11.545635102477695, 3.869507213984595 ] ] ] } },
{ "type": "Feature", "properties": { "cell_id": "88828b48bdfffff", "arrondissement": "Yaoundé V", "profil_marche": "Quartier d'activite mixte", "score_potentiel_brut": 62.1, "score_potentiel_net": 44.74, "rang_net": 54, "dist_min_m": 1403.0, "enseigne_plus_proche": "AFRILAND FIRST BANK", "nb_batiments": 1720, "dens_bat_km2": 2558.0, "dens_route_m_km2": 24699.0, "nb_commerces": 66, "nb_education": 8, "nb_sante": 7, "nb_banques": 2, "nb_restauration": 62, "nb_bureaux": 3, "nb_transport": 2, "nb_loisirs": 0, "nb_lieux_culte": 1, "nb_axes_structurants": 6, "longueur_principale_m": 0.0, "dens_commerces_km2": 98.1, "lat": 3.883093, "lon": 11.556305 }, "geometry": { "type": "Polygon", "coordinates": [ [ [ 11.55886182518309, 3.879536393179838 ], [ 11.560890029581072, 3.883822096338805 ], [ 11.558332945585093, 3.887378677285938 ], [ 11.553747893072046, 3.886649674452096 ], [ 11.55171974111572, 3.882364228366153 ], [ 11.554276589216077, 3.878807528048349 ], [ 11.55886182518309, 3.879536393179838 ] ] ] } },
{ "type": "Feature", "properties": { "cell_id": "88828b41b3fffff", "arrondissement": "Yaoundé III", "profil_marche": "Peripherie residentielle", "score_potentiel_brut": 48.14, "score_potentiel_net": 44.73, "rang_net": 55, "dist_min_m": 2596.0, "enseigne_plus_proche": "Vision Finance Odja", "nb_batiments": 441, "dens_bat_km2": 655.0, "dens_route_m_km2": 44366.0, "nb_commerces": 0, "nb_education": 2, "nb_sante": 0, "nb_banques": 0, "nb_restauration": 0, "nb_bureaux": 0, "nb_transport": 1, "nb_loisirs": 0, "nb_lieux_culte": 0, "nb_axes_structurants": 12, "longueur_principale_m": 4702.0, "dens_commerces_km2": 0.0, "lat": 3.798737, "lon": 11.499426 }, "geometry": { "type": "Polygon", "coordinates": [ [ [ 11.501981290094601, 3.795176775388037 ], [ 11.504010027949326, 3.799464318786845 ], [ 11.501454511835897, 3.803024146630044 ], [ 11.49687049430846, 3.802296549801103 ], [ 11.494841809447543, 3.798009263853675 ], [ 11.497397089105585, 3.794449317291168 ], [ 11.501981290094601, 3.795176775388037 ] ] ] } },
{ "type": "Feature", "properties": { "cell_id": "88828b48b9fffff", "arrondissement": "Yaoundé V", "profil_marche": "Quartier d'activite mixte", "score_potentiel_brut": 64.05, "score_potentiel_net": 44.69, "rang_net": 56, "dist_min_m": 1273.0, "enseigne_plus_proche": "AFRILAND FIRST BANK", "nb_batiments": 1129, "dens_bat_km2": 1679.0, "dens_route_m_km2": 32692.0, "nb_commerces": 113, "nb_education": 18, "nb_sante": 9, "nb_banques": 4, "nb_restauration": 95, "nb_bureaux": 17, "nb_transport": 1, "nb_loisirs": 4, "nb_lieux_culte": 0, "nb_axes_structurants": 12, "longueur_principale_m": 2122.0, "dens_commerces_km2": 168.0, "lat": 3.878079, "lon": 11.549692 }, "geometry": { "type": "Polygon", "coordinates": [ [ [ 11.552248365320827, 3.874521784342506 ], [ 11.554276589216077, 3.878807528048349 ], [ 11.55171974111572, 3.882364228366153 ], [ 11.547134905056202, 3.881635304304536 ], [ 11.545106733664584, 3.87734981770969 ], [ 11.547663345814138, 3.87379299807277 ], [ 11.552248365320827, 3.874521784342506 ] ] ] } },
{ "type": "Feature", "properties": { "cell_id": "88828b4c01fffff", "arrondissement": "Yaoundé VII", "profil_marche": "Centre structure commercant", "score_potentiel_brut": 50.35, "score_potentiel_net": 44.53, "rang_net": 57, "dist_min_m": 2340.0, "enseigne_plus_proche": "Afriland First Bank", "nb_batiments": 1107, "dens_bat_km2": 1648.0, "dens_route_m_km2": 20731.0, "nb_commerces": 21, "nb_education": 4, "nb_sante": 1, "nb_banques": 0, "nb_restauration": 5, "nb_bureaux": 0, "nb_transport": 0, "nb_loisirs": 0, "nb_lieux_culte": 0, "nb_axes_structurants": 2, "longueur_principale_m": 0.0, "dens_commerces_km2": 31.3, "lat": 3.852107, "lon": 11.461112 }, "geometry": { "type": "Polygon", "coordinates": [ [ [ 11.463665249045084, 3.848550677627971 ], [ 11.465693361273324, 3.852835452412484 ], [ 11.463140141447777, 3.856391524505383 ], [ 11.458559045981692, 3.855662940654976 ], [ 11.456530987067387, 3.85137842343521 ], [ 11.459083970290598, 3.847822232508495 ], [ 11.463665249045084, 3.848550677627971 ] ] ] } },
{ "type": "Feature", "properties": { "cell_id": "88828b4f0bfffff", "arrondissement": "Yaoundé III", "profil_marche": "Peripherie residentielle", "score_potentiel_brut": 56.04, "score_potentiel_net": 44.46, "rang_net": 58, "dist_min_m": 1820.0, "enseigne_plus_proche": "Afriland First Bank Damas", "nb_batiments": 1224, "dens_bat_km2": 1820.0, "dens_route_m_km2": 45665.0, "nb_commerces": 0, "nb_education": 2, "nb_sante": 0, "nb_banques": 0, "nb_restauration": 0, "nb_bureaux": 1, "nb_transport": 1, "nb_loisirs": 1, "nb_lieux_culte": 0, "nb_axes_structurants": 14, "longueur_principale_m": 2317.0, "dens_commerces_km2": 0.0, "lat": 3.82729, "lon": 11.504458 }, "geometry": { "type": "Polygon", "coordinates": [ [ [ 11.507013463487455, 3.823731305802784 ], [ 11.509041966267276, 3.828017921837649 ], [ 11.506486548117049, 3.831576326370925 ], [ 11.501902863534429, 3.830848233759897 ], [ 11.49987441368974, 3.826561875116325 ], [ 11.502429595477878, 3.823003351699874 ], [ 11.507013463487455, 3.823731305802784 ] ] ] } },
{ "type": "Feature", "properties": { "cell_id": "88828b4d63fffff", "arrondissement": "Yaoundé I", "profil_marche": "Quartier d'activite mixte", "score_potentiel_brut": 68.31, "score_potentiel_net": 44.4, "rang_net": 59, "dist_min_m": 737.0, "enseigne_plus_proche": "La Régionale Bank - Agence Nlongkak", "nb_batiments": 1834, "dens_bat_km2": 2729.0, "dens_route_m_km2": 21963.0, "nb_commerces": 9, "nb_education": 3, "nb_sante": 5, "nb_banques": 0, "nb_restauration": 11, "nb_bureaux": 2, "nb_transport": 0, "nb_loisirs": 16, "nb_lieux_culte": 1, "nb_axes_structurants": 17, "longueur_principale_m": 5178.0, "dens_commerces_km2": 13.4, "lat": 3.889387, "lon": 11.521131 }, "geometry": { "type": "Polygon", "coordinates": [ [ [ 11.523686324112068, 3.885831667705847 ], [ 11.525714337614136, 3.890116382786048 ], [ 11.523158879418755, 3.893671818603052 ], [ 11.518575643827177, 3.892942658608411 ], [ 11.516547683081088, 3.888658200760197 ], [ 11.519102905155956, 3.885102645681982 ], [ 11.523686324112068, 3.885831667705847 ] ] ] } },
{ "type": "Feature", "properties": { "cell_id": "88828b4d6dfffff", "arrondissement": "Yaoundé V", "profil_marche": "Quartier d'activite mixte", "score_potentiel_brut": 65.01, "score_potentiel_net": 44.36, "rang_net": 60, "dist_min_m": 1185.0, "enseigne_plus_proche": "AFRILAND FIRST BANK", "nb_batiments": 1022, "dens_bat_km2": 1520.0, "dens_route_m_km2": 31431.0, "nb_commerces": 47, "nb_education": 11, "nb_sante": 12, "nb_banques": 1, "nb_restauration": 36, "nb_bureaux": 24, "nb_transport": 0, "nb_loisirs": 8, "nb_lieux_culte": 1, "nb_axes_structurants": 20, "longueur_principale_m": 2107.0, "dens_commerces_km2": 69.9, "lat": 3.883734, "lon": 11.53541 }, "geometry": { "type": "Polygon", "coordinates": [ [ [ 11.537965849508081, 3.880177476107867 ], [ 11.539993968332967, 3.884462705561435 ], [ 11.537437815143784, 3.88801877373184 ], [ 11.532853779150811, 3.887289731746182 ], [ 11.530825712955821, 3.883004759464181 ], [ 11.533381630109218, 3.879448572003605 ], [ 11.537965849508081, 3.880177476107867 ] ] ] } },
{ "type": "Feature", "properties": { "cell_id": "88828b4ab9fffff", "arrondissement": "Yaoundé IV", "profil_marche": "Peripherie residentielle", "score_potentiel_brut": 44.34, "score_potentiel_net": 44.34, "rang_net": 61, "dist_min_m": 4481.0, "enseigne_plus_proche": "Mutuelle Epargne Crédit", "nb_batiments": 791, "dens_bat_km2": 1175.0, "dens_route_m_km2": 26705.0, "nb_commerces": 0, "nb_education": 1, "nb_sante": 0, "nb_banques": 0, "nb_restauration": 0, "nb_bureaux": 0, "nb_transport": 0, "nb_loisirs": 1, "nb_lieux_culte": 0, "nb_axes_structurants": 1, "longueur_principale_m": 3602.0, "dens_commerces_km2": 0.0, "lat": 3.823164, "lon": 11.553392 }, "geometry": { "type": "Polygon", "coordinates": [ [ [ 11.555949843032142, 3.819604167745349 ], [ 11.55797857063261, 3.823891991456325 ], [ 11.555420941727654, 3.827451737521493 ], [ 11.550834821247172, 3.826723778942045 ], [ 11.548806146142265, 3.822436212394952 ], [ 11.551363539007566, 3.818876347270753 ], [ 11.555949843032142, 3.819604167745349 ] ] ] } },
{ "type": "Feature", "properties": { "cell_id": "88828b4f07fffff", "arrondissement": "Yaoundé III", "profil_marche": "Peripherie residentielle", "score_potentiel_brut": 59.86, "score_potentiel_net": 44.33, "rang_net": 62, "dist_min_m": 1517.0, "enseigne_plus_proche": "Afriland First bank", "nb_batiments": 752, "dens_bat_km2": 1118.0, "dens_route_m_km2": 40776.0, "nb_commerces": 0, "nb_education": 3, "nb_sante": 0, "nb_banques": 0, "nb_restauration": 0, "nb_bureaux": 2, "nb_transport": 1, "nb_loisirs": 5, "nb_lieux_culte": 3, "nb_axes_structurants": 14, "longueur_principale_m": 5126.0, "dens_commerces_km2": 0.0, "lat": 3.840149, "lon": 11.510543 }, "geometry": { "type": "Polygon", "coordinates": [ [ [ 11.513098880735722, 3.836590818263918 ], [ 11.515127292415519, 3.840877098535873 ], [ 11.512571749407336, 3.844434949101599 ], [ 11.507988030998964, 3.843706638374908 ], [ 11.505959672193441, 3.839420615448892 ], [ 11.50851497890736, 3.835862645911009 ], [ 11.513098880735722, 3.836590818263918 ] ] ] } },
{ "type": "Feature", "properties": { "cell_id": "8858db4da7fffff", "arrondissement": "Yaoundé V", "profil_marche": "Quartier d'activite mixte", "score_potentiel_brut": 68.03, "score_potentiel_net": 44.22, "rang_net": 63, "dist_min_m": 948.0, "enseigne_plus_proche": "AFRILAND FIRST BANK", "nb_batiments": 1760, "dens_bat_km2": 2618.0, "dens_route_m_km2": 27865.0, "nb_commerces": 74, "nb_education": 13, "nb_sante": 8, "nb_banques": 0, "nb_restauration": 40, "nb_bureaux": 5, "nb_transport": 0, "nb_loisirs": 2, "nb_lieux_culte": 1, "nb_axes_structurants": 3, "longueur_principale_m": 0.0, "dens_commerces_km2": 110.1, "lat": 3.896589, "lon": 11.541494 }, "geometry": { "type": "Polygon", "coordinates": [ [ [ 11.544050114682877, 3.893032826385771 ], [ 11.546078142199113, 3.89731771763735 ], [ 11.543521864505585, 3.900873230950842 ], [ 11.538937795249048, 3.900143972398824 ], [ 11.53690982030183, 3.895859338273094 ], [ 11.539465862027466, 3.892303705580895 ], [ 11.544050114682877, 3.893032826385771 ] ] ] } },
{ "type": "Feature", "properties": { "cell_id": "8858db4d8dfffff", "arrondissement": "Yaoundé V", "profil_marche": "Centre structure commercant", "score_potentiel_brut": 52.82, "score_potentiel_net": 44.08, "rang_net": 64, "dist_min_m": 2055.0, "enseigne_plus_proche": "Guichet Éléctronique Bicec", "nb_batiments": 794, "dens_bat_km2": 1182.0, "dens_route_m_km2": 21973.0, "nb_commerces": 16, "nb_education": 5, "nb_sante": 2, "nb_banques": 0, "nb_restauration": 3, "nb_bureaux": 1, "nb_transport": 0, "nb_loisirs": 0, "nb_lieux_culte": 1, "nb_axes_structurants": 0, "longueur_principale_m": 0.0, "dens_commerces_km2": 23.8, "lat": 3.92512, "lon": 11.546521 }, "geometry": { "type": "Polygon", "coordinates": [ [ [ 11.549077213526203, 3.921565449267224 ], [ 11.551105005859089, 3.925849405472023 ], [ 11.548548826665066, 3.92940349225529 ], [ 11.543965090998132, 3.928673742382085 ], [ 11.541937351175759, 3.924390043241694 ], [ 11.544493294495112, 3.920835836917418 ], [ 11.549077213526203, 3.921565449267224 ] ] ] } },
{ "type": "Feature", "properties": { "cell_id": "88828b4dcdfffff", "arrondissement": "Yaoundé VII", "profil_marche": "Centre structure commercant", "score_potentiel_brut": 48.47, "score_potentiel_net": 43.85, "rang_net": 65, "dist_min_m": 2455.0, "enseigne_plus_proche": "Afriland First Bank", "nb_batiments": 863, "dens_bat_km2": 1285.0, "dens_route_m_km2": 17555.0, "nb_commerces": 4, "nb_education": 0, "nb_sante": 3, "nb_banques": 0, "nb_restauration": 3, "nb_bureaux": 0, "nb_transport": 0, "nb_loisirs": 0, "nb_lieux_culte": 1, "nb_axes_structurants": 2, "longueur_principale_m": 0.0, "dens_commerces_km2": 6.0, "lat": 3.885651, "lon": 11.472755 }, "geometry": { "type": "Polygon", "coordinates": [ [ [ 11.475307929277767, 3.882096713591903 ], [ 11.47733578804714, 3.886380519306782 ], [ 11.474782429119305, 3.889935047256365 ], [ 11.470201447861779, 3.889205888547217 ], [ 11.468173642285867, 3.884922340298468 ], [ 11.470726764759389, 3.881367693300114 ], [ 11.475307929277767, 3.882096713591903 ] ] ] } },
{ "type": "Feature", "properties": { "cell_id": "8858db4d83fffff", "arrondissement": "Yaoundé V", "profil_marche": "Centre structure commercant", "score_potentiel_brut": 48.24, "score_potentiel_net": 43.83, "rang_net": 66, "dist_min_m": 2478.0, "enseigne_plus_proche": "Guichet Éléctronique Bicec", "nb_batiments": 753, "dens_bat_km2": 1120.0, "dens_route_m_km2": 26369.0, "nb_commerces": 20, "nb_education": 2, "nb_sante": 0, "nb_banques": 0, "nb_restauration": 13, "nb_bureaux": 1, "nb_transport": 0, "nb_loisirs": 0, "nb_lieux_culte": 0, "nb_axes_structurants": 2, "longueur_principale_m": 0.0, "dens_commerces_km2": 29.8, "lat": 3.91947, "lon": 11.560802 }, "geometry": { "type": "Polygon", "coordinates": [ [ [ 11.563359179544767, 3.915915135230751 ], [ 11.565387076709344, 3.92019960547371 ], [ 11.562830202948312, 3.923754324642206 ], [ 11.558245667797699, 3.923024693145079 ], [ 11.556217823017398, 3.918740479906078 ], [ 11.558774460988728, 3.91518564116755 ], [ 11.563359179544767, 3.915915135230751 ] ] ] } },
{ "type": "Feature", "properties": { "cell_id": "88828b4f4dfffff", "arrondissement": "Yaoundé IV", "profil_marche": "Peripherie residentielle", "score_potentiel_brut": 55.6, "score_potentiel_net": 43.8, "rang_net": 67, "dist_min_m": 1788.0, "enseigne_plus_proche": "Vision Finance Odja", "nb_batiments": 624, "dens_bat_km2": 927.0, "dens_route_m_km2": 33536.0, "nb_commerces": 0, "nb_education": 1, "nb_sante": 1, "nb_banques": 0, "nb_restauration": 0, "nb_bureaux": 0, "nb_transport": 1, "nb_loisirs": 1, "nb_lieux_culte": 1, "nb_axes_structurants": 8, "longueur_principale_m": 5409.0, "dens_commerces_km2": 0.0, "lat": 3.81095, "lon": 11.526406 }, "geometry": { "type": "Polygon", "coordinates": [ [ [ 11.528962943208251, 3.807389878455767 ], [ 11.530991676406, 3.811677562880445 ], [ 11.528435103510995, 3.815237350137086 ], [ 11.523850033651287, 3.814509571865625 ], [ 11.521821353198325, 3.810222144748721 ], [ 11.524377689845583, 3.806662238602824 ], [ 11.528962943208251, 3.807389878455767 ] ] ] } },
{ "type": "Feature", "properties": { "cell_id": "88828b4dcbfffff", "arrondissement": "Yaoundé VII", "profil_marche": "Centre structure commercant", "score_potentiel_brut": 62.37, "score_potentiel_net": 43.66, "rang_net": 68, "dist_min_m": 1286.0, "enseigne_plus_proche": "Afriland First Bank", "nb_batiments": 1482, "dens_bat_km2": 2207.0, "dens_route_m_km2": 25258.0, "nb_commerces": 26, "nb_education": 10, "nb_sante": 4, "nb_banques": 0, "nb_restauration": 8, "nb_bureaux": 2, "nb_transport": 0, "nb_loisirs": 0, "nb_lieux_culte": 6, "nb_axes_structurants": 1, "longueur_principale_m": 0.0, "dens_commerces_km2": 38.7, "lat": 3.883464, "lon": 11.459012 }, "geometry": { "type": "Polygon", "coordinates": [ [ [ 11.461565054467957, 3.879909673203973 ], [ 11.463592878759771, 3.884193261000695 ], [ 11.461040104064296, 3.887747591482522 ], [ 11.456459741613589, 3.887018453157758 ], [ 11.454431970639867, 3.882735122894946 ], [ 11.456984508784132, 3.879180673430357 ], [ 11.461565054467957, 3.879909673203973 ] ] ] } },
{ "type": "Feature", "properties": { "cell_id": "88828b4f09fffff", "arrondissement": "Yaoundé IV", "profil_marche": "Peripherie residentielle", "score_potentiel_brut": 47.95, "score_potentiel_net": 43.63, "rang_net": 69, "dist_min_m": 2485.0, "enseigne_plus_proche": "Afriland First Bank Damas", "nb_batiments": 502, "dens_bat_km2": 746.0, "dens_route_m_km2": 13136.0, "nb_commerces": 1, "nb_education": 2, "nb_sante": 1, "nb_banques": 0, "nb_restauration": 0, "nb_bureaux": 0, "nb_transport": 1, "nb_loisirs": 0, "nb_lieux_culte": 0, "nb_axes_structurants": 3, "longueur_principale_m": 1277.0, "dens_commerces_km2": 1.5, "lat": 3.824459, "lon": 11.511598 }, "geometry": { "type": "Polygon", "coordinates": [ [ [ 11.514153261792941, 3.820900361819585 ], [ 11.516181817444847, 3.825187235215442 ], [ 11.513626051529462, 3.828745955771973 ], [ 11.509041966267276, 3.828017921837649 ], [ 11.507013463487455, 3.823731305802784 ], [ 11.509568993083084, 3.820172466348625 ], [ 11.514153261792941, 3.820900361819585 ] ] ] } },
{ "type": "Feature", "properties": { "cell_id": "8858db4da3fffff", "arrondissement": "Yaoundé V", "profil_marche": "Quartier d'activite mixte", "score_potentiel_brut": 67.05, "score_potentiel_net": 43.58, "rang_net": 70, "dist_min_m": 866.0, "enseigne_plus_proche": "Guichet Éléctronique Bicec", "nb_batiments": 1857, "dens_bat_km2": 2763.0, "dens_route_m_km2": 34724.0, "nb_commerces": 121, "nb_education": 9, "nb_sante": 11, "nb_banques": 4, "nb_restauration": 70, "nb_bureaux": 13, "nb_transport": 3, "nb_loisirs": 1, "nb_lieux_culte": 3, "nb_axes_structurants": 18, "longueur_principale_m": 0.0, "dens_commerces_km2": 180.0, "lat": 3.901602, "lon": 11.548106 }, "geometry": { "type": "Polygon", "coordinates": [ [ [ 11.550662611405743, 3.898046917148474 ], [ 11.552690619498488, 3.902331767638077 ], [ 11.550134105892203, 3.905887161521376 ], [ 11.545549820091237, 3.905157824352588 ], [ 11.543521864505585, 3.900873230950842 ], [ 11.546078142199113, 3.89731771763735 ], [ 11.550662611405743, 3.898046917148474 ] ] ] } },
{ "type": "Feature", "properties": { "cell_id": "88828b4c37fffff", "arrondissement": "Yaoundé VII", "profil_marche": "Quartier d'activite mixte", "score_potentiel_brut": 67.01, "score_potentiel_net": 43.56, "rang_net": 71, "dist_min_m": 705.0, "enseigne_plus_proche": "Afriland First Bank", "nb_batiments": 1278, "dens_bat_km2": 1904.0, "dens_route_m_km2": 26159.0, "nb_commerces": 37, "nb_education": 7, "nb_sante": 3, "nb_banques": 0, "nb_restauration": 27, "nb_bureaux": 5, "nb_transport": 0, "nb_loisirs": 0, "nb_lieux_culte": 5, "nb_axes_structurants": 6, "longueur_principale_m": 4018.0, "dens_commerces_km2": 55.1, "lat": 3.878452, "lon": 11.452404 }, "geometry": { "type": "Polygon", "coordinates": [ [ [ 11.454956665832398, 3.874897046249981 ], [ 11.456984508784132, 3.879180673430357 ], [ 11.454431970639867, 3.882735122894946 ], [ 11.449851826135243, 3.882006064117673 ], [ 11.447824036563405, 3.877722694508988 ], [ 11.450376338101686, 3.874168126113267 ], [ 11.454956665832398, 3.874897046249981 ] ] ] } },
{ "type": "Feature", "properties": { "cell_id": "88828b4885fffff", "arrondissement": "Yaoundé IV", "profil_marche": "Peripherie residentielle", "score_potentiel_brut": 51.07, "score_potentiel_net": 43.49, "rang_net": 72, "dist_min_m": 2152.0, "enseigne_plus_proche": "ACEP", "nb_batiments": 1206, "dens_bat_km2": 1793.0, "dens_route_m_km2": 33240.0, "nb_commerces": 0, "nb_education": 1, "nb_sante": 1, "nb_banques": 0, "nb_restauration": 0, "nb_bureaux": 0, "nb_transport": 0, "nb_loisirs": 2, "nb_lieux_culte": 0, "nb_axes_structurants": 2, "longueur_principale_m": 2061.0, "dens_commerces_km2": 0.0, "lat": 3.872422, "lon": 11.563976 }, "geometry": { "type": "Polygon", "coordinates": [ [ [ 11.566533870714155, 3.868864592992919 ], [ 11.568562199427181, 3.873150850829773 ], [ 11.566004656498581, 3.876708183088471 ], [ 11.561419020707955, 3.875979376865754 ], [ 11.55939074437223, 3.871693376079222 ], [ 11.561948051435113, 3.868135924472401 ], [ 11.566533870714155, 3.868864592992919 ] ] ] } },
{ "type": "Feature", "properties": { "cell_id": "88828b4f2bfffff", "arrondissement": "Yaoundé IV", "profil_marche": "Quartier d'activite mixte", "score_potentiel_brut": 66.12, "score_potentiel_net": 42.98, "rang_net": 73, "dist_min_m": 603.0, "enseigne_plus_proche": "Afriland First bank", "nb_batiments": 735, "dens_bat_km2": 1093.0, "dens_route_m_km2": 47171.0, "nb_commerces": 2, "nb_education": 3, "nb_sante": 3, "nb_banques": 0, "nb_restauration": 2, "nb_bureaux": 2, "nb_transport": 3, "nb_loisirs": 7, "nb_lieux_culte": 0, "nb_axes_structurants": 60, "longueur_principale_m": 6005.0, "dens_commerces_km2": 3.0, "lat": 3.845163, "lon": 11.517156 }, "geometry": { "type": "Polygon", "coordinates": [ [ [ 11.519711411378479, 3.841605350517806 ], [ 11.521739803891714, 3.845891591357073 ], [ 11.519184024644304, 3.849449322898907 ], [ 11.514600089108237, 3.848720932632733 ], [ 11.512571749407336, 3.844434949101599 ], [ 11.515127292415519, 3.840877098535873 ], [ 11.519711411378479, 3.841605350517806 ] ] ] } },
{ "type": "Feature", "properties": { "cell_id": "8858db4d1dfffff", "arrondissement": "Yaoundé I", "profil_marche": "Peripherie residentielle", "score_potentiel_brut": 52.25, "score_potentiel_net": 42.7, "rang_net": 74, "dist_min_m": 1955.0, "enseigne_plus_proche": "Guichet SGC", "nb_batiments": 825, "dens_bat_km2": 1229.0, "dens_route_m_km2": 22025.0, "nb_commerces": 0, "nb_education": 2, "nb_sante": 1, "nb_banques": 0, "nb_restauration": 0, "nb_bureaux": 0, "nb_transport": 2, "nb_loisirs": 1, "nb_lieux_culte": 0, "nb_axes_structurants": 5, "longueur_principale_m": 4767.0, "dens_commerces_km2": 0.0, "lat": 3.94425, "lon": 11.51744 }, "geometry": { "type": "Polygon", "coordinates": [ [ [ 11.519995040113459, 3.940697321284834 ], [ 11.522022550110947, 3.944979950750506 ], [ 11.519467871664483, 3.948532336153663 ], [ 11.514885919237404, 3.947802211618547 ], [ 11.512858462003702, 3.94351983932992 ], [ 11.515412904418664, 3.939967334406706 ], [ 11.519995040113459, 3.940697321284834 ] ] ] } },
{ "type": "Feature", "properties": { "cell_id": "88828b4883fffff", "arrondissement": "Yaoundé IV", "profil_marche": "Quartier d'activite mixte", "score_potentiel_brut": 65.65, "score_potentiel_net": 42.67, "rang_net": 75, "dist_min_m": 815.0, "enseigne_plus_proche": "ACEP", "nb_batiments": 1438, "dens_bat_km2": 2138.0, "dens_route_m_km2": 41275.0, "nb_commerces": 3, "nb_education": 0, "nb_sante": 4, "nb_banques": 0, "nb_restauration": 8, "nb_bureaux": 2, "nb_transport": 5, "nb_loisirs": 3, "nb_lieux_culte": 0, "nb_axes_structurants": 19, "longueur_principale_m": 5840.0, "dens_commerces_km2": 4.5, "lat": 3.870236, "lon": 11.55022 }, "geometry": { "type": "Polygon", "coordinates": [ [ [ 11.552777029098486, 3.86667860748797 ], [ 11.554805324937407, 3.870964648694797 ], [ 11.552248365320827, 3.874521784342506 ], [ 11.547663345814138, 3.87379299807277 ], [ 11.545635102477695, 3.869507213984595 ], [ 11.548191826130779, 3.86594995905484 ], [ 11.552777029098486, 3.86667860748797 ] ] ] } },
{ "type": "Feature", "properties": { "cell_id": "88828b4893fffff", "arrondissement": "Yaoundé V", "profil_marche": "Quartier d'activite mixte", "score_potentiel_brut": 65.64, "score_potentiel_net": 42.67, "rang_net": 76, "dist_min_m": 444.0, "enseigne_plus_proche": "UBA", "nb_batiments": 701, "dens_bat_km2": 1043.0, "dens_route_m_km2": 28085.0, "nb_commerces": 40, "nb_education": 12, "nb_sante": 7, "nb_banques": 2, "nb_restauration": 50, "nb_bureaux": 18, "nb_transport": 6, "nb_loisirs": 6, "nb_lieux_culte": 2, "nb_axes_structurants": 30, "longueur_principale_m": 734.0, "dens_commerces_km2": 59.5, "lat": 3.870878, "lon": 11.529325 }, "geometry": { "type": "Polygon", "coordinates": [ [ [ 11.531881310486584, 3.867321112297015 ], [ 11.533909520580515, 3.871606679416042 ], [ 11.531353491967154, 3.875163302243652 ], [ 11.52676948934878, 3.874434477161088 ], [ 11.524741331945535, 3.870149167259245 ], [ 11.527297124455327, 3.866592425230149 ], [ 11.531881310486584, 3.867321112297015 ] ] ] } },
{ "type": "Feature", "properties": { "cell_id": "88828b4c35fffff", "arrondissement": "Yaoundé VII", "profil_marche": "Quartier d'activite mixte", "score_potentiel_brut": 65.41, "score_potentiel_net": 42.52, "rang_net": 77, "dist_min_m": 623.0, "enseigne_plus_proche": "Afriland First Bank", "nb_batiments": 928, "dens_bat_km2": 1382.0, "dens_route_m_km2": 31463.0, "nb_commerces": 17, "nb_education": 8, "nb_sante": 4, "nb_banques": 1, "nb_restauration": 4, "nb_bureaux": 1, "nb_transport": 3, "nb_loisirs": 4, "nb_lieux_culte": 4, "nb_axes_structurants": 16, "longueur_principale_m": 5998.0, "dens_commerces_km2": 25.3, "lat": 3.875626, "lon": 11.459537 }, "geometry": { "type": "Polygon", "coordinates": [ [ [ 11.462090044163524, 3.872071022486363 ], [ 11.464117940432342, 3.876354907208453 ], [ 11.461565054467957, 3.879909673203973 ], [ 11.456984508784132, 3.879180673430357 ], [ 11.454956665832398, 3.874897046249981 ], [ 11.457509315232784, 3.871342161308899 ], [ 11.462090044163524, 3.872071022486363 ] ] ] } },
{ "type": "Feature", "properties": { "cell_id": "88828b48cbfffff", "arrondissement": "Yaoundé IV", "profil_marche": "Peripherie residentielle", "score_potentiel_brut": 45.91, "score_potentiel_net": 42.51, "rang_net": 78, "dist_min_m": 2577.0, "enseigne_plus_proche": "ACEP", "nb_batiments": 749, "dens_bat_km2": 1113.0, "dens_route_m_km2": 23091.0, "nb_commerces": 0, "nb_education": 6, "nb_sante": 1, "nb_banques": 0, "nb_restauration": 0, "nb_bureaux": 0, "nb_transport": 0, "nb_loisirs": 1, "nb_lieux_culte": 0, "nb_axes_structurants": 1, "longueur_principale_m": 0.0, "dens_commerces_km2": 0.0, "lat": 3.843873, "lon": 11.558949 }, "geometry": { "type": "Polygon", "coordinates": [ [ [ 11.561506817127343, 3.84031398159762 ], [ 11.563535381261536, 3.844601171704033 ], [ 11.560977739530076, 3.848159928742901 ], [ 11.556391769608746, 3.847431614867867 ], [ 11.554363257910403, 3.843144681872468 ], [ 11.556920663682844, 3.839585805648435 ], [ 11.561506817127343, 3.84031398159762 ] ] ] } },
{ "type": "Feature", "properties": { "cell_id": "88828b48ddfffff", "arrondissement": "Yaoundé IV", "profil_marche": "Peripherie residentielle", "score_potentiel_brut": 52.07, "score_potentiel_net": 42.46, "rang_net": 79, "dist_min_m": 1946.0, "enseigne_plus_proche": "Mutuelle Epargne Crédit", "nb_batiments": 918, "dens_bat_km2": 1364.0, "dens_route_m_km2": 19731.0, "nb_commerces": 0, "nb_education": 3, "nb_sante": 1, "nb_banques": 0, "nb_restauration": 0, "nb_bureaux": 1, "nb_transport": 1, "nb_loisirs": 6, "nb_lieux_culte": 0, "nb_axes_structurants": 1, "longueur_principale_m": 2454.0, "dens_commerces_km2": 0.0, "lat": 3.846703, "lon": 11.551806 }, "geometry": { "type": "Polygon", "coordinates": [ [ [ 11.554363257910403, 3.843144681872468 ], [ 11.556391769608746, 3.847431614867867 ], [ 11.55383447538893, 3.85099005605948 ], [ 11.549248905457654, 3.850261683433719 ], [ 11.547220446258342, 3.845975007579733 ], [ 11.549777504476586, 3.842416447217461 ], [ 11.554363257910403, 3.843144681872468 ] ] ] } },
{ "type": "Feature", "properties": { "cell_id": "88828b48b3fffff", "arrondissement": "Yaoundé V", "profil_marche": "Quartier d'activite mixte", "score_potentiel_brut": 65.28, "score_potentiel_net": 42.43, "rang_net": 80, "dist_min_m": 321.0, "enseigne_plus_proche": "AFRILAND FIRST BANK", "nb_batiments": 1337, "dens_bat_km2": 1989.0, "dens_route_m_km2": 33772.0, "nb_commerces": 39, "nb_education": 12, "nb_sante": 8, "nb_banques": 1, "nb_restauration": 57, "nb_bureaux": 5, "nb_transport": 2, "nb_loisirs": 11, "nb_lieux_culte": 0, "nb_axes_structurants": 13, "longueur_principale_m": 2554.0, "dens_commerces_km2": 58.0, "lat": 3.888748, "lon": 11.542022 }, "geometry": { "type": "Polygon", "coordinates": [ [ [ 11.544578404401104, 3.885191688574433 ], [ 11.546606503852654, 3.889476877557057 ], [ 11.544050114682877, 3.893032826385771 ], [ 11.539465862027466, 3.892303705580895 ], [ 11.537437815143784, 3.88801877373184 ], [ 11.539993968332967, 3.884462705561435 ], [ 11.544578404401104, 3.885191688574433 ] ] ] } },
{ "type": "Feature", "properties": { "cell_id": "88828b4cebfffff", "arrondissement": "Yaoundé VII", "profil_marche": "Centre structure commercant", "score_potentiel_brut": 42.43, "score_potentiel_net": 42.43, "rang_net": 81, "dist_min_m": 3334.0, "enseigne_plus_proche": "Afriland First Bank", "nb_batiments": 169, "dens_bat_km2": 252.0, "dens_route_m_km2": 22459.0, "nb_commerces": 2, "nb_education": 1, "nb_sante": 0, "nb_banques": 0, "nb_restauration": 6, "nb_bureaux": 0, "nb_transport": 0, "nb_loisirs": 0, "nb_lieux_culte": 1, "nb_axes_structurants": 1, "longueur_principale_m": 0.0, "dens_commerces_km2": 3.0, "lat": 3.86624, "lon": 11.42545 }, "geometry": { "type": "Polygon", "coordinates": [ [ [ 11.428001432089303, 3.862685653331311 ], [ 11.430029277119571, 3.866969139991661 ], [ 11.427477796923661, 3.870523629469536 ], [ 11.422898708494989, 3.869794751056269 ], [ 11.420870917092678, 3.865511522110714 ], [ 11.423422160476475, 3.861956913871045 ], [ 11.428001432089303, 3.862685653331311 ] ] ] } },
{ "type": "Feature", "properties": { "cell_id": "88828b4d2dfffff", "arrondissement": "Yaoundé I", "profil_marche": "Peripherie residentielle", "score_potentiel_brut": 56.12, "score_potentiel_net": 42.34, "rang_net": 82, "dist_min_m": 1597.0, "enseigne_plus_proche": "Afriland First Bank", "nb_batiments": 2772, "dens_bat_km2": 4125.0, "dens_route_m_km2": 23639.0, "nb_commerces": 0, "nb_education": 3, "nb_sante": 0, "nb_banques": 0, "nb_restauration": 2, "nb_bureaux": 0, "nb_transport": 1, "nb_loisirs": 0, "nb_lieux_culte": 0, "nb_axes_structurants": 10, "longueur_principale_m": 4688.0, "dens_commerces_km2": 0.0, "lat": 3.902241, "lon": 11.527215 }, "geometry": { "type": "Polygon", "coordinates": [ [ [ 11.529770273440107, 3.898685474955075 ], [ 11.531798195755162, 3.902969851924704 ], [ 11.529242612927021, 3.906524732839856 ], [ 11.524659343821865, 3.905795356142462 ], [ 11.522631474201958, 3.90151123635911 ], [ 11.525186820977389, 3.897956236094213 ], [ 11.529770273440107, 3.898685474955075 ] ] ] } },
{ "type": "Feature", "properties": { "cell_id": "8858db4da5fffff", "arrondissement": "Yaoundé I", "profil_marche": "Centre structure commercant", "score_potentiel_brut": 61.67, "score_potentiel_net": 42.22, "rang_net": 83, "dist_min_m": 1198.0, "enseigne_plus_proche": "Guichet Éléctronique Bicec", "nb_batiments": 2046, "dens_bat_km2": 3044.0, "dens_route_m_km2": 28868.0, "nb_commerces": 9, "nb_education": 6, "nb_sante": 1, "nb_banques": 0, "nb_restauration": 2, "nb_bureaux": 0, "nb_transport": 1, "nb_loisirs": 0, "nb_lieux_culte": 1, "nb_axes_structurants": 1, "longueur_principale_m": 0.0, "dens_commerces_km2": 13.4, "lat": 3.899415, "lon": 11.534354 }, "geometry": { "type": "Polygon", "coordinates": [ [ [ 11.53690982030183, 3.895859338273094 ], [ 11.538937795249048, 3.900143972398824 ], [ 11.536381864977876, 3.903699169538839 ], [ 11.531798195755162, 3.902969851924704 ], [ 11.529770273440107, 3.898685474955075 ], [ 11.532325967700924, 3.895130158450825 ], [ 11.53690982030183, 3.895859338273094 ] ] ] } },
{ "type": "Feature", "properties": { "cell_id": "88828b488dfffff", "arrondissement": "Yaoundé IV", "profil_marche": "Peripherie residentielle", "score_potentiel_brut": 51.05, "score_potentiel_net": 42.06, "rang_net": 84, "dist_min_m": 1994.0, "enseigne_plus_proche": "ACEP", "nb_batiments": 1539, "dens_bat_km2": 2287.0, "dens_route_m_km2": 35707.0, "nb_commerces": 0, "nb_education": 2, "nb_sante": 0, "nb_banques": 0, "nb_restauration": 0, "nb_bureaux": 0, "nb_transport": 0, "nb_loisirs": 1, "nb_lieux_culte": 0, "nb_axes_structurants": 2, "longueur_principale_m": 5006.0, "dens_commerces_km2": 0.0, "lat": 3.864578, "lon": 11.564506 }, "geometry": { "type": "Polygon", "coordinates": [ [ [ 11.567063124548154, 3.861020270125631 ], [ 11.569091525202532, 3.865306825478715 ], [ 11.566533870714155, 3.868864592992919 ], [ 11.561948051435113, 3.868135924472401 ], [ 11.559919703156874, 3.863849626177281 ], [ 11.562477121766847, 3.860291739352032 ], [ 11.567063124548154, 3.861020270125631 ] ] ] } },
{ "type": "Feature", "properties": { "cell_id": "88828b4e55fffff", "arrondissement": "Yaoundé III", "profil_marche": "Zone peu equipee", "score_potentiel_brut": 42.01, "score_potentiel_net": 42.01, "rang_net": 85, "dist_min_m": 5221.0, "enseigne_plus_proche": "Afriland First Bank Damas", "nb_batiments": 342, "dens_bat_km2": 509.0, "dens_route_m_km2": 26880.0, "nb_commerces": 0, "nb_education": 0, "nb_sante": 0, "nb_banques": 0, "nb_restauration": 0, "nb_bureaux": 0, "nb_transport": 1, "nb_loisirs": 0, "nb_lieux_culte": 0, "nb_axes_structurants": 6, "longueur_principale_m": 2859.0, "dens_commerces_km2": 0.0, "lat": 3.784343, "lon": 11.458702 }, "geometry": { "type": "Polygon", "coordinates": [ [ [ 11.461256072700179, 3.780783064299106 ], [ 11.463284779759123, 3.78507024520063 ], [ 11.460730905942155, 3.788629915487242 ], [ 11.456148561811172, 3.787902523362544 ], [ 11.45411990811963, 3.783615600123484 ], [ 11.456673545177054, 3.780055811354065 ], [ 11.461256072700179, 3.780783064299106 ] ] ] } },
{ "type": "Feature", "properties": { "cell_id": "88828b4195fffff", "arrondissement": "Yaoundé IV", "profil_marche": "Peripherie residentielle", "score_potentiel_brut": 43.62, "score_potentiel_net": 41.95, "rang_net": 86, "dist_min_m": 2781.0, "enseigne_plus_proche": "Vision Finance Odja", "nb_batiments": 267, "dens_bat_km2": 397.0, "dens_route_m_km2": 31742.0, "nb_commerces": 0, "nb_education": 2, "nb_sante": 0, "nb_banques": 0, "nb_restauration": 0, "nb_bureaux": 0, "nb_transport": 0, "nb_loisirs": 0, "nb_lieux_culte": 0, "nb_axes_structurants": 5, "longueur_principale_m": 6072.0, "dens_commerces_km2": 0.0, "lat": 3.783041, "lon": 11.500479 }, "geometry": { "type": "Polygon", "coordinates": [ [ [ 11.503034964952976, 3.779479841450037 ], [ 11.505063846841241, 3.783767976509183 ], [ 11.502508107798826, 3.787328673596513 ], [ 11.497923723334397, 3.786601354276523 ], [ 11.495894894437733, 3.782313476683465 ], [ 11.498450396999258, 3.778752660951691 ], [ 11.503034964952976, 3.779479841450037 ] ] ] } },
{ "type": "Feature", "properties": { "cell_id": "88828b4f27fffff", "arrondissement": "Yaoundé IV", "profil_marche": "Quartier d'activite mixte", "score_potentiel_brut": 64.43, "score_potentiel_net": 41.88, "rang_net": 87, "dist_min_m": 161.0, "enseigne_plus_proche": "Ecobank", "nb_batiments": 1062, "dens_bat_km2": 1579.0, "dens_route_m_km2": 49605.0, "nb_commerces": 9, "nb_education": 4, "nb_sante": 3, "nb_banques": 5, "nb_restauration": 12, "nb_bureaux": 9, "nb_transport": 1, "nb_loisirs": 5, "nb_lieux_culte": 1, "nb_axes_structurants": 45, "longueur_principale_m": 6038.0, "dens_commerces_km2": 13.4, "lat": 3.858021, "lon": 11.523241 }, "geometry": { "type": "Polygon", "coordinates": [ [ [ 11.525796497737119, 3.854463736563373 ], [ 11.527824799060488, 3.858749640811029 ], [ 11.525268895094388, 3.862306818095861 ], [ 11.520684925961653, 3.861578210253153 ], [ 11.51865667738978, 3.857292563268179 ], [ 11.52121234518448, 3.853735266870597 ], [ 11.525796497737119, 3.854463736563373 ] ] ] } },
{ "type": "Feature", "properties": { "cell_id": "88828b4f43fffff", "arrondissement": "Yaoundé IV", "profil_marche": "Peripherie residentielle", "score_potentiel_brut": 45.57, "score_potentiel_net": 41.85, "rang_net": 88, "dist_min_m": 2534.0, "enseigne_plus_proche": "Afriland First Bank Damas", "nb_batiments": 374, "dens_bat_km2": 556.0, "dens_route_m_km2": 20319.0, "nb_commerces": 1, "nb_education": 0, "nb_sante": 2, "nb_banques": 1, "nb_restauration": 0, "nb_bureaux": 1, "nb_transport": 4, "nb_loisirs": 0, "nb_lieux_culte": 0, "nb_axes_structurants": 12, "longueur_principale_m": 3850.0, "dens_commerces_km2": 1.5, "lat": 3.816613, "lon": 11.512125 }, "geometry": { "type": "Polygon", "coordinates": [ [ [ 11.514680511530518, 3.813054036600703 ], [ 11.516709139175587, 3.817341206379465 ], [ 11.514153261792941, 3.820900361819585 ], [ 11.509568993083084, 3.820172466348625 ], [ 11.507540418308981, 3.815885553938329 ], [ 11.510096059359109, 3.812326279637883 ], [ 11.514680511530518, 3.813054036600703 ] ] ] } },
{ "type": "Feature", "properties": { "cell_id": "88828b4d0dfffff", "arrondissement": "Yaoundé I", "profil_marche": "Quartier d'activite mixte", "score_potentiel_brut": 64.15, "score_potentiel_net": 41.7, "rang_net": 89, "dist_min_m": 416.0, "enseigne_plus_proche": "La Régionale Bank - Agence Nlongkak", "nb_batiments": 814, "dens_bat_km2": 1211.0, "dens_route_m_km2": 46802.0, "nb_commerces": 6, "nb_education": 8, "nb_sante": 4, "nb_banques": 2, "nb_restauration": 10, "nb_bureaux": 19, "nb_transport": 1, "nb_loisirs": 14, "nb_lieux_culte": 1, "nb_axes_structurants": 29, "longueur_principale_m": 1256.0, "dens_commerces_km2": 8.9, "lat": 3.884374, "lon": 11.51452 }, "geometry": { "type": "Polygon", "coordinates": [ [ [ 11.51707487246053, 3.880817890371231 ], [ 11.519102905155956, 3.885102645681982 ], [ 11.516547683081088, 3.888658200760197 ], [ 11.511964664471746, 3.887929119744704 ], [ 11.509936684594232, 3.883644621703861 ], [ 11.512491670493512, 3.880088947415982 ], [ 11.51707487246053, 3.880817890371231 ] ] ] } },
{ "type": "Feature", "properties": { "cell_id": "88828b4e61fffff", "arrondissement": "Yaoundé III", "profil_marche": "Peripherie residentielle", "score_potentiel_brut": 44.47, "score_potentiel_net": 41.63, "rang_net": 90, "dist_min_m": 2635.0, "enseigne_plus_proche": "Afriland First Bank Damas", "nb_batiments": 551, "dens_bat_km2": 819.0, "dens_route_m_km2": 22204.0, "nb_commerces": 0, "nb_education": 0, "nb_sante": 0, "nb_banques": 0, "nb_restauration": 0, "nb_bureaux": 1, "nb_transport": 2, "nb_loisirs": 0, "nb_lieux_culte": 0, "nb_axes_structurants": 3, "longueur_principale_m": 3268.0, "dens_commerces_km2": 0.0, "lat": 3.796554, "lon": 11.485674 }, "geometry": { "type": "Polygon", "coordinates": [ [ [ 11.488229305588119, 3.792994422919889 ], [ 11.490258009408802, 3.797281747260904 ], [ 11.487703077686485, 3.800841377831382 ], [ 11.483119678681454, 3.800113802721215 ], [ 11.481091027979495, 3.795826735899547 ], [ 11.483645723149195, 3.792266986676081 ], [ 11.488229305588119, 3.792994422919889 ] ] ] } },
{ "type": "Feature", "properties": { "cell_id": "88828b4a93fffff", "arrondissement": "Yaoundé IV", "profil_marche": "Peripherie residentielle", "score_potentiel_brut": 45.06, "score_potentiel_net": 41.62, "rang_net": 91, "dist_min_m": 2564.0, "enseigne_plus_proche": "Vision Finance Odja", "nb_batiments": 845, "dens_bat_km2": 1256.0, "dens_route_m_km2": 23696.0, "nb_commerces": 0, "nb_education": 1, "nb_sante": 1, "nb_banques": 0, "nb_restauration": 1, "nb_bureaux": 0, "nb_transport": 0, "nb_loisirs": 1, "nb_lieux_culte": 0, "nb_axes_structurants": 1, "longueur_principale_m": 0.0, "dens_commerces_km2": 0.0, "lat": 3.815965, "lon": 11.53302 }, "geometry": { "type": "Polygon", "coordinates": [ [ [ 11.535577146715088, 3.812405282584424 ], [ 11.537605860604708, 3.816692927881296 ], [ 11.535049051517106, 3.820252596196886 ], [ 11.530463764717819, 3.819524738163969 ], [ 11.528435103510995, 3.815237350137086 ], [ 11.530991676406, 3.811677562880445 ], [ 11.535577146715088, 3.812405282584424 ] ] ] } },
{ "type": "Feature", "properties": { "cell_id": "8858db4d53fffff", "arrondissement": "Yaoundé I", "profil_marche": "Peripherie residentielle", "score_potentiel_brut": 41.57, "score_potentiel_net": 41.57, "rang_net": 92, "dist_min_m": 3356.0, "enseigne_plus_proche": "Guichet SGC", "nb_batiments": 452, "dens_bat_km2": 673.0, "dens_route_m_km2": 28352.0, "nb_commerces": 0, "nb_education": 2, "nb_sante": 0, "nb_banques": 0, "nb_restauration": 0, "nb_bureaux": 0, "nb_transport": 0, "nb_loisirs": 1, "nb_lieux_culte": 0, "nb_axes_structurants": 3, "longueur_principale_m": 0.0, "dens_commerces_km2": 0.0, "lat": 3.957097, "lon": 11.523523 }, "geometry": { "type": "Polygon", "coordinates": [ [ [ 11.526077479001964, 3.953544869975997 ], [ 11.528104897886687, 3.957827159616878 ], [ 11.525550094832807, 3.961378989344001 ], [ 11.520968108843336, 3.960648649045825 ], [ 11.518940742661616, 3.956366616535932 ], [ 11.521495309751717, 3.952814667200567 ], [ 11.526077479001964, 3.953544869975997 ] ] ] } },
{ "type": "Feature", "properties": { "cell_id": "88828b48b1fffff", "arrondissement": "Yaoundé V", "profil_marche": "Quartier d'activite mixte", "score_potentiel_brut": 63.67, "score_potentiel_net": 41.39, "rang_net": 93, "dist_min_m": 558.0, "enseigne_plus_proche": "AFRILAND FIRST BANK", "nb_batiments": 1122, "dens_bat_km2": 1669.0, "dens_route_m_km2": 27900.0, "nb_commerces": 67, "nb_education": 12, "nb_sante": 7, "nb_banques": 1, "nb_restauration": 44, "nb_bureaux": 8, "nb_transport": 1, "nb_loisirs": 1, "nb_lieux_culte": 1, "nb_axes_structurants": 2, "longueur_principale_m": 1404.0, "dens_commerces_km2": 99.6, "lat": 3.885921, "lon": 11.549163 }, "geometry": { "type": "Polygon", "coordinates": [ [ [ 11.55171974111572, 3.882364228366153 ], [ 11.553747893072046, 3.886649674452096 ], [ 11.551191156478795, 3.890205939365781 ], [ 11.546606503852654, 3.889476877557057 ], [ 11.544578404401104, 3.885191688574433 ], [ 11.547134905056202, 3.881635304304536 ], [ 11.55171974111572, 3.882364228366153 ] ] ] } },
{ "type": "Feature", "properties": { "cell_id": "88828b48bbfffff", "arrondissement": "Yaoundé V", "profil_marche": "Quartier d'activite mixte", "score_potentiel_brut": 63.68, "score_potentiel_net": 41.39, "rang_net": 94, "dist_min_m": 887.0, "enseigne_plus_proche": "AFRILAND FIRST BANK", "nb_batiments": 975, "dens_bat_km2": 1450.0, "dens_route_m_km2": 24465.0, "nb_commerces": 37, "nb_education": 7, "nb_sante": 9, "nb_banques": 0, "nb_restauration": 24, "nb_bureaux": 7, "nb_transport": 0, "nb_loisirs": 3, "nb_lieux_culte": 1, "nb_axes_structurants": 2, "longueur_principale_m": 0.0, "dens_commerces_km2": 55.0, "lat": 3.880906, "lon": 11.54255 }, "geometry": { "type": "Polygon", "coordinates": [ [ [ 11.545106733664584, 3.87734981770969 ], [ 11.547134905056202, 3.881635304304536 ], [ 11.544578404401104, 3.885191688574433 ], [ 11.539993968332967, 3.884462705561435 ], [ 11.537965849508081, 3.880177476107867 ], [ 11.540522114169908, 3.876620972533338 ], [ 11.545106733664584, 3.87734981770969 ] ] ] } },
{ "type": "Feature", "properties": { "cell_id": "88828b4c45fffff", "arrondissement": "Yaoundé VI", "profil_marche": "Quartier d'activite mixte", "score_potentiel_brut": 63.66, "score_potentiel_net": 41.38, "rang_net": 95, "dist_min_m": 979.0, "enseigne_plus_proche": "Afriland First Bank", "nb_batiments": 1781, "dens_bat_km2": 2650.0, "dens_route_m_km2": 31366.0, "nb_commerces": 1, "nb_education": 3, "nb_sante": 3, "nb_banques": 0, "nb_restauration": 3, "nb_bureaux": 0, "nb_transport": 2, "nb_loisirs": 1, "nb_lieux_culte": 0, "nb_axes_structurants": 4, "longueur_principale_m": 2431.0, "dens_commerces_km2": 1.5, "lat": 3.838609, "lon": 11.475908 }, "geometry": { "type": "Polygon", "coordinates": [ [ [ 11.478461756382051, 3.83505133430837 ], [ 11.480490047043345, 3.839336920596688 ], [ 11.47793602015812, 3.842894060520778 ], [ 11.4733539391279, 3.842165732989284 ], [ 11.471325701653701, 3.837880404213109 ], [ 11.473879492007987, 3.834323145463644 ], [ 11.478461756382051, 3.83505133430837 ] ] ] } },
{ "type": "Feature", "properties": { "cell_id": "88828b48b5fffff", "arrondissement": "Yaoundé V", "profil_marche": "Centre structure commercant", "score_potentiel_brut": 59.83, "score_potentiel_net": 41.31, "rang_net": 96, "dist_min_m": 1231.0, "enseigne_plus_proche": "AFRILAND FIRST BANK", "nb_batiments": 1986, "dens_bat_km2": 2954.0, "dens_route_m_km2": 24438.0, "nb_commerces": 70, "nb_education": 3, "nb_sante": 7, "nb_banques": 0, "nb_restauration": 28, "nb_bureaux": 5, "nb_transport": 0, "nb_loisirs": 0, "nb_lieux_culte": 0, "nb_axes_structurants": 2, "longueur_principale_m": 0.0, "dens_commerces_km2": 104.1, "lat": 3.890935, "lon": 11.555776 }, "geometry": { "type": "Polygon", "coordinates": [ [ [ 11.558332945585093, 3.887378677285938 ], [ 11.560361078050047, 3.891664082698405 ], [ 11.557804105573876, 3.895220228204427 ], [ 11.553219236500972, 3.894491087712961 ], [ 11.551191156478795, 3.890205939365781 ], [ 11.553747893072046, 3.886649674452096 ], [ 11.558332945585093, 3.887378677285938 ] ] ] } },
{ "type": "Feature", "properties": { "cell_id": "88828b4d6bfffff", "arrondissement": "Yaoundé I", "profil_marche": "Quartier d'activite mixte", "score_potentiel_brut": 63.41, "score_potentiel_net": 41.22, "rang_net": 97, "dist_min_m": 405.0, "enseigne_plus_proche": "Banque Camerounaise des Petites et Moyennes Entreprises", "nb_batiments": 827, "dens_bat_km2": 1230.0, "dens_route_m_km2": 24323.0, "nb_commerces": 3, "nb_education": 6, "nb_sante": 4, "nb_banques": 2, "nb_restauration": 6, "nb_bureaux": 6, "nb_transport": 4, "nb_loisirs": 13, "nb_lieux_culte": 2, "nb_axes_structurants": 18, "longueur_principale_m": 2769.0, "dens_commerces_km2": 4.5, "lat": 3.881547, "lon": 11.521658 }, "geometry": { "type": "Polygon", "coordinates": [ [ [ 11.524213808286207, 3.877990783860264 ], [ 11.526241893736495, 3.882275796410739 ], [ 11.523686324112068, 3.885831667705847 ], [ 11.519102905155956, 3.885102645681982 ], [ 11.51707487246053, 3.880817890371231 ], [ 11.519630205951715, 3.877261899851996 ], [ 11.524213808286207, 3.877990783860264 ] ] ] } },
{ "type": "Feature", "properties": { "cell_id": "88828b4e47fffff", "arrondissement": "Yaoundé III", "profil_marche": "Zone peu equipee", "score_potentiel_brut": 41.13, "score_potentiel_net": 41.13, "rang_net": 98, "dist_min_m": 4158.0, "enseigne_plus_proche": "Afriland First Bank Damas", "nb_batiments": 161, "dens_bat_km2": 239.0, "dens_route_m_km2": 15395.0, "nb_commerces": 0, "nb_education": 2, "nb_sante": 0, "nb_banques": 0, "nb_restauration": 0, "nb_bureaux": 0, "nb_transport": 1, "nb_loisirs": 0, "nb_lieux_culte": 0, "nb_axes_structurants": 3, "longueur_principale_m": 3585.0, "dens_commerces_km2": 0.0, "lat": 3.786525, "lon": 11.47245 }, "geometry": { "type": "Polygon", "coordinates": [ [ [ 11.475004894124897, 3.782964867689925 ], [ 11.477033635696804, 3.787252268324097 ], [ 11.4744791771347, 3.790812136148624 ], [ 11.469896213648603, 3.790084721895565 ], [ 11.467867525319251, 3.785797578856041 ], [ 11.470421747218795, 3.782237592482323 ], [ 11.475004894124897, 3.782964867689925 ] ] ] } },
{ "type": "Feature", "properties": { "cell_id": "88828b4f0dfffff", "arrondissement": "Yaoundé IV", "profil_marche": "Peripherie residentielle", "score_potentiel_brut": 48.23, "score_potentiel_net": 41.12, "rang_net": 99, "dist_min_m": 2157.0, "enseigne_plus_proche": "Afriland First bank", "nb_batiments": 734, "dens_bat_km2": 1091.0, "dens_route_m_km2": 17568.0, "nb_commerces": 0, "nb_education": 0, "nb_sante": 1, "nb_banques": 0, "nb_restauration": 0, "nb_bureaux": 0, "nb_transport": 2, "nb_loisirs": 2, "nb_lieux_culte": 0, "nb_axes_structurants": 7, "longueur_principale_m": 2728.0, "dens_commerces_km2": 0.0, "lat": 3.829474, "lon": 11.51821 }, "geometry": { "type": "Polygon", "coordinates": [ [ [ 11.520766303303065, 3.825915210494505 ], [ 11.522794839776664, 3.830202044711277 ], [ 11.520238837596619, 3.833760646318424 ], [ 11.515654535192953, 3.833032532665551 ], [ 11.513626051529462, 3.828745955771973 ], [ 11.516181817444847, 3.825187235215442 ], [ 11.520766303303065, 3.825915210494505 ] ] ] } },
{ "type": "Feature", "properties": { "cell_id": "88828b4d29fffff", "arrondissement": "Yaoundé I", "profil_marche": "Quartier d'activite mixte", "score_potentiel_brut": 61.3, "score_potentiel_net": 41.08, "rang_net": 100, "dist_min_m": 1115.0, "enseigne_plus_proche": "BICEC Bastos", "nb_batiments": 1247, "dens_bat_km2": 1856.0, "dens_route_m_km2": 30778.0, "nb_commerces": 3, "nb_education": 4, "nb_sante": 0, "nb_banques": 0, "nb_restauration": 10, "nb_bureaux": 5, "nb_transport": 0, "nb_loisirs": 24, "nb_lieux_culte": 0, "nb_axes_structurants": 9, "longueur_principale_m": 5103.0, "dens_commerces_km2": 4.5, "lat": 3.897227, "lon": 11.520604 }, "geometry": { "type": "Polygon", "coordinates": [ [ [ 11.523158879418755, 3.893671818603052 ], [ 11.525186820977389, 3.897956236094213 ], [ 11.522631474201958, 3.90151123635911 ], [ 11.518048421961078, 3.900781938438494 ], [ 11.516020533159562, 3.896497778171597 ], [ 11.518575643827177, 3.892942658608411 ], [ 11.523158879418755, 3.893671818603052 ] ] ] } },
{ "type": "Feature", "properties": { "cell_id": "88828b4f03fffff", "arrondissement": "Yaoundé III", "profil_marche": "Peripherie residentielle", "score_potentiel_brut": 51.73, "score_potentiel_net": 40.95, "rang_net": 101, "dist_min_m": 1809.0, "enseigne_plus_proche": "SCB Cameroun", "nb_batiments": 1436, "dens_bat_km2": 2136.0, "dens_route_m_km2": 23365.0, "nb_commerces": 0, "nb_education": 1, "nb_sante": 3, "nb_banques": 0, "nb_restauration": 1, "nb_bureaux": 0, "nb_transport": 0, "nb_loisirs": 3, "nb_lieux_culte": 0, "nb_axes_structurants": 3, "longueur_principale_m": 0.0, "dens_commerces_km2": 0.0, "lat": 3.835134, "lon": 11.503931 }, "geometry": { "type": "Polygon", "coordinates": [ [ [ 11.506486548117049, 3.831576326370925 ], [ 11.50851497890736, 3.835862645911009 ], [ 11.505959672193441, 3.839420615448892 ], [ 11.501376171023917, 3.838692384374566 ], [ 11.499347793169852, 3.83440632221826 ], [ 11.501902863534429, 3.830848233759897 ], [ 11.506486548117049, 3.831576326370925 ] ] ] } },
{ "type": "Feature", "properties": { "cell_id": "88828b4891fffff", "arrondissement": "Yaoundé V", "profil_marche": "Quartier d'activite mixte", "score_potentiel_brut": 62.91, "score_potentiel_net": 40.89, "rang_net": 102, "dist_min_m": 350.0, "enseigne_plus_proche": "NDC", "nb_batiments": 1318, "dens_bat_km2": 1960.0, "dens_route_m_km2": 27949.0, "nb_commerces": 91, "nb_education": 6, "nb_sante": 6, "nb_banques": 3, "nb_restauration": 79, "nb_bureaux": 19, "nb_transport": 2, "nb_loisirs": 0, "nb_lieux_culte": 0, "nb_axes_structurants": 23, "longueur_principale_m": 3190.0, "dens_commerces_km2": 135.3, "lat": 3.86805, "lon": 11.536466 }, "geometry": { "type": "Polygon", "coordinates": [ [ [ 11.539022036821137, 3.864492682383742 ], [ 11.541050299542642, 3.868778506689639 ], [ 11.53849392339909, 3.872335445594131 ], [ 11.533909520580515, 3.871606679416042 ], [ 11.531881310486584, 3.867321112297015 ], [ 11.534437450568994, 3.863764054176572 ], [ 11.539022036821137, 3.864492682383742 ] ] ] } },
{ "type": "Feature", "properties": { "cell_id": "88828b4f15fffff", "arrondissement": "Yaoundé III", "profil_marche": "Quartier d'activite mixte", "score_potentiel_brut": 62.91, "score_potentiel_net": 40.89, "rang_net": 103, "dist_min_m": 959.0, "enseigne_plus_proche": "SCB Cameroun", "nb_batiments": 1191, "dens_bat_km2": 1771.0, "dens_route_m_km2": 38659.0, "nb_commerces": 1, "nb_education": 2, "nb_sante": 2, "nb_banques": 0, "nb_restauration": 3, "nb_bureaux": 1, "nb_transport": 4, "nb_loisirs": 3, "nb_lieux_culte": 0, "nb_axes_structurants": 19, "longueur_principale_m": 0.0, "dens_commerces_km2": 1.5, "lat": 3.837964, "lon": 11.496793 }, "geometry": { "type": "Polygon", "coordinates": [ [ [ 11.499347793169852, 3.83440632221826 ], [ 11.501376171023917, 3.838692384374566 ], [ 11.498821212073823, 3.842250037800385 ], [ 11.494238111646608, 3.84152174798326 ], [ 11.492209786791779, 3.837235943240959 ], [ 11.494764509350276, 3.833678170909137 ], [ 11.499347793169852, 3.83440632221826 ] ] ] } },
{ "type": "Feature", "properties": { "cell_id": "88828b4c55fffff", "arrondissement": "Yaoundé VI", "profil_marche": "Centre structure commercant", "score_potentiel_brut": 50.47, "score_potentiel_net": 40.88, "rang_net": 104, "dist_min_m": 1914.0, "enseigne_plus_proche": "Afriland First Bank", "nb_batiments": 904, "dens_bat_km2": 1346.0, "dens_route_m_km2": 23631.0, "nb_commerces": 4, "nb_education": 3, "nb_sante": 1, "nb_banques": 0, "nb_restauration": 1, "nb_bureaux": 0, "nb_transport": 0, "nb_loisirs": 0, "nb_lieux_culte": 1, "nb_axes_structurants": 0, "longueur_principale_m": 0.0, "dens_commerces_km2": 6.0, "lat": 3.839252, "lon": 11.455028 }, "geometry": { "type": "Polygon", "coordinates": [ [ [ 11.45758073098172, 3.835695682755679 ], [ 11.45960893389487, 3.839980792739887 ], [ 11.457055839379233, 3.843537418846955 ], [ 11.452474778605808, 3.842809053721996 ], [ 11.45044662906734, 3.838524201347846 ], [ 11.452999486913006, 3.834967456496004 ], [ 11.45758073098172, 3.835695682755679 ] ] ] } },
{ "type": "Feature", "properties": { "cell_id": "88828b4d09fffff", "arrondissement": "Yaoundé II", "profil_marche": "Quartier d'activite mixte", "score_potentiel_brut": 62.84, "score_potentiel_net": 40.85, "rang_net": 105, "dist_min_m": 873.0, "enseigne_plus_proche": "NOFIA(NOUVELLE FINANCIERE AFRICAINE)", "nb_batiments": 1001, "dens_bat_km2": 1490.0, "dens_route_m_km2": 22099.0, "nb_commerces": 2, "nb_education": 4, "nb_sante": 1, "nb_banques": 0, "nb_restauration": 1, "nb_bureaux": 4, "nb_transport": 5, "nb_loisirs": 0, "nb_lieux_culte": 5, "nb_axes_structurants": 5, "longueur_principale_m": 0.0, "dens_commerces_km2": 3.0, "lat": 3.87936, "lon": 11.507909 }, "geometry": { "type": "Polygon", "coordinates": [ [ [ 11.510463618660818, 3.875804152039167 ], [ 11.512491670493512, 3.880088947415982 ], [ 11.509936684594232, 3.883644621703861 ], [ 11.505353883078214, 3.882915619780424 ], [ 11.503325884125328, 3.878631081711433 ], [ 11.505880633794014, 3.87507528826544 ], [ 11.510463618660818, 3.875804152039167 ] ] ] } },
{ "type": "Feature", "properties": { "cell_id": "88828b489bfffff", "arrondissement": "Yaoundé V", "profil_marche": "Quartier d'activite mixte", "score_potentiel_brut": 62.61, "score_potentiel_net": 40.7, "rang_net": 106, "dist_min_m": 640.0, "enseigne_plus_proche": "UBA", "nb_batiments": 2129, "dens_bat_km2": 3166.0, "dens_route_m_km2": 15969.0, "nb_commerces": 81, "nb_education": 11, "nb_sante": 9, "nb_banques": 2, "nb_restauration": 64, "nb_bureaux": 11, "nb_transport": 5, "nb_loisirs": 0, "nb_lieux_culte": 0, "nb_axes_structurants": 21, "longueur_principale_m": 3134.0, "dens_commerces_km2": 120.5, "lat": 3.863035, "lon": 11.529853 }, "geometry": { "type": "Polygon", "coordinates": [ [ [ 11.5324091685185, 3.859478189817495 ], [ 11.534437450568994, 3.863764054176572 ], [ 11.531881310486584, 3.867321112297015 ], [ 11.527297124455327, 3.866592425230149 ], [ 11.525268895094388, 3.862306818095861 ], [ 11.527824799060488, 3.858749640811029 ], [ 11.5324091685185, 3.859478189817495 ] ] ] } },
{ "type": "Feature", "properties": { "cell_id": "88828b4e21fffff", "arrondissement": "Yaoundé VI", "profil_marche": "Peripherie residentielle", "score_potentiel_brut": 55.64, "score_potentiel_net": 40.65, "rang_net": 107, "dist_min_m": 1460.0, "enseigne_plus_proche": "Afriland First Bank Damas", "nb_batiments": 1070, "dens_bat_km2": 1591.0, "dens_route_m_km2": 26175.0, "nb_commerces": 0, "nb_education": 5, "nb_sante": 2, "nb_banques": 0, "nb_restauration": 1, "nb_bureaux": 0, "nb_transport": 0, "nb_loisirs": 7, "nb_lieux_culte": 1, "nb_axes_structurants": 3, "longueur_principale_m": 0.0, "dens_commerces_km2": 0.0, "lat": 3.815077, "lon": 11.477485 }, "geometry": { "type": "Polygon", "coordinates": [ [ [ 11.480039201227667, 3.811518767957017 ], [ 11.482067707899091, 3.815805242923576 ], [ 11.479513346912528, 3.819363687832759 ], [ 11.474930715809155, 3.818635776496129 ], [ 11.472902262321604, 3.814349559064284 ], [ 11.475456386738909, 3.810790995441742 ], [ 11.480039201227667, 3.811518767957017 ] ] ] } },
{ "type": "Feature", "properties": { "cell_id": "88828b4e2bfffff", "arrondissement": "Yaoundé VI", "profil_marche": "Peripherie residentielle", "score_potentiel_brut": 45.84, "score_potentiel_net": 40.64, "rang_net": 108, "dist_min_m": 2352.0, "enseigne_plus_proche": "Afriland First Bank Damas", "nb_batiments": 841, "dens_bat_km2": 1251.0, "dens_route_m_km2": 25038.0, "nb_commerces": 0, "nb_education": 1, "nb_sante": 0, "nb_banques": 0, "nb_restauration": 2, "nb_bureaux": 0, "nb_transport": 0, "nb_loisirs": 0, "nb_lieux_culte": 0, "nb_axes_structurants": 4, "longueur_principale_m": 3787.0, "dens_commerces_km2": 0.0, "lat": 3.810063, "lon": 11.470874 }, "geometry": { "type": "Polygon", "coordinates": [ [ [ 11.473427861237418, 3.806504482030067 ], [ 11.475456386738909, 3.810790995441742 ], [ 11.472902262321604, 3.814349559064284 ], [ 11.468319849012349, 3.813621727944037 ], [ 11.466291376756599, 3.809335472104724 ], [ 11.468845264549708, 3.805776789820672 ], [ 11.473427861237418, 3.806504482030067 ] ] ] } },
{ "type": "Feature", "properties": { "cell_id": "88828b48e3fffff", "arrondissement": "Yaoundé IV", "profil_marche": "Peripherie residentielle", "score_potentiel_brut": 42.08, "score_potentiel_net": 40.6, "rang_net": 109, "dist_min_m": 2800.0, "enseigne_plus_proche": "ACEP", "nb_batiments": 1285, "dens_bat_km2": 1910.0, "dens_route_m_km2": 25869.0, "nb_commerces": 0, "nb_education": 0, "nb_sante": 1, "nb_banques": 0, "nb_restauration": 0, "nb_bureaux": 0, "nb_transport": 0, "nb_loisirs": 0, "nb_lieux_culte": 0, "nb_axes_structurants": 0, "longueur_principale_m": 0.0, "dens_commerces_km2": 0.0, "lat": 3.869593, "lon": 11.57112 }, "geometry": { "type": "Polygon", "coordinates": [ [ [ 11.573677744241778, 3.866035435156673 ], [ 11.575706125268896, 3.870321950013481 ], [ 11.573148234957397, 3.873879598165059 ], [ 11.568562199427181, 3.873150850829773 ], [ 11.566533870714155, 3.868864592992919 ], [ 11.569091525202532, 3.865306825478715 ], [ 11.573677744241778, 3.866035435156673 ] ] ] } },
{ "type": "Feature", "properties": { "cell_id": "88828b4d4dfffff", "arrondissement": "Yaoundé I", "profil_marche": "Quartier d'activite mixte", "score_potentiel_brut": 62.41, "score_potentiel_net": 40.57, "rang_net": 110, "dist_min_m": 163.0, "enseigne_plus_proche": "SCB Cameroun", "nb_batiments": 737, "dens_bat_km2": 1096.0, "dens_route_m_km2": 25128.0, "nb_commerces": 36, "nb_education": 3, "nb_sante": 6, "nb_banques": 16, "nb_restauration": 24, "nb_bureaux": 9, "nb_transport": 2, "nb_loisirs": 13, "nb_lieux_culte": 1, "nb_axes_structurants": 25, "longueur_principale_m": 1418.0, "dens_commerces_km2": 53.5, "lat": 3.865864, "lon": 11.522713 }, "geometry": { "type": "Polygon", "coordinates": [ [ [ 11.525268895094388, 3.862306818095861 ], [ 11.527297124455327, 3.866592425230149 ], [ 11.524741331945535, 3.870149167259245 ], [ 11.520157546218828, 3.869420421311341 ], [ 11.518129369610529, 3.865135071432146 ], [ 11.520684925961653, 3.861578210253153 ], [ 11.525268895094388, 3.862306818095861 ] ] ] } },
{ "type": "Feature", "properties": { "cell_id": "88828b41d5fffff", "arrondissement": "Yaoundé IV", "profil_marche": "Zone peu equipee", "score_potentiel_brut": 40.37, "score_potentiel_net": 40.37, "rang_net": 111, "dist_min_m": 3686.0, "enseigne_plus_proche": "Vision Finance Odja", "nb_batiments": 88, "dens_bat_km2": 131.0, "dens_route_m_km2": 31007.0, "nb_commerces": 0, "nb_education": 0, "nb_sante": 1, "nb_banques": 0, "nb_restauration": 0, "nb_bureaux": 0, "nb_transport": 0, "nb_loisirs": 0, "nb_lieux_culte": 0, "nb_axes_structurants": 2, "longueur_principale_m": 7681.0, "dens_commerces_km2": 0.0, "lat": 3.764507, "lon": 11.508674 }, "geometry": { "type": "Polygon", "coordinates": [ [ [ 11.511230207056068, 3.760944830905077 ], [ 11.513259285923196, 3.765233814595896 ], [ 11.510702975955041, 3.768795696403441 ], [ 11.506117823569115, 3.768068713111429 ], [ 11.50408879762832, 3.763779986870899 ], [ 11.506644871132423, 3.760217986479444 ], [ 11.511230207056068, 3.760944830905077 ] ] ] } },
{ "type": "Feature", "properties": { "cell_id": "88828b4d53fffff", "arrondissement": "Yaoundé II", "profil_marche": "Quartier d'activite mixte", "score_potentiel_brut": 61.87, "score_potentiel_net": 40.36, "rang_net": 112, "dist_min_m": 1013.0, "enseigne_plus_proche": "societe cooperative de epargne et de credit general du cameroun", "nb_batiments": 683, "dens_bat_km2": 1017.0, "dens_route_m_km2": 34609.0, "nb_commerces": 1, "nb_education": 3, "nb_sante": 1, "nb_banques": 0, "nb_restauration": 3, "nb_bureaux": 0, "nb_transport": 2, "nb_loisirs": 11, "nb_lieux_culte": 0, "nb_axes_structurants": 35, "longueur_principale_m": 6075.0, "dens_commerces_km2": 1.5, "lat": 3.87216, "lon": 11.487551 }, "geometry": { "type": "Polygon", "coordinates": [ [ [ 11.490104877909824, 3.868604120027595 ], [ 11.492132914845312, 3.872888737659548 ], [ 11.489578749159136, 3.876444333900418 ], [ 11.484996782905627, 3.875715431557193 ], [ 11.4829687990367, 3.871431071338906 ], [ 11.485522728340083, 3.867875356057568 ], [ 11.490104877909824, 3.868604120027595 ] ] ] } },
{ "type": "Feature", "properties": { "cell_id": "88828b4e63fffff", "arrondissement": "Yaoundé VI", "profil_marche": "Peripherie residentielle", "score_potentiel_brut": 43.24, "score_potentiel_net": 40.19, "rang_net": 113, "dist_min_m": 2597.0, "enseigne_plus_proche": "Afriland First Bank Damas", "nb_batiments": 630, "dens_bat_km2": 937.0, "dens_route_m_km2": 19599.0, "nb_commerces": 0, "nb_education": 2, "nb_sante": 0, "nb_banques": 0, "nb_restauration": 0, "nb_bureaux": 0, "nb_transport": 0, "nb_loisirs": 0, "nb_lieux_culte": 1, "nb_axes_structurants": 4, "longueur_principale_m": 0.0, "dens_commerces_km2": 0.0, "lat": 3.799386, "lon": 11.478536 }, "geometry": { "type": "Polygon", "coordinates": [ [ [ 11.481091027979495, 3.795826735899547 ], [ 11.483119678681454, 3.800113802721215 ], [ 11.480565094915214, 3.803673117247907 ], [ 11.475982097027224, 3.802945483598864 ], [ 11.473953499506996, 3.798658674326779 ], [ 11.476507846678405, 3.795099241161546 ], [ 11.481091027979495, 3.795826735899547 ] ] ] } },
{ "type": "Feature", "properties": { "cell_id": "88828b4d41fffff", "arrondissement": "Yaoundé I", "profil_marche": "Quartier d'activite mixte", "score_potentiel_brut": 61.81, "score_potentiel_net": 40.18, "rang_net": 114, "dist_min_m": 167.0, "enseigne_plus_proche": "Standard Chartered", "nb_batiments": 324, "dens_bat_km2": 482.0, "dens_route_m_km2": 51759.0, "nb_commerces": 28, "nb_education": 2, "nb_sante": 9, "nb_banques": 18, "nb_restauration": 13, "nb_bureaux": 30, "nb_transport": 1, "nb_loisirs": 25, "nb_lieux_culte": 2, "nb_axes_structurants": 89, "longueur_principale_m": 3667.0, "dens_commerces_km2": 41.7, "lat": 3.868692, "lon": 11.515574 }, "geometry": { "type": "Polygon", "coordinates": [ [ [ 11.518129369610529, 3.865135071432146 ], [ 11.520157546218828, 3.869420421311341 ], [ 11.517602101302225, 3.87297684719756 ], [ 11.513018715963691, 3.872248042347353 ], [ 11.510990592171083, 3.86796294975346 ], [ 11.513545800886659, 3.864406404731827 ], [ 11.518129369610529, 3.865135071432146 ] ] ] } },
{ "type": "Feature", "properties": { "cell_id": "88828b48c3fffff", "arrondissement": "Yaoundé IV", "profil_marche": "Peripherie residentielle", "score_potentiel_brut": 50.04, "score_potentiel_net": 40.1, "rang_net": 115, "dist_min_m": 1865.0, "enseigne_plus_proche": "ACEP", "nb_batiments": 996, "dens_bat_km2": 1480.0, "dens_route_m_km2": 24601.0, "nb_commerces": 0, "nb_education": 2, "nb_sante": 0, "nb_banques": 0, "nb_restauration": 0, "nb_bureaux": 0, "nb_transport": 0, "nb_loisirs": 1, "nb_lieux_culte": 1, "nb_axes_structurants": 2, "longueur_principale_m": 2454.0, "dens_commerces_km2": 0.0, "lat": 3.851718, "lon": 11.55842 }, "geometry": { "type": "Polygon", "coordinates": [ [ [ 11.560977739530076, 3.848159928742901 ], [ 11.563006231707547, 3.852446821698058 ], [ 11.560448701541365, 3.856005143667341 ], [ 11.555862915129389, 3.855276691911144 ], [ 11.55383447538893, 3.85099005605948 ], [ 11.556391769608746, 3.847431614867867 ], [ 11.560977739530076, 3.848159928742901 ] ] ] } },
{ "type": "Feature", "properties": { "cell_id": "88828b4f65fffff", "arrondissement": "Yaoundé IV", "profil_marche": "Centre structure commercant", "score_potentiel_brut": 45.11, "score_potentiel_net": 40.07, "rang_net": 116, "dist_min_m": 2362.0, "enseigne_plus_proche": "Afriland First bank", "nb_batiments": 913, "dens_bat_km2": 1357.0, "dens_route_m_km2": 21324.0, "nb_commerces": 2, "nb_education": 1, "nb_sante": 0, "nb_banques": 0, "nb_restauration": 1, "nb_bureaux": 0, "nb_transport": 0, "nb_loisirs": 2, "nb_lieux_culte": 0, "nb_axes_structurants": 1, "longueur_principale_m": 0.0, "dens_commerces_km2": 3.0, "lat": 3.836673, "lon": 11.538578 }, "geometry": { "type": "Polygon", "coordinates": [ [ [ 11.54113488590675, 3.833114306442607 ], [ 11.543163436478476, 3.837401319024465 ], [ 11.540606614317028, 3.840959998505753 ], [ 11.536021477681141, 3.840231784479819 ], [ 11.533992979732458, 3.83594502911515 ], [ 11.536549565781915, 3.832386230566562 ], [ 11.54113488590675, 3.833114306442607 ] ] ] } },
{ "type": "Feature", "properties": { "cell_id": "88828b4d51fffff", "arrondissement": "Yaoundé VI", "profil_marche": "Quartier d'activite mixte", "score_potentiel_brut": 61.59, "score_potentiel_net": 40.03, "rang_net": 117, "dist_min_m": 194.0, "enseigne_plus_proche": "societe cooperative de epargne et de credit general du cameroun", "nb_batiments": 1385, "dens_bat_km2": 2061.0, "dens_route_m_km2": 21643.0, "nb_commerces": 5, "nb_education": 6, "nb_sante": 2, "nb_banques": 2, "nb_restauration": 13, "nb_bureaux": 0, "nb_transport": 4, "nb_loisirs": 8, "nb_lieux_culte": 1, "nb_axes_structurants": 14, "longueur_principale_m": 936.0, "dens_commerces_km2": 7.4, "lat": 3.869333, "lon": 11.494687 }, "geometry": { "type": "Polygon", "coordinates": [ [ [ 11.497241705285493, 3.865776793492225 ], [ 11.499269795224563, 3.870061668507713 ], [ 11.496715281841512, 3.873617581060248 ], [ 11.492132914845312, 3.872888737659548 ], [ 11.490104877909824, 3.868604120027595 ], [ 11.492659154952312, 3.865048088420172 ], [ 11.497241705285493, 3.865776793492225 ] ] ] } },
{ "type": "Feature", "properties": { "cell_id": "88828b4c07fffff", "arrondissement": "Yaoundé VII", "profil_marche": "Centre structure commercant", "score_potentiel_brut": 54.05, "score_potentiel_net": 40.02, "rang_net": 118, "dist_min_m": 1516.0, "enseigne_plus_proche": "Afriland First Bank", "nb_batiments": 606, "dens_bat_km2": 902.0, "dens_route_m_km2": 17760.0, "nb_commerces": 17, "nb_education": 6, "nb_sante": 1, "nb_banques": 0, "nb_restauration": 9, "nb_bureaux": 1, "nb_transport": 0, "nb_loisirs": 0, "nb_lieux_culte": 2, "nb_axes_structurants": 4, "longueur_principale_m": 0.0, "dens_commerces_km2": 25.3, "lat": 3.859947, "lon": 11.460587 }, "geometry": { "type": "Polygon", "coordinates": [ [ [ 11.463140141447777, 3.856391524505383 ], [ 11.465168181684787, 3.860676002721419 ], [ 11.462615073155357, 3.864231639522537 ], [ 11.458034160963892, 3.863502916986144 ], [ 11.456006174041844, 3.859218696327204 ], [ 11.458559045981692, 3.855662940654976 ], [ 11.463140141447777, 3.856391524505383 ] ] ] } },
{ "type": "Feature", "properties": { "cell_id": "8858db4d95fffff", "arrondissement": "Yaoundé V", "profil_marche": "Centre structure commercant", "score_potentiel_brut": 40.0, "score_potentiel_net": 40.0, "rang_net": 119, "dist_min_m": 3045.0, "enseigne_plus_proche": "Guichet Éléctronique Bicec", "nb_batiments": 726, "dens_bat_km2": 1080.0, "dens_route_m_km2": 23624.0, "nb_commerces": 4, "nb_education": 0, "nb_sante": 0, "nb_banques": 0, "nb_restauration": 0, "nb_bureaux": 0, "nb_transport": 0, "nb_loisirs": 0, "nb_lieux_culte": 0, "nb_axes_structurants": 2, "longueur_principale_m": 0.0, "dens_commerces_km2": 6.0, "lat": 3.916645, "lon": 11.567944 }, "geometry": { "type": "Polygon", "coordinates": [ [ [ 11.57050128300363, 3.913089415313868 ], [ 11.572529232489353, 3.917374142530518 ], [ 11.569972011475977, 3.920929177814529 ], [ 11.565387076709344, 3.92019960547371 ], [ 11.563359179544767, 3.915915135230751 ], [ 11.565916164810991, 3.912359980362224 ], [ 11.57050128300363, 3.913089415313868 ] ] ] } },
{ "type": "Feature", "properties": { "cell_id": "88828b4d37fffff", "arrondissement": "Yaoundé II", "profil_marche": "Centre structure commercant", "score_potentiel_brut": 44.05, "score_potentiel_net": 39.96, "rang_net": 120, "dist_min_m": 2470.0, "enseigne_plus_proche": "Société general", "nb_batiments": 74, "dens_bat_km2": 110.0, "dens_route_m_km2": 19147.0, "nb_commerces": 1, "nb_education": 1, "nb_sante": 0, "nb_banques": 0, "nb_restauration": 1, "nb_bureaux": 0, "nb_transport": 0, "nb_loisirs": 11, "nb_lieux_culte": 1, "nb_axes_structurants": 4, "longueur_principale_m": 0.0, "dens_commerces_km2": 1.5, "lat": 3.91354, "lon": 11.498665 }, "geometry": { "type": "Polygon", "coordinates": [ [ [ 11.501219563270478, 3.909986268178982 ], [ 11.50324727442672, 3.914269616222529 ], [ 11.500693081576134, 3.917823231725311 ], [ 11.496111413776555, 3.917093618483805 ], [ 11.494083755567473, 3.91281052774706 ], [ 11.496637712196154, 3.909256792952341 ], [ 11.501219563270478, 3.909986268178982 ] ] ] } },
{ "type": "Feature", "properties": { "cell_id": "88828b40a3fffff", "arrondissement": "Yaoundé III", "profil_marche": "Zone peu equipee", "score_potentiel_brut": 39.88, "score_potentiel_net": 39.88, "rang_net": 121, "dist_min_m": 6432.0, "enseigne_plus_proche": "Vision Finance Odja", "nb_batiments": 175, "dens_bat_km2": 260.0, "dens_route_m_km2": 39880.0, "nb_commerces": 0, "nb_education": 1, "nb_sante": 0, "nb_banques": 0, "nb_restauration": 0, "nb_bureaux": 0, "nb_transport": 0, "nb_loisirs": 1, "nb_lieux_culte": 0, "nb_axes_structurants": 4, "longueur_principale_m": 0.0, "dens_commerces_km2": 0.0, "lat": 3.76298, "lon": 11.474028 }, "geometry": { "type": "Polygon", "coordinates": [ [ [ 11.476582281313494, 3.759418682575918 ], [ 11.478611238998669, 3.763706969355467 ], [ 11.476056446209958, 3.767268140708888 ], [ 11.471472932422349, 3.766541143726742 ], [ 11.469444027976584, 3.762253114563785 ], [ 11.471998584064378, 3.758691824773774 ], [ 11.476582281313494, 3.759418682575918 ] ] ] } },
{ "type": "Feature", "properties": { "cell_id": "88828b41b7fffff", "arrondissement": "Yaoundé III", "profil_marche": "Peripherie residentielle", "score_potentiel_brut": 47.58, "score_potentiel_net": 39.76, "rang_net": 122, "dist_min_m": 2061.0, "enseigne_plus_proche": "Vision Finance Odja", "nb_batiments": 579, "dens_bat_km2": 861.0, "dens_route_m_km2": 22576.0, "nb_commerces": 1, "nb_education": 0, "nb_sante": 0, "nb_banques": 0, "nb_restauration": 0, "nb_bureaux": 0, "nb_transport": 3, "nb_loisirs": 0, "nb_lieux_culte": 0, "nb_axes_structurants": 12, "longueur_principale_m": 3803.0, "dens_commerces_km2": 1.5, "lat": 3.803752, "lon": 11.506039 }, "geometry": { "type": "Polygon", "coordinates": [ [ [ 11.508594446322796, 3.800191857096632 ], [ 11.510623165099709, 3.804479361899494 ], [ 11.508067412585975, 3.808039070971551 ], [ 11.503483177680998, 3.807311394019274 ], [ 11.501454511835897, 3.803024146630044 ], [ 11.504010027949326, 3.799464318786845 ], [ 11.508594446322796, 3.800191857096632 ] ] ] } },
{ "type": "Feature", "properties": { "cell_id": "88828b4c33fffff", "arrondissement": "Yaoundé VII", "profil_marche": "Centre structure commercant", "score_potentiel_brut": 60.69, "score_potentiel_net": 39.54, "rang_net": 123, "dist_min_m": 1009.0, "enseigne_plus_proche": "Afriland First Bank", "nb_batiments": 1134, "dens_bat_km2": 1689.0, "dens_route_m_km2": 16632.0, "nb_commerces": 17, "nb_education": 6, "nb_sante": 1, "nb_banques": 0, "nb_restauration": 14, "nb_bureaux": 2, "nb_transport": 0, "nb_loisirs": 1, "nb_lieux_culte": 3, "nb_axes_structurants": 2, "longueur_principale_m": 1296.0, "dens_commerces_km2": 25.3, "lat": 3.873439, "lon": 11.445796 }, "geometry": { "type": "Polygon", "coordinates": [ [ [ 11.448348476546037, 3.869884459713604 ], [ 11.450376338101686, 3.874168126113267 ], [ 11.447824036563405, 3.877722694508988 ], [ 11.44324411011565, 3.876993715391961 ], [ 11.441216302001681, 3.872710306601732 ], [ 11.443768366879183, 3.869155619326484 ], [ 11.448348476546037, 3.869884459713604 ] ] ] } },
{ "type": "Feature", "properties": { "cell_id": "88828b4d5dfffff", "arrondissement": "Yaoundé VI", "profil_marche": "Quartier d'activite mixte", "score_potentiel_brut": 60.81, "score_potentiel_net": 39.53, "rang_net": 124, "dist_min_m": 404.0, "enseigne_plus_proche": "nfc banque", "nb_batiments": 1267, "dens_bat_km2": 1885.0, "dens_route_m_km2": 22174.0, "nb_commerces": 5, "nb_education": 12, "nb_sante": 7, "nb_banques": 2, "nb_restauration": 22, "nb_bureaux": 1, "nb_transport": 1, "nb_loisirs": 17, "nb_lieux_culte": 2, "nb_axes_structurants": 5, "longueur_principale_m": 0.0, "dens_commerces_km2": 7.4, "lat": 3.866506, "lon": 11.501824 }, "geometry": { "type": "Polygon", "coordinates": [ [ [ 11.504379281059961, 3.862949091805422 ], [ 11.506407423939638, 3.867234224174251 ], [ 11.503852562880088, 3.870790452987053 ], [ 11.499269795224563, 3.870061668507713 ], [ 11.497241705285493, 3.865776793492225 ], [ 11.499796330046685, 3.862220445610077 ], [ 11.504379281059961, 3.862949091805422 ] ] ] } },
{ "type": "Feature", "properties": { "cell_id": "88828b4f37fffff", "arrondissement": "Yaoundé III", "profil_marche": "Quartier d'activite mixte", "score_potentiel_brut": 60.67, "score_potentiel_net": 39.44, "rang_net": 125, "dist_min_m": 468.0, "enseigne_plus_proche": "People finance", "nb_batiments": 796, "dens_bat_km2": 1184.0, "dens_route_m_km2": 23993.0, "nb_commerces": 10, "nb_education": 27, "nb_sante": 8, "nb_banques": 6, "nb_restauration": 36, "nb_bureaux": 14, "nb_transport": 1, "nb_loisirs": 23, "nb_lieux_culte": 1, "nb_axes_structurants": 29, "longueur_principale_m": 0.0, "dens_commerces_km2": 14.9, "lat": 3.858664, "lon": 11.502351 }, "geometry": { "type": "Polygon", "coordinates": [ [ [ 11.504906038669231, 3.855106998359626 ], [ 11.506934253519445, 3.85939242769996 ], [ 11.504379281059961, 3.862949091805422 ], [ 11.499796330046685, 3.862220445610077 ], [ 11.497768168135984, 3.857935273630765 ], [ 11.500322904284394, 3.854378490493154 ], [ 11.504906038669231, 3.855106998359626 ] ] ] } },
{ "type": "Feature", "properties": { "cell_id": "88828b4f3bfffff", "arrondissement": "Yaoundé III", "profil_marche": "Quartier d'activite mixte", "score_potentiel_brut": 60.36, "score_potentiel_net": 39.42, "rang_net": 126, "dist_min_m": 1017.0, "enseigne_plus_proche": "SCB Cameroun", "nb_batiments": 1529, "dens_bat_km2": 2275.0, "dens_route_m_km2": 23911.0, "nb_commerces": 9, "nb_education": 6, "nb_sante": 0, "nb_banques": 0, "nb_restauration": 6, "nb_bureaux": 1, "nb_transport": 0, "nb_loisirs": 2, "nb_lieux_culte": 0, "nb_axes_structurants": 12, "longueur_principale_m": 1480.0, "dens_commerces_km2": 13.4, "lat": 3.845807, "lon": 11.496266 }, "geometry": { "type": "Polygon", "coordinates": [ [ [ 11.498821212073823, 3.842250037800385 ], [ 11.500849517942022, 3.846535803350172 ], [ 11.498294670397298, 3.850093021669041 ], [ 11.493711753348618, 3.849364593388761 ], [ 11.491683500480757, 3.845079085245406 ], [ 11.494238111646608, 3.84152174798326 ], [ 11.498821212073823, 3.842250037800385 ] ] ] } },
{ "type": "Feature", "properties": { "cell_id": "88828b4c61fffff", "arrondissement": "Yaoundé VI", "profil_marche": "Quartier d'activite mixte", "score_potentiel_brut": 60.31, "score_potentiel_net": 39.2, "rang_net": 127, "dist_min_m": 546.0, "enseigne_plus_proche": "microfinance unics plc", "nb_batiments": 1608, "dens_bat_km2": 2393.0, "dens_route_m_km2": 34358.0, "nb_commerces": 8, "nb_education": 1, "nb_sante": 3, "nb_banques": 2, "nb_restauration": 4, "nb_bureaux": 3, "nb_transport": 2, "nb_loisirs": 3, "nb_lieux_culte": 1, "nb_axes_structurants": 11, "longueur_principale_m": 0.0, "dens_commerces_km2": 11.9, "lat": 3.851465, "lon": 11.481992 }, "geometry": { "type": "Polygon", "coordinates": [ [ [ 11.484546537518002, 3.847907757711129 ], [ 11.486574737322547, 3.852193008417867 ], [ 11.484020585323016, 3.85574959428381 ], [ 11.479438469967517, 3.855021048364759 ], [ 11.477410323289229, 3.850736055124791 ], [ 11.479964238825517, 3.847179350344476 ], [ 11.484546537518002, 3.847907757711129 ] ] ] } },
{ "type": "Feature", "properties": { "cell_id": "8858db4debfffff", "arrondissement": "Yaoundé I", "profil_marche": "Centre structure commercant", "score_potentiel_brut": 46.21, "score_potentiel_net": 39.15, "rang_net": 128, "dist_min_m": 2127.0, "enseigne_plus_proche": "Guichet SGC", "nb_batiments": 1197, "dens_bat_km2": 1782.0, "dens_route_m_km2": 19319.0, "nb_commerces": 4, "nb_education": 1, "nb_sante": 2, "nb_banques": 0, "nb_restauration": 0, "nb_bureaux": 0, "nb_transport": 0, "nb_loisirs": 0, "nb_lieux_culte": 0, "nb_axes_structurants": 1, "longueur_principale_m": 0.0, "dens_commerces_km2": 6.0, "lat": 3.927944, "lon": 11.539382 }, "geometry": { "type": "Polygon", "coordinates": [ [ [ 11.541937351175759, 3.924390043241694 ], [ 11.543965090998132, 3.928673742382085 ], [ 11.541409259118685, 3.932227512895723 ], [ 11.536825923319308, 3.931497703802851 ], [ 11.534798236070532, 3.927214261757078 ], [ 11.537353832032847, 3.923660371716882 ], [ 11.541937351175759, 3.924390043241694 ] ] ] } },
{ "type": "Feature", "properties": { "cell_id": "88828b4c2dfffff", "arrondissement": "Yaoundé VI", "profil_marche": "Peripherie residentielle", "score_potentiel_brut": 52.91, "score_potentiel_net": 39.1, "rang_net": 129, "dist_min_m": 1508.0, "enseigne_plus_proche": "EMY MONEY", "nb_batiments": 1211, "dens_bat_km2": 1803.0, "dens_route_m_km2": 22220.0, "nb_commerces": 0, "nb_education": 3, "nb_sante": 2, "nb_banques": 0, "nb_restauration": 1, "nb_bureaux": 0, "nb_transport": 1, "nb_loisirs": 0, "nb_lieux_culte": 0, "nb_axes_structurants": 2, "longueur_principale_m": 3508.0, "dens_commerces_km2": 0.0, "lat": 3.867147, "lon": 11.480941 }, "geometry": { "type": "Polygon", "coordinates": [ [ [ 11.483494672497354, 3.863590698890794 ], [ 11.485522728340083, 3.867875356057568 ], [ 11.4829687990367, 3.871431071338906 ], [ 11.478387050313673, 3.870702248449712 ], [ 11.476359047599344, 3.866417848734413 ], [ 11.47891274046501, 3.862862014464223 ], [ 11.483494672497354, 3.863590698890794 ] ] ] } },
{ "type": "Feature", "properties": { "cell_id": "88828b4d65fffff", "arrondissement": "Yaoundé V", "profil_marche": "Centre structure commercant", "score_potentiel_brut": 57.67, "score_potentiel_net": 39.09, "rang_net": 130, "dist_min_m": 1159.0, "enseigne_plus_proche": "AFRILAND FIRST BANK", "nb_batiments": 2310, "dens_bat_km2": 3437.0, "dens_route_m_km2": 20492.0, "nb_commerces": 19, "nb_education": 3, "nb_sante": 3, "nb_banques": 0, "nb_restauration": 11, "nb_bureaux": 3, "nb_transport": 0, "nb_loisirs": 7, "nb_lieux_culte": 0, "nb_axes_structurants": 0, "longueur_principale_m": 0.0, "dens_commerces_km2": 28.3, "lat": 3.891575, "lon": 11.534882 }, "geometry": { "type": "Polygon", "coordinates": [ [ [ 11.537437815143784, 3.88801877373184 ], [ 11.539465862027466, 3.892303705580895 ], [ 11.53690982030183, 3.895859338273094 ], [ 11.532325967700924, 3.895130158450825 ], [ 11.530297973448244, 3.890845483765611 ], [ 11.532853779150811, 3.887289731746182 ], [ 11.537437815143784, 3.88801877373184 ] ] ] } },
{ "type": "Feature", "properties": { "cell_id": "88828b4d45fffff", "arrondissement": "Yaoundé I", "profil_marche": "Quartier d'activite mixte", "score_potentiel_brut": 60.04, "score_potentiel_net": 39.03, "rang_net": 131, "dist_min_m": 344.0, "enseigne_plus_proche": "Afriland First Bank POS", "nb_batiments": 719, "dens_bat_km2": 1070.0, "dens_route_m_km2": 22856.0, "nb_commerces": 6, "nb_education": 5, "nb_sante": 5, "nb_banques": 2, "nb_restauration": 9, "nb_bureaux": 12, "nb_transport": 3, "nb_loisirs": 15, "nb_lieux_culte": 8, "nb_axes_structurants": 18, "longueur_principale_m": 0.0, "dens_commerces_km2": 8.9, "lat": 3.873706, "lon": 11.522186 }, "geometry": { "type": "Polygon", "coordinates": [ [ [ 11.524741331945535, 3.870149167259245 ], [ 11.52676948934878, 3.874434477161088 ], [ 11.524213808286207, 3.877990783860264 ], [ 11.519630205951715, 3.877261899851996 ], [ 11.517602101302225, 3.87297684719756 ], [ 11.520157546218828, 3.869420421311341 ], [ 11.524741331945535, 3.870149167259245 ] ] ] } },
{ "type": "Feature", "properties": { "cell_id": "88828b4897fffff", "arrondissement": "Yaoundé V", "profil_marche": "Quartier d'activite mixte", "score_potentiel_brut": 60.02, "score_potentiel_net": 39.01, "rang_net": 132, "dist_min_m": 662.0, "enseigne_plus_proche": "Afriland first bank", "nb_batiments": 1103, "dens_bat_km2": 1641.0, "dens_route_m_km2": 27619.0, "nb_commerces": 92, "nb_education": 6, "nb_sante": 8, "nb_banques": 2, "nb_restauration": 47, "nb_bureaux": 24, "nb_transport": 1, "nb_loisirs": 0, "nb_lieux_culte": 0, "nb_axes_structurants": 8, "longueur_principale_m": 807.0, "dens_commerces_km2": 136.8, "lat": 3.875892, "lon": 11.535938 }, "geometry": { "type": "Polygon", "coordinates": [ [ [ 11.53849392339909, 3.872335445594131 ], [ 11.540522114169908, 3.876620972533338 ], [ 11.537965849508081, 3.880177476107867 ], [ 11.533381630109218, 3.879448572003605 ], [ 11.531353491967154, 3.875163302243652 ], [ 11.533909520580515, 3.871606679416042 ], [ 11.53849392339909, 3.872335445594131 ] ] ] } },
{ "type": "Feature", "properties": { "cell_id": "88828b4d55fffff", "arrondissement": "Yaoundé II", "profil_marche": "Quartier d'activite mixte", "score_potentiel_brut": 59.92, "score_potentiel_net": 38.95, "rang_net": 133, "dist_min_m": 196.0, "enseigne_plus_proche": "BEC S.A", "nb_batiments": 1049, "dens_bat_km2": 1561.0, "dens_route_m_km2": 28386.0, "nb_commerces": 7, "nb_education": 0, "nb_sante": 5, "nb_banques": 4, "nb_restauration": 2, "nb_bureaux": 2, "nb_transport": 5, "nb_loisirs": 1, "nb_lieux_culte": 4, "nb_axes_structurants": 15, "longueur_principale_m": 2199.0, "dens_commerces_km2": 10.4, "lat": 3.874346, "lon": 11.501298 }, "geometry": { "type": "Polygon", "coordinates": [ [ [ 11.503852562880088, 3.870790452987053 ], [ 11.505880633794014, 3.87507528826544 ], [ 11.503325884125328, 3.878631081711433 ], [ 11.498743299813707, 3.877902158992931 ], [ 11.496715281841512, 3.873617581060248 ], [ 11.499269795224563, 3.870061668507713 ], [ 11.503852562880088, 3.870790452987053 ] ] ] } },
{ "type": "Feature", "properties": { "cell_id": "88828b48b7fffff", "arrondissement": "Yaoundé V", "profil_marche": "Quartier d'activite mixte", "score_potentiel_brut": 59.88, "score_potentiel_net": 38.92, "rang_net": 134, "dist_min_m": 695.0, "enseigne_plus_proche": "AFRILAND FIRST BANK", "nb_batiments": 1803, "dens_bat_km2": 2682.0, "dens_route_m_km2": 28509.0, "nb_commerces": 79, "nb_education": 12, "nb_sante": 4, "nb_banques": 4, "nb_restauration": 61, "nb_bureaux": 6, "nb_transport": 2, "nb_loisirs": 0, "nb_lieux_culte": 0, "nb_axes_structurants": 9, "longueur_principale_m": 0.0, "dens_commerces_km2": 117.5, "lat": 3.893762, "lon": 11.548635 }, "geometry": { "type": "Polygon", "coordinates": [ [ [ 11.551191156478795, 3.890205939365781 ], [ 11.553219236500972, 3.894491087712961 ], [ 11.550662611405743, 3.898046917148474 ], [ 11.546078142199113, 3.89731771763735 ], [ 11.544050114682877, 3.893032826385771 ], [ 11.546606503852654, 3.889476877557057 ], [ 11.551191156478795, 3.890205939365781 ] ] ] } },
{ "type": "Feature", "properties": { "cell_id": "88828b4c49fffff", "arrondissement": "Yaoundé VI", "profil_marche": "Peripherie residentielle", "score_potentiel_brut": 59.71, "score_potentiel_net": 38.81, "rang_net": 135, "dist_min_m": 639.0, "enseigne_plus_proche": "Afriland First Bank", "nb_batiments": 1349, "dens_bat_km2": 2007.0, "dens_route_m_km2": 29079.0, "nb_commerces": 1, "nb_education": 3, "nb_sante": 4, "nb_banques": 0, "nb_restauration": 0, "nb_bureaux": 0, "nb_transport": 2, "nb_loisirs": 2, "nb_lieux_culte": 0, "nb_axes_structurants": 2, "longueur_principale_m": 2574.0, "dens_commerces_km2": 1.5, "lat": 3.825752, "lon": 11.469823 }, "geometry": { "type": "Polygon", "coordinates": [ [ [ 11.472376702755266, 3.822193905235425 ], [ 11.474405084233632, 3.826479826568034 ], [ 11.47185118253409, 3.830037520349624 ], [ 11.467269135940189, 3.829309411542292 ], [ 11.465240807709694, 3.825023747767085 ], [ 11.467794472810628, 3.821465935249214 ], [ 11.472376702755266, 3.822193905235425 ] ] ] } },
{ "type": "Feature", "properties": { "cell_id": "88828b4d19fffff", "arrondissement": "Yaoundé II", "profil_marche": "Centre structure commercant", "score_potentiel_brut": 52.59, "score_potentiel_net": 38.72, "rang_net": 136, "dist_min_m": 1493.0, "enseigne_plus_proche": "Société Générale Cameroun", "nb_batiments": 1660, "dens_bat_km2": 2471.0, "dens_route_m_km2": 22010.0, "nb_commerces": 5, "nb_education": 2, "nb_sante": 0, "nb_banques": 0, "nb_restauration": 1, "nb_bureaux": 0, "nb_transport": 0, "nb_loisirs": 4, "nb_lieux_culte": 0, "nb_axes_structurants": 3, "longueur_principale_m": 0.0, "dens_commerces_km2": 7.4, "lat": 3.88, "lon": 11.487025 }, "geometry": { "type": "Polygon", "coordinates": [ [ [ 11.489578749159136, 3.876444333900418 ], [ 11.49160671412668, 3.880728654457305 ], [ 11.489052659787692, 3.884283815257595 ], [ 11.484470876836612, 3.883554774586038 ], [ 11.482442964936695, 3.879270711435111 ], [ 11.484996782905627, 3.875715431557193 ], [ 11.489578749159136, 3.876444333900418 ] ] ] } },
{ "type": "Feature", "properties": { "cell_id": "8858db4dadfffff", "arrondissement": "Yaoundé I", "profil_marche": "Quartier d'activite mixte", "score_potentiel_brut": 59.55, "score_potentiel_net": 38.71, "rang_net": 137, "dist_min_m": 938.0, "enseigne_plus_proche": "Guichet Éléctronique Bicec", "nb_batiments": 1976, "dens_bat_km2": 2941.0, "dens_route_m_km2": 31597.0, "nb_commerces": 3, "nb_education": 3, "nb_sante": 2, "nb_banques": 0, "nb_restauration": 1, "nb_bureaux": 0, "nb_transport": 1, "nb_loisirs": 0, "nb_lieux_culte": 0, "nb_axes_structurants": 5, "longueur_principale_m": 0.0, "dens_commerces_km2": 4.5, "lat": 3.907254, "lon": 11.533826 }, "geometry": { "type": "Polygon", "coordinates": [ [ [ 11.536381864977876, 3.903699169538839 ], [ 11.538409767993361, 3.907983505822489 ], [ 11.535853949167567, 3.911538267336384 ], [ 11.531270463309255, 3.910808811975213 ], [ 11.529242612927021, 3.906524732839856 ], [ 11.531798195755162, 3.902969851924704 ], [ 11.536381864977876, 3.903699169538839 ] ] ] } },
{ "type": "Feature", "properties": { "cell_id": "88828b4d61fffff", "arrondissement": "Yaoundé I", "profil_marche": "Peripherie residentielle", "score_potentiel_brut": 56.71, "score_potentiel_net": 38.62, "rang_net": 138, "dist_min_m": 1178.0, "enseigne_plus_proche": "La Régionale Bank - Agence Nlongkak", "nb_batiments": 1939, "dens_bat_km2": 2885.0, "dens_route_m_km2": 22963.0, "nb_commerces": 2, "nb_education": 0, "nb_sante": 0, "nb_banques": 0, "nb_restauration": 0, "nb_bureaux": 1, "nb_transport": 1, "nb_loisirs": 6, "nb_lieux_culte": 0, "nb_axes_structurants": 14, "longueur_principale_m": 3131.0, "dens_commerces_km2": 3.0, "lat": 3.886561, "lon": 11.52827 }, "geometry": { "type": "Polygon", "coordinates": [ [ [ 11.530825712955821, 3.883004759464181 ], [ 11.532853779150811, 3.887289731746182 ], [ 11.530297973448244, 3.890845483765611 ], [ 11.525714337614136, 3.890116382786048 ], [ 11.523686324112068, 3.885831667705847 ], [ 11.526241893736495, 3.882275796410739 ], [ 11.530825712955821, 3.883004759464181 ] ] ] } },
{ "type": "Feature", "properties": { "cell_id": "88828b4f17fffff", "arrondissement": "Yaoundé VI", "profil_marche": "Quartier d'activite mixte", "score_potentiel_brut": 58.93, "score_potentiel_net": 38.3, "rang_net": 139, "dist_min_m": 118.0, "enseigne_plus_proche": "Mutuelle Communautairde Developpement", "nb_batiments": 1447, "dens_bat_km2": 2153.0, "dens_route_m_km2": 37084.0, "nb_commerces": 8, "nb_education": 8, "nb_sante": 1, "nb_banques": 5, "nb_restauration": 4, "nb_bureaux": 0, "nb_transport": 0, "nb_loisirs": 3, "nb_lieux_culte": 1, "nb_axes_structurants": 7, "longueur_principale_m": 1869.0, "dens_commerces_km2": 11.9, "lat": 3.840793, "lon": 11.489655 }, "geometry": { "type": "Polygon", "coordinates": [ [ [ 11.492209786791779, 3.837235943240959 ], [ 11.494238111646608, 3.84152174798326 ], [ 11.491683500480757, 3.845079085245406 ], [ 11.487100800879244, 3.844350736664173 ], [ 11.485072529086638, 3.840065189366066 ], [ 11.487626903818674, 3.836507733212355 ], [ 11.492209786791779, 3.837235943240959 ] ] ] } },
{ "type": "Feature", "properties": { "cell_id": "88828b4d0bfffff", "arrondissement": "Yaoundé II", "profil_marche": "Quartier d'activite mixte", "score_potentiel_brut": 58.63, "score_potentiel_net": 38.11, "rang_net": 140, "dist_min_m": 404.0, "enseigne_plus_proche": "Société Générale Cameroun", "nb_batiments": 1052, "dens_bat_km2": 1566.0, "dens_route_m_km2": 25156.0, "nb_commerces": 2, "nb_education": 4, "nb_sante": 1, "nb_banques": 1, "nb_restauration": 3, "nb_bureaux": 2, "nb_transport": 1, "nb_loisirs": 1, "nb_lieux_culte": 1, "nb_axes_structurants": 17, "longueur_principale_m": 0.0, "dens_commerces_km2": 3.0, "lat": 3.882187, "lon": 11.500771 }, "geometry": { "type": "Polygon", "coordinates": [ [ [ 11.503325884125328, 3.878631081711433 ], [ 11.505353883078214, 3.882915619780424 ], [ 11.502799244791332, 3.886470977785569 ], [ 11.498216843809789, 3.885741916872764 ], [ 11.496188897799698, 3.881457636141756 ], [ 11.498743299813707, 3.877902158992931 ], [ 11.503325884125328, 3.878631081711433 ] ] ] } },
{ "type": "Feature", "properties": { "cell_id": "88828b4d5bfffff", "arrondissement": "Yaoundé VI", "profil_marche": "Quartier d'activite mixte", "score_potentiel_brut": 58.6, "score_potentiel_net": 38.09, "rang_net": 141, "dist_min_m": 664.0, "enseigne_plus_proche": "EMY MONEY", "nb_batiments": 1351, "dens_bat_km2": 2011.0, "dens_route_m_km2": 24325.0, "nb_commerces": 2, "nb_education": 4, "nb_sante": 2, "nb_banques": 0, "nb_restauration": 0, "nb_bureaux": 1, "nb_transport": 0, "nb_loisirs": 5, "nb_lieux_culte": 0, "nb_axes_structurants": 14, "longueur_principale_m": 0.0, "dens_commerces_km2": 3.0, "lat": 3.864319, "lon": 11.488077 }, "geometry": { "type": "Polygon", "coordinates": [ [ [ 11.490631046044104, 3.860763173832043 ], [ 11.492659154952312, 3.865048088420172 ], [ 11.490104877909824, 3.868604120027595 ], [ 11.485522728340083, 3.867875356057568 ], [ 11.483494672497354, 3.863590698890794 ], [ 11.486048713144276, 3.860034548280092 ], [ 11.490631046044104, 3.860763173832043 ] ] ] } },
{ "type": "Feature", "properties": { "cell_id": "88828b4f33fffff", "arrondissement": "Yaoundé III", "profil_marche": "Quartier d'activite mixte", "score_potentiel_brut": 57.49, "score_potentiel_net": 37.99, "rang_net": 142, "dist_min_m": 1062.0, "enseigne_plus_proche": "microfinance unics plc", "nb_batiments": 1290, "dens_bat_km2": 1919.0, "dens_route_m_km2": 20325.0, "nb_commerces": 31, "nb_education": 3, "nb_sante": 3, "nb_banques": 5, "nb_restauration": 36, "nb_bureaux": 4, "nb_transport": 0, "nb_loisirs": 12, "nb_lieux_culte": 1, "nb_axes_structurants": 15, "longueur_principale_m": 0.0, "dens_commerces_km2": 46.1, "lat": 3.85365, "lon": 11.49574 }, "geometry": { "type": "Polygon", "coordinates": [ [ [ 11.498294670397298, 3.850093021669041 ], [ 11.500322904284394, 3.854378490493154 ], [ 11.497768168135984, 3.857935273630765 ], [ 11.493185434451954, 3.857206706932176 ], [ 11.491157253566307, 3.852921495506907 ], [ 11.493711753348618, 3.849364593388761 ], [ 11.498294670397298, 3.850093021669041 ] ] ] } },
{ "type": "Feature", "properties": { "cell_id": "88828b4ab3fffff", "arrondissement": "Yaoundé IV", "profil_marche": "Peripherie residentielle", "score_potentiel_brut": 37.93, "score_potentiel_net": 37.93, "rang_net": 143, "dist_min_m": 3196.0, "enseigne_plus_proche": "Afriland First bank", "nb_batiments": 871, "dens_bat_km2": 1294.0, "dens_route_m_km2": 21463.0, "nb_commerces": 0, "nb_education": 0, "nb_sante": 0, "nb_banques": 0, "nb_restauration": 0, "nb_bureaux": 0, "nb_transport": 0, "nb_loisirs": 3, "nb_lieux_culte": 0, "nb_axes_structurants": 0, "longueur_principale_m": 0.0, "dens_commerces_km2": 0.0, "lat": 3.833842, "lon": 11.54572 }, "geometry": { "type": "Polygon", "coordinates": [ [ [ 11.548277539940001, 3.830283209220266 ], [ 11.55030614307163, 3.834570478988957 ], [ 11.54774897331348, 3.838129474346504 ], [ 11.543163436478476, 3.837401319024465 ], [ 11.54113488590675, 3.833114306442607 ], [ 11.543691819595422, 3.829555192003283 ], [ 11.548277539940001, 3.830283209220266 ] ] ] } },
{ "type": "Feature", "properties": { "cell_id": "88828b4f1bfffff", "arrondissement": "Yaoundé III", "profil_marche": "Quartier d'activite mixte", "score_potentiel_brut": 57.25, "score_potentiel_net": 37.92, "rang_net": 144, "dist_min_m": 1071.0, "enseigne_plus_proche": "Afriland First Bank Damas", "nb_batiments": 1319, "dens_bat_km2": 1962.0, "dens_route_m_km2": 36949.0, "nb_commerces": 1, "nb_education": 5, "nb_sante": 0, "nb_banques": 0, "nb_restauration": 4, "nb_bureaux": 1, "nb_transport": 1, "nb_loisirs": 0, "nb_lieux_culte": 0, "nb_axes_structurants": 7, "longueur_principale_m": 0.0, "dens_commerces_km2": 1.5, "lat": 3.827936, "lon": 11.48357 }, "geometry": { "type": "Polygon", "coordinates": [ [ [ 11.486124630362255, 3.824377858132805 ], [ 11.488153046145182, 3.828663998256006 ], [ 11.485598560033287, 3.832221889442093 ], [ 11.48101589462533, 3.831493759314856 ], [ 11.478987531965432, 3.827207876681143 ], [ 11.481541781575805, 3.823649866692565 ], [ 11.486124630362255, 3.824377858132805 ] ] ] } },
{ "type": "Feature", "properties": { "cell_id": "88828b4d05fffff", "arrondissement": "Yaoundé I", "profil_marche": "Quartier d'activite mixte", "score_potentiel_brut": 58.26, "score_potentiel_net": 37.87, "rang_net": 145, "dist_min_m": 231.0, "enseigne_plus_proche": "Guichet automatique - afriland first", "nb_batiments": 941, "dens_bat_km2": 1400.0, "dens_route_m_km2": 24832.0, "nb_commerces": 14, "nb_education": 10, "nb_sante": 6, "nb_banques": 3, "nb_restauration": 30, "nb_bureaux": 12, "nb_transport": 1, "nb_loisirs": 35, "nb_lieux_culte": 0, "nb_axes_structurants": 12, "longueur_principale_m": 0.0, "dens_commerces_km2": 20.8, "lat": 3.892214, "lon": 11.513993 }, "geometry": { "type": "Polygon", "coordinates": [ [ [ 11.516547683081088, 3.888658200760197 ], [ 11.518575643827177, 3.892942658608411 ], [ 11.516020533159562, 3.896497778171597 ], [ 11.511437697894062, 3.895768559140665 ], [ 11.509409789966979, 3.891484358554632 ], [ 11.511964664471746, 3.887929119744704 ], [ 11.516547683081088, 3.888658200760197 ] ] ] } },
{ "type": "Feature", "properties": { "cell_id": "88828b4c65fffff", "arrondissement": "Yaoundé VI", "profil_marche": "Quartier d'activite mixte", "score_potentiel_brut": 58.09, "score_potentiel_net": 37.76, "rang_net": 146, "dist_min_m": 772.0, "enseigne_plus_proche": "microfinance unics plc", "nb_batiments": 1564, "dens_bat_km2": 2327.0, "dens_route_m_km2": 25800.0, "nb_commerces": 2, "nb_education": 4, "nb_sante": 1, "nb_banques": 4, "nb_restauration": 7, "nb_bureaux": 0, "nb_transport": 1, "nb_loisirs": 7, "nb_lieux_culte": 1, "nb_axes_structurants": 17, "longueur_principale_m": 0.0, "dens_commerces_km2": 3.0, "lat": 3.856478, "lon": 11.488603 }, "geometry": { "type": "Polygon", "coordinates": [ [ [ 11.491157253566307, 3.852921495506907 ], [ 11.493185434451954, 3.857206706932176 ], [ 11.490631046044104, 3.860763173832043 ], [ 11.486048713144276, 3.860034548280092 ], [ 11.484020585323016, 3.85574959428381 ], [ 11.486574737322547, 3.852193008417867 ], [ 11.491157253566307, 3.852921495506907 ] ] ] } },
{ "type": "Feature", "properties": { "cell_id": "88828b4d25fffff", "arrondissement": "Yaoundé I", "profil_marche": "Peripherie residentielle", "score_potentiel_brut": 58.03, "score_potentiel_net": 37.72, "rang_net": 147, "dist_min_m": 801.0, "enseigne_plus_proche": "Afriland First Bank", "nb_batiments": 1441, "dens_bat_km2": 2145.0, "dens_route_m_km2": 31506.0, "nb_commerces": 0, "nb_education": 0, "nb_sante": 1, "nb_banques": 0, "nb_restauration": 0, "nb_bureaux": 1, "nb_transport": 4, "nb_loisirs": 12, "nb_lieux_culte": 0, "nb_axes_structurants": 7, "longueur_principale_m": 3898.0, "dens_commerces_km2": 0.0, "lat": 3.910079, "lon": 11.526687 }, "geometry": { "type": "Polygon", "coordinates": [ [ [ 11.529242612927021, 3.906524732839856 ], [ 11.531270463309255, 3.910808811975213 ], [ 11.528714991904677, 3.914363257227346 ], [ 11.524131906143259, 3.913633742738266 ], [ 11.522104108457317, 3.909349920781379 ], [ 11.524659343821865, 3.905795356142462 ], [ 11.529242612927021, 3.906524732839856 ] ] ] } },
{ "type": "Feature", "properties": { "cell_id": "88828b4dc7fffff", "arrondissement": "Yaoundé VII", "profil_marche": "Centre structure commercant", "score_potentiel_brut": 38.74, "score_potentiel_net": 37.68, "rang_net": 148, "dist_min_m": 2844.0, "enseigne_plus_proche": "Afriland First Bank", "nb_batiments": 499, "dens_bat_km2": 743.0, "dens_route_m_km2": 12344.0, "nb_commerces": 8, "nb_education": 2, "nb_sante": 0, "nb_banques": 0, "nb_restauration": 2, "nb_bureaux": 0, "nb_transport": 0, "nb_loisirs": 0, "nb_lieux_culte": 0, "nb_axes_structurants": 0, "longueur_principale_m": 0.0, "dens_commerces_km2": 11.9, "lat": 3.896314, "lon": 11.465096 }, "geometry": { "type": "Polygon", "coordinates": [ [ [ 11.467648436669922, 3.892760099994693 ], [ 11.46967617027944, 3.897043351072812 ], [ 11.467123270360172, 3.900597126895613 ], [ 11.462542873300398, 3.899867770719209 ], [ 11.460515192948264, 3.895584777129452 ], [ 11.463067856383903, 3.892030882235137 ], [ 11.467648436669922, 3.892760099994693 ] ] ] } },
{ "type": "Feature", "properties": { "cell_id": "88828b4c29fffff", "arrondissement": "Yaoundé VI", "profil_marche": "Peripherie residentielle", "score_potentiel_brut": 46.41, "score_potentiel_net": 37.67, "rang_net": 149, "dist_min_m": 1924.0, "enseigne_plus_proche": "microfinance unics plc", "nb_batiments": 1440, "dens_bat_km2": 2143.0, "dens_route_m_km2": 21110.0, "nb_commerces": 0, "nb_education": 1, "nb_sante": 1, "nb_banques": 0, "nb_restauration": 0, "nb_bureaux": 0, "nb_transport": 0, "nb_loisirs": 0, "nb_lieux_culte": 1, "nb_axes_structurants": 0, "longueur_principale_m": 0.0, "dens_commerces_km2": 0.0, "lat": 3.862133, "lon": 11.474331 }, "geometry": { "type": "Polygon", "coordinates": [ [ [ 11.476884665771077, 3.858577317927094 ], [ 11.47891274046501, 3.862862014464223 ], [ 11.476359047599344, 3.866417848734413 ], [ 11.471777516517735, 3.865689105412031 ], [ 11.469749495014057, 3.861404666364157 ], [ 11.472302951387112, 3.857848713156795 ], [ 11.476884665771077, 3.858577317927094 ] ] ] } },
{ "type": "Feature", "properties": { "cell_id": "88828b4c69fffff", "arrondissement": "Yaoundé VI", "profil_marche": "Peripherie residentielle", "score_potentiel_brut": 57.96, "score_potentiel_net": 37.67, "rang_net": 150, "dist_min_m": 713.0, "enseigne_plus_proche": "Société Générale", "nb_batiments": 1584, "dens_bat_km2": 2357.0, "dens_route_m_km2": 27176.0, "nb_commerces": 1, "nb_education": 3, "nb_sante": 1, "nb_banques": 0, "nb_restauration": 1, "nb_bureaux": 0, "nb_transport": 0, "nb_loisirs": 2, "nb_lieux_culte": 0, "nb_axes_structurants": 3, "longueur_principale_m": 1190.0, "dens_commerces_km2": 1.5, "lat": 3.843622, "lon": 11.482518 }, "geometry": { "type": "Polygon", "coordinates": [ [ [ 11.485072529086638, 3.840065189366066 ], [ 11.487100800879244, 3.844350736664173 ], [ 11.484546537518002, 3.847907757711129 ], [ 11.479964238825517, 3.847179350344476 ], [ 11.47793602015812, 3.842894060520778 ], [ 11.480490047043345, 3.839336920596688 ], [ 11.485072529086638, 3.840065189366066 ] ] ] } },
{ "type": "Feature", "properties": { "cell_id": "88828b4d47fffff", "arrondissement": "Yaoundé I", "profil_marche": "Quartier d'activite mixte", "score_potentiel_brut": 57.74, "score_potentiel_net": 37.53, "rang_net": 151, "dist_min_m": 165.0, "enseigne_plus_proche": "Afriland First Bank", "nb_batiments": 384, "dens_bat_km2": 571.0, "dens_route_m_km2": 53722.0, "nb_commerces": 2, "nb_education": 7, "nb_sante": 1, "nb_banques": 13, "nb_restauration": 10, "nb_bureaux": 23, "nb_transport": 0, "nb_loisirs": 33, "nb_lieux_culte": 2, "nb_axes_structurants": 41, "longueur_principale_m": 1202.0, "dens_commerces_km2": 3.0, "lat": 3.876533, "lon": 11.515047 }, "geometry": { "type": "Polygon", "coordinates": [ [ [ 11.517602101302225, 3.87297684719756 ], [ 11.519630205951715, 3.877261899851996 ], [ 11.51707487246053, 3.880817890371231 ], [ 11.512491670493512, 3.880088947415982 ], [ 11.510463618660818, 3.875804152039167 ], [ 11.513018715963691, 3.872248042347353 ], [ 11.517602101302225, 3.87297684719756 ] ] ] } },
{ "type": "Feature", "properties": { "cell_id": "88828b48d9fffff", "arrondissement": "Yaoundé IV", "profil_marche": "Peripherie residentielle", "score_potentiel_brut": 42.17, "score_potentiel_net": 37.52, "rang_net": 152, "dist_min_m": 2370.0, "enseigne_plus_proche": "Mutuelle Epargne Crédit", "nb_batiments": 1399, "dens_bat_km2": 2079.0, "dens_route_m_km2": 19199.0, "nb_commerces": 0, "nb_education": 3, "nb_sante": 0, "nb_banques": 1, "nb_restauration": 0, "nb_bureaux": 0, "nb_transport": 0, "nb_loisirs": 1, "nb_lieux_culte": 0, "nb_axes_structurants": 3, "longueur_principale_m": 1282.0, "dens_commerces_km2": 0.0, "lat": 3.841688, "lon": 11.545192 }, "geometry": { "type": "Polygon", "coordinates": [ [ [ 11.54774897331348, 3.838129474346504 ], [ 11.549777504476586, 3.842416447217461 ], [ 11.547220446258342, 3.845975007579733 ], [ 11.542635092919081, 3.84524671419739 ], [ 11.540606614317028, 3.840959998505753 ], [ 11.543163436478476, 3.837401319024465 ], [ 11.54774897331348, 3.838129474346504 ] ] ] } },
{ "type": "Feature", "properties": { "cell_id": "8858db4d5bfffff", "arrondissement": "Yaoundé I", "profil_marche": "Zone peu equipee", "score_potentiel_brut": 37.49, "score_potentiel_net": 37.49, "rang_net": 153, "dist_min_m": 4205.0, "enseigne_plus_proche": "Guichet SGC", "nb_batiments": 710, "dens_bat_km2": 1058.0, "dens_route_m_km2": 20332.0, "nb_commerces": 0, "nb_education": 1, "nb_sante": 0, "nb_banques": 0, "nb_restauration": 0, "nb_bureaux": 0, "nb_transport": 0, "nb_loisirs": 0, "nb_lieux_culte": 0, "nb_axes_structurants": 1, "longueur_principale_m": 0.0, "dens_commerces_km2": 0.0, "lat": 3.964931, "lon": 11.522995 }, "geometry": { "type": "Polygon", "coordinates": [ [ [ 11.525550094832807, 3.961378989344001 ], [ 11.527577441817909, 3.965660980321692 ], [ 11.525022750124014, 3.969212373870829 ], [ 11.52044094738147, 3.968481896094713 ], [ 11.518413653100517, 3.964200162240034 ], [ 11.520968108843336, 3.960648649045825 ], [ 11.525550094832807, 3.961378989344001 ] ] ] } },
{ "type": "Feature", "properties": { "cell_id": "88828b418bfffff", "arrondissement": "Yaoundé IV", "profil_marche": "Zone peu equipee", "score_potentiel_brut": 37.63, "score_potentiel_net": 37.35, "rang_net": 154, "dist_min_m": 2958.0, "enseigne_plus_proche": "Vision Finance Odja", "nb_batiments": 116, "dens_bat_km2": 172.0, "dens_route_m_km2": 28940.0, "nb_commerces": 0, "nb_education": 0, "nb_sante": 0, "nb_banques": 0, "nb_restauration": 0, "nb_bureaux": 0, "nb_transport": 0, "nb_loisirs": 0, "nb_lieux_culte": 0, "nb_axes_structurants": 2, "longueur_principale_m": 7681.0, "dens_commerces_km2": 0.0, "lat": 3.772357, "lon": 11.508147 }, "geometry": { "type": "Polygon", "coordinates": [ [ [ 11.510702975955041, 3.768795696403441 ], [ 11.512731982794627, 3.773084384556198 ], [ 11.510175784335541, 3.776645831966578 ], [ 11.505590815473514, 3.775918709852969 ], [ 11.503561861561353, 3.771630279143228 ], [ 11.506117823569115, 3.768068713111429 ], [ 11.510702975955041, 3.768795696403441 ] ] ] } },
{ "type": "Feature", "properties": { "cell_id": "88828b4c31fffff", "arrondissement": "Yaoundé VII", "profil_marche": "Quartier d'activite mixte", "score_potentiel_brut": 57.43, "score_potentiel_net": 37.33, "rang_net": 155, "dist_min_m": 297.0, "enseigne_plus_proche": "Afriland First Bank", "nb_batiments": 604, "dens_bat_km2": 900.0, "dens_route_m_km2": 26742.0, "nb_commerces": 38, "nb_education": 2, "nb_sante": 2, "nb_banques": 1, "nb_restauration": 16, "nb_bureaux": 8, "nb_transport": 0, "nb_loisirs": 7, "nb_lieux_culte": 2, "nb_axes_structurants": 22, "longueur_principale_m": 2606.0, "dens_commerces_km2": 56.6, "lat": 3.870613, "lon": 11.452929 }, "geometry": { "type": "Polygon", "coordinates": [ [ [ 11.455481400298284, 3.867058237329795 ], [ 11.457509315232784, 3.871342161308899 ], [ 11.454956665832398, 3.874897046249981 ], [ 11.450376338101686, 3.874168126113267 ], [ 11.448348476546037, 3.869884459713604 ], [ 11.450900889327649, 3.866329455878601 ], [ 11.455481400298284, 3.867058237329795 ] ] ] } },
{ "type": "Feature", "properties": { "cell_id": "88828b41cbfffff", "arrondissement": "Yaoundé IV", "profil_marche": "Zone peu equipee", "score_potentiel_brut": 37.29, "score_potentiel_net": 37.29, "rang_net": 156, "dist_min_m": 4572.0, "enseigne_plus_proche": "Vision Finance Odja", "nb_batiments": 9, "dens_bat_km2": 13.0, "dens_route_m_km2": 38967.0, "nb_commerces": 0, "nb_education": 0, "nb_sante": 0, "nb_banques": 0, "nb_restauration": 0, "nb_bureaux": 0, "nb_transport": 0, "nb_loisirs": 0, "nb_lieux_culte": 0, "nb_axes_structurants": 6, "longueur_principale_m": 16366.0, "dens_commerces_km2": 0.0, "lat": 3.75382, "lon": 11.516343 }, "geometry": { "type": "Polygon", "coordinates": [ [ [ 11.518899931018845, 3.750257132576269 ], [ 11.520929134780388, 3.754546669112316 ], [ 11.518372365332281, 3.758109300927821 ], [ 11.513786628542432, 3.757382514775522 ], [ 11.511757477642986, 3.75309323566655 ], [ 11.514314010656632, 3.749530485290164 ], [ 11.518899931018845, 3.750257132576269 ] ] ] } },
{ "type": "Feature", "properties": { "cell_id": "88828b4881fffff", "arrondissement": "Yaoundé IV", "profil_marche": "Peripherie residentielle", "score_potentiel_brut": 53.58, "score_potentiel_net": 37.29, "rang_net": 157, "dist_min_m": 1263.0, "enseigne_plus_proche": "ACEP", "nb_batiments": 1313, "dens_bat_km2": 1952.0, "dens_route_m_km2": 35532.0, "nb_commerces": 0, "nb_education": 3, "nb_sante": 1, "nb_banques": 1, "nb_restauration": 0, "nb_bureaux": 1, "nb_transport": 1, "nb_loisirs": 8, "nb_lieux_culte": 0, "nb_axes_structurants": 5, "longueur_principale_m": 5050.0, "dens_commerces_km2": 0.0, "lat": 3.867407, "lon": 11.557362 }, "geometry": { "type": "Polygon", "coordinates": [ [ [ 11.559919703156874, 3.863849626177281 ], [ 11.561948051435113, 3.868135924472401 ], [ 11.55939074437223, 3.871693376079222 ], [ 11.554805324937407, 3.870964648694797 ], [ 11.552777029098486, 3.86667860748797 ], [ 11.55533410024039, 3.863121036584611 ], [ 11.559919703156874, 3.863849626177281 ] ] ] } },
{ "type": "Feature", "properties": { "cell_id": "88828b4e6bfffff", "arrondissement": "Yaoundé III", "profil_marche": "Zone peu equipee", "score_potentiel_brut": 37.23, "score_potentiel_net": 37.23, "rang_net": 158, "dist_min_m": 3358.0, "enseigne_plus_proche": "Afriland First Bank Damas", "nb_batiments": 253, "dens_bat_km2": 376.0, "dens_route_m_km2": 20994.0, "nb_commerces": 0, "nb_education": 0, "nb_sante": 0, "nb_banques": 0, "nb_restauration": 0, "nb_bureaux": 0, "nb_transport": 0, "nb_loisirs": 0, "nb_lieux_culte": 0, "nb_axes_structurants": 2, "longueur_principale_m": 2148.0, "dens_commerces_km2": 0.0, "lat": 3.79154, "lon": 11.479062 }, "geometry": { "type": "Polygon", "coordinates": [ [ [ 11.481617000424842, 3.787979624106157 ], [ 11.483645723149195, 3.792266986676081 ], [ 11.481091027979495, 3.795826735899547 ], [ 11.476507846678405, 3.795099241161546 ], [ 11.4744791771347, 3.790812136148624 ], [ 11.477033635696804, 3.787252268324097 ], [ 11.481617000424842, 3.787979624106157 ] ] ] } },
{ "type": "Feature", "properties": { "cell_id": "8858db4dd5fffff", "arrondissement": "Yaoundé I", "profil_marche": "Zone peu equipee", "score_potentiel_brut": 37.22, "score_potentiel_net": 37.22, "rang_net": 159, "dist_min_m": 3654.0, "enseigne_plus_proche": "Guichet Éléctronique Bicec", "nb_batiments": 774, "dens_bat_km2": 1152.0, "dens_route_m_km2": 23284.0, "nb_commerces": 0, "nb_education": 0, "nb_sante": 0, "nb_banques": 0, "nb_restauration": 0, "nb_bureaux": 0, "nb_transport": 0, "nb_loisirs": 0, "nb_lieux_culte": 0, "nb_axes_structurants": 2, "longueur_principale_m": 0.0, "dens_commerces_km2": 0.0, "lat": 3.935147, "lon": 11.559745 }, "geometry": { "type": "Polygon", "coordinates": [ [ [ 11.562301265939796, 3.931592779932049 ], [ 11.564329019292819, 3.935876653361007 ], [ 11.561772368514875, 3.939430500908036 ], [ 11.557188200133597, 3.938700594677231 ], [ 11.55516049916719, 3.934416978236545 ], [ 11.557716914180764, 3.930863011045719 ], [ 11.562301265939796, 3.931592779932049 ] ] ] } },
{ "type": "Feature", "properties": { "cell_id": "88828b4ce9fffff", "arrondissement": "Yaoundé VII", "profil_marche": "Zone peu equipee", "score_potentiel_brut": 39.39, "score_potentiel_net": 37.07, "rang_net": 160, "dist_min_m": 2664.0, "enseigne_plus_proche": "Afriland First Bank", "nb_batiments": 167, "dens_bat_km2": 249.0, "dens_route_m_km2": 24634.0, "nb_commerces": 1, "nb_education": 1, "nb_sante": 0, "nb_banques": 0, "nb_restauration": 0, "nb_bureaux": 2, "nb_transport": 0, "nb_loisirs": 0, "nb_lieux_culte": 0, "nb_axes_structurants": 1, "longueur_principale_m": 0.0, "dens_commerces_km2": 1.5, "lat": 3.863414, "lon": 11.432581 }, "geometry": { "type": "Polygon", "coordinates": [ [ [ 11.435132696687914, 3.859859409001869 ], [ 11.437160595283414, 3.864143153347086 ], [ 11.434608767121411, 3.867697959450167 ], [ 11.430029277119571, 3.866969139991661 ], [ 11.428001432089303, 3.862685653331311 ], [ 11.430553023481053, 3.859130728452026 ], [ 11.435132696687914, 3.859859409001869 ] ] ] } },
{ "type": "Feature", "properties": { "cell_id": "88828b4c6dfffff", "arrondissement": "Yaoundé III", "profil_marche": "Quartier d'activite mixte", "score_potentiel_brut": 57.02, "score_potentiel_net": 37.06, "rang_net": 161, "dist_min_m": 304.0, "enseigne_plus_proche": "microfinance bapccul", "nb_batiments": 1692, "dens_bat_km2": 2517.0, "dens_route_m_km2": 34967.0, "nb_commerces": 1, "nb_education": 4, "nb_sante": 2, "nb_banques": 7, "nb_restauration": 7, "nb_bureaux": 2, "nb_transport": 2, "nb_loisirs": 3, "nb_lieux_culte": 0, "nb_axes_structurants": 4, "longueur_principale_m": 0.0, "dens_commerces_km2": 1.5, "lat": 3.848636, "lon": 11.489129 }, "geometry": { "type": "Polygon", "coordinates": [ [ [ 11.491683500480757, 3.845079085245406 ], [ 11.493711753348618, 3.849364593388761 ], [ 11.491157253566307, 3.852921495506907 ], [ 11.486574737322547, 3.852193008417867 ], [ 11.484546537518002, 3.847907757711129 ], [ 11.487100800879244, 3.844350736664173 ], [ 11.491683500480757, 3.845079085245406 ] ] ] } },
{ "type": "Feature", "properties": { "cell_id": "8858db4d55fffff", "arrondissement": "Yaoundé I", "profil_marche": "Zone peu equipee", "score_potentiel_brut": 36.96, "score_potentiel_net": 36.96, "rang_net": 162, "dist_min_m": 3308.0, "enseigne_plus_proche": "Guichet SGC", "nb_batiments": 288, "dens_bat_km2": 429.0, "dens_route_m_km2": 15534.0, "nb_commerces": 0, "nb_education": 1, "nb_sante": 0, "nb_banques": 0, "nb_restauration": 0, "nb_bureaux": 0, "nb_transport": 0, "nb_loisirs": 0, "nb_lieux_culte": 1, "nb_axes_structurants": 1, "longueur_principale_m": 0.0, "dens_commerces_km2": 0.0, "lat": 3.954906, "lon": 11.509777 }, "geometry": { "type": "Polygon", "coordinates": [ [ [ 11.512331588166123, 3.951354280510846 ], [ 11.514358973488449, 3.955636354388672 ], [ 11.511804753751742, 3.959187987176679 ], [ 11.507223384739124, 3.958457665636674 ], [ 11.505196052244642, 3.954175848957939 ], [ 11.507750035920278, 3.950624096627462 ], [ 11.512331588166123, 3.951354280510846 ] ] ] } },
{ "type": "Feature", "properties": { "cell_id": "88828b4d43fffff", "arrondissement": "Yaoundé II", "profil_marche": "Quartier d'activite mixte", "score_potentiel_brut": 56.81, "score_potentiel_net": 36.93, "rang_net": 163, "dist_min_m": 269.0, "enseigne_plus_proche": "Crédit Mutuel", "nb_batiments": 563, "dens_bat_km2": 838.0, "dens_route_m_km2": 27247.0, "nb_commerces": 1, "nb_education": 8, "nb_sante": 7, "nb_banques": 3, "nb_restauration": 2, "nb_bureaux": 2, "nb_transport": 0, "nb_loisirs": 3, "nb_lieux_culte": 1, "nb_axes_structurants": 16, "longueur_principale_m": 1562.0, "dens_commerces_km2": 1.5, "lat": 3.871519, "lon": 11.508436 }, "geometry": { "type": "Polygon", "coordinates": [ [ [ 11.510990592171083, 3.86796294975346 ], [ 11.513018715963691, 3.872248042347353 ], [ 11.510463618660818, 3.875804152039167 ], [ 11.505880633794014, 3.87507528826544 ], [ 11.503852562880088, 3.870790452987053 ], [ 11.506407423939638, 3.867234224174251 ], [ 11.510990592171083, 3.86796294975346 ] ] ] } },
{ "type": "Feature", "properties": { "cell_id": "88828b4a91fffff", "arrondissement": "Yaoundé IV", "profil_marche": "Zone peu equipee", "score_potentiel_brut": 38.27, "score_potentiel_net": 36.8, "rang_net": 164, "dist_min_m": 2780.0, "enseigne_plus_proche": "Vision Finance Odja", "nb_batiments": 565, "dens_bat_km2": 839.0, "dens_route_m_km2": 22447.0, "nb_commerces": 0, "nb_education": 2, "nb_sante": 0, "nb_banques": 0, "nb_restauration": 1, "nb_bureaux": 0, "nb_transport": 0, "nb_loisirs": 0, "nb_lieux_culte": 0, "nb_axes_structurants": 0, "longueur_principale_m": 0.0, "dens_commerces_km2": 0.0, "lat": 3.813133, "lon": 11.540163 }, "geometry": { "type": "Polygon", "coordinates": [ [ [ 11.542719938010091, 3.809572840655392 ], [ 11.544748704519321, 3.813860743191848 ], [ 11.542191547748921, 3.817420727323376 ], [ 11.537605860604708, 3.816692927881296 ], [ 11.535577146715088, 3.812405282584424 ], [ 11.538134067335394, 3.808845179497372 ], [ 11.542719938010091, 3.809572840655392 ] ] ] } },
{ "type": "Feature", "properties": { "cell_id": "88828b4f11fffff", "arrondissement": "Yaoundé III", "profil_marche": "Peripherie residentielle", "score_potentiel_brut": 56.53, "score_potentiel_net": 36.74, "rang_net": 165, "dist_min_m": 772.0, "enseigne_plus_proche": "Société Générale", "nb_batiments": 1438, "dens_bat_km2": 2139.0, "dens_route_m_km2": 44355.0, "nb_commerces": 0, "nb_education": 1, "nb_sante": 2, "nb_banques": 0, "nb_restauration": 4, "nb_bureaux": 2, "nb_transport": 0, "nb_loisirs": 1, "nb_lieux_culte": 0, "nb_axes_structurants": 9, "longueur_principale_m": 0.0, "dens_commerces_km2": 0.0, "lat": 3.83295, "lon": 11.490181 }, "geometry": { "type": "Polygon", "coordinates": [ [ [ 11.492736112503737, 3.829392069687105 ], [ 11.494764509350276, 3.833678170909137 ], [ 11.492209786791779, 3.837235943240959 ], [ 11.487626903818674, 3.836507733212355 ], [ 11.485598560033287, 3.832221889442093 ], [ 11.488153046145182, 3.828663998256006 ], [ 11.492736112503737, 3.829392069687105 ] ] ] } },
{ "type": "Feature", "properties": { "cell_id": "88828b4f55fffff", "arrondissement": "Yaoundé III", "profil_marche": "Peripherie residentielle", "score_potentiel_brut": 47.4, "score_potentiel_net": 36.71, "rang_net": 166, "dist_min_m": 1711.0, "enseigne_plus_proche": "Afriland First Bank Damas", "nb_batiments": 1150, "dens_bat_km2": 1710.0, "dens_route_m_km2": 41901.0, "nb_commerces": 0, "nb_education": 1, "nb_sante": 0, "nb_banques": 0, "nb_restauration": 0, "nb_bureaux": 0, "nb_transport": 0, "nb_loisirs": 0, "nb_lieux_culte": 0, "nb_axes_structurants": 3, "longueur_principale_m": 1277.0, "dens_commerces_km2": 0.0, "lat": 3.819445, "lon": 11.504985 }, "geometry": { "type": "Polygon", "coordinates": [ [ [ 11.507540418308981, 3.815885553938329 ], [ 11.509568993083084, 3.820172466348625 ], [ 11.507013463487455, 3.823731305802784 ], [ 11.502429595477878, 3.823003351699874 ], [ 11.500401073637814, 3.818716696688342 ], [ 11.50295636685863, 3.815157738388332 ], [ 11.507540418308981, 3.815885553938329 ] ] ] } },
{ "type": "Feature", "properties": { "cell_id": "88828b4c6bfffff", "arrondissement": "Yaoundé VI", "profil_marche": "Peripherie residentielle", "score_potentiel_brut": 52.37, "score_potentiel_net": 36.69, "rang_net": 167, "dist_min_m": 1289.0, "enseigne_plus_proche": "microfinance bapccul", "nb_batiments": 1756, "dens_bat_km2": 2613.0, "dens_route_m_km2": 24070.0, "nb_commerces": 0, "nb_education": 4, "nb_sante": 11, "nb_banques": 0, "nb_restauration": 0, "nb_bureaux": 0, "nb_transport": 0, "nb_loisirs": 2, "nb_lieux_culte": 0, "nb_axes_structurants": 1, "longueur_principale_m": 0.0, "dens_commerces_km2": 0.0, "lat": 3.846451, "lon": 11.475382 }, "geometry": { "type": "Polygon", "coordinates": [ [ [ 11.47793602015812, 3.842894060520778 ], [ 11.479964238825517, 3.847179350344476 ], [ 11.477410323289229, 3.850736055124791 ], [ 11.472828425589054, 3.850007588951468 ], [ 11.470800260109778, 3.845722556632285 ], [ 11.4733539391279, 3.842165732989284 ], [ 11.47793602015812, 3.842894060520778 ] ] ] } },
{ "type": "Feature", "properties": { "cell_id": "88828b4e45fffff", "arrondissement": "Yaoundé III", "profil_marche": "Zone peu equipee", "score_potentiel_brut": 36.62, "score_potentiel_net": 36.62, "rang_net": 168, "dist_min_m": 4159.0, "enseigne_plus_proche": "Afriland First Bank Damas", "nb_batiments": 143, "dens_bat_km2": 213.0, "dens_route_m_km2": 17810.0, "nb_commerces": 0, "nb_education": 1, "nb_sante": 1, "nb_banques": 0, "nb_restauration": 0, "nb_bureaux": 0, "nb_transport": 0, "nb_loisirs": 0, "nb_lieux_culte": 0, "nb_axes_structurants": 1, "longueur_principale_m": 0.0, "dens_commerces_km2": 0.0, "lat": 3.783692, "lon": 11.479588 }, "geometry": { "type": "Polygon", "coordinates": [ [ [ 11.48214301225558, 3.780131782062185 ], [ 11.484171807007094, 3.784419440260705 ], [ 11.481617000424842, 3.787979624106157 ], [ 11.477033635696804, 3.787252268324097 ], [ 11.475004894124897, 3.782964867689925 ], [ 11.477559464086763, 3.779404565280862 ], [ 11.48214301225558, 3.780131782062185 ] ] ] } },
{ "type": "Feature", "properties": { "cell_id": "88828b4d01fffff", "arrondissement": "Yaoundé I", "profil_marche": "Quartier d'activite mixte", "score_potentiel_brut": 56.32, "score_potentiel_net": 36.61, "rang_net": 169, "dist_min_m": 670.0, "enseigne_plus_proche": "Guichet automatique - afriland first", "nb_batiments": 730, "dens_bat_km2": 1086.0, "dens_route_m_km2": 39929.0, "nb_commerces": 3, "nb_education": 2, "nb_sante": 1, "nb_banques": 0, "nb_restauration": 3, "nb_bureaux": 14, "nb_transport": 0, "nb_loisirs": 28, "nb_lieux_culte": 0, "nb_axes_structurants": 3, "longueur_principale_m": 0.0, "dens_commerces_km2": 4.5, "lat": 3.8872, "lon": 11.507382 }, "geometry": { "type": "Polygon", "coordinates": [ [ [ 11.509936684594232, 3.883644621703861 ], [ 11.511964664471746, 3.887929119744704 ], [ 11.509409789966979, 3.891484358554632 ], [ 11.504827171787925, 3.890755218526308 ], [ 11.502799244791332, 3.886470977785569 ], [ 11.505353883078214, 3.882915619780424 ], [ 11.509936684594232, 3.883644621703861 ] ] ] } },
{ "type": "Feature", "properties": { "cell_id": "88828b4d57fffff", "arrondissement": "Yaoundé II", "profil_marche": "Peripherie residentielle", "score_potentiel_brut": 56.18, "score_potentiel_net": 36.52, "rang_net": 170, "dist_min_m": 671.0, "enseigne_plus_proche": "BEC S.A", "nb_batiments": 1191, "dens_bat_km2": 1773.0, "dens_route_m_km2": 17979.0, "nb_commerces": 1, "nb_education": 2, "nb_sante": 4, "nb_banques": 0, "nb_restauration": 0, "nb_bureaux": 0, "nb_transport": 2, "nb_loisirs": 2, "nb_lieux_culte": 0, "nb_axes_structurants": 6, "longueur_principale_m": 0.0, "dens_commerces_km2": 1.5, "lat": 3.877173, "lon": 11.494161 }, "geometry": { "type": "Polygon", "coordinates": [ [ [ 11.496715281841512, 3.873617581060248 ], [ 11.498743299813707, 3.877902158992931 ], [ 11.496188897799698, 3.881457636141756 ], [ 11.49160671412668, 3.880728654457305 ], [ 11.489578749159136, 3.876444333900418 ], [ 11.492132914845312, 3.872888737659548 ], [ 11.496715281841512, 3.873617581060248 ] ] ] } },
{ "type": "Feature", "properties": { "cell_id": "88828b41c3fffff", "arrondissement": "Yaoundé IV", "profil_marche": "Zone peu equipee", "score_potentiel_brut": 36.47, "score_potentiel_net": 36.47, "rang_net": 171, "dist_min_m": 3735.0, "enseigne_plus_proche": "Vision Finance Odja", "nb_batiments": 70, "dens_bat_km2": 104.0, "dens_route_m_km2": 26315.0, "nb_commerces": 0, "nb_education": 0, "nb_sante": 0, "nb_banques": 0, "nb_restauration": 0, "nb_bureaux": 0, "nb_transport": 0, "nb_loisirs": 0, "nb_lieux_culte": 0, "nb_axes_structurants": 2, "longueur_principale_m": 7681.0, "dens_commerces_km2": 0.0, "lat": 3.761672, "lon": 11.515816 }, "geometry": { "type": "Polygon", "coordinates": [ [ [ 11.518372365332281, 3.758109300927821 ], [ 11.520401497062624, 3.762398542038503 ], [ 11.517844839154588, 3.765960739569669 ], [ 11.513259285923196, 3.765233814595896 ], [ 11.511230207056068, 3.760944830905077 ], [ 11.513786628542432, 3.757382514775522 ], [ 11.518372365332281, 3.758109300927821 ] ] ] } },
{ "type": "Feature", "properties": { "cell_id": "88828b4c09fffff", "arrondissement": "Yaoundé VI", "profil_marche": "Peripherie residentielle", "score_potentiel_brut": 47.13, "score_potentiel_net": 36.45, "rang_net": 172, "dist_min_m": 1706.0, "enseigne_plus_proche": "Afriland First Bank", "nb_batiments": 1439, "dens_bat_km2": 2142.0, "dens_route_m_km2": 28530.0, "nb_commerces": 0, "nb_education": 3, "nb_sante": 0, "nb_banques": 0, "nb_restauration": 0, "nb_bureaux": 0, "nb_transport": 0, "nb_loisirs": 0, "nb_lieux_culte": 0, "nb_axes_structurants": 5, "longueur_principale_m": 0.0, "dens_commerces_km2": 0.0, "lat": 3.844266, "lon": 11.461637 }, "geometry": { "type": "Polygon", "coordinates": [ [ [ 11.464190395951631, 3.840709099083524 ], [ 11.466218580175855, 3.844994170317424 ], [ 11.463665249045084, 3.848550677627971 ], [ 11.459083970290598, 3.847822232508495 ], [ 11.457055839379233, 3.843537418846955 ], [ 11.45960893389487, 3.839980792739887 ], [ 11.464190395951631, 3.840709099083524 ] ] ] } },
{ "type": "Feature", "properties": { "cell_id": "88828b48c9fffff", "arrondissement": "Yaoundé IV", "profil_marche": "Zone peu equipee", "score_potentiel_brut": 36.3, "score_potentiel_net": 36.3, "rang_net": 173, "dist_min_m": 3301.0, "enseigne_plus_proche": "ACEP", "nb_batiments": 415, "dens_bat_km2": 617.0, "dens_route_m_km2": 23091.0, "nb_commerces": 0, "nb_education": 0, "nb_sante": 0, "nb_banques": 0, "nb_restauration": 0, "nb_bureaux": 0, "nb_transport": 0, "nb_loisirs": 2, "nb_lieux_culte": 0, "nb_axes_structurants": 1, "longueur_principale_m": 0.0, "dens_commerces_km2": 0.0, "lat": 3.841042, "lon": 11.566093 }, "geometry": { "type": "Polygon", "coordinates": [ [ [ 11.568651123804386, 3.837482906828507 ], [ 11.570679740311212, 3.841770354015527 ], [ 11.568121751088924, 3.845329426849786 ], [ 11.563535381261536, 3.844601171704033 ], [ 11.561506817127343, 3.84031398159762 ], [ 11.564064570433203, 3.836754789563684 ], [ 11.568651123804386, 3.837482906828507 ] ] ] } },
{ "type": "Feature", "properties": { "cell_id": "88828b4e65fffff", "arrondissement": "Yaoundé III", "profil_marche": "Peripherie residentielle", "score_potentiel_brut": 43.31, "score_potentiel_net": 36.27, "rang_net": 174, "dist_min_m": 2072.0, "enseigne_plus_proche": "Afriland First Bank Damas", "nb_batiments": 463, "dens_bat_km2": 688.0, "dens_route_m_km2": 17907.0, "nb_commerces": 0, "nb_education": 4, "nb_sante": 0, "nb_banques": 0, "nb_restauration": 0, "nb_bureaux": 1, "nb_transport": 0, "nb_loisirs": 1, "nb_lieux_culte": 0, "nb_axes_structurants": 6, "longueur_principale_m": 0.0, "dens_commerces_km2": 0.0, "lat": 3.801569, "lon": 11.492287 }, "geometry": { "type": "Polygon", "coordinates": [ [ [ 11.494841809447543, 3.798009263853675 ], [ 11.49687049430846, 3.802296549801103 ], [ 11.494315326088516, 3.805856061666757 ], [ 11.489731709490592, 3.805128406297166 ], [ 11.487703077686485, 3.800841377831382 ], [ 11.490258009408802, 3.797281747260904 ], [ 11.494841809447543, 3.798009263853675 ] ] ] } },
{ "type": "Feature", "properties": { "cell_id": "88828b4de7fffff", "arrondissement": "Yaoundé II", "profil_marche": "Zone peu equipee", "score_potentiel_brut": 36.13, "score_potentiel_net": 36.13, "rang_net": 175, "dist_min_m": 3656.0, "enseigne_plus_proche": "MC2 Le Grenier de la communaute de Lboudi", "nb_batiments": 255, "dens_bat_km2": 380.0, "dens_route_m_km2": 19340.0, "nb_commerces": 0, "nb_education": 1, "nb_sante": 0, "nb_banques": 0, "nb_restauration": 0, "nb_bureaux": 0, "nb_transport": 0, "nb_loisirs": 2, "nb_lieux_culte": 0, "nb_axes_structurants": 1, "longueur_principale_m": 0.0, "dens_commerces_km2": 0.0, "lat": 3.914175, "lon": 11.477787 }, "geometry": { "type": "Polygon", "coordinates": [ [ [ 11.480340022056819, 3.910621944445754 ], [ 11.482367646128097, 3.91490481813958 ], [ 11.479814384695224, 3.918457919892307 ], [ 11.475233735537595, 3.917728267170176 ], [ 11.473206164601127, 3.913445650881157 ], [ 11.475759189672855, 3.909892429916839 ], [ 11.480340022056819, 3.910621944445754 ] ] ] } },
{ "type": "Feature", "properties": { "cell_id": "88828b4ab5fffff", "arrondissement": "Yaoundé IV", "profil_marche": "Zone peu equipee", "score_potentiel_brut": 36.05, "score_potentiel_net": 36.05, "rang_net": 176, "dist_min_m": 3360.0, "enseigne_plus_proche": "Mutuelle Epargne Crédit", "nb_batiments": 706, "dens_bat_km2": 1049.0, "dens_route_m_km2": 27958.0, "nb_commerces": 0, "nb_education": 0, "nb_sante": 0, "nb_banques": 0, "nb_restauration": 0, "nb_bureaux": 0, "nb_transport": 0, "nb_loisirs": 0, "nb_lieux_culte": 0, "nb_axes_structurants": 0, "longueur_principale_m": 0.0, "dens_commerces_km2": 0.0, "lat": 3.836027, "lon": 11.559478 }, "geometry": { "type": "Polygon", "coordinates": [ [ [ 11.562035934337548, 3.832467302425263 ], [ 11.564064570433203, 3.836754789563684 ], [ 11.561506817127343, 3.84031398159762 ], [ 11.556920663682844, 3.839585805648435 ], [ 11.554892080021856, 3.835298575628527 ], [ 11.557449597356008, 3.831739264446603 ], [ 11.562035934337548, 3.832467302425263 ] ] ] } },
{ "type": "Feature", "properties": { "cell_id": "88828b4e23fffff", "arrondissement": "Yaoundé VI", "profil_marche": "Peripherie residentielle", "score_potentiel_brut": 48.93, "score_potentiel_net": 36.03, "rang_net": 177, "dist_min_m": 1493.0, "enseigne_plus_proche": "Afriland First Bank", "nb_batiments": 1177, "dens_bat_km2": 1751.0, "dens_route_m_km2": 24155.0, "nb_commerces": 0, "nb_education": 0, "nb_sante": 1, "nb_banques": 0, "nb_restauration": 0, "nb_bureaux": 0, "nb_transport": 2, "nb_loisirs": 0, "nb_lieux_culte": 0, "nb_axes_structurants": 3, "longueur_principale_m": 2574.0, "dens_commerces_km2": 0.0, "lat": 3.817908, "lon": 11.470348 }, "geometry": { "type": "Polygon", "coordinates": [ [ [ 11.472902262321604, 3.814349559064284 ], [ 11.474930715809155, 3.818635776496129 ], [ 11.472376702755266, 3.822193905235425 ], [ 11.467794472810628, 3.821465935249214 ], [ 11.465766072569883, 3.817179975382265 ], [ 11.468319849012349, 3.813621727944037 ], [ 11.472902262321604, 3.814349559064284 ] ] ] } },
{ "type": "Feature", "properties": { "cell_id": "88828b4f25fffff", "arrondissement": "Yaoundé IV", "profil_marche": "Peripherie residentielle", "score_potentiel_brut": 55.26, "score_potentiel_net": 35.92, "rang_net": 178, "dist_min_m": 965.0, "enseigne_plus_proche": "Crédit Communauté Du Cameroun", "nb_batiments": 1743, "dens_bat_km2": 2592.0, "dens_route_m_km2": 38482.0, "nb_commerces": 0, "nb_education": 4, "nb_sante": 0, "nb_banques": 0, "nb_restauration": 0, "nb_bureaux": 0, "nb_transport": 2, "nb_loisirs": 1, "nb_lieux_culte": 0, "nb_axes_structurants": 16, "longueur_principale_m": 0.0, "dens_commerces_km2": 0.0, "lat": 3.855192, "lon": 11.530381 }, "geometry": { "type": "Polygon", "coordinates": [ [ [ 11.53293706606722, 3.851634534998342 ], [ 11.534965420079034, 3.855920696478427 ], [ 11.5324091685185, 3.859478189817495 ], [ 11.527824799060488, 3.858749640811029 ], [ 11.525796497737119, 3.854463736563373 ], [ 11.528352513168649, 3.850906124097087 ], [ 11.53293706606722, 3.851634534998342 ] ] ] } },
{ "type": "Feature", "properties": { "cell_id": "8858db4c27fffff", "arrondissement": "Yaoundé I", "profil_marche": "Zone peu equipee", "score_potentiel_brut": 35.84, "score_potentiel_net": 35.84, "rang_net": 179, "dist_min_m": 3343.0, "enseigne_plus_proche": "Guichet SGC", "nb_batiments": 145, "dens_bat_km2": 216.0, "dens_route_m_km2": 16083.0, "nb_commerces": 0, "nb_education": 0, "nb_sante": 0, "nb_banques": 0, "nb_restauration": 0, "nb_bureaux": 0, "nb_transport": 0, "nb_loisirs": 3, "nb_lieux_culte": 0, "nb_axes_structurants": 2, "longueur_principale_m": 2414.0, "dens_commerces_km2": 0.0, "lat": 3.951453, "lon": 11.537798 }, "geometry": { "type": "Polygon", "coordinates": [ [ [ 11.540353193557735, 3.947900249386203 ], [ 11.54238071765951, 3.952183053198875 ], [ 11.539825220045167, 3.955735515838795 ], [ 11.535242434193487, 3.955005294310572 ], [ 11.533214962668728, 3.950722747568748 ], [ 11.535770224403983, 3.947170165291636 ], [ 11.540353193557735, 3.947900249386203 ] ] ] } },
{ "type": "Feature", "properties": { "cell_id": "8858db4dbdfffff", "arrondissement": "Yaoundé V", "profil_marche": "Centre structure commercant", "score_potentiel_brut": 49.99, "score_potentiel_net": 35.83, "rang_net": 180, "dist_min_m": 1382.0, "enseigne_plus_proche": "Guichet Éléctronique Bicec", "nb_batiments": 1040, "dens_bat_km2": 1547.0, "dens_route_m_km2": 22673.0, "nb_commerces": 26, "nb_education": 2, "nb_sante": 0, "nb_banques": 0, "nb_restauration": 2, "nb_bureaux": 0, "nb_transport": 0, "nb_loisirs": 2, "nb_lieux_culte": 1, "nb_axes_structurants": 0, "longueur_principale_m": 0.0, "dens_commerces_km2": 38.7, "lat": 3.906617, "lon": 11.554719 }, "geometry": { "type": "Polygon", "coordinates": [ [ [ 11.557275305145081, 3.903061045742425 ], [ 11.559303293758239, 3.907345855305547 ], [ 11.556746544294375, 3.91090112970718 ], [ 11.55216204206025, 3.910171714034674 ], [ 11.550134105892203, 3.905887161521376 ], [ 11.552690619498488, 3.902331767638077 ], [ 11.557275305145081, 3.903061045742425 ] ] ] } },
{ "type": "Feature", "properties": { "cell_id": "88828b4c03fffff", "arrondissement": "Yaoundé VII", "profil_marche": "Centre structure commercant", "score_potentiel_brut": 44.1, "score_potentiel_net": 35.82, "rang_net": 181, "dist_min_m": 1927.0, "enseigne_plus_proche": "Afriland First Bank", "nb_batiments": 312, "dens_bat_km2": 465.0, "dens_route_m_km2": 13326.0, "nb_commerces": 11, "nb_education": 2, "nb_sante": 1, "nb_banques": 0, "nb_restauration": 1, "nb_bureaux": 0, "nb_transport": 0, "nb_loisirs": 0, "nb_lieux_culte": 1, "nb_axes_structurants": 0, "longueur_principale_m": 0.0, "dens_commerces_km2": 16.4, "lat": 3.854934, "lon": 11.453978 }, "geometry": { "type": "Polygon", "coordinates": [ [ [ 11.456530987067387, 3.85137842343521 ], [ 11.458559045981692, 3.855662940654976 ], [ 11.456006174041844, 3.859218696327204 ], [ 11.451425479817422, 3.858490053606484 ], [ 11.449397474279904, 3.854205793981545 ], [ 11.451950109575362, 3.850649919489893 ], [ 11.456530987067387, 3.85137842343521 ] ] ] } },
{ "type": "Feature", "properties": { "cell_id": "8858db4dabfffff", "arrondissement": "Yaoundé V", "profil_marche": "Centre structure commercant", "score_potentiel_brut": 55.01, "score_potentiel_net": 35.76, "rang_net": 182, "dist_min_m": 654.0, "enseigne_plus_proche": "Guichet Éléctronique Bicec", "nb_batiments": 1147, "dens_bat_km2": 1707.0, "dens_route_m_km2": 28170.0, "nb_commerces": 31, "nb_education": 5, "nb_sante": 4, "nb_banques": 0, "nb_restauration": 24, "nb_bureaux": 1, "nb_transport": 0, "nb_loisirs": 0, "nb_lieux_culte": 0, "nb_axes_structurants": 0, "longueur_principale_m": 0.0, "dens_commerces_km2": 46.1, "lat": 3.909442, "lon": 11.547578 }, "geometry": { "type": "Polygon", "coordinates": [ [ [ 11.550134105892203, 3.905887161521376 ], [ 11.55216204206025, 3.910171714034674 ], [ 11.549605639933796, 3.91372667229179 ], [ 11.545021537524697, 3.91299719751012 ], [ 11.542993653864867, 3.908712902076901 ], [ 11.545549820091237, 3.905157824352588 ], [ 11.550134105892203, 3.905887161521376 ] ] ] } },
{ "type": "Feature", "properties": { "cell_id": "88828b4f5dfffff", "arrondissement": "Yaoundé III", "profil_marche": "Peripherie residentielle", "score_potentiel_brut": 43.16, "score_potentiel_net": 35.66, "rang_net": 183, "dist_min_m": 2007.0, "enseigne_plus_proche": "Afriland First Bank Damas", "nb_batiments": 957, "dens_bat_km2": 1423.0, "dens_route_m_km2": 22458.0, "nb_commerces": 0, "nb_education": 1, "nb_sante": 1, "nb_banques": 0, "nb_restauration": 0, "nb_bureaux": 0, "nb_transport": 0, "nb_loisirs": 0, "nb_lieux_culte": 0, "nb_axes_structurants": 1, "longueur_principale_m": 0.0, "dens_commerces_km2": 0.0, "lat": 3.811599, "lon": 11.505512 }, "geometry": { "type": "Polygon", "coordinates": [ [ [ 11.508067412585975, 3.808039070971551 ], [ 11.510096059359109, 3.812326279637883 ], [ 11.507540418308981, 3.815885553938329 ], [ 11.50295636685863, 3.815157738388332 ], [ 11.500927773018416, 3.810870787128219 ], [ 11.503483177680998, 3.807311394019274 ], [ 11.508067412585975, 3.808039070971551 ] ] ] } },
{ "type": "Feature", "properties": { "cell_id": "88828b4183fffff", "arrondissement": "Yaoundé IV", "profil_marche": "Zone peu equipee", "score_potentiel_brut": 40.37, "score_potentiel_net": 35.59, "rang_net": 184, "dist_min_m": 2324.0, "enseigne_plus_proche": "Vision Finance Odja", "nb_batiments": 115, "dens_bat_km2": 171.0, "dens_route_m_km2": 45520.0, "nb_commerces": 0, "nb_education": 0, "nb_sante": 0, "nb_banques": 0, "nb_restauration": 0, "nb_bureaux": 0, "nb_transport": 0, "nb_loisirs": 0, "nb_lieux_culte": 0, "nb_axes_structurants": 10, "longueur_principale_m": 9578.0, "dens_commerces_km2": 0.0, "lat": 3.780207, "lon": 11.50762 }, "geometry": { "type": "Polygon", "coordinates": [ [ [ 11.510175784335541, 3.776645831966578 ], [ 11.512204719152319, 3.780934224461442 ], [ 11.509648632193212, 3.784495237399614 ], [ 11.505063846841241, 3.783767976509183 ], [ 11.503034964952976, 3.779479841450037 ], [ 11.505590815473514, 3.775918709852969 ], [ 11.510175784335541, 3.776645831966578 ] ] ] } },
{ "type": "Feature", "properties": { "cell_id": "88828b4c0dfffff", "arrondissement": "Yaoundé VI", "profil_marche": "Peripherie residentielle", "score_potentiel_brut": 43.53, "score_potentiel_net": 35.59, "rang_net": 185, "dist_min_m": 1958.0, "enseigne_plus_proche": "microfinance bapccul", "nb_batiments": 1689, "dens_bat_km2": 2514.0, "dens_route_m_km2": 22990.0, "nb_commerces": 0, "nb_education": 1, "nb_sante": 0, "nb_banques": 0, "nb_restauration": 0, "nb_bureaux": 0, "nb_transport": 0, "nb_loisirs": 0, "nb_lieux_culte": 0, "nb_axes_structurants": 2, "longueur_principale_m": 0.0, "dens_commerces_km2": 0.0, "lat": 3.849279, "lon": 11.468247 }, "geometry": { "type": "Polygon", "coordinates": [ [ [ 11.470800260109778, 3.845722556632285 ], [ 11.472828425589054, 3.850007588951468 ], [ 11.470274857898, 3.853563977413738 ], [ 11.465693361273324, 3.852835452412484 ], [ 11.463665249045084, 3.848550677627971 ], [ 11.466218580175855, 3.844994170317424 ], [ 11.470800260109778, 3.845722556632285 ] ] ] } },
{ "type": "Feature", "properties": { "cell_id": "88828b4c41fffff", "arrondissement": "Yaoundé VI", "profil_marche": "Quartier d'activite mixte", "score_potentiel_brut": 54.75, "score_potentiel_net": 35.59, "rang_net": 186, "dist_min_m": 261.0, "enseigne_plus_proche": "Afriland First Bank", "nb_batiments": 945, "dens_bat_km2": 1406.0, "dens_route_m_km2": 39171.0, "nb_commerces": 2, "nb_education": 5, "nb_sante": 0, "nb_banques": 2, "nb_restauration": 0, "nb_bureaux": 1, "nb_transport": 3, "nb_loisirs": 4, "nb_lieux_culte": 0, "nb_axes_structurants": 11, "longueur_principale_m": 3574.0, "dens_commerces_km2": 3.0, "lat": 3.833595, "lon": 11.469297 }, "geometry": { "type": "Polygon", "coordinates": [ [ [ 11.47185118253409, 3.830037520349624 ], [ 11.473879492007987, 3.834323145463644 ], [ 11.471325701653701, 3.837880404213109 ], [ 11.466743838396701, 3.837152156629556 ], [ 11.464715582171717, 3.832866789065382 ], [ 11.467269135940189, 3.829309411542292 ], [ 11.47185118253409, 3.830037520349624 ] ] ] } },
{ "type": "Feature", "properties": { "cell_id": "8858db4d81fffff", "arrondissement": "Yaoundé V", "profil_marche": "Centre structure commercant", "score_potentiel_brut": 42.03, "score_potentiel_net": 35.49, "rang_net": 187, "dist_min_m": 2111.0, "enseigne_plus_proche": "Guichet Éléctronique Bicec", "nb_batiments": 630, "dens_bat_km2": 937.0, "dens_route_m_km2": 22845.0, "nb_commerces": 3, "nb_education": 1, "nb_sante": 1, "nb_banques": 0, "nb_restauration": 0, "nb_bureaux": 0, "nb_transport": 0, "nb_loisirs": 0, "nb_lieux_culte": 0, "nb_axes_structurants": 0, "longueur_principale_m": 0.0, "dens_commerces_km2": 4.5, "lat": 3.922295, "lon": 11.553661 }, "geometry": { "type": "Polygon", "coordinates": [ [ [ 11.556217823017398, 3.918740479906078 ], [ 11.558245667797699, 3.923024693145079 ], [ 11.555689141309783, 3.926579096146636 ], [ 11.551105005859089, 3.925849405472023 ], [ 11.549077213526203, 3.921565449267224 ], [ 11.551633504181908, 3.918010926710143 ], [ 11.556217823017398, 3.918740479906078 ] ] ] } },
{ "type": "Feature", "properties": { "cell_id": "88828b41bbfffff", "arrondissement": "Yaoundé IV", "profil_marche": "Zone peu equipee", "score_potentiel_brut": 38.51, "score_potentiel_net": 35.47, "rang_net": 188, "dist_min_m": 2549.0, "enseigne_plus_proche": "Vision Finance Odja", "nb_batiments": 213, "dens_bat_km2": 317.0, "dens_route_m_km2": 21194.0, "nb_commerces": 0, "nb_education": 0, "nb_sante": 0, "nb_banques": 0, "nb_restauration": 0, "nb_bureaux": 0, "nb_transport": 0, "nb_loisirs": 0, "nb_lieux_culte": 0, "nb_axes_structurants": 8, "longueur_principale_m": 6974.0, "dens_commerces_km2": 0.0, "lat": 3.790889, "lon": 11.499953 }, "geometry": { "type": "Polygon", "coordinates": [ [ [ 11.502508107798826, 3.787328673596513 ], [ 11.504536917667945, 3.791616512885326 ], [ 11.501981290094601, 3.795176775388037 ], [ 11.497397089105585, 3.794449317291168 ], [ 11.49536833222917, 3.790161735461103 ], [ 11.497923723334397, 3.786601354276523 ], [ 11.502508107798826, 3.787328673596513 ] ] ] } },
{ "type": "Feature", "properties": { "cell_id": "88828b4c4dfffff", "arrondissement": "Yaoundé III", "profil_marche": "Peripherie residentielle", "score_potentiel_brut": 54.45, "score_potentiel_net": 35.39, "rang_net": 189, "dist_min_m": 664.0, "enseigne_plus_proche": "Afriland First Bank", "nb_batiments": 1139, "dens_bat_km2": 1694.0, "dens_route_m_km2": 31385.0, "nb_commerces": 2, "nb_education": 1, "nb_sante": 1, "nb_banques": 0, "nb_restauration": 0, "nb_bureaux": 1, "nb_transport": 1, "nb_loisirs": 1, "nb_lieux_culte": 0, "nb_axes_structurants": 1, "longueur_principale_m": 0.0, "dens_commerces_km2": 3.0, "lat": 3.830766, "lon": 11.476433 }, "geometry": { "type": "Polygon", "coordinates": [ [ [ 11.478987531965432, 3.827207876681143 ], [ 11.48101589462533, 3.831493759314856 ], [ 11.478461756382051, 3.83505133430837 ], [ 11.473879492007987, 3.834323145463644 ], [ 11.47185118253409, 3.830037520349624 ], [ 11.474405084233632, 3.826479826568034 ], [ 11.478987531965432, 3.827207876681143 ] ] ] } },
{ "type": "Feature", "properties": { "cell_id": "88828b4f6bfffff", "arrondissement": "Yaoundé IV", "profil_marche": "Peripherie residentielle", "score_potentiel_brut": 38.8, "score_potentiel_net": 35.33, "rang_net": 190, "dist_min_m": 2489.0, "enseigne_plus_proche": "Afriland First bank", "nb_batiments": 465, "dens_bat_km2": 691.0, "dens_route_m_km2": 25069.0, "nb_commerces": 0, "nb_education": 1, "nb_sante": 0, "nb_banques": 0, "nb_restauration": 0, "nb_bureaux": 0, "nb_transport": 0, "nb_loisirs": 8, "nb_lieux_culte": 0, "nb_axes_structurants": 0, "longueur_principale_m": 0.0, "dens_commerces_km2": 0.0, "lat": 3.826643, "lon": 11.525351 }, "geometry": { "type": "Polygon", "coordinates": [ [ [ 11.527907303333702, 3.823084090611712 ], [ 11.529935892554331, 3.827371182121366 ], [ 11.527379542672014, 3.830930099685545 ], [ 11.522794839776664, 3.830202044711277 ], [ 11.520766303303065, 3.825915210494505 ], [ 11.523322416963094, 3.822356173966468 ], [ 11.527907303333702, 3.823084090611712 ] ] ] } },
{ "type": "Feature", "properties": { "cell_id": "88828b4d07fffff", "arrondissement": "Yaoundé I", "profil_marche": "Quartier d'activite mixte", "score_potentiel_brut": 54.31, "score_potentiel_net": 35.3, "rang_net": 191, "dist_min_m": 297.0, "enseigne_plus_proche": "Société general", "nb_batiments": 850, "dens_bat_km2": 1265.0, "dens_route_m_km2": 27300.0, "nb_commerces": 7, "nb_education": 6, "nb_sante": 6, "nb_banques": 2, "nb_restauration": 18, "nb_bureaux": 24, "nb_transport": 0, "nb_loisirs": 38, "nb_lieux_culte": 0, "nb_axes_structurants": 6, "longueur_principale_m": 0.0, "dens_commerces_km2": 10.4, "lat": 3.895039, "lon": 11.506855 }, "geometry": { "type": "Polygon", "coordinates": [ [ [ 11.509409789966979, 3.891484358554632 ], [ 11.511437697894062, 3.895768559140665 ], [ 11.508882934774729, 3.89932336239869 ], [ 11.504300499918804, 3.898594084310338 ], [ 11.502272644873731, 3.894310141016636 ], [ 11.504827171787925, 3.890755218526308 ], [ 11.509409789966979, 3.891484358554632 ] ] ] } },
{ "type": "Feature", "properties": { "cell_id": "88828b4197fffff", "arrondissement": "Yaoundé IV", "profil_marche": "Zone peu equipee", "score_potentiel_brut": 35.23, "score_potentiel_net": 35.23, "rang_net": 192, "dist_min_m": 3395.0, "enseigne_plus_proche": "Vision Finance Odja", "nb_batiments": 517, "dens_bat_km2": 768.0, "dens_route_m_km2": 15911.0, "nb_commerces": 0, "nb_education": 0, "nb_sante": 0, "nb_banques": 0, "nb_restauration": 0, "nb_bureaux": 0, "nb_transport": 0, "nb_loisirs": 0, "nb_lieux_culte": 0, "nb_axes_structurants": 4, "longueur_principale_m": 0.0, "dens_commerces_km2": 0.0, "lat": 3.785874, "lon": 11.49334 }, "geometry": { "type": "Polygon", "coordinates": [ [ [ 11.495894894437733, 3.782313476683465 ], [ 11.497923723334397, 3.786601354276523 ], [ 11.49536833222917, 3.790161735461103 ], [ 11.490784348735769, 3.789434357689969 ], [ 11.488755572893751, 3.785146737593329 ], [ 11.49131072747584, 3.781586237778778 ], [ 11.495894894437733, 3.782313476683465 ] ] ] } },
{ "type": "Feature", "properties": { "cell_id": "88828b4e05fffff", "arrondissement": "Yaoundé VI", "profil_marche": "Zone peu equipee", "score_potentiel_brut": 36.26, "score_potentiel_net": 35.17, "rang_net": 193, "dist_min_m": 2828.0, "enseigne_plus_proche": "Afriland First Bank Damas", "nb_batiments": 333, "dens_bat_km2": 495.0, "dens_route_m_km2": 18876.0, "nb_commerces": 0, "nb_education": 1, "nb_sante": 0, "nb_banques": 0, "nb_restauration": 1, "nb_bureaux": 0, "nb_transport": 0, "nb_loisirs": 0, "nb_lieux_culte": 0, "nb_axes_structurants": 1, "longueur_principale_m": 0.0, "dens_commerces_km2": 0.0, "lat": 3.802218, "lon": 11.471399 }, "geometry": { "type": "Polygon", "coordinates": [ [ [ 11.473953499506996, 3.798658674326779 ], [ 11.475982097027224, 3.802945483598864 ], [ 11.473427861237418, 3.806504482030067 ], [ 11.468845264549708, 3.805776789820672 ], [ 11.466816720274183, 3.801490238128418 ], [ 11.469370719427015, 3.797931121073126 ], [ 11.473953499506996, 3.798658674326779 ] ] ] } },
{ "type": "Feature", "properties": { "cell_id": "8858db4d85fffff", "arrondissement": "Yaoundé V", "profil_marche": "Centre structure commercant", "score_potentiel_brut": 50.57, "score_potentiel_net": 35.16, "rang_net": 194, "dist_min_m": 1259.0, "enseigne_plus_proche": "Guichet Éléctronique Bicec", "nb_batiments": 999, "dens_bat_km2": 1487.0, "dens_route_m_km2": 23184.0, "nb_commerces": 23, "nb_education": 4, "nb_sante": 1, "nb_banques": 0, "nb_restauration": 7, "nb_bureaux": 1, "nb_transport": 0, "nb_loisirs": 0, "nb_lieux_culte": 0, "nb_axes_structurants": 0, "longueur_principale_m": 0.0, "dens_commerces_km2": 34.2, "lat": 3.917281, "lon": 11.547049 }, "geometry": { "type": "Polygon", "coordinates": [ [ [ 11.549605639933796, 3.91372667229179 ], [ 11.551633504181908, 3.918010926710143 ], [ 11.549077213526203, 3.921565449267224 ], [ 11.544493294495112, 3.920835836917418 ], [ 11.542465482756386, 3.916551839571337 ], [ 11.545021537524697, 3.91299719751012 ], [ 11.549605639933796, 3.91372667229179 ] ] ] } },
{ "type": "Feature", "properties": { "cell_id": "88828b4d2bfffff", "arrondissement": "Yaoundé I", "profil_marche": "Quartier d'activite mixte", "score_potentiel_brut": 54.09, "score_potentiel_net": 35.16, "rang_net": 195, "dist_min_m": 851.0, "enseigne_plus_proche": "Société general", "nb_batiments": 951, "dens_bat_km2": 1416.0, "dens_route_m_km2": 20773.0, "nb_commerces": 1, "nb_education": 1, "nb_sante": 1, "nb_banques": 0, "nb_restauration": 4, "nb_bureaux": 11, "nb_transport": 0, "nb_loisirs": 41, "nb_lieux_culte": 0, "nb_axes_structurants": 6, "longueur_principale_m": 0.0, "dens_commerces_km2": 1.5, "lat": 3.900053, "lon": 11.513466 }, "geometry": { "type": "Polygon", "coordinates": [ [ [ 11.516020533159562, 3.896497778171597 ], [ 11.518048421961078, 3.900781938438494 ], [ 11.515493422691621, 3.904336622412719 ], [ 11.510910770756123, 3.903607265411191 ], [ 11.508882934774729, 3.89932336239869 ], [ 11.511437697894062, 3.895768559140665 ], [ 11.516020533159562, 3.896497778171597 ] ] ] } },
{ "type": "Feature", "properties": { "cell_id": "88828b4f2dfffff", "arrondissement": "Yaoundé IV", "profil_marche": "Peripherie residentielle", "score_potentiel_brut": 53.09, "score_potentiel_net": 35.16, "rang_net": 196, "dist_min_m": 1071.0, "enseigne_plus_proche": "Afriland First bank", "nb_batiments": 1422, "dens_bat_km2": 2114.0, "dens_route_m_km2": 23074.0, "nb_commerces": 0, "nb_education": 1, "nb_sante": 2, "nb_banques": 0, "nb_restauration": 0, "nb_bureaux": 0, "nb_transport": 1, "nb_loisirs": 1, "nb_lieux_culte": 0, "nb_axes_structurants": 2, "longueur_principale_m": 714.0, "dens_commerces_km2": 0.0, "lat": 3.847348, "lon": 11.530909 }, "geometry": { "type": "Polygon", "coordinates": [ [ [ 11.53346500313708, 3.843790148033019 ], [ 11.53549342911495, 3.84807660651499 ], [ 11.53293706606722, 3.851634534998342 ], [ 11.528352513168649, 3.850906124097087 ], [ 11.526324139878069, 3.84661992285511 ], [ 11.528880266784086, 3.843061875281728 ], [ 11.53346500313708, 3.843790148033019 ] ] ] } },
{ "type": "Feature", "properties": { "cell_id": "88828b48c7fffff", "arrondissement": "Yaoundé IV", "profil_marche": "Peripherie residentielle", "score_potentiel_brut": 40.92, "score_potentiel_net": 35.13, "rang_net": 197, "dist_min_m": 2191.0, "enseigne_plus_proche": "ACEP", "nb_batiments": 1136, "dens_bat_km2": 1688.0, "dens_route_m_km2": 24009.0, "nb_commerces": 0, "nb_education": 1, "nb_sante": 0, "nb_banques": 0, "nb_restauration": 0, "nb_bureaux": 0, "nb_transport": 0, "nb_loisirs": 0, "nb_lieux_culte": 0, "nb_axes_structurants": 1, "longueur_principale_m": 0.0, "dens_commerces_km2": 0.0, "lat": 3.856734, "lon": 11.565035 }, "geometry": { "type": "Polygon", "coordinates": [ [ [ 11.567592418004953, 3.853175214680076 ], [ 11.569620890605405, 3.857462067430292 ], [ 11.567063124548154, 3.861020270125631 ], [ 11.562477121766847, 3.860291739352032 ], [ 11.560448701541365, 3.856005143667341 ], [ 11.563006231707547, 3.852446821698058 ], [ 11.567592418004953, 3.853175214680076 ] ] ] } },
{ "type": "Feature", "properties": { "cell_id": "88828b4189fffff", "arrondissement": "Yaoundé IV", "profil_marche": "Zone peu equipee", "score_potentiel_brut": 35.65, "score_potentiel_net": 35.11, "rang_net": 198, "dist_min_m": 2914.0, "enseigne_plus_proche": "Vision Finance Odja", "nb_batiments": 11, "dens_bat_km2": 16.0, "dens_route_m_km2": 24452.0, "nb_commerces": 0, "nb_education": 0, "nb_sante": 0, "nb_banques": 0, "nb_restauration": 1, "nb_bureaux": 0, "nb_transport": 0, "nb_loisirs": 0, "nb_lieux_culte": 0, "nb_axes_structurants": 2, "longueur_principale_m": 7681.0, "dens_commerces_km2": 0.0, "lat": 3.769523, "lon": 11.515288 }, "geometry": { "type": "Polygon", "coordinates": [ [ [ 11.517844839154588, 3.765960739569669 ], [ 11.519873898858481, 3.770249685135071 ], [ 11.517317352481356, 3.773811448306688 ], [ 11.512731982794627, 3.773084384556198 ], [ 11.510702975955041, 3.768795696403441 ], [ 11.513259285923196, 3.765233814595896 ], [ 11.517844839154588, 3.765960739569669 ] ] ] } },
{ "type": "Feature", "properties": { "cell_id": "88828b4de9fffff", "arrondissement": "Yaoundé II", "profil_marche": "Zone peu equipee", "score_potentiel_brut": 37.04, "score_potentiel_net": 34.97, "rang_net": 199, "dist_min_m": 2681.0, "enseigne_plus_proche": "Société Générale Cameroun", "nb_batiments": 454, "dens_bat_km2": 676.0, "dens_route_m_km2": 18590.0, "nb_commerces": 0, "nb_education": 1, "nb_sante": 0, "nb_banques": 0, "nb_restauration": 0, "nb_bureaux": 0, "nb_transport": 0, "nb_loisirs": 0, "nb_lieux_culte": 0, "nb_axes_structurants": 4, "longueur_principale_m": 0.0, "dens_commerces_km2": 0.0, "lat": 3.898502, "lon": 11.478838 }, "geometry": { "type": "Polygon", "coordinates": [ [ [ 11.481391414801408, 3.89494779380053 ], [ 11.483419182777492, 3.899231262460271 ], [ 11.48086569875743, 3.902785235684411 ], [ 11.476284683133334, 3.902055859393631 ], [ 11.474256968289925, 3.897772648154368 ], [ 11.476810215923315, 3.894218555792791 ], [ 11.481391414801408, 3.89494779380053 ] ] ] } },
{ "type": "Feature", "properties": { "cell_id": "88828b4c3dfffff", "arrondissement": "Yaoundé VII", "profil_marche": "Centre structure commercant", "score_potentiel_brut": 53.74, "score_potentiel_net": 34.93, "rang_net": 200, "dist_min_m": 777.0, "enseigne_plus_proche": "Afriland First Bank", "nb_batiments": 494, "dens_bat_km2": 736.0, "dens_route_m_km2": 18372.0, "nb_commerces": 7, "nb_education": 3, "nb_sante": 1, "nb_banques": 0, "nb_restauration": 4, "nb_bureaux": 1, "nb_transport": 0, "nb_loisirs": 9, "nb_lieux_culte": 1, "nb_axes_structurants": 3, "longueur_principale_m": 0.0, "dens_commerces_km2": 10.4, "lat": 3.867787, "lon": 11.460062 }, "geometry": { "type": "Polygon", "coordinates": [ [ [ 11.462615073155357, 3.864231639522537 ], [ 11.464643041405889, 3.86851582105106 ], [ 11.462090044163524, 3.872071022486363 ], [ 11.457509315232784, 3.871342161308899 ], [ 11.455481400298284, 3.867058237329795 ], [ 11.458034160963892, 3.863502916986144 ], [ 11.462615073155357, 3.864231639522537 ] ] ] } },
{ "type": "Feature", "properties": { "cell_id": "88828b4d15fffff", "arrondissement": "Yaoundé II", "profil_marche": "Peripherie residentielle", "score_potentiel_brut": 52.79, "score_potentiel_net": 34.82, "rang_net": 201, "dist_min_m": 1055.0, "enseigne_plus_proche": "Société Générale Cameroun", "nb_batiments": 982, "dens_bat_km2": 1462.0, "dens_route_m_km2": 22603.0, "nb_commerces": 0, "nb_education": 3, "nb_sante": 1, "nb_banques": 0, "nb_restauration": 0, "nb_bureaux": 2, "nb_transport": 1, "nb_loisirs": 1, "nb_lieux_culte": 0, "nb_axes_structurants": 5, "longueur_principale_m": 0.0, "dens_commerces_km2": 0.0, "lat": 3.892852, "lon": 11.493108 }, "geometry": { "type": "Polygon", "coordinates": [ [ [ 11.495662553155713, 3.889296958543846 ], [ 11.497690427208438, 3.893580941954372 ], [ 11.495136247905245, 3.897135548073821 ], [ 11.490554430837053, 3.896406289956447 ], [ 11.488526609791196, 3.892122563906287 ], [ 11.491080552792027, 3.888567838620512 ], [ 11.495662553155713, 3.889296958543846 ] ] ] } },
{ "type": "Feature", "properties": { "cell_id": "88828b4c67fffff", "arrondissement": "Yaoundé VI", "profil_marche": "Peripherie residentielle", "score_potentiel_brut": 50.72, "score_potentiel_net": 34.69, "rang_net": 202, "dist_min_m": 1194.0, "enseigne_plus_proche": "microfinance unics plc", "nb_batiments": 1503, "dens_bat_km2": 2237.0, "dens_route_m_km2": 27813.0, "nb_commerces": 0, "nb_education": 5, "nb_sante": 0, "nb_banques": 0, "nb_restauration": 0, "nb_bureaux": 0, "nb_transport": 2, "nb_loisirs": 0, "nb_lieux_culte": 0, "nb_axes_structurants": 2, "longueur_principale_m": 0.0, "dens_commerces_km2": 0.0, "lat": 3.859306, "lon": 11.481467 }, "geometry": { "type": "Polygon", "coordinates": [ [ [ 11.484020585323016, 3.85574959428381 ], [ 11.486048713144276, 3.860034548280092 ], [ 11.483494672497354, 3.863590698890794 ], [ 11.47891274046501, 3.862862014464223 ], [ 11.476884665771077, 3.858577317927094 ], [ 11.479438469967517, 3.855021048364759 ], [ 11.484020585323016, 3.85574959428381 ] ] ] } },
{ "type": "Feature", "properties": { "cell_id": "88828b4095fffff", "arrondissement": "Yaoundé III", "profil_marche": "Zone peu equipee", "score_potentiel_brut": 34.64, "score_potentiel_net": 34.64, "rang_net": 203, "dist_min_m": 8845.0, "enseigne_plus_proche": "Afriland First Bank Damas", "nb_batiments": 43, "dens_bat_km2": 64.0, "dens_route_m_km2": 28787.0, "nb_commerces": 0, "nb_education": 0, "nb_sante": 0, "nb_banques": 0, "nb_restauration": 0, "nb_bureaux": 0, "nb_transport": 0, "nb_loisirs": 1, "nb_lieux_culte": 0, "nb_axes_structurants": 3, "longueur_principale_m": 0.0, "dens_commerces_km2": 0.0, "lat": 3.747935, "lon": 11.454191 }, "geometry": { "type": "Polygon", "coordinates": [ [ [ 11.456744857854027, 3.744373267360444 ], [ 11.458773871797751, 3.748661666200633 ], [ 11.45621978927657, 3.752223192707762 ], [ 11.451636929662756, 3.751496438662599 ], [ 11.44960796914417, 3.747208297551604 ], [ 11.452161814799654, 3.74364665276399 ], [ 11.456744857854027, 3.744373267360444 ] ] ] } },
{ "type": "Feature", "properties": { "cell_id": "88828b4a9bfffff", "arrondissement": "Yaoundé IV", "profil_marche": "Peripherie residentielle", "score_potentiel_brut": 43.08, "score_potentiel_net": 34.62, "rang_net": 204, "dist_min_m": 1878.0, "enseigne_plus_proche": "Vision Finance Odja", "nb_batiments": 906, "dens_bat_km2": 1346.0, "dens_route_m_km2": 30380.0, "nb_commerces": 0, "nb_education": 0, "nb_sante": 0, "nb_banques": 0, "nb_restauration": 0, "nb_bureaux": 0, "nb_transport": 0, "nb_loisirs": 0, "nb_lieux_culte": 0, "nb_axes_structurants": 2, "longueur_principale_m": 3216.0, "dens_commerces_km2": 0.0, "lat": 3.808118, "lon": 11.533548 }, "geometry": { "type": "Polygon", "coordinates": [ [ [ 11.536105281455967, 3.804557237795263 ], [ 11.538134067335394, 3.808845179497372 ], [ 11.535577146715088, 3.812405282584424 ], [ 11.530991676406, 3.811677562880445 ], [ 11.528962943208251, 3.807389878455767 ], [ 11.531519627623236, 3.80382965646496 ], [ 11.536105281455967, 3.804557237795263 ] ] ] } },
{ "type": "Feature", "properties": { "cell_id": "8858db4de5fffff", "arrondissement": "Yaoundé I", "profil_marche": "Quartier d'activite mixte", "score_potentiel_brut": 53.24, "score_potentiel_net": 34.61, "rang_net": 205, "dist_min_m": 460.0, "enseigne_plus_proche": "Afriland First Bank", "nb_batiments": 1274, "dens_bat_km2": 1897.0, "dens_route_m_km2": 23567.0, "nb_commerces": 1, "nb_education": 3, "nb_sante": 1, "nb_banques": 2, "nb_restauration": 0, "nb_bureaux": 0, "nb_transport": 3, "nb_loisirs": 12, "nb_lieux_culte": 1, "nb_axes_structurants": 5, "longueur_principale_m": 0.0, "dens_commerces_km2": 1.5, "lat": 3.917917, "lon": 11.52616 }, "geometry": { "type": "Polygon", "coordinates": [ [ [ 11.528714991904677, 3.914363257227346 ], [ 11.530742770358819, 3.918647038409806 ], [ 11.528187410368728, 3.922201047925156 ], [ 11.523604507937176, 3.921471395689158 ], [ 11.521576782180484, 3.917187871677355 ], [ 11.524131906143259, 3.913633742738266 ], [ 11.528714991904677, 3.914363257227346 ] ] ] } },
{ "type": "Feature", "properties": { "cell_id": "8858db4dcdfffff", "arrondissement": "Yaoundé I", "profil_marche": "Zone peu equipee", "score_potentiel_brut": 36.28, "score_potentiel_net": 34.6, "rang_net": 206, "dist_min_m": 2735.0, "enseigne_plus_proche": "Guichet SGC", "nb_batiments": 24, "dens_bat_km2": 36.0, "dens_route_m_km2": 24190.0, "nb_commerces": 0, "nb_education": 0, "nb_sante": 0, "nb_banques": 0, "nb_restauration": 0, "nb_bureaux": 0, "nb_transport": 0, "nb_loisirs": 0, "nb_lieux_culte": 0, "nb_axes_structurants": 7, "longueur_principale_m": 2536.0, "dens_commerces_km2": 0.0, "lat": 3.943617, "lon": 11.538326 }, "geometry": { "type": "Polygon", "coordinates": [ [ [ 11.54088120658079, 3.940064248341231 ], [ 11.542908802584691, 3.944347350714829 ], [ 11.540353193557735, 3.947900249386203 ], [ 11.535770224403983, 3.947170165291636 ], [ 11.533742680975944, 3.942887319996815 ], [ 11.536298054111148, 3.939334301725125 ], [ 11.54088120658079, 3.940064248341231 ] ] ] } },
{ "type": "Feature", "properties": { "cell_id": "88828b4f61fffff", "arrondissement": "Yaoundé IV", "profil_marche": "Peripherie residentielle", "score_potentiel_brut": 39.82, "score_potentiel_net": 34.57, "rang_net": 207, "dist_min_m": 2246.0, "enseigne_plus_proche": "Afriland First bank", "nb_batiments": 1047, "dens_bat_km2": 1556.0, "dens_route_m_km2": 21085.0, "nb_commerces": 0, "nb_education": 2, "nb_sante": 0, "nb_banques": 0, "nb_restauration": 0, "nb_bureaux": 0, "nb_transport": 0, "nb_loisirs": 0, "nb_lieux_culte": 0, "nb_axes_structurants": 0, "longueur_principale_m": 0.0, "dens_commerces_km2": 0.0, "lat": 3.831658, "lon": 11.531964 }, "geometry": { "type": "Polygon", "coordinates": [ [ [ 11.534520995857687, 3.828099178438473 ], [ 11.536549565781915, 3.832386230566562 ], [ 11.533992979732458, 3.83594502911515 ], [ 11.529408059911219, 3.835216894558586 ], [ 11.527379542672014, 3.830930099685545 ], [ 11.529935892554331, 3.827371182121366 ], [ 11.534520995857687, 3.828099178438473 ] ] ] } },
{ "type": "Feature", "properties": { "cell_id": "88828b4f19fffff", "arrondissement": "Yaoundé III", "profil_marche": "Peripherie residentielle", "score_potentiel_brut": 53.12, "score_potentiel_net": 34.53, "rang_net": 208, "dist_min_m": 541.0, "enseigne_plus_proche": "Afriland First Bank Damas", "nb_batiments": 1383, "dens_bat_km2": 2057.0, "dens_route_m_km2": 30739.0, "nb_commerces": 0, "nb_education": 3, "nb_sante": 1, "nb_banques": 0, "nb_restauration": 1, "nb_bureaux": 0, "nb_transport": 1, "nb_loisirs": 0, "nb_lieux_culte": 0, "nb_axes_structurants": 2, "longueur_principale_m": 0.0, "dens_commerces_km2": 0.0, "lat": 3.825106, "lon": 11.490708 }, "geometry": { "type": "Polygon", "coordinates": [ [ [ 11.493262477620952, 3.821547464777531 ], [ 11.495290946463969, 3.825833862360025 ], [ 11.492736112503737, 3.829392069687105 ], [ 11.488153046145182, 3.828663998256006 ], [ 11.486124630362255, 3.824377858132805 ], [ 11.488679227863138, 3.820819531988776 ], [ 11.493262477620952, 3.821547464777531 ] ] ] } },
{ "type": "Feature", "properties": { "cell_id": "88828b4c11fffff", "arrondissement": "Yaoundé VII", "profil_marche": "Zone peu equipee", "score_potentiel_brut": 36.36, "score_potentiel_net": 34.47, "rang_net": 209, "dist_min_m": 2703.0, "enseigne_plus_proche": "Afriland First Bank", "nb_batiments": 114, "dens_bat_km2": 170.0, "dens_route_m_km2": 4725.0, "nb_commerces": 2, "nb_education": 1, "nb_sante": 1, "nb_banques": 0, "nb_restauration": 1, "nb_bureaux": 0, "nb_transport": 0, "nb_loisirs": 0, "nb_lieux_culte": 0, "nb_axes_structurants": 0, "longueur_principale_m": 0.0, "dens_commerces_km2": 3.0, "lat": 3.852749, "lon": 11.440237 }, "geometry": { "type": "Polygon", "coordinates": [ [ [ 11.44278897403635, 3.849192932762648 ], [ 11.444816998133378, 3.853477231189199 ], [ 11.442264710785725, 3.857032789194528 ], [ 11.437684636067623, 3.856304167533999 ], [ 11.435656665471999, 3.852020126769998 ], [ 11.438208716078478, 3.848464450011358 ], [ 11.44278897403635, 3.849192932762648 ] ] ] } },
{ "type": "Feature", "properties": { "cell_id": "88828b4d03fffff", "arrondissement": "Yaoundé I", "profil_marche": "Quartier d'activite mixte", "score_potentiel_brut": 53.0, "score_potentiel_net": 34.45, "rang_net": 210, "dist_min_m": 496.0, "enseigne_plus_proche": "Société Générale Cameroun", "nb_batiments": 553, "dens_bat_km2": 823.0, "dens_route_m_km2": 47401.0, "nb_commerces": 2, "nb_education": 0, "nb_sante": 1, "nb_banques": 0, "nb_restauration": 8, "nb_bureaux": 5, "nb_transport": 0, "nb_loisirs": 6, "nb_lieux_culte": 0, "nb_axes_structurants": 14, "longueur_principale_m": 0.0, "dens_commerces_km2": 3.0, "lat": 3.890026, "lon": 11.500245 }, "geometry": { "type": "Polygon", "coordinates": [ [ [ 11.502799244791332, 3.886470977785569 ], [ 11.504827171787925, 3.890755218526308 ], [ 11.502272644873731, 3.894310141016636 ], [ 11.497690427208438, 3.893580941954372 ], [ 11.495662553155713, 3.889296958543846 ], [ 11.498216843809789, 3.885741916872764 ], [ 11.502799244791332, 3.886470977785569 ] ] ] } },
{ "type": "Feature", "properties": { "cell_id": "88828b4d59fffff", "arrondissement": "Yaoundé III", "profil_marche": "Quartier d'activite mixte", "score_potentiel_brut": 52.93, "score_potentiel_net": 34.4, "rang_net": 211, "dist_min_m": 232.0, "enseigne_plus_proche": "EMY MONEY", "nb_batiments": 627, "dens_bat_km2": 933.0, "dens_route_m_km2": 19440.0, "nb_commerces": 8, "nb_education": 1, "nb_sante": 6, "nb_banques": 10, "nb_restauration": 14, "nb_bureaux": 7, "nb_transport": 2, "nb_loisirs": 0, "nb_lieux_culte": 1, "nb_axes_structurants": 23, "longueur_principale_m": 0.0, "dens_commerces_km2": 11.9, "lat": 3.861492, "lon": 11.495214 }, "geometry": { "type": "Polygon", "coordinates": [ [ [ 11.497768168135984, 3.857935273630765 ], [ 11.499796330046685, 3.862220445610077 ], [ 11.497241705285493, 3.865776793492225 ], [ 11.492659154952312, 3.865048088420172 ], [ 11.490631046044104, 3.860763173832043 ], [ 11.493185434451954, 3.857206706932176 ], [ 11.497768168135984, 3.857935273630765 ] ] ] } },
{ "type": "Feature", "properties": { "cell_id": "88828b4d1dfffff", "arrondissement": "Yaoundé II", "profil_marche": "Quartier d'activite mixte", "score_potentiel_brut": 52.74, "score_potentiel_net": 34.28, "rang_net": 212, "dist_min_m": 639.0, "enseigne_plus_proche": "Société Générale Cameroun", "nb_batiments": 1394, "dens_bat_km2": 2075.0, "dens_route_m_km2": 27324.0, "nb_commerces": 1, "nb_education": 2, "nb_sante": 1, "nb_banques": 1, "nb_restauration": 7, "nb_bureaux": 0, "nb_transport": 3, "nb_loisirs": 0, "nb_lieux_culte": 0, "nb_axes_structurants": 11, "longueur_principale_m": 0.0, "dens_commerces_km2": 1.5, "lat": 3.885013, "lon": 11.493635 }, "geometry": { "type": "Polygon", "coordinates": [ [ [ 11.496188897799698, 3.881457636141756 ], [ 11.498216843809789, 3.885741916872764 ], [ 11.495662553155713, 3.889296958543846 ], [ 11.491080552792027, 3.888567838620512 ], [ 11.489052659787692, 3.884283815257595 ], [ 11.49160671412668, 3.880728654457305 ], [ 11.496188897799698, 3.881457636141756 ] ] ] } },
{ "type": "Feature", "properties": { "cell_id": "88828b4d49fffff", "arrondissement": "Yaoundé III", "profil_marche": "Quartier d'activite mixte", "score_potentiel_brut": 52.74, "score_potentiel_net": 34.28, "rang_net": 213, "dist_min_m": 384.0, "enseigne_plus_proche": "Amity Bank", "nb_batiments": 436, "dens_bat_km2": 649.0, "dens_route_m_km2": 48658.0, "nb_commerces": 2, "nb_education": 2, "nb_sante": 1, "nb_banques": 1, "nb_restauration": 3, "nb_bureaux": 12, "nb_transport": 0, "nb_loisirs": 26, "nb_lieux_culte": 0, "nb_axes_structurants": 32, "longueur_principale_m": 2191.0, "dens_commerces_km2": 3.0, "lat": 3.86085, "lon": 11.516101 }, "geometry": { "type": "Polygon", "coordinates": [ [ [ 11.51865667738978, 3.857292563268179 ], [ 11.520684925961653, 3.861578210253153 ], [ 11.518129369610529, 3.865135071432146 ], [ 11.513545800886659, 3.864406404731827 ], [ 11.511517605129358, 3.860121015039802 ], [ 11.514072925266715, 3.856564034762516 ], [ 11.51865667738978, 3.857292563268179 ] ] ] } },
{ "type": "Feature", "properties": { "cell_id": "8858db4d0bfffff", "arrondissement": "Yaoundé I", "profil_marche": "Zone peu equipee", "score_potentiel_brut": 37.53, "score_potentiel_net": 34.23, "rang_net": 214, "dist_min_m": 2497.0, "enseigne_plus_proche": "Guichet SGC", "nb_batiments": 439, "dens_bat_km2": 654.0, "dens_route_m_km2": 17468.0, "nb_commerces": 0, "nb_education": 3, "nb_sante": 0, "nb_banques": 0, "nb_restauration": 0, "nb_bureaux": 0, "nb_transport": 0, "nb_loisirs": 0, "nb_lieux_culte": 0, "nb_axes_structurants": 2, "longueur_principale_m": 0.0, "dens_commerces_km2": 0.0, "lat": 3.947072, "lon": 11.510304 }, "geometry": { "type": "Polygon", "coordinates": [ [ [ 11.512858462003702, 3.94351983932992 ], [ 11.514885919237404, 3.947802211618547 ], [ 11.512331588166123, 3.951354280510846 ], [ 11.507750035920278, 3.950624096627462 ], [ 11.505722631513326, 3.946341981545949 ], [ 11.508276726510809, 3.942789793148028 ], [ 11.512858462003702, 3.94351983932992 ] ] ] } },
{ "type": "Feature", "properties": { "cell_id": "88828b4c1dfffff", "arrondissement": "Yaoundé VII", "profil_marche": "Centre structure commercant", "score_potentiel_brut": 36.75, "score_potentiel_net": 34.23, "rang_net": 215, "dist_min_m": 2609.0, "enseigne_plus_proche": "Afriland First Bank", "nb_batiments": 246, "dens_bat_km2": 366.0, "dens_route_m_km2": 15105.0, "nb_commerces": 8, "nb_education": 0, "nb_sante": 0, "nb_banques": 0, "nb_restauration": 5, "nb_bureaux": 1, "nb_transport": 0, "nb_loisirs": 0, "nb_lieux_culte": 0, "nb_axes_structurants": 0, "longueur_principale_m": 0.0, "dens_commerces_km2": 11.9, "lat": 3.849921, "lon": 11.447369 }, "geometry": { "type": "Polygon", "coordinates": [ [ [ 11.449922032039757, 3.846365363430819 ], [ 11.451950109575362, 3.850649919489893 ], [ 11.449397474279904, 3.854205793981545 ], [ 11.444816998133378, 3.853477231189199 ], [ 11.44278897403635, 3.849192932762648 ], [ 11.445341372632646, 3.845636939503297 ], [ 11.449922032039757, 3.846365363430819 ] ] ] } },
{ "type": "Feature", "properties": { "cell_id": "88828b48d5fffff", "arrondissement": "Yaoundé IV", "profil_marche": "Peripherie residentielle", "score_potentiel_brut": 50.67, "score_potentiel_net": 34.16, "rang_net": 216, "dist_min_m": 1139.0, "enseigne_plus_proche": "ACEP", "nb_batiments": 1291, "dens_bat_km2": 1919.0, "dens_route_m_km2": 25466.0, "nb_commerces": 0, "nb_education": 2, "nb_sante": 0, "nb_banques": 0, "nb_restauration": 1, "nb_bureaux": 0, "nb_transport": 1, "nb_loisirs": 1, "nb_lieux_culte": 0, "nb_axes_structurants": 5, "longueur_principale_m": 0.0, "dens_commerces_km2": 0.0, "lat": 3.854548, "lon": 11.551277 }, "geometry": { "type": "Polygon", "coordinates": [ [ [ 11.55383447538893, 3.85099005605948 ], [ 11.555862915129389, 3.855276691911144 ], [ 11.553305732453069, 3.858834697995824 ], [ 11.548720346010494, 3.858106187444009 ], [ 11.546691958770218, 3.853819808726226 ], [ 11.549248905457654, 3.850261683433719 ], [ 11.55383447538893, 3.85099005605948 ] ] ] } },
{ "type": "Feature", "properties": { "cell_id": "88828b4dd1fffff", "arrondissement": "Yaoundé VII", "profil_marche": "Centre structure commercant", "score_potentiel_brut": 40.19, "score_potentiel_net": 34.11, "rang_net": 217, "dist_min_m": 2136.0, "enseigne_plus_proche": "Afriland First Bank", "nb_batiments": 353, "dens_bat_km2": 526.0, "dens_route_m_km2": 9786.0, "nb_commerces": 6, "nb_education": 2, "nb_sante": 0, "nb_banques": 0, "nb_restauration": 0, "nb_bureaux": 0, "nb_transport": 0, "nb_loisirs": 0, "nb_lieux_culte": 2, "nb_axes_structurants": 0, "longueur_principale_m": 0.0, "dens_commerces_km2": 8.9, "lat": 3.889114, "lon": 11.444748 }, "geometry": { "type": "Polygon", "coordinates": [ [ [ 11.4472996358312, 3.885560197000232 ], [ 11.449327353423993, 3.889843269699113 ], [ 11.446775274345132, 3.893396966994701 ], [ 11.44219571429406, 3.892667710552738 ], [ 11.440168050145026, 3.888384895447762 ], [ 11.442719892588721, 3.884831079198241 ], [ 11.4472996358312, 3.885560197000232 ] ] ] } },
{ "type": "Feature", "properties": { "cell_id": "88828b41a3fffff", "arrondissement": "Yaoundé IV", "profil_marche": "Quartier d'activite mixte", "score_potentiel_brut": 52.46, "score_potentiel_net": 34.1, "rang_net": 218, "dist_min_m": 409.0, "enseigne_plus_proche": "Vision Finance Odja", "nb_batiments": 622, "dens_bat_km2": 924.0, "dens_route_m_km2": 30263.0, "nb_commerces": 1, "nb_education": 3, "nb_sante": 1, "nb_banques": 2, "nb_restauration": 0, "nb_bureaux": 6, "nb_transport": 1, "nb_loisirs": 3, "nb_lieux_culte": 0, "nb_axes_structurants": 12, "longueur_principale_m": 6362.0, "dens_commerces_km2": 1.5, "lat": 3.798087, "lon": 11.52032 }, "geometry": { "type": "Polygon", "coordinates": [ [ [ 11.522876561099022, 3.794526154833196 ], [ 11.524905385550342, 3.798814174372319 ], [ 11.522348937395815, 3.802374515215032 ], [ 11.517763901090879, 3.801646955326049 ], [ 11.515735129445201, 3.797359193139859 ], [ 11.518291341284138, 3.793798733497079 ], [ 11.522876561099022, 3.794526154833196 ] ] ] } },
{ "type": "Feature", "properties": { "cell_id": "88828b4f4bfffff", "arrondissement": "Yaoundé IV", "profil_marche": "Peripherie residentielle", "score_potentiel_brut": 42.65, "score_potentiel_net": 34.1, "rang_net": 219, "dist_min_m": 1855.0, "enseigne_plus_proche": "Vision Finance Odja", "nb_batiments": 200, "dens_bat_km2": 297.0, "dens_route_m_km2": 15330.0, "nb_commerces": 1, "nb_education": 0, "nb_sante": 0, "nb_banques": 0, "nb_restauration": 0, "nb_bureaux": 0, "nb_transport": 1, "nb_loisirs": 0, "nb_lieux_culte": 0, "nb_axes_structurants": 11, "longueur_principale_m": 3589.0, "dens_commerces_km2": 1.5, "lat": 3.808767, "lon": 11.512652 }, "geometry": { "type": "Polygon", "coordinates": [ [ [ 11.515207800746474, 3.805206980309378 ], [ 11.517236500389464, 3.809494446351608 ], [ 11.514680511530518, 3.813054036600703 ], [ 11.510096059359109, 3.812326279637883 ], [ 11.508067412585975, 3.808039070971551 ], [ 11.510623165099709, 3.804479361899494 ], [ 11.515207800746474, 3.805206980309378 ] ] ] } },
{ "type": "Feature", "properties": { "cell_id": "88828b40a7fffff", "arrondissement": "Yaoundé III", "profil_marche": "Zone peu equipee", "score_potentiel_brut": 34.09, "score_potentiel_net": 34.09, "rang_net": 220, "dist_min_m": 5517.0, "enseigne_plus_proche": "Vision Finance Odja", "nb_batiments": 114, "dens_bat_km2": 169.0, "dens_route_m_km2": 14911.0, "nb_commerces": 0, "nb_education": 0, "nb_sante": 0, "nb_banques": 0, "nb_restauration": 0, "nb_bureaux": 0, "nb_transport": 0, "nb_loisirs": 0, "nb_lieux_culte": 1, "nb_axes_structurants": 2, "longueur_principale_m": 0.0, "dens_commerces_km2": 0.0, "lat": 3.767995, "lon": 11.48064 }, "geometry": { "type": "Polygon", "coordinates": [ [ [ 11.483195154090621, 3.7644339080008 ], [ 11.485224092910729, 3.768722157097328 ], [ 11.482669063476061, 3.772283209962154 ], [ 11.478085331852593, 3.771556132226421 ], [ 11.476056446209958, 3.767268140708888 ], [ 11.478611238998669, 3.763706969355467 ], [ 11.483195154090621, 3.7644339080008 ] ] ] } },
{ "type": "Feature", "properties": { "cell_id": "88828b4d67fffff", "arrondissement": "Yaoundé I", "profil_marche": "Peripherie residentielle", "score_potentiel_brut": 44.91, "score_potentiel_net": 33.99, "rang_net": 221, "dist_min_m": 1610.0, "enseigne_plus_proche": "La Régionale Bank - Agence Nlongkak", "nb_batiments": 2501, "dens_bat_km2": 3721.0, "dens_route_m_km2": 22615.0, "nb_commerces": 0, "nb_education": 0, "nb_sante": 0, "nb_banques": 0, "nb_restauration": 0, "nb_bureaux": 0, "nb_transport": 1, "nb_loisirs": 0, "nb_lieux_culte": 0, "nb_axes_structurants": 1, "longueur_principale_m": 0.0, "dens_commerces_km2": 0.0, "lat": 3.894401, "lon": 11.527742 }, "geometry": { "type": "Polygon", "coordinates": [ [ [ 11.530297973448244, 3.890845483765611 ], [ 11.532325967700924, 3.895130158450825 ], [ 11.529770273440107, 3.898685474955075 ], [ 11.525186820977389, 3.897956236094213 ], [ 11.523158879418755, 3.893671818603052 ], [ 11.525714337614136, 3.890116382786048 ], [ 11.530297973448244, 3.890845483765611 ] ] ] } },
{ "type": "Feature", "properties": { "cell_id": "88828b4193fffff", "arrondissement": "Yaoundé III", "profil_marche": "Zone peu equipee", "score_potentiel_brut": 33.98, "score_potentiel_net": 33.98, "rang_net": 222, "dist_min_m": 4270.0, "enseigne_plus_proche": "Vision Finance Odja", "nb_batiments": 367, "dens_bat_km2": 545.0, "dens_route_m_km2": 12882.0, "nb_commerces": 0, "nb_education": 0, "nb_sante": 0, "nb_banques": 0, "nb_restauration": 0, "nb_bureaux": 0, "nb_transport": 0, "nb_loisirs": 0, "nb_lieux_culte": 0, "nb_axes_structurants": 4, "longueur_principale_m": 0.0, "dens_commerces_km2": 0.0, "lat": 3.780859, "lon": 11.486727 }, "geometry": { "type": "Polygon", "coordinates": [ [ [ 11.489281879607733, 3.777298322046181 ], [ 11.49131072747584, 3.781586237778778 ], [ 11.488755572893751, 3.785146737593329 ], [ 11.484171807007094, 3.784419440260705 ], [ 11.48214301225558, 3.780131782062185 ], [ 11.484697930259493, 3.776571163669584 ], [ 11.489281879607733, 3.777298322046181 ] ] ] } },
{ "type": "Feature", "properties": { "cell_id": "88828b4f67fffff", "arrondissement": "Yaoundé IV", "profil_marche": "Peripherie residentielle", "score_potentiel_brut": 45.49, "score_potentiel_net": 33.92, "rang_net": 223, "dist_min_m": 1546.0, "enseigne_plus_proche": "Afriland First bank", "nb_batiments": 569, "dens_bat_km2": 846.0, "dens_route_m_km2": 15501.0, "nb_commerces": 0, "nb_education": 3, "nb_sante": 0, "nb_banques": 0, "nb_restauration": 1, "nb_bureaux": 0, "nb_transport": 1, "nb_loisirs": 1, "nb_lieux_culte": 0, "nb_axes_structurants": 2, "longueur_principale_m": 1249.0, "dens_commerces_km2": 0.0, "lat": 3.839504, "lon": 11.531437 }, "geometry": { "type": "Polygon", "coordinates": [ [ [ 11.533992979732458, 3.83594502911515 ], [ 11.536021477681141, 3.840231784479819 ], [ 11.53346500313708, 3.843790148033019 ], [ 11.528880266784086, 3.843061875281728 ], [ 11.526851821521577, 3.838775377164608 ], [ 11.529408059911219, 3.835216894558586 ], [ 11.533992979732458, 3.83594502911515 ] ] ] } },
{ "type": "Feature", "properties": { "cell_id": "88828b41e3fffff", "arrondissement": "Yaoundé IV", "profil_marche": "Peripherie residentielle", "score_potentiel_brut": 42.65, "score_potentiel_net": 33.9, "rang_net": 224, "dist_min_m": 1827.0, "enseigne_plus_proche": "Vision Finance Odja", "nb_batiments": 312, "dens_bat_km2": 463.0, "dens_route_m_km2": 20659.0, "nb_commerces": 0, "nb_education": 2, "nb_sante": 0, "nb_banques": 0, "nb_restauration": 0, "nb_bureaux": 0, "nb_transport": 1, "nb_loisirs": 0, "nb_lieux_culte": 0, "nb_axes_structurants": 3, "longueur_principale_m": 3063.0, "dens_commerces_km2": 0.0, "lat": 3.779554, "lon": 11.528518 }, "geometry": { "type": "Polygon", "coordinates": [ [ [ 11.531074697283806, 3.775992683550717 ], [ 11.533103718492796, 3.780281552370786 ], [ 11.530546699463232, 3.783843078114839 ], [ 11.525960895508616, 3.783115853785921 ], [ 11.523931927039913, 3.778827242303048 ], [ 11.526488709770836, 3.775265597819248 ], [ 11.531074697283806, 3.775992683550717 ] ] ] } },
{ "type": "Feature", "properties": { "cell_id": "8858db4da1fffff", "arrondissement": "Yaoundé V", "profil_marche": "Quartier d'activite mixte", "score_potentiel_brut": 52.1, "score_potentiel_net": 33.87, "rang_net": 225, "dist_min_m": 302.0, "enseigne_plus_proche": "Guichet Éléctronique Bicec", "nb_batiments": 1957, "dens_bat_km2": 2912.0, "dens_route_m_km2": 23138.0, "nb_commerces": 49, "nb_education": 6, "nb_sante": 2, "nb_banques": 2, "nb_restauration": 29, "nb_bureaux": 3, "nb_transport": 0, "nb_loisirs": 0, "nb_lieux_culte": 0, "nb_axes_structurants": 2, "longueur_principale_m": 0.0, "dens_commerces_km2": 72.9, "lat": 3.904428, "lon": 11.540966 }, "geometry": { "type": "Polygon", "coordinates": [ [ [ 11.543521864505585, 3.900873230950842 ], [ 11.545549820091237, 3.905157824352588 ], [ 11.542993653864867, 3.908712902076901 ], [ 11.538409767993361, 3.907983505822489 ], [ 11.536381864977876, 3.903699169538839 ], [ 11.538937795249048, 3.900143972398824 ], [ 11.543521864505585, 3.900873230950842 ] ] ] } },
{ "type": "Feature", "properties": { "cell_id": "88828b48d3fffff", "arrondissement": "Yaoundé IV", "profil_marche": "Peripherie residentielle", "score_potentiel_brut": 45.91, "score_potentiel_net": 33.86, "rang_net": 226, "dist_min_m": 1501.0, "enseigne_plus_proche": "Mutuelle Epargne Crédit", "nb_batiments": 1398, "dens_bat_km2": 2078.0, "dens_route_m_km2": 31632.0, "nb_commerces": 1, "nb_education": 0, "nb_sante": 0, "nb_banques": 1, "nb_restauration": 3, "nb_bureaux": 1, "nb_transport": 0, "nb_loisirs": 1, "nb_lieux_culte": 0, "nb_axes_structurants": 5, "longueur_principale_m": 0.0, "dens_commerces_km2": 1.5, "lat": 3.852363, "lon": 11.537522 }, "geometry": { "type": "Polygon", "coordinates": [ [ [ 11.540078382275773, 3.84880495864609 ], [ 11.5421067889129, 3.853091377328287 ], [ 11.539550189778581, 3.856649186669928 ], [ 11.534965420079034, 3.855920696478427 ], [ 11.53293706606722, 3.851634534998342 ], [ 11.53549342911495, 3.84807660651499 ], [ 11.540078382275773, 3.84880495864609 ] ] ] } },
{ "type": "Feature", "properties": { "cell_id": "88828b4f39fffff", "arrondissement": "Yaoundé III", "profil_marche": "Peripherie residentielle", "score_potentiel_brut": 44.18, "score_potentiel_net": 33.84, "rang_net": 227, "dist_min_m": 1662.0, "enseigne_plus_proche": "SCB Cameroun", "nb_batiments": 330, "dens_bat_km2": 491.0, "dens_route_m_km2": 11396.0, "nb_commerces": 1, "nb_education": 3, "nb_sante": 0, "nb_banques": 1, "nb_restauration": 4, "nb_bureaux": 0, "nb_transport": 1, "nb_loisirs": 17, "nb_lieux_culte": 0, "nb_axes_structurants": 16, "longueur_principale_m": 1514.0, "dens_commerces_km2": 1.5, "lat": 3.842978, "lon": 11.503405 }, "geometry": { "type": "Polygon", "coordinates": [ [ [ 11.505959672193441, 3.839420615448892 ], [ 11.507988030998964, 3.843706638374908 ], [ 11.505432835712288, 3.847264172842994 ], [ 11.500849517942022, 3.846535803350172 ], [ 11.498821212073823, 3.842250037800385 ], [ 11.501376171023917, 3.838692384374566 ], [ 11.505959672193441, 3.839420615448892 ] ] ] } },
{ "type": "Feature", "properties": { "cell_id": "88828b4de5fffff", "arrondissement": "Yaoundé II", "profil_marche": "Zone peu equipee", "score_potentiel_brut": 33.83, "score_potentiel_net": 33.83, "rang_net": 228, "dist_min_m": 3244.0, "enseigne_plus_proche": "Société Générale Cameroun", "nb_batiments": 423, "dens_bat_km2": 630.0, "dens_route_m_km2": 15696.0, "nb_commerces": 0, "nb_education": 0, "nb_sante": 0, "nb_banques": 0, "nb_restauration": 0, "nb_bureaux": 0, "nb_transport": 0, "nb_loisirs": 0, "nb_lieux_culte": 0, "nb_axes_structurants": 3, "longueur_principale_m": 0.0, "dens_commerces_km2": 0.0, "lat": 3.911351, "lon": 11.484921 }, "geometry": { "type": "Polygon", "coordinates": [ [ [ 11.487474627905589, 3.907797862307688 ], [ 11.489502305048793, 3.912080993376277 ], [ 11.486948696007833, 3.915634411675506 ], [ 11.482367646128097, 3.91490481813958 ], [ 11.480340022056819, 3.910621944445754 ], [ 11.482893394778742, 3.907068406920481 ], [ 11.487474627905589, 3.907797862307688 ] ] ] } },
{ "type": "Feature", "properties": { "cell_id": "88828b4c3bfffff", "arrondissement": "Yaoundé VII", "profil_marche": "Centre structure commercant", "score_potentiel_brut": 48.91, "score_potentiel_net": 33.6, "rang_net": 229, "dist_min_m": 1211.0, "enseigne_plus_proche": "Afriland First Bank", "nb_batiments": 729, "dens_bat_km2": 1086.0, "dens_route_m_km2": 19063.0, "nb_commerces": 14, "nb_education": 4, "nb_sante": 0, "nb_banques": 0, "nb_restauration": 1, "nb_bureaux": 0, "nb_transport": 0, "nb_loisirs": 1, "nb_lieux_culte": 4, "nb_axes_structurants": 0, "longueur_principale_m": 0.0, "dens_commerces_km2": 20.9, "lat": 3.865601, "lon": 11.446321 }, "geometry": { "type": "Polygon", "coordinates": [ [ [ 11.448872955783425, 3.862045492806818 ], [ 11.450900889327649, 3.866329455878601 ], [ 11.448348476546037, 3.869884459713604 ], [ 11.443768366879183, 3.869155619326484 ], [ 11.441740486775629, 3.864871913871888 ], [ 11.444292662883658, 3.861316791194619 ], [ 11.448872955783425, 3.862045492806818 ] ] ] } },
{ "type": "Feature", "properties": { "cell_id": "8858db4d47fffff", "arrondissement": "Yaoundé I", "profil_marche": "Zone peu equipee", "score_potentiel_brut": 33.56, "score_potentiel_net": 33.56, "rang_net": 230, "dist_min_m": 3924.0, "enseigne_plus_proche": "Guichet SGC", "nb_batiments": 194, "dens_bat_km2": 289.0, "dens_route_m_km2": 18758.0, "nb_commerces": 0, "nb_education": 0, "nb_sante": 0, "nb_banques": 0, "nb_restauration": 0, "nb_bureaux": 0, "nb_transport": 0, "nb_loisirs": 0, "nb_lieux_culte": 0, "nb_axes_structurants": 4, "longueur_principale_m": 0.0, "dens_commerces_km2": 0.0, "lat": 3.952715, "lon": 11.496034 }, "geometry": { "type": "Polygon", "coordinates": [ [ [ 11.498587548746199, 3.949163747861036 ], [ 11.500614900263445, 3.953445605705415 ], [ 11.498061264003892, 3.956997041423152 ], [ 11.493480512370683, 3.956266738780581 ], [ 11.491453213806041, 3.951985138203346 ], [ 11.49400661390735, 3.948433583008887 ], [ 11.498587548746199, 3.949163747861036 ] ] ] } },
{ "type": "Feature", "properties": { "cell_id": "8858db4d09fffff", "arrondissement": "Yaoundé I", "profil_marche": "Zone peu equipee", "score_potentiel_brut": 33.52, "score_potentiel_net": 33.52, "rang_net": 231, "dist_min_m": 3177.0, "enseigne_plus_proche": "Guichet SGC", "nb_batiments": 281, "dens_bat_km2": 419.0, "dens_route_m_km2": 14382.0, "nb_commerces": 0, "nb_education": 1, "nb_sante": 0, "nb_banques": 0, "nb_restauration": 0, "nb_bureaux": 0, "nb_transport": 0, "nb_loisirs": 0, "nb_lieux_culte": 0, "nb_axes_structurants": 1, "longueur_principale_m": 0.0, "dens_commerces_km2": 0.0, "lat": 3.949894, "lon": 11.503169 }, "geometry": { "type": "Polygon", "coordinates": [ [ [ 11.505722631513326, 3.946341981545949 ], [ 11.507750035920278, 3.950624096627462 ], [ 11.505196052244642, 3.954175848957939 ], [ 11.500614900263445, 3.953445605705415 ], [ 11.498587548746199, 3.949163747861036 ], [ 11.501141296305795, 3.945611876039394 ], [ 11.505722631513326, 3.946341981545949 ] ] ] } },
{ "type": "Feature", "properties": { "cell_id": "8858db4d59fffff", "arrondissement": "Yaoundé I", "profil_marche": "Zone peu equipee", "score_potentiel_brut": 33.47, "score_potentiel_net": 33.47, "rang_net": 232, "dist_min_m": 4529.0, "enseigne_plus_proche": "Guichet SGC", "nb_batiments": 515, "dens_bat_km2": 767.0, "dens_route_m_km2": 16736.0, "nb_commerces": 0, "nb_education": 0, "nb_sante": 0, "nb_banques": 0, "nb_restauration": 0, "nb_bureaux": 0, "nb_transport": 0, "nb_loisirs": 0, "nb_lieux_culte": 0, "nb_axes_structurants": 1, "longueur_principale_m": 0.0, "dens_commerces_km2": 0.0, "lat": 3.967751, "lon": 11.515859 }, "geometry": { "type": "Polygon", "coordinates": [ [ [ 11.518413653100517, 3.964200162240034 ], [ 11.52044094738147, 3.968481896094713 ], [ 11.517886602976871, 3.972032973074484 ], [ 11.513305200270059, 3.971302435837528 ], [ 11.51127795875624, 3.967020959135868 ], [ 11.513832067167453, 3.963469762525498 ], [ 11.518413653100517, 3.964200162240034 ] ] ] } },
{ "type": "Feature", "properties": { "cell_id": "88828b40b7fffff", "arrondissement": "Yaoundé III", "profil_marche": "Zone peu equipee", "score_potentiel_brut": 33.45, "score_potentiel_net": 33.45, "rang_net": 233, "dist_min_m": 6554.0, "enseigne_plus_proche": "Afriland First Bank Damas", "nb_batiments": 121, "dens_bat_km2": 180.0, "dens_route_m_km2": 20942.0, "nb_commerces": 0, "nb_education": 0, "nb_sante": 0, "nb_banques": 0, "nb_restauration": 0, "nb_bureaux": 0, "nb_transport": 0, "nb_loisirs": 0, "nb_lieux_culte": 0, "nb_axes_structurants": 5, "longueur_principale_m": 0.0, "dens_commerces_km2": 0.0, "lat": 3.768648, "lon": 11.459752 }, "geometry": { "type": "Polygon", "coordinates": [ [ [ 11.462306524196327, 3.76508717226296 ], [ 11.464335375339754, 3.769374943779049 ], [ 11.461781278783473, 3.772935483159486 ], [ 11.457198567854308, 3.772208369438964 ], [ 11.455169770076168, 3.7679208556 ], [ 11.457723629847289, 3.764360197811838 ], [ 11.462306524196327, 3.76508717226296 ] ] ] } },
{ "type": "Feature", "properties": { "cell_id": "8858db4d57fffff", "arrondissement": "Yaoundé I", "profil_marche": "Zone peu equipee", "score_potentiel_brut": 34.54, "score_potentiel_net": 33.41, "rang_net": 234, "dist_min_m": 2812.0, "enseigne_plus_proche": "Guichet SGC", "nb_batiments": 370, "dens_bat_km2": 551.0, "dens_route_m_km2": 16654.0, "nb_commerces": 0, "nb_education": 1, "nb_sante": 0, "nb_banques": 0, "nb_restauration": 0, "nb_bureaux": 0, "nb_transport": 0, "nb_loisirs": 0, "nb_lieux_culte": 0, "nb_axes_structurants": 1, "longueur_principale_m": 0.0, "dens_commerces_km2": 0.0, "lat": 3.952084, "lon": 11.516913 }, "geometry": { "type": "Polygon", "coordinates": [ [ [ 11.519467871664483, 3.948532336153663 ], [ 11.521495309751717, 3.952814667200567 ], [ 11.518940742661616, 3.956366616535932 ], [ 11.514358973488449, 3.955636354388672 ], [ 11.512331588166123, 3.951354280510846 ], [ 11.514885919237404, 3.947802211618547 ], [ 11.519467871664483, 3.948532336153663 ] ] ] } },
{ "type": "Feature", "properties": { "cell_id": "88828b4f1dfffff", "arrondissement": "Yaoundé III", "profil_marche": "Peripherie residentielle", "score_potentiel_brut": 46.65, "score_potentiel_net": 33.39, "rang_net": 235, "dist_min_m": 1376.0, "enseigne_plus_proche": "Afriland First Bank Damas", "nb_batiments": 1007, "dens_bat_km2": 1498.0, "dens_route_m_km2": 33739.0, "nb_commerces": 0, "nb_education": 2, "nb_sante": 0, "nb_banques": 0, "nb_restauration": 0, "nb_bureaux": 0, "nb_transport": 1, "nb_loisirs": 0, "nb_lieux_culte": 0, "nb_axes_structurants": 2, "longueur_principale_m": 0.0, "dens_commerces_km2": 0.0, "lat": 3.83012, "lon": 11.497319 }, "geometry": { "type": "Polygon", "coordinates": [ [ [ 11.49987441368974, 3.826561875116325 ], [ 11.501902863534429, 3.830848233759897 ], [ 11.499347793169852, 3.83440632221826 ], [ 11.494764509350276, 3.833678170909137 ], [ 11.492736112503737, 3.829392069687105 ], [ 11.495290946463969, 3.825833862360025 ], [ 11.49987441368974, 3.826561875116325 ] ] ] } },
{ "type": "Feature", "properties": { "cell_id": "88828b4e27fffff", "arrondissement": "Yaoundé VI", "profil_marche": "Peripherie residentielle", "score_potentiel_brut": 48.79, "score_potentiel_net": 33.3, "rang_net": 236, "dist_min_m": 1185.0, "enseigne_plus_proche": "Afriland First Bank", "nb_batiments": 1165, "dens_bat_km2": 1733.0, "dens_route_m_km2": 28235.0, "nb_commerces": 0, "nb_education": 6, "nb_sante": 1, "nb_banques": 0, "nb_restauration": 0, "nb_bureaux": 1, "nb_transport": 0, "nb_loisirs": 0, "nb_lieux_culte": 0, "nb_axes_structurants": 0, "longueur_principale_m": 0.0, "dens_commerces_km2": 0.0, "lat": 3.822922, "lon": 11.476959 }, "geometry": { "type": "Polygon", "coordinates": [ [ [ 11.479513346912528, 3.819363687832759 ], [ 11.481541781575805, 3.823649866692565 ], [ 11.478987531965432, 3.827207876681143 ], [ 11.474405084233632, 3.826479826568034 ], [ 11.472376702755266, 3.822193905235425 ], [ 11.474930715809155, 3.818635776496129 ], [ 11.479513346912528, 3.819363687832759 ] ] ] } },
{ "type": "Feature", "properties": { "cell_id": "88828b4e67fffff", "arrondissement": "Yaoundé VI", "profil_marche": "Peripherie residentielle", "score_potentiel_brut": 42.07, "score_potentiel_net": 33.3, "rang_net": 237, "dist_min_m": 1809.0, "enseigne_plus_proche": "Afriland First Bank Damas", "nb_batiments": 789, "dens_bat_km2": 1173.0, "dens_route_m_km2": 19718.0, "nb_commerces": 0, "nb_education": 3, "nb_sante": 0, "nb_banques": 0, "nb_restauration": 0, "nb_bureaux": 0, "nb_transport": 0, "nb_loisirs": 0, "nb_lieux_culte": 0, "nb_axes_structurants": 6, "longueur_principale_m": 0.0, "dens_commerces_km2": 0.0, "lat": 3.804401, "lon": 11.485148 }, "geometry": { "type": "Polygon", "coordinates": [ [ [ 11.487703077686485, 3.800841377831382 ], [ 11.489731709490592, 3.805128406297166 ], [ 11.487176889184516, 3.808687602133484 ], [ 11.48259367359951, 3.807959888201766 ], [ 11.480565094915214, 3.803673117247907 ], [ 11.483119678681454, 3.800113802721215 ], [ 11.487703077686485, 3.800841377831382 ] ] ] } },
{ "type": "Feature", "properties": { "cell_id": "88828b4f05fffff", "arrondissement": "Yaoundé IV", "profil_marche": "Peripherie residentielle", "score_potentiel_brut": 47.0, "score_potentiel_net": 33.26, "rang_net": 238, "dist_min_m": 1329.0, "enseigne_plus_proche": "Afriland First bank", "nb_batiments": 704, "dens_bat_km2": 1047.0, "dens_route_m_km2": 23313.0, "nb_commerces": 0, "nb_education": 1, "nb_sante": 0, "nb_banques": 0, "nb_restauration": 0, "nb_bureaux": 0, "nb_transport": 0, "nb_loisirs": 9, "nb_lieux_culte": 0, "nb_axes_structurants": 5, "longueur_principale_m": 3256.0, "dens_commerces_km2": 0.0, "lat": 3.837319, "lon": 11.517683 }, "geometry": { "type": "Polygon", "coordinates": [ [ [ 11.520238837596619, 3.833760646318424 ], [ 11.522267302087656, 3.838047183906069 ], [ 11.519711411378479, 3.841605350517806 ], [ 11.515127292415519, 3.840877098535873 ], [ 11.513098880735722, 3.836590818263918 ], [ 11.515654535192953, 3.833032532665551 ], [ 11.520238837596619, 3.833760646318424 ] ] ] } },
{ "type": "Feature", "properties": { "cell_id": "88828b4cedfffff", "arrondissement": "Yaoundé VII", "profil_marche": "Centre structure commercant", "score_potentiel_brut": 42.15, "score_potentiel_net": 33.25, "rang_net": 239, "dist_min_m": 1794.0, "enseigne_plus_proche": "Afriland First Bank", "nb_batiments": 623, "dens_bat_km2": 928.0, "dens_route_m_km2": 23427.0, "nb_commerces": 6, "nb_education": 0, "nb_sante": 0, "nb_banques": 0, "nb_restauration": 1, "nb_bureaux": 0, "nb_transport": 0, "nb_loisirs": 0, "nb_lieux_culte": 1, "nb_axes_structurants": 0, "longueur_principale_m": 0.0, "dens_commerces_km2": 8.9, "lat": 3.868427, "lon": 11.439188 }, "geometry": { "type": "Polygon", "coordinates": [ [ [ 11.441740486775629, 3.864871913871888 ], [ 11.443768366879183, 3.869155619326484 ], [ 11.441216302001681, 3.872710306601732 ], [ 11.436636593721525, 3.87198140725762 ], [ 11.434608767121411, 3.867697959450167 ], [ 11.437160595283414, 3.864143153347086 ], [ 11.441740486775629, 3.864871913871888 ] ] ] } },
{ "type": "Feature", "properties": { "cell_id": "88828b4191fffff", "arrondissement": "Yaoundé IV", "profil_marche": "Zone peu equipee", "score_potentiel_brut": 33.23, "score_potentiel_net": 33.23, "rang_net": 240, "dist_min_m": 3691.0, "enseigne_plus_proche": "Vision Finance Odja", "nb_batiments": 263, "dens_bat_km2": 391.0, "dens_route_m_km2": 22323.0, "nb_commerces": 0, "nb_education": 0, "nb_sante": 0, "nb_banques": 0, "nb_restauration": 0, "nb_bureaux": 0, "nb_transport": 0, "nb_loisirs": 0, "nb_lieux_culte": 0, "nb_axes_structurants": 1, "longueur_principale_m": 0.0, "dens_commerces_km2": 0.0, "lat": 3.778025, "lon": 11.493866 }, "geometry": { "type": "Polygon", "coordinates": [ [ [ 11.496421496077589, 3.774464487715339 ], [ 11.498450396999258, 3.778752660951691 ], [ 11.495894894437733, 3.782313476683465 ], [ 11.49131072747584, 3.781586237778778 ], [ 11.489281879607733, 3.777298322046181 ], [ 11.491837145633331, 3.773737387721917 ], [ 11.496421496077589, 3.774464487715339 ] ] ] } },
{ "type": "Feature", "properties": { "cell_id": "88828b4d69fffff", "arrondissement": "Yaoundé I", "profil_marche": "Quartier d'activite mixte", "score_potentiel_brut": 49.35, "score_potentiel_net": 33.22, "rang_net": 241, "dist_min_m": 1133.0, "enseigne_plus_proche": "LCL", "nb_batiments": 669, "dens_bat_km2": 995.0, "dens_route_m_km2": 21913.0, "nb_commerces": 13, "nb_education": 3, "nb_sante": 2, "nb_banques": 1, "nb_restauration": 10, "nb_bureaux": 8, "nb_transport": 0, "nb_loisirs": 10, "nb_lieux_culte": 0, "nb_axes_structurants": 2, "longueur_principale_m": 0.0, "dens_commerces_km2": 19.3, "lat": 3.87872, "lon": 11.528798 }, "geometry": { "type": "Polygon", "coordinates": [ [ [ 11.531353491967154, 3.875163302243652 ], [ 11.533381630109218, 3.879448572003605 ], [ 11.530825712955821, 3.883004759464181 ], [ 11.526241893736495, 3.882275796410739 ], [ 11.524213808286207, 3.877990783860264 ], [ 11.52676948934878, 3.874434477161088 ], [ 11.531353491967154, 3.875163302243652 ] ] ] } },
{ "type": "Feature", "properties": { "cell_id": "8858db4dd1fffff", "arrondissement": "Yaoundé I", "profil_marche": "Zone peu equipee", "score_potentiel_brut": 33.19, "score_potentiel_net": 33.19, "rang_net": 242, "dist_min_m": 4139.0, "enseigne_plus_proche": "Instantransfer", "nb_batiments": 412, "dens_bat_km2": 613.0, "dens_route_m_km2": 18186.0, "nb_commerces": 0, "nb_education": 0, "nb_sante": 0, "nb_banques": 0, "nb_restauration": 0, "nb_bureaux": 0, "nb_transport": 0, "nb_loisirs": 0, "nb_lieux_culte": 0, "nb_axes_structurants": 1, "longueur_principale_m": 0.0, "dens_commerces_km2": 0.0, "lat": 3.94016, "lon": 11.566357 }, "geometry": { "type": "Polygon", "coordinates": [ [ [ 11.56891358724892, 3.936606500345995 ], [ 11.570941321027904, 3.940890332140356 ], [ 11.568384434540805, 3.944444059992268 ], [ 11.563800049969215, 3.943714075752273 ], [ 11.561772368514875, 3.939430500908036 ], [ 11.564329019292819, 3.935876653361007 ], [ 11.56891358724892, 3.936606500345995 ] ] ] } },
{ "type": "Feature", "properties": { "cell_id": "8858db4da9fffff", "arrondissement": "Yaoundé V", "profil_marche": "Centre structure commercant", "score_potentiel_brut": 50.89, "score_potentiel_net": 33.08, "rang_net": 243, "dist_min_m": 627.0, "enseigne_plus_proche": "Guichet Éléctronique Bicec", "nb_batiments": 804, "dens_bat_km2": 1196.0, "dens_route_m_km2": 22002.0, "nb_commerces": 14, "nb_education": 2, "nb_sante": 3, "nb_banques": 0, "nb_restauration": 8, "nb_bureaux": 1, "nb_transport": 0, "nb_loisirs": 0, "nb_lieux_culte": 0, "nb_axes_structurants": 1, "longueur_principale_m": 0.0, "dens_commerces_km2": 20.8, "lat": 3.912268, "lon": 11.540438 }, "geometry": { "type": "Polygon", "coordinates": [ [ [ 11.542993653864867, 3.908712902076901 ], [ 11.545021537524697, 3.91299719751012 ], [ 11.542465482756386, 3.916551839571337 ], [ 11.537881780256079, 3.915822305659327 ], [ 11.535853949167567, 3.911538267336384 ], [ 11.538409767993361, 3.907983505822489 ], [ 11.542993653864867, 3.908712902076901 ] ] ] } },
{ "type": "Feature", "properties": { "cell_id": "8858db4d33fffff", "arrondissement": "Yaoundé I", "profil_marche": "Peripherie residentielle", "score_potentiel_brut": 50.8, "score_potentiel_net": 33.02, "rang_net": 244, "dist_min_m": 624.0, "enseigne_plus_proche": "Ecobank Etoudi", "nb_batiments": 1532, "dens_bat_km2": 2281.0, "dens_route_m_km2": 19484.0, "nb_commerces": 0, "nb_education": 1, "nb_sante": 0, "nb_banques": 0, "nb_restauration": 1, "nb_bureaux": 0, "nb_transport": 1, "nb_loisirs": 0, "nb_lieux_culte": 0, "nb_axes_structurants": 9, "longueur_principale_m": 3160.0, "dens_commerces_km2": 0.0, "lat": 3.920742, "lon": 11.519022 }, "geometry": { "type": "Polygon", "coordinates": [ [ [ 11.521576782180484, 3.917187871677355 ], [ 11.523604507937176, 3.921471395689158 ], [ 11.521049495367128, 3.925025088854716 ], [ 11.516466993095362, 3.924295377425074 ], [ 11.514439320099102, 3.920012110614066 ], [ 11.516994096599509, 3.916458298039244 ], [ 11.521576782180484, 3.917187871677355 ] ] ] } },
{ "type": "Feature", "properties": { "cell_id": "8858db4d51fffff", "arrondissement": "Yaoundé I", "profil_marche": "Zone peu equipee", "score_potentiel_brut": 33.0, "score_potentiel_net": 33.0, "rang_net": 245, "dist_min_m": 3670.0, "enseigne_plus_proche": "Guichet SGC", "nb_batiments": 523, "dens_bat_km2": 779.0, "dens_route_m_km2": 19753.0, "nb_commerces": 0, "nb_education": 0, "nb_sante": 0, "nb_banques": 0, "nb_restauration": 0, "nb_bureaux": 0, "nb_transport": 0, "nb_loisirs": 0, "nb_lieux_culte": 0, "nb_axes_structurants": 0, "longueur_principale_m": 0.0, "dens_commerces_km2": 0.0, "lat": 3.959918, "lon": 11.516386 }, "geometry": { "type": "Polygon", "coordinates": [ [ [ 11.518940742661616, 3.956366616535932 ], [ 11.520968108843336, 3.960648649045825 ], [ 11.518413653100517, 3.964200162240034 ], [ 11.513832067167453, 3.963469762525498 ], [ 11.511804753751742, 3.959187987176679 ], [ 11.514358973488449, 3.955636354388672 ], [ 11.518940742661616, 3.956366616535932 ] ] ] } },
{ "type": "Feature", "properties": { "cell_id": "88828b48d7fffff", "arrondissement": "Yaoundé IV", "profil_marche": "Peripherie residentielle", "score_potentiel_brut": 50.54, "score_potentiel_net": 32.85, "rang_net": 246, "dist_min_m": 673.0, "enseigne_plus_proche": "Mutuelle Epargne Crédit", "nb_batiments": 1307, "dens_bat_km2": 1943.0, "dens_route_m_km2": 33119.0, "nb_commerces": 1, "nb_education": 1, "nb_sante": 0, "nb_banques": 0, "nb_restauration": 0, "nb_bureaux": 0, "nb_transport": 0, "nb_loisirs": 3, "nb_lieux_culte": 0, "nb_axes_structurants": 5, "longueur_principale_m": 0.0, "dens_commerces_km2": 1.5, "lat": 3.857378, "lon": 11.544135 }, "geometry": { "type": "Polygon", "coordinates": [ [ [ 11.546691958770218, 3.853819808726226 ], [ 11.548720346010494, 3.858106187444009 ], [ 11.546163510844803, 3.861663877592342 ], [ 11.541578524455531, 3.860935308223526 ], [ 11.539550189778581, 3.856649186669928 ], [ 11.5421067889129, 3.853091377328287 ], [ 11.546691958770218, 3.853819808726226 ] ] ] } },
{ "type": "Feature", "properties": { "cell_id": "88828b48d1fffff", "arrondissement": "Yaoundé IV", "profil_marche": "Peripherie residentielle", "score_potentiel_brut": 44.3, "score_potentiel_net": 32.78, "rang_net": 247, "dist_min_m": 1515.0, "enseigne_plus_proche": "Mutuelle Epargne Crédit", "nb_batiments": 1753, "dens_bat_km2": 2606.0, "dens_route_m_km2": 19507.0, "nb_commerces": 0, "nb_education": 1, "nb_sante": 0, "nb_banques": 0, "nb_restauration": 0, "nb_bureaux": 0, "nb_transport": 0, "nb_loisirs": 1, "nb_lieux_culte": 0, "nb_axes_structurants": 1, "longueur_principale_m": 0.0, "dens_commerces_km2": 0.0, "lat": 3.849533, "lon": 11.544664 }, "geometry": { "type": "Polygon", "coordinates": [ [ [ 11.547220446258342, 3.845975007579733 ], [ 11.549248905457654, 3.850261683433719 ], [ 11.546691958770218, 3.853819808726226 ], [ 11.5421067889129, 3.853091377328287 ], [ 11.540078382275773, 3.84880495864609 ], [ 11.542635092919081, 3.84524671419739 ], [ 11.547220446258342, 3.845975007579733 ] ] ] } },
{ "type": "Feature", "properties": { "cell_id": "88828b4e4dfffff", "arrondissement": "Yaoundé III", "profil_marche": "Zone peu equipee", "score_potentiel_brut": 32.74, "score_potentiel_net": 32.74, "rang_net": 248, "dist_min_m": 4979.0, "enseigne_plus_proche": "Afriland First Bank Damas", "nb_batiments": 267, "dens_bat_km2": 397.0, "dens_route_m_km2": 12871.0, "nb_commerces": 0, "nb_education": 0, "nb_sante": 0, "nb_banques": 0, "nb_restauration": 0, "nb_bureaux": 0, "nb_transport": 0, "nb_loisirs": 0, "nb_lieux_culte": 0, "nb_axes_structurants": 3, "longueur_principale_m": 0.0, "dens_commerces_km2": 0.0, "lat": 3.775844, "lon": 11.480114 }, "geometry": { "type": "Polygon", "coordinates": [ [ [ 11.482669063476061, 3.772283209962154 ], [ 11.484697930259493, 3.776571163669584 ], [ 11.48214301225558, 3.780131782062185 ], [ 11.477559464086763, 3.779404565280862 ], [ 11.475530650481856, 3.775116869145139 ], [ 11.478085331852593, 3.771556132226421 ], [ 11.482669063476061, 3.772283209962154 ] ] ] } },
{ "type": "Feature", "properties": { "cell_id": "8858db4c2dfffff", "arrondissement": "Yaoundé I", "profil_marche": "Zone peu equipee", "score_potentiel_brut": 32.7, "score_potentiel_net": 32.7, "rang_net": 249, "dist_min_m": 4036.0, "enseigne_plus_proche": "Guichet SGC", "nb_batiments": 594, "dens_bat_km2": 885.0, "dens_route_m_km2": 16625.0, "nb_commerces": 0, "nb_education": 0, "nb_sante": 0, "nb_banques": 0, "nb_restauration": 0, "nb_bureaux": 0, "nb_transport": 0, "nb_loisirs": 0, "nb_lieux_culte": 0, "nb_axes_structurants": 0, "longueur_principale_m": 0.0, "dens_commerces_km2": 0.0, "lat": 3.962109, "lon": 11.530132 }, "geometry": { "type": "Polygon", "coordinates": [ [ [ 11.53268728384908, 3.95855744051963 ], [ 11.534714683475343, 3.962839688590239 ], [ 11.532159644512706, 3.966391398657831 ], [ 11.527577441817909, 3.965660980321692 ], [ 11.525550094832807, 3.961378989344001 ], [ 11.528104897886687, 3.957827159616878 ], [ 11.53268728384908, 3.95855744051963 ] ] ] } },
{ "type": "Feature", "properties": { "cell_id": "88828b4899fffff", "arrondissement": "Yaoundé IV", "profil_marche": "Peripherie residentielle", "score_potentiel_brut": 50.14, "score_potentiel_net": 32.59, "rang_net": 250, "dist_min_m": 997.0, "enseigne_plus_proche": "Mutuelle Epargne Crédit", "nb_batiments": 1429, "dens_bat_km2": 2125.0, "dens_route_m_km2": 26268.0, "nb_commerces": 0, "nb_education": 3, "nb_sante": 1, "nb_banques": 1, "nb_restauration": 1, "nb_bureaux": 0, "nb_transport": 1, "nb_loisirs": 2, "nb_lieux_culte": 0, "nb_axes_structurants": 5, "longueur_principale_m": 0.0, "dens_commerces_km2": 0.0, "lat": 3.860207, "lon": 11.536994 }, "geometry": { "type": "Polygon", "coordinates": [ [ [ 11.539550189778581, 3.856649186669928 ], [ 11.541578524455531, 3.860935308223526 ], [ 11.539022036821137, 3.864492682383742 ], [ 11.534437450568994, 3.863764054176572 ], [ 11.5324091685185, 3.859478189817495 ], [ 11.534965420079034, 3.855920696478427 ], [ 11.539550189778581, 3.856649186669928 ] ] ] } },
{ "type": "Feature", "properties": { "cell_id": "88828b4a95fffff", "arrondissement": "Yaoundé IV", "profil_marche": "Zone peu equipee", "score_potentiel_brut": 32.56, "score_potentiel_net": 32.56, "rang_net": 251, "dist_min_m": 3689.0, "enseigne_plus_proche": "Vision Finance Odja", "nb_batiments": 437, "dens_bat_km2": 649.0, "dens_route_m_km2": 20401.0, "nb_commerces": 0, "nb_education": 0, "nb_sante": 0, "nb_banques": 0, "nb_restauration": 0, "nb_bureaux": 0, "nb_transport": 0, "nb_loisirs": 0, "nb_lieux_culte": 0, "nb_axes_structurants": 0, "longueur_principale_m": 0.0, "dens_commerces_km2": 0.0, "lat": 3.818149, "lon": 11.546777 }, "geometry": { "type": "Polygon", "coordinates": [ [ [ 11.549334791924643, 3.81458848406466 ], [ 11.551363539007566, 3.818876347270753 ], [ 11.548806146142265, 3.822436212394952 ], [ 11.544220242274232, 3.821708333327715 ], [ 11.542191547748921, 3.817420727323376 ], [ 11.544748704519321, 3.813860743191848 ], [ 11.549334791924643, 3.81458848406466 ] ] ] } },
{ "type": "Feature", "properties": { "cell_id": "8858db4d3bfffff", "arrondissement": "Yaoundé I", "profil_marche": "Peripherie residentielle", "score_potentiel_brut": 50.05, "score_potentiel_net": 32.53, "rang_net": 252, "dist_min_m": 291.0, "enseigne_plus_proche": "Guichet SGC", "nb_batiments": 1663, "dens_bat_km2": 2476.0, "dens_route_m_km2": 23668.0, "nb_commerces": 0, "nb_education": 3, "nb_sante": 1, "nb_banques": 1, "nb_restauration": 0, "nb_bureaux": 0, "nb_transport": 1, "nb_loisirs": 0, "nb_lieux_culte": 0, "nb_axes_structurants": 10, "longueur_principale_m": 4194.0, "dens_commerces_km2": 0.0, "lat": 3.928579, "lon": 11.518495 }, "geometry": { "type": "Polygon", "coordinates": [ [ [ 11.521049495367128, 3.925025088854716 ], [ 11.523077149199336, 3.929308314802892 ], [ 11.520522248012893, 3.932861572121205 ], [ 11.515939929036533, 3.932131722944922 ], [ 11.513912327965855, 3.927848754189622 ], [ 11.516466993095362, 3.924295377425074 ], [ 11.521049495367128, 3.925025088854716 ] ] ] } },
{ "type": "Feature", "properties": { "cell_id": "88828b4c63fffff", "arrondissement": "Yaoundé VI", "profil_marche": "Peripherie residentielle", "score_potentiel_brut": 45.18, "score_potentiel_net": 32.5, "rang_net": 253, "dist_min_m": 1397.0, "enseigne_plus_proche": "microfinance unics plc", "nb_batiments": 1773, "dens_bat_km2": 2639.0, "dens_route_m_km2": 27027.0, "nb_commerces": 0, "nb_education": 3, "nb_sante": 0, "nb_banques": 0, "nb_restauration": 0, "nb_bureaux": 0, "nb_transport": 0, "nb_loisirs": 0, "nb_lieux_culte": 0, "nb_axes_structurants": 0, "longueur_principale_m": 0.0, "dens_commerces_km2": 0.0, "lat": 3.854293, "lon": 11.474857 }, "geometry": { "type": "Polygon", "coordinates": [ [ [ 11.477410323289229, 3.850736055124791 ], [ 11.479438469967517, 3.855021048364759 ], [ 11.476884665771077, 3.858577317927094 ], [ 11.472302951387112, 3.857848713156795 ], [ 11.470274857898, 3.853563977413738 ], [ 11.472828425589054, 3.850007588951468 ], [ 11.477410323289229, 3.850736055124791 ] ] ] } },
{ "type": "Feature", "properties": { "cell_id": "8858db4dc3fffff", "arrondissement": "Yaoundé I", "profil_marche": "Zone peu equipee", "score_potentiel_brut": 32.38, "score_potentiel_net": 32.38, "rang_net": 254, "dist_min_m": 3594.0, "enseigne_plus_proche": "Guichet Éléctronique Bicec", "nb_batiments": 159, "dens_bat_km2": 237.0, "dens_route_m_km2": 15582.0, "nb_commerces": 0, "nb_education": 2, "nb_sante": 0, "nb_banques": 0, "nb_restauration": 0, "nb_bureaux": 0, "nb_transport": 0, "nb_loisirs": 0, "nb_lieux_culte": 0, "nb_axes_structurants": 0, "longueur_principale_m": 0.0, "dens_commerces_km2": 0.0, "lat": 3.937971, "lon": 11.552604 }, "geometry": { "type": "Polygon", "coordinates": [ [ [ 11.55516049916719, 3.934416978236545 ], [ 11.557188200133597, 3.938700594677231 ], [ 11.554631896585256, 3.942254125983629 ], [ 11.550048127862713, 3.941524160485961 ], [ 11.548020479346002, 3.937240801063706 ], [ 11.550576547087484, 3.933687150128029 ], [ 11.55516049916719, 3.934416978236545 ] ] ] } },
{ "type": "Feature", "properties": { "cell_id": "88828b4889fffff", "arrondissement": "Yaoundé IV", "profil_marche": "Peripherie residentielle", "score_potentiel_brut": 45.63, "score_potentiel_net": 32.38, "rang_net": 255, "dist_min_m": 1340.0, "enseigne_plus_proche": "ACEP", "nb_batiments": 1418, "dens_bat_km2": 2108.0, "dens_route_m_km2": 28832.0, "nb_commerces": 0, "nb_education": 1, "nb_sante": 0, "nb_banques": 0, "nb_restauration": 0, "nb_bureaux": 0, "nb_transport": 0, "nb_loisirs": 1, "nb_lieux_culte": 0, "nb_axes_structurants": 1, "longueur_principale_m": 0.0, "dens_commerces_km2": 0.0, "lat": 3.859563, "lon": 11.557891 }, "geometry": { "type": "Polygon", "coordinates": [ [ [ 11.560448701541365, 3.856005143667341 ], [ 11.562477121766847, 3.860291739352032 ], [ 11.559919703156874, 3.863849626177281 ], [ 11.55533410024039, 3.863121036584611 ], [ 11.553305732453069, 3.858834697995824 ], [ 11.555862915129389, 3.855276691911144 ], [ 11.560448701541365, 3.856005143667341 ] ] ] } },
{ "type": "Feature", "properties": { "cell_id": "8858db4dc1fffff", "arrondissement": "Yaoundé I", "profil_marche": "Zone peu equipee", "score_potentiel_brut": 32.36, "score_potentiel_net": 32.36, "rang_net": 256, "dist_min_m": 3198.0, "enseigne_plus_proche": "Guichet SGC", "nb_batiments": 54, "dens_bat_km2": 80.0, "dens_route_m_km2": 18693.0, "nb_commerces": 0, "nb_education": 0, "nb_sante": 0, "nb_banques": 0, "nb_restauration": 0, "nb_bureaux": 0, "nb_transport": 0, "nb_loisirs": 0, "nb_lieux_culte": 0, "nb_axes_structurants": 6, "longueur_principale_m": 0.0, "dens_commerces_km2": 0.0, "lat": 3.940794, "lon": 11.545465 }, "geometry": { "type": "Polygon", "coordinates": [ [ [ 11.548020479346002, 3.937240801063706 ], [ 11.550048127862713, 3.941524160485961 ], [ 11.547492171564722, 3.945077375500446 ], [ 11.542908802584691, 3.944347350714829 ], [ 11.54088120658079, 3.940064248341231 ], [ 11.543436927029443, 3.936510913711922 ], [ 11.548020479346002, 3.937240801063706 ] ] ] } },
{ "type": "Feature", "properties": { "cell_id": "88828b40abfffff", "arrondissement": "Yaoundé III", "profil_marche": "Zone peu equipee", "score_potentiel_brut": 32.35, "score_potentiel_net": 32.35, "rang_net": 257, "dist_min_m": 6894.0, "enseigne_plus_proche": "Vision Finance Odja", "nb_batiments": 61, "dens_bat_km2": 91.0, "dens_route_m_km2": 23699.0, "nb_commerces": 0, "nb_education": 0, "nb_sante": 0, "nb_banques": 0, "nb_restauration": 0, "nb_bureaux": 0, "nb_transport": 0, "nb_loisirs": 0, "nb_lieux_culte": 0, "nb_axes_structurants": 2, "longueur_principale_m": 0.0, "dens_commerces_km2": 0.0, "lat": 3.75513, "lon": 11.474553 }, "geometry": { "type": "Polygon", "coordinates": [ [ [ 11.477108155796859, 3.751568494941171 ], [ 11.479137185529275, 3.755857076862818 ], [ 11.476582281313494, 3.759418682575918 ], [ 11.471998584064378, 3.758691824773774 ], [ 11.469969607570274, 3.754403500475954 ], [ 11.47252427507234, 3.75084177636384 ], [ 11.477108155796859, 3.751568494941171 ] ] ] } },
{ "type": "Feature", "properties": { "cell_id": "88828b4f49fffff", "arrondissement": "Yaoundé IV", "profil_marche": "Centre structure commercant", "score_potentiel_brut": 46.79, "score_potentiel_net": 32.25, "rang_net": 258, "dist_min_m": 1224.0, "enseigne_plus_proche": "Vision Finance Odja", "nb_batiments": 318, "dens_bat_km2": 473.0, "dens_route_m_km2": 17287.0, "nb_commerces": 1, "nb_education": 1, "nb_sante": 1, "nb_banques": 0, "nb_restauration": 2, "nb_bureaux": 0, "nb_transport": 0, "nb_loisirs": 3, "nb_lieux_culte": 0, "nb_axes_structurants": 3, "longueur_principale_m": 896.0, "dens_commerces_km2": 1.5, "lat": 3.805935, "lon": 11.519793 }, "geometry": { "type": "Polygon", "coordinates": [ [ [ 11.522348937395815, 3.802374515215032 ], [ 11.524377689845583, 3.806662238602824 ], [ 11.521821353198325, 3.810222144748721 ], [ 11.517236500389464, 3.809494446351608 ], [ 11.515207800746474, 3.805206980309378 ], [ 11.517763901090879, 3.801646955326049 ], [ 11.522348937395815, 3.802374515215032 ] ] ] } },
{ "type": "Feature", "properties": { "cell_id": "88828b40a1fffff", "arrondissement": "Yaoundé III", "profil_marche": "Zone peu equipee", "score_potentiel_brut": 32.2, "score_potentiel_net": 32.2, "rang_net": 259, "dist_min_m": 5978.0, "enseigne_plus_proche": "Vision Finance Odja", "nb_batiments": 53, "dens_bat_km2": 79.0, "dens_route_m_km2": 26688.0, "nb_commerces": 0, "nb_education": 0, "nb_sante": 0, "nb_banques": 0, "nb_restauration": 0, "nb_bureaux": 0, "nb_transport": 0, "nb_loisirs": 0, "nb_lieux_culte": 0, "nb_axes_structurants": 1, "longueur_principale_m": 0.0, "dens_commerces_km2": 0.0, "lat": 3.760146, "lon": 11.481166 }, "geometry": { "type": "Polygon", "coordinates": [ [ [ 11.483721284103584, 3.756583876372926 ], [ 11.485750294965111, 3.760872420738723 ], [ 11.483195154090621, 3.7644339080008 ], [ 11.478611238998669, 3.763706969355467 ], [ 11.476582281313494, 3.759418682575918 ], [ 11.479137185529275, 3.755857076862818 ], [ 11.483721284103584, 3.756583876372926 ] ] ] } },
{ "type": "Feature", "properties": { "cell_id": "88828b489dfffff", "arrondissement": "Yaoundé IV", "profil_marche": "Peripherie residentielle", "score_potentiel_brut": 49.51, "score_potentiel_net": 32.18, "rang_net": 260, "dist_min_m": 305.0, "enseigne_plus_proche": "ACEP", "nb_batiments": 1682, "dens_bat_km2": 2501.0, "dens_route_m_km2": 29828.0, "nb_commerces": 0, "nb_education": 2, "nb_sante": 0, "nb_banques": 2, "nb_restauration": 2, "nb_bureaux": 0, "nb_transport": 4, "nb_loisirs": 0, "nb_lieux_culte": 0, "nb_axes_structurants": 7, "longueur_principale_m": 1614.0, "dens_commerces_km2": 0.0, "lat": 3.865221, "lon": 11.543607 }, "geometry": { "type": "Polygon", "coordinates": [ [ [ 11.546163510844803, 3.861663877592342 ], [ 11.548191826130779, 3.86594995905484 ], [ 11.545635102477695, 3.869507213984595 ], [ 11.541050299542642, 3.868778506689639 ], [ 11.539022036821137, 3.864492682383742 ], [ 11.541578524455531, 3.860935308223526 ], [ 11.546163510844803, 3.861663877592342 ] ] ] } },
{ "type": "Feature", "properties": { "cell_id": "88828b40bdfffff", "arrondissement": "Yaoundé III", "profil_marche": "Zone peu equipee", "score_potentiel_brut": 31.98, "score_potentiel_net": 31.98, "rang_net": 261, "dist_min_m": 7255.0, "enseigne_plus_proche": "Afriland First Bank Damas", "nb_batiments": 80, "dens_bat_km2": 119.0, "dens_route_m_km2": 9904.0, "nb_commerces": 0, "nb_education": 1, "nb_sante": 0, "nb_banques": 0, "nb_restauration": 0, "nb_bureaux": 0, "nb_transport": 0, "nb_loisirs": 0, "nb_lieux_culte": 0, "nb_axes_structurants": 2, "longueur_principale_m": 0.0, "dens_commerces_km2": 0.0, "lat": 3.757965, "lon": 11.467415 }, "geometry": { "type": "Polygon", "coordinates": [ [ [ 11.469969607570274, 3.754403500475954 ], [ 11.471998584064378, 3.758691824773774 ], [ 11.469444027976584, 3.762253114563785 ], [ 11.464860732135893, 3.761526198447941 ], [ 11.462831808943079, 3.757238131804271 ], [ 11.46538612827503, 3.753676723629694 ], [ 11.469969607570274, 3.754403500475954 ] ] ] } },
{ "type": "Feature", "properties": { "cell_id": "8858db4d3dfffff", "arrondissement": "Yaoundé I", "profil_marche": "Peripherie residentielle", "score_potentiel_brut": 41.17, "score_potentiel_net": 31.97, "rang_net": 262, "dist_min_m": 1723.0, "enseigne_plus_proche": "Guichet SGC", "nb_batiments": 510, "dens_bat_km2": 760.0, "dens_route_m_km2": 24399.0, "nb_commerces": 0, "nb_education": 1, "nb_sante": 1, "nb_banques": 0, "nb_restauration": 0, "nb_bureaux": 0, "nb_transport": 0, "nb_loisirs": 0, "nb_lieux_culte": 0, "nb_axes_structurants": 2, "longueur_principale_m": 0.0, "dens_commerces_km2": 0.0, "lat": 3.926389, "lon": 11.504748 }, "geometry": { "type": "Polygon", "coordinates": [ [ [ 11.507302605764593, 3.922835973965245 ], [ 11.509330225937422, 3.927118983545351 ], [ 11.506775908268967, 3.930672043857764 ], [ 11.502194206567275, 3.929942213977823 ], [ 11.500166639280859, 3.925659461658709 ], [ 11.502720720795088, 3.922106281965896 ], [ 11.507302605764593, 3.922835973965245 ] ] ] } },
{ "type": "Feature", "properties": { "cell_id": "88828b40b9fffff", "arrondissement": "Yaoundé III", "profil_marche": "Zone peu equipee", "score_potentiel_brut": 31.86, "score_potentiel_net": 31.86, "rang_net": 263, "dist_min_m": 8037.0, "enseigne_plus_proche": "Afriland First Bank Damas", "nb_batiments": 24, "dens_bat_km2": 36.0, "dens_route_m_km2": 24670.0, "nb_commerces": 0, "nb_education": 0, "nb_sante": 0, "nb_banques": 0, "nb_restauration": 0, "nb_bureaux": 0, "nb_transport": 0, "nb_loisirs": 0, "nb_lieux_culte": 0, "nb_axes_structurants": 3, "longueur_principale_m": 0.0, "dens_commerces_km2": 0.0, "lat": 3.75295, "lon": 11.460803 }, "geometry": { "type": "Polygon", "coordinates": [ [ [ 11.463357133028053, 3.749388361978315 ], [ 11.46538612827503, 3.753676723629694 ], [ 11.462831808943079, 3.757238131804271 ], [ 11.458248731160328, 3.756511296667438 ], [ 11.45621978927657, 3.752223192707762 ], [ 11.458773871797751, 3.748661666200633 ], [ 11.463357133028053, 3.749388361978315 ] ] ] } },
{ "type": "Feature", "properties": { "cell_id": "8858db4de1fffff", "arrondissement": "Yaoundé I", "profil_marche": "Peripherie residentielle", "score_potentiel_brut": 44.54, "score_potentiel_net": 31.85, "rang_net": 264, "dist_min_m": 1372.0, "enseigne_plus_proche": "Afriland First Bank", "nb_batiments": 1299, "dens_bat_km2": 1934.0, "dens_route_m_km2": 26954.0, "nb_commerces": 0, "nb_education": 3, "nb_sante": 0, "nb_banques": 0, "nb_restauration": 0, "nb_bureaux": 0, "nb_transport": 0, "nb_loisirs": 0, "nb_lieux_culte": 0, "nb_axes_structurants": 1, "longueur_principale_m": 0.0, "dens_commerces_km2": 0.0, "lat": 3.922931, "lon": 11.532771 }, "geometry": { "type": "Polygon", "coordinates": [ [ [ 11.535326072866569, 3.919376631473269 ], [ 11.537353832032847, 3.923660371716882 ], [ 11.534798236070532, 3.927214261757078 ], [ 11.530215116899507, 3.926484531036149 ], [ 11.528187410368728, 3.922201047925156 ], [ 11.530742770358819, 3.918647038409806 ], [ 11.535326072866569, 3.919376631473269 ] ] ] } },
{ "type": "Feature", "properties": { "cell_id": "88828b4d3bfffff", "arrondissement": "Yaoundé II", "profil_marche": "Peripherie residentielle", "score_potentiel_brut": 39.98, "score_potentiel_net": 31.7, "rang_net": 265, "dist_min_m": 1816.0, "enseigne_plus_proche": "Société Générale Cameroun", "nb_batiments": 820, "dens_bat_km2": 1221.0, "dens_route_m_km2": 15273.0, "nb_commerces": 0, "nb_education": 0, "nb_sante": 0, "nb_banques": 0, "nb_restauration": 0, "nb_bureaux": 0, "nb_transport": 0, "nb_loisirs": 3, "nb_lieux_culte": 0, "nb_axes_structurants": 8, "longueur_principale_m": 0.0, "dens_commerces_km2": 0.0, "lat": 3.90069, "lon": 11.492582 }, "geometry": { "type": "Polygon", "coordinates": [ [ [ 11.495136247905245, 3.897135548073821 ], [ 11.497164050005324, 3.901419234045061 ], [ 11.494609982043936, 3.904973404539035 ], [ 11.490028348257418, 3.904244008272522 ], [ 11.488000599165259, 3.899960579653819 ], [ 11.490554430837053, 3.896406289956447 ], [ 11.495136247905245, 3.897135548073821 ] ] ] } },
{ "type": "Feature", "properties": { "cell_id": "88828b409dfffff", "arrondissement": "Yaoundé III", "profil_marche": "Zone peu equipee", "score_potentiel_brut": 31.6, "score_potentiel_net": 31.6, "rang_net": 266, "dist_min_m": 9599.0, "enseigne_plus_proche": "Afriland First Bank Damas", "nb_batiments": 73, "dens_bat_km2": 108.0, "dens_route_m_km2": 23690.0, "nb_commerces": 0, "nb_education": 0, "nb_sante": 0, "nb_banques": 0, "nb_restauration": 0, "nb_bureaux": 0, "nb_transport": 0, "nb_loisirs": 0, "nb_lieux_culte": 0, "nb_axes_structurants": 1, "longueur_principale_m": 0.0, "dens_commerces_km2": 0.0, "lat": 3.740085, "lon": 11.454716 }, "geometry": { "type": "Polygon", "coordinates": [ [ [ 11.457269965755435, 3.736522613005752 ], [ 11.459299051763857, 3.740811306606446 ], [ 11.456744857854027, 3.744373267360444 ], [ 11.452161814799654, 3.74364665276399 ], [ 11.450132782215279, 3.739358216899696 ], [ 11.452686739246614, 3.73579613790288 ], [ 11.457269965755435, 3.736522613005752 ] ] ] } },
{ "type": "Feature", "properties": { "cell_id": "88828b488bfffff", "arrondissement": "Yaoundé IV", "profil_marche": "Peripherie residentielle", "score_potentiel_brut": 48.57, "score_potentiel_net": 31.57, "rang_net": 267, "dist_min_m": 489.0, "enseigne_plus_proche": "ACEP", "nb_batiments": 1478, "dens_bat_km2": 2197.0, "dens_route_m_km2": 32403.0, "nb_commerces": 0, "nb_education": 2, "nb_sante": 1, "nb_banques": 2, "nb_restauration": 1, "nb_bureaux": 0, "nb_transport": 0, "nb_loisirs": 0, "nb_lieux_culte": 0, "nb_axes_structurants": 8, "longueur_principale_m": 2088.0, "dens_commerces_km2": 0.0, "lat": 3.862392, "lon": 11.550749 }, "geometry": { "type": "Polygon", "coordinates": [ [ [ 11.553305732453069, 3.858834697995824 ], [ 11.55533410024039, 3.863121036584611 ], [ 11.552777029098486, 3.86667860748797 ], [ 11.548191826130779, 3.86594995905484 ], [ 11.546163510844803, 3.861663877592342 ], [ 11.548720346010494, 3.858106187444009 ], [ 11.553305732453069, 3.858834697995824 ] ] ] } },
{ "type": "Feature", "properties": { "cell_id": "88828b4d33fffff", "arrondissement": "Yaoundé II", "profil_marche": "Zone peu equipee", "score_potentiel_brut": 34.52, "score_potentiel_net": 31.5, "rang_net": 268, "dist_min_m": 2501.0, "enseigne_plus_proche": "Société general", "nb_batiments": 310, "dens_bat_km2": 462.0, "dens_route_m_km2": 12487.0, "nb_commerces": 0, "nb_education": 0, "nb_sante": 0, "nb_banques": 0, "nb_restauration": 0, "nb_bureaux": 0, "nb_transport": 0, "nb_loisirs": 1, "nb_lieux_culte": 0, "nb_axes_structurants": 4, "longueur_principale_m": 0.0, "dens_commerces_km2": 0.0, "lat": 3.908527, "lon": 11.492056 }, "geometry": { "type": "Polygon", "coordinates": [ [ [ 11.494609982043936, 3.904973404539035 ], [ 11.496637712196154, 3.909256792952341 ], [ 11.494083755567473, 3.91281052774706 ], [ 11.489502305048793, 3.912080993376277 ], [ 11.487474627905589, 3.907797862307688 ], [ 11.490028348257418, 3.904244008272522 ], [ 11.494609982043936, 3.904973404539035 ] ] ] } },
{ "type": "Feature", "properties": { "cell_id": "88828b41c7fffff", "arrondissement": "Yaoundé IV", "profil_marche": "Zone peu equipee", "score_potentiel_brut": 31.49, "score_potentiel_net": 31.49, "rang_net": 269, "dist_min_m": 3111.0, "enseigne_plus_proche": "Vision Finance Odja", "nb_batiments": 119, "dens_bat_km2": 177.0, "dens_route_m_km2": 18357.0, "nb_commerces": 0, "nb_education": 0, "nb_sante": 0, "nb_banques": 0, "nb_restauration": 5, "nb_bureaux": 0, "nb_transport": 0, "nb_loisirs": 0, "nb_lieux_culte": 0, "nb_axes_structurants": 0, "longueur_principale_m": 0.0, "dens_commerces_km2": 0.0, "lat": 3.766688, "lon": 11.522431 }, "geometry": { "type": "Polygon", "coordinates": [ [ [ 11.524987451055816, 3.763125408715733 ], [ 11.527016563560913, 3.767414611663311 ], [ 11.524459669286312, 3.770976690544109 ], [ 11.519873898858481, 3.770249685135071 ], [ 11.517844839154588, 3.765960739569669 ], [ 11.520401497062624, 3.762398542038503 ], [ 11.524987451055816, 3.763125408715733 ] ] ] } },
{ "type": "Feature", "properties": { "cell_id": "88828b40a9fffff", "arrondissement": "Yaoundé III", "profil_marche": "Zone peu equipee", "score_potentiel_brut": 31.46, "score_potentiel_net": 31.46, "rang_net": 270, "dist_min_m": 6521.0, "enseigne_plus_proche": "Vision Finance Odja", "nb_batiments": 46, "dens_bat_km2": 68.0, "dens_route_m_km2": 25785.0, "nb_commerces": 0, "nb_education": 0, "nb_sante": 0, "nb_banques": 0, "nb_restauration": 0, "nb_bureaux": 0, "nb_transport": 0, "nb_loisirs": 0, "nb_lieux_culte": 0, "nb_axes_structurants": 1, "longueur_principale_m": 0.0, "dens_commerces_km2": 0.0, "lat": 3.752295, "lon": 11.481692 }, "geometry": { "type": "Polygon", "coordinates": [ [ [ 11.484247453519282, 3.74873311527352 ], [ 11.486276536427006, 3.753021954788695 ], [ 11.483721284103584, 3.756583876372926 ], [ 11.479137185529275, 3.755857076862818 ], [ 11.477108155796859, 3.751568494941171 ], [ 11.479663171448777, 3.748006454943479 ], [ 11.484247453519282, 3.74873311527352 ] ] ] } },
{ "type": "Feature", "properties": { "cell_id": "88828b4dd9fffff", "arrondissement": "Yaoundé VII", "profil_marche": "Centre structure commercant", "score_potentiel_brut": 43.26, "score_potentiel_net": 31.39, "rang_net": 271, "dist_min_m": 1432.0, "enseigne_plus_proche": "Afriland First Bank", "nb_batiments": 718, "dens_bat_km2": 1070.0, "dens_route_m_km2": 17479.0, "nb_commerces": 7, "nb_education": 1, "nb_sante": 1, "nb_banques": 0, "nb_restauration": 3, "nb_bureaux": 0, "nb_transport": 0, "nb_loisirs": 0, "nb_lieux_culte": 0, "nb_axes_structurants": 0, "longueur_principale_m": 0.0, "dens_commerces_km2": 10.4, "lat": 3.881277, "lon": 11.445272 }, "geometry": { "type": "Polygon", "coordinates": [ [ [ 11.447824036563405, 3.877722694508988 ], [ 11.449851826135243, 3.882006064117673 ], [ 11.4472996358312, 3.885560197000232 ], [ 11.442719892588721, 3.884831079198241 ], [ 11.440692156459583, 3.880547967191243 ], [ 11.44324411011565, 3.876993715391961 ], [ 11.447824036563405, 3.877722694508988 ] ] ] } },
{ "type": "Feature", "properties": { "cell_id": "88828b4f35fffff", "arrondissement": "Yaoundé III", "profil_marche": "Centre structure commercant", "score_potentiel_brut": 48.26, "score_potentiel_net": 31.37, "rang_net": 272, "dist_min_m": 971.0, "enseigne_plus_proche": "People finance", "nb_batiments": 412, "dens_bat_km2": 613.0, "dens_route_m_km2": 19813.0, "nb_commerces": 1, "nb_education": 1, "nb_sante": 0, "nb_banques": 0, "nb_restauration": 0, "nb_bureaux": 1, "nb_transport": 0, "nb_loisirs": 10, "nb_lieux_culte": 1, "nb_axes_structurants": 4, "longueur_principale_m": 0.0, "dens_commerces_km2": 1.5, "lat": 3.855836, "lon": 11.509489 }, "geometry": { "type": "Polygon", "coordinates": [ [ [ 11.512044657539994, 3.852278348091396 ], [ 11.514072925266715, 3.856564034762516 ], [ 11.511517605129358, 3.860121015039802 ], [ 11.506934253519445, 3.85939242769996 ], [ 11.504906038669231, 3.855106998359626 ], [ 11.507461122537768, 3.851549899035725 ], [ 11.512044657539994, 3.852278348091396 ] ] ] } },
{ "type": "Feature", "properties": { "cell_id": "88828b4e59fffff", "arrondissement": "Yaoundé III", "profil_marche": "Zone peu equipee", "score_potentiel_brut": 31.36, "score_potentiel_net": 31.36, "rang_net": 273, "dist_min_m": 6739.0, "enseigne_plus_proche": "Afriland First Bank Damas", "nb_batiments": 57, "dens_bat_km2": 85.0, "dens_route_m_km2": 16807.0, "nb_commerces": 0, "nb_education": 0, "nb_sante": 0, "nb_banques": 0, "nb_restauration": 0, "nb_bureaux": 0, "nb_transport": 0, "nb_loisirs": 0, "nb_lieux_culte": 0, "nb_axes_structurants": 4, "longueur_principale_m": 0.0, "dens_commerces_km2": 0.0, "lat": 3.771481, "lon": 11.452616 }, "geometry": { "type": "Polygon", "coordinates": [ [ [ 11.455169770076168, 3.7679208556 ], [ 11.457198567854308, 3.772208369438964 ], [ 11.454644819444605, 3.775768592755196 ], [ 11.450062510069381, 3.775041420633181 ], [ 11.448033765719476, 3.770754164501579 ], [ 11.450587277301942, 3.76719382279205 ], [ 11.455169770076168, 3.7679208556 ] ] ] } },
{ "type": "Feature", "properties": { "cell_id": "8858db4d87fffff", "arrondissement": "Yaoundé V", "profil_marche": "Centre structure commercant", "score_potentiel_brut": 41.85, "score_potentiel_net": 31.33, "rang_net": 274, "dist_min_m": 1563.0, "enseigne_plus_proche": "Guichet Éléctronique Bicec", "nb_batiments": 574, "dens_bat_km2": 854.0, "dens_route_m_km2": 19630.0, "nb_commerces": 9, "nb_education": 4, "nb_sante": 0, "nb_banques": 0, "nb_restauration": 1, "nb_bureaux": 0, "nb_transport": 0, "nb_loisirs": 0, "nb_lieux_culte": 0, "nb_axes_structurants": 0, "longueur_principale_m": 0.0, "dens_commerces_km2": 13.4, "lat": 3.914456, "lon": 11.55419 }, "geometry": { "type": "Polygon", "coordinates": [ [ [ 11.556746544294375, 3.91090112970718 ], [ 11.558774460988728, 3.91518564116755 ], [ 11.556217823017398, 3.918740479906078 ], [ 11.551633504181908, 3.918010926710143 ], [ 11.549605639933796, 3.91372667229179 ], [ 11.55216204206025, 3.910171714034674 ], [ 11.556746544294375, 3.91090112970718 ] ] ] } },
{ "type": "Feature", "properties": { "cell_id": "88828b4f59fffff", "arrondissement": "Yaoundé III", "profil_marche": "Peripherie residentielle", "score_potentiel_brut": 39.45, "score_potentiel_net": 31.32, "rang_net": 275, "dist_min_m": 1822.0, "enseigne_plus_proche": "Afriland First Bank Damas", "nb_batiments": 719, "dens_bat_km2": 1069.0, "dens_route_m_km2": 32407.0, "nb_commerces": 0, "nb_education": 0, "nb_sante": 0, "nb_banques": 0, "nb_restauration": 0, "nb_bureaux": 0, "nb_transport": 0, "nb_loisirs": 1, "nb_lieux_culte": 0, "nb_axes_structurants": 1, "longueur_principale_m": 0.0, "dens_commerces_km2": 0.0, "lat": 3.806584, "lon": 11.498899 }, "geometry": { "type": "Polygon", "coordinates": [ [ [ 11.501454511835897, 3.803024146630044 ], [ 11.503483177680998, 3.807311394019274 ], [ 11.500927773018416, 3.810870787128219 ], [ 11.496343938938718, 3.810143051612019 ], [ 11.494315326088516, 3.805856061666757 ], [ 11.49687049430846, 3.802296549801103 ], [ 11.501454511835897, 3.803024146630044 ] ] ] } },
{ "type": "Feature", "properties": { "cell_id": "88828b4e29fffff", "arrondissement": "Yaoundé VI", "profil_marche": "Peripherie residentielle", "score_potentiel_brut": 38.54, "score_potentiel_net": 31.28, "rang_net": 276, "dist_min_m": 1923.0, "enseigne_plus_proche": "Afriland First Bank Damas", "nb_batiments": 821, "dens_bat_km2": 1221.0, "dens_route_m_km2": 21045.0, "nb_commerces": 0, "nb_education": 1, "nb_sante": 0, "nb_banques": 0, "nb_restauration": 0, "nb_bureaux": 0, "nb_transport": 0, "nb_loisirs": 0, "nb_lieux_culte": 0, "nb_axes_structurants": 1, "longueur_principale_m": 0.0, "dens_commerces_km2": 0.0, "lat": 3.807232, "lon": 11.478011 }, "geometry": { "type": "Polygon", "coordinates": [ [ [ 11.480565094915214, 3.803673117247907 ], [ 11.48259367359951, 3.807959888201766 ], [ 11.480039201227667, 3.811518767957017 ], [ 11.475456386738909, 3.810790995441742 ], [ 11.473427861237418, 3.806504482030067 ], [ 11.475982097027224, 3.802945483598864 ], [ 11.480565094915214, 3.803673117247907 ] ] ] } },
{ "type": "Feature", "properties": { "cell_id": "88828b4721fffff", "arrondissement": "Yaoundé III", "profil_marche": "Zone peu equipee", "score_potentiel_brut": 31.25, "score_potentiel_net": 31.25, "rang_net": 277, "dist_min_m": 12071.0, "enseigne_plus_proche": "Afriland First Bank Damas", "nb_batiments": 48, "dens_bat_km2": 71.0, "dens_route_m_km2": 21997.0, "nb_commerces": 0, "nb_education": 0, "nb_sante": 0, "nb_banques": 0, "nb_restauration": 0, "nb_bureaux": 0, "nb_transport": 0, "nb_loisirs": 0, "nb_lieux_culte": 0, "nb_axes_structurants": 2, "longueur_principale_m": 0.0, "dens_commerces_km2": 0.0, "lat": 3.72504, "lon": 11.43488 }, "geometry": { "type": "Polygon", "coordinates": [ [ [ 11.437433571542138, 3.721477130435957 ], [ 11.439462713321626, 3.725765934232923 ], [ 11.43690923021191, 3.729328249559073 ], [ 11.432326842351122, 3.728601879182076 ], [ 11.430297754181344, 3.72431333323383 ], [ 11.432851000248005, 3.720750899821267 ], [ 11.437433571542138, 3.721477130435957 ] ] ] } },
{ "type": "Feature", "properties": { "cell_id": "8858db4c31fffff", "arrondissement": "Yaoundé I", "profil_marche": "Zone peu equipee", "score_potentiel_brut": 31.21, "score_potentiel_net": 31.21, "rang_net": 278, "dist_min_m": 4018.0, "enseigne_plus_proche": "Instantransfer", "nb_batiments": 166, "dens_bat_km2": 247.0, "dens_route_m_km2": 10821.0, "nb_commerces": 0, "nb_education": 0, "nb_sante": 0, "nb_banques": 0, "nb_restauration": 0, "nb_bureaux": 0, "nb_transport": 0, "nb_loisirs": 0, "nb_lieux_culte": 0, "nb_axes_structurants": 3, "longueur_principale_m": 0.0, "dens_commerces_km2": 0.0, "lat": 3.958656, "lon": 11.558158 }, "geometry": { "type": "Polygon", "coordinates": [ [ [ 11.560714692398406, 3.95510373915012 ], [ 11.562742230069597, 3.95938671646991 ], [ 11.560185913698122, 3.962939256032435 ], [ 11.55560229536715, 3.962208938036746 ], [ 11.553574810086033, 3.957926217681408 ], [ 11.556130890731142, 3.954373558364634 ], [ 11.560714692398406, 3.95510373915012 ] ] ] } },
{ "type": "Feature", "properties": { "cell_id": "8858db4d23fffff", "arrondissement": "Yaoundé II", "profil_marche": "Zone peu equipee", "score_potentiel_brut": 34.05, "score_potentiel_net": 31.2, "rang_net": 279, "dist_min_m": 2522.0, "enseigne_plus_proche": "Guichet SGC", "nb_batiments": 131, "dens_bat_km2": 195.0, "dens_route_m_km2": 20967.0, "nb_commerces": 0, "nb_education": 0, "nb_sante": 0, "nb_banques": 0, "nb_restauration": 0, "nb_bureaux": 0, "nb_transport": 0, "nb_loisirs": 0, "nb_lieux_culte": 0, "nb_axes_structurants": 6, "longueur_principale_m": 0.0, "dens_commerces_km2": 0.0, "lat": 3.921377, "lon": 11.498139 }, "geometry": { "type": "Polygon", "coordinates": [ [ [ 11.500693081576134, 3.917823231725311 ], [ 11.502720720795088, 3.922106281965896 ], [ 11.500166639280859, 3.925659461658709 ], [ 11.495585154742217, 3.924929710447218 ], [ 11.493557568471498, 3.920646917505548 ], [ 11.496111413776555, 3.917093618483805 ], [ 11.500693081576134, 3.917823231725311 ] ] ] } },
{ "type": "Feature", "properties": { "cell_id": "88828b4ca9fffff", "arrondissement": "Yaoundé VII", "profil_marche": "Zone peu equipee", "score_potentiel_brut": 31.16, "score_potentiel_net": 31.16, "rang_net": 280, "dist_min_m": 3532.0, "enseigne_plus_proche": "Afriland First Bank", "nb_batiments": 172, "dens_bat_km2": 256.0, "dens_route_m_km2": 7485.0, "nb_commerces": 1, "nb_education": 0, "nb_sante": 0, "nb_banques": 0, "nb_restauration": 0, "nb_bureaux": 0, "nb_transport": 0, "nb_loisirs": 0, "nb_lieux_culte": 0, "nb_axes_structurants": 0, "longueur_principale_m": 0.0, "dens_commerces_km2": 1.5, "lat": 3.881915, "lon": 11.424403 }, "geometry": { "type": "Polygon", "coordinates": [ [ [ 11.426954200948369, 3.878360873602426 ], [ 11.428981901990637, 3.88264376708388 ], [ 11.426430644159147, 3.886197385537357 ], [ 11.421851922057293, 3.885468229353125 ], [ 11.419824274645011, 3.881185593570966 ], [ 11.422375295690022, 3.877631856281175 ], [ 11.426954200948369, 3.878360873602426 ] ] ] } },
{ "type": "Feature", "properties": { "cell_id": "88828b4d4bfffff", "arrondissement": "Yaoundé III", "profil_marche": "Peripherie residentielle", "score_potentiel_brut": 47.91, "score_potentiel_net": 31.14, "rang_net": 281, "dist_min_m": 557.0, "enseigne_plus_proche": "People finance", "nb_batiments": 355, "dens_bat_km2": 528.0, "dens_route_m_km2": 22231.0, "nb_commerces": 0, "nb_education": 6, "nb_sante": 0, "nb_banques": 0, "nb_restauration": 2, "nb_bureaux": 1, "nb_transport": 0, "nb_loisirs": 15, "nb_lieux_culte": 0, "nb_axes_structurants": 18, "longueur_principale_m": 0.0, "dens_commerces_km2": 0.0, "lat": 3.863678, "lon": 11.508962 }, "geometry": { "type": "Polygon", "coordinates": [ [ [ 11.511517605129358, 3.860121015039802 ], [ 11.513545800886659, 3.864406404731827 ], [ 11.510990592171083, 3.86796294975346 ], [ 11.506407423939638, 3.867234224174251 ], [ 11.504379281059961, 3.862949091805422 ], [ 11.506934253519445, 3.85939242769996 ], [ 11.511517605129358, 3.860121015039802 ] ] ] } },
{ "type": "Feature", "properties": { "cell_id": "8858db4dd7fffff", "arrondissement": "Yaoundé I", "profil_marche": "Zone peu equipee", "score_potentiel_brut": 31.08, "score_potentiel_net": 31.08, "rang_net": 282, "dist_min_m": 3904.0, "enseigne_plus_proche": "Guichet Éléctronique Bicec", "nb_batiments": 426, "dens_bat_km2": 634.0, "dens_route_m_km2": 15277.0, "nb_commerces": 0, "nb_education": 0, "nb_sante": 0, "nb_banques": 0, "nb_restauration": 0, "nb_bureaux": 0, "nb_transport": 0, "nb_loisirs": 0, "nb_lieux_culte": 0, "nb_axes_structurants": 0, "longueur_principale_m": 0.0, "dens_commerces_km2": 0.0, "lat": 3.932323, "lon": 11.566886 }, "geometry": { "type": "Polygon", "coordinates": [ [ [ 11.569442779559193, 3.928768206222677 ], [ 11.571470585235685, 3.933052336609636 ], [ 11.56891358724892, 3.936606500345995 ], [ 11.564329019292819, 3.935876653361007 ], [ 11.562301265939796, 3.931592779932049 ], [ 11.56485802820475, 3.92803849653742 ], [ 11.569442779559193, 3.928768206222677 ] ] ] } },
{ "type": "Feature", "properties": { "cell_id": "8858db4d27fffff", "arrondissement": "Yaoundé II", "profil_marche": "Zone peu equipee", "score_potentiel_brut": 30.99, "score_potentiel_net": 30.99, "rang_net": 283, "dist_min_m": 3164.0, "enseigne_plus_proche": "Société general", "nb_batiments": 49, "dens_bat_km2": 73.0, "dens_route_m_km2": 16617.0, "nb_commerces": 0, "nb_education": 0, "nb_sante": 0, "nb_banques": 0, "nb_restauration": 0, "nb_bureaux": 0, "nb_transport": 0, "nb_loisirs": 1, "nb_lieux_culte": 0, "nb_axes_structurants": 1, "longueur_principale_m": 0.0, "dens_commerces_km2": 0.0, "lat": 3.916364, "lon": 11.49153 }, "geometry": { "type": "Polygon", "coordinates": [ [ [ 11.494083755567473, 3.91281052774706 ], [ 11.496111413776555, 3.917093618483805 ], [ 11.493557568471498, 3.920646917505548 ], [ 11.488976301206831, 3.919917245075402 ], [ 11.486948696007833, 3.915634411675506 ], [ 11.489502305048793, 3.912080993376277 ], [ 11.494083755567473, 3.91281052774706 ] ] ] } },
{ "type": "Feature", "properties": { "cell_id": "88828b4d39fffff", "arrondissement": "Yaoundé II", "profil_marche": "Peripherie residentielle", "score_potentiel_brut": 45.88, "score_potentiel_net": 30.98, "rang_net": 284, "dist_min_m": 1144.0, "enseigne_plus_proche": "Société general", "nb_batiments": 487, "dens_bat_km2": 725.0, "dens_route_m_km2": 25227.0, "nb_commerces": 1, "nb_education": 0, "nb_sante": 0, "nb_banques": 0, "nb_restauration": 0, "nb_bureaux": 6, "nb_transport": 0, "nb_loisirs": 26, "nb_lieux_culte": 0, "nb_axes_structurants": 7, "longueur_principale_m": 0.0, "dens_commerces_km2": 1.5, "lat": 3.897865, "lon": 11.499718 }, "geometry": { "type": "Polygon", "coordinates": [ [ [ 11.502272644873731, 3.894310141016636 ], [ 11.504300499918804, 3.898594084310338 ], [ 11.501746084368239, 3.902148571211958 ], [ 11.497164050005324, 3.901419234045061 ], [ 11.495136247905245, 3.897135548073821 ], [ 11.497690427208438, 3.893580941954372 ], [ 11.502272644873731, 3.894310141016636 ] ] ] } },
{ "type": "Feature", "properties": { "cell_id": "8858db4c35fffff", "arrondissement": "Yaoundé I", "profil_marche": "Zone peu equipee", "score_potentiel_brut": 30.94, "score_potentiel_net": 30.94, "rang_net": 285, "dist_min_m": 4561.0, "enseigne_plus_proche": "Guichet SGC", "nb_batiments": 251, "dens_bat_km2": 374.0, "dens_route_m_km2": 12923.0, "nb_commerces": 0, "nb_education": 0, "nb_sante": 0, "nb_banques": 0, "nb_restauration": 0, "nb_bureaux": 0, "nb_transport": 0, "nb_loisirs": 0, "nb_lieux_culte": 0, "nb_axes_structurants": 1, "longueur_principale_m": 0.0, "dens_commerces_km2": 0.0, "lat": 3.953643, "lon": 11.551547 }, "geometry": { "type": "Polygon", "coordinates": [ [ [ 11.554103333559675, 3.950090539195896 ], [ 11.556130890731142, 3.954373558364634 ], [ 11.553574810086033, 3.957926217681408 ], [ 11.548991408036299, 3.957195977539709 ], [ 11.546963903316833, 3.952913215373532 ], [ 11.549519748180428, 3.949360436353812 ], [ 11.554103333559675, 3.950090539195896 ] ] ] } },
{ "type": "Feature", "properties": { "cell_id": "88828b40e3fffff", "arrondissement": "Yaoundé III", "profil_marche": "Zone peu equipee", "score_potentiel_brut": 30.86, "score_potentiel_net": 30.86, "rang_net": 286, "dist_min_m": 7127.0, "enseigne_plus_proche": "Vision Finance Odja", "nb_batiments": 30, "dens_bat_km2": 45.0, "dens_route_m_km2": 26286.0, "nb_commerces": 0, "nb_education": 0, "nb_sante": 0, "nb_banques": 0, "nb_restauration": 0, "nb_bureaux": 0, "nb_transport": 0, "nb_loisirs": 0, "nb_lieux_culte": 0, "nb_axes_structurants": 1, "longueur_principale_m": 0.0, "dens_commerces_km2": 0.0, "lat": 3.744444, "lon": 11.482218 }, "geometry": { "type": "Polygon", "coordinates": [ [ [ 11.484773662342073, 3.74088162489776 ], [ 11.486802817300735, 3.745170759442284 ], [ 11.484247453519282, 3.74873311527352 ], [ 11.479663171448777, 3.748006454943479 ], [ 11.477634069664331, 3.743717577999661 ], [ 11.480189196761499, 3.74015510379256 ], [ 11.484773662342073, 3.74088162489776 ] ] ] } },
{ "type": "Feature", "properties": { "cell_id": "88828b4e69fffff", "arrondissement": "Yaoundé III", "profil_marche": "Zone peu equipee", "score_potentiel_brut": 30.83, "score_potentiel_net": 30.83, "rang_net": 287, "dist_min_m": 3479.0, "enseigne_plus_proche": "Afriland First Bank Damas", "nb_batiments": 173, "dens_bat_km2": 257.0, "dens_route_m_km2": 16346.0, "nb_commerces": 0, "nb_education": 0, "nb_sante": 0, "nb_banques": 0, "nb_restauration": 0, "nb_bureaux": 0, "nb_transport": 0, "nb_loisirs": 0, "nb_lieux_culte": 0, "nb_axes_structurants": 0, "longueur_principale_m": 0.0, "dens_commerces_km2": 0.0, "lat": 3.788707, "lon": 11.486201 }, "geometry": { "type": "Polygon", "coordinates": [ [ [ 11.488755572893751, 3.785146737593329 ], [ 11.490784348735769, 3.789434357689969 ], [ 11.488229305588119, 3.792994422919889 ], [ 11.483645723149195, 3.792266986676081 ], [ 11.481617000424842, 3.787979624106157 ], [ 11.484171807007094, 3.784419440260705 ], [ 11.488755572893751, 3.785146737593329 ] ] ] } },
{ "type": "Feature", "properties": { "cell_id": "88828b4e43fffff", "arrondissement": "Yaoundé III", "profil_marche": "Zone peu equipee", "score_potentiel_brut": 30.81, "score_potentiel_net": 30.81, "rang_net": 288, "dist_min_m": 4999.0, "enseigne_plus_proche": "Afriland First Bank Damas", "nb_batiments": 52, "dens_bat_km2": 77.0, "dens_route_m_km2": 8109.0, "nb_commerces": 0, "nb_education": 0, "nb_sante": 0, "nb_banques": 0, "nb_restauration": 0, "nb_bureaux": 0, "nb_transport": 0, "nb_loisirs": 0, "nb_lieux_culte": 0, "nb_axes_structurants": 1, "longueur_principale_m": 1415.0, "dens_commerces_km2": 0.0, "lat": 3.78151, "lon": 11.465839 }, "geometry": { "type": "Polygon", "coordinates": [ [ [ 11.468392986855388, 3.777950153948558 ], [ 11.470421747218795, 3.782237592482323 ], [ 11.467867525319251, 3.785797578856041 ], [ 11.463284779759123, 3.78507024520063 ], [ 11.461256072700179, 3.780783064299106 ], [ 11.463810057882279, 3.777222959428167 ], [ 11.468392986855388, 3.777950153948558 ] ] ] } },
{ "type": "Feature", "properties": { "cell_id": "88828b4e51fffff", "arrondissement": "Yaoundé III", "profil_marche": "Zone peu equipee", "score_potentiel_brut": 30.75, "score_potentiel_net": 30.75, "rang_net": 289, "dist_min_m": 6072.0, "enseigne_plus_proche": "Afriland First Bank", "nb_batiments": 152, "dens_bat_km2": 226.0, "dens_route_m_km2": 11622.0, "nb_commerces": 0, "nb_education": 0, "nb_sante": 0, "nb_banques": 0, "nb_restauration": 0, "nb_bureaux": 0, "nb_transport": 0, "nb_loisirs": 0, "nb_lieux_culte": 0, "nb_axes_structurants": 2, "longueur_principale_m": 0.0, "dens_commerces_km2": 0.0, "lat": 3.779329, "lon": 11.452091 }, "geometry": { "type": "Polygon", "coordinates": [ [ [ 11.454644819444605, 3.775768592755196 ], [ 11.456673545177054, 3.780055811354065 ], [ 11.45411990811963, 3.783615600123484 ], [ 11.449537782129585, 3.782888288732304 ], [ 11.447509109826388, 3.778601327833456 ], [ 11.450062510069381, 3.775041420633181 ], [ 11.454644819444605, 3.775768592755196 ] ] ] } },
{ "type": "Feature", "properties": { "cell_id": "8858db4de7fffff", "arrondissement": "Yaoundé I", "profil_marche": "Peripherie residentielle", "score_potentiel_brut": 44.64, "score_potentiel_net": 30.63, "rang_net": 290, "dist_min_m": 1207.0, "enseigne_plus_proche": "Afriland First Bank", "nb_batiments": 1371, "dens_bat_km2": 2041.0, "dens_route_m_km2": 27336.0, "nb_commerces": 0, "nb_education": 2, "nb_sante": 0, "nb_banques": 1, "nb_restauration": 1, "nb_bureaux": 0, "nb_transport": 1, "nb_loisirs": 2, "nb_lieux_culte": 0, "nb_axes_structurants": 2, "longueur_principale_m": 0.0, "dens_commerces_km2": 0.0, "lat": 3.915093, "lon": 11.533298 }, "geometry": { "type": "Polygon", "coordinates": [ [ [ 11.535853949167567, 3.911538267336384 ], [ 11.537881780256079, 3.915822305659327 ], [ 11.535326072866569, 3.919376631473269 ], [ 11.530742770358819, 3.918647038409806 ], [ 11.528714991904677, 3.914363257227346 ], [ 11.531270463309255, 3.910808811975213 ], [ 11.535853949167567, 3.911538267336384 ] ] ] } },
{ "type": "Feature", "properties": { "cell_id": "88828b4f3dfffff", "arrondissement": "Yaoundé III", "profil_marche": "Peripherie residentielle", "score_potentiel_brut": 44.23, "score_potentiel_net": 30.56, "rang_net": 291, "dist_min_m": 1234.0, "enseigne_plus_proche": "Afriland First bank", "nb_batiments": 277, "dens_bat_km2": 412.0, "dens_route_m_km2": 10926.0, "nb_commerces": 0, "nb_education": 2, "nb_sante": 0, "nb_banques": 0, "nb_restauration": 0, "nb_bureaux": 1, "nb_transport": 0, "nb_loisirs": 11, "nb_lieux_culte": 1, "nb_axes_structurants": 2, "longueur_principale_m": 675.0, "dens_commerces_km2": 0.0, "lat": 3.847993, "lon": 11.510016 }, "geometry": { "type": "Polygon", "coordinates": [ [ [ 11.512571749407336, 3.844434949101599 ], [ 11.514600089108237, 3.848720932632733 ], [ 11.512044657539994, 3.852278348091396 ], [ 11.507461122537768, 3.851549899035725 ], [ 11.505432835712288, 3.847264172842994 ], [ 11.507988030998964, 3.843706638374908 ], [ 11.512571749407336, 3.844434949101599 ] ] ] } },
{ "type": "Feature", "properties": { "cell_id": "88828b41a5fffff", "arrondissement": "Yaoundé IV", "profil_marche": "Peripherie residentielle", "score_potentiel_brut": 42.37, "score_potentiel_net": 30.51, "rang_net": 292, "dist_min_m": 1401.0, "enseigne_plus_proche": "Vision Finance Odja", "nb_batiments": 731, "dens_bat_km2": 1086.0, "dens_route_m_km2": 20748.0, "nb_commerces": 0, "nb_education": 3, "nb_sante": 0, "nb_banques": 0, "nb_restauration": 0, "nb_bureaux": 0, "nb_transport": 0, "nb_loisirs": 0, "nb_lieux_culte": 0, "nb_axes_structurants": 11, "longueur_principale_m": 0.0, "dens_commerces_km2": 0.0, "lat": 3.800269, "lon": 11.534076 }, "geometry": { "type": "Polygon", "coordinates": [ [ [ 11.536633455744111, 3.796708462023759 ], [ 11.538662313618081, 3.800996700011535 ], [ 11.536105281455967, 3.804557237795263 ], [ 11.531519627623236, 3.80382965646496 ], [ 11.529490822429807, 3.799541675761981 ], [ 11.532047618373889, 3.795981019111851 ], [ 11.536633455744111, 3.796708462023759 ] ] ] } },
{ "type": "Feature", "properties": { "cell_id": "88828b4f5bfffff", "arrondissement": "Yaoundé III", "profil_marche": "Peripherie residentielle", "score_potentiel_brut": 44.33, "score_potentiel_net": 30.48, "rang_net": 293, "dist_min_m": 1215.0, "enseigne_plus_proche": "Afriland First Bank Damas", "nb_batiments": 693, "dens_bat_km2": 1030.0, "dens_route_m_km2": 15421.0, "nb_commerces": 0, "nb_education": 5, "nb_sante": 1, "nb_banques": 0, "nb_restauration": 0, "nb_bureaux": 0, "nb_transport": 1, "nb_loisirs": 0, "nb_lieux_culte": 0, "nb_axes_structurants": 1, "longueur_principale_m": 0.0, "dens_commerces_km2": 0.0, "lat": 3.809415, "lon": 11.49176 }, "geometry": { "type": "Polygon", "coordinates": [ [ [ 11.494315326088516, 3.805856061666757 ], [ 11.496343938938718, 3.810143051612019 ], [ 11.493788882147763, 3.81370212870608 ], [ 11.489205448976822, 3.812974334604506 ], [ 11.487176889184516, 3.808687602133484 ], [ 11.489731709490592, 3.805128406297166 ], [ 11.494315326088516, 3.805856061666757 ] ] ] } },
{ "type": "Feature", "properties": { "cell_id": "88828b4e4bfffff", "arrondissement": "Yaoundé III", "profil_marche": "Zone peu equipee", "score_potentiel_brut": 30.46, "score_potentiel_net": 30.46, "rang_net": 294, "dist_min_m": 5720.0, "enseigne_plus_proche": "Afriland First Bank Damas", "nb_batiments": 190, "dens_bat_km2": 282.0, "dens_route_m_km2": 11588.0, "nb_commerces": 0, "nb_education": 0, "nb_sante": 0, "nb_banques": 0, "nb_restauration": 0, "nb_bureaux": 0, "nb_transport": 0, "nb_loisirs": 0, "nb_lieux_culte": 0, "nb_axes_structurants": 1, "longueur_principale_m": 0.0, "dens_commerces_km2": 0.0, "lat": 3.773663, "lon": 11.466364 }, "geometry": { "type": "Polygon", "coordinates": [ [ [ 11.468918487739717, 3.770101999119587 ], [ 11.470947320141951, 3.774389733027851 ], [ 11.468392986855388, 3.777950153948558 ], [ 11.463810057882279, 3.777222959428167 ], [ 11.461781278783473, 3.772935483159486 ], [ 11.464335375339754, 3.769374943779049 ], [ 11.468918487739717, 3.770101999119587 ] ] ] } },
{ "type": "Feature", "properties": { "cell_id": "88828b4f23fffff", "arrondissement": "Yaoundé III", "profil_marche": "Peripherie residentielle", "score_potentiel_brut": 46.81, "score_potentiel_net": 30.43, "rang_net": 295, "dist_min_m": 599.0, "enseigne_plus_proche": "UBA", "nb_batiments": 624, "dens_bat_km2": 928.0, "dens_route_m_km2": 40396.0, "nb_commerces": 1, "nb_education": 0, "nb_sante": 1, "nb_banques": 1, "nb_restauration": 0, "nb_bureaux": 1, "nb_transport": 0, "nb_loisirs": 9, "nb_lieux_culte": 0, "nb_axes_structurants": 10, "longueur_principale_m": 2399.0, "dens_commerces_km2": 1.5, "lat": 3.853007, "lon": 11.516628 }, "geometry": { "type": "Polygon", "coordinates": [ [ [ 11.519184024644304, 3.849449322898907 ], [ 11.52121234518448, 3.853735266870597 ], [ 11.51865667738978, 3.857292563268179 ], [ 11.514072925266715, 3.856564034762516 ], [ 11.512044657539994, 3.852278348091396 ], [ 11.514600089108237, 3.848720932632733 ], [ 11.519184024644304, 3.849449322898907 ] ] ] } },
{ "type": "Feature", "properties": { "cell_id": "88828b4185fffff", "arrondissement": "Yaoundé IV", "profil_marche": "Peripherie residentielle", "score_potentiel_brut": 42.17, "score_potentiel_net": 30.35, "rang_net": 296, "dist_min_m": 1398.0, "enseigne_plus_proche": "Vision Finance Odja", "nb_batiments": 357, "dens_bat_km2": 530.0, "dens_route_m_km2": 19572.0, "nb_commerces": 1, "nb_education": 1, "nb_sante": 0, "nb_banques": 0, "nb_restauration": 0, "nb_bureaux": 0, "nb_transport": 0, "nb_loisirs": 0, "nb_lieux_culte": 0, "nb_axes_structurants": 5, "longueur_principale_m": 2719.0, "dens_commerces_km2": 1.5, "lat": 3.782389, "lon": 11.521375 }, "geometry": { "type": "Polygon", "coordinates": [ [ [ 11.523931927039913, 3.778827242303048 ], [ 11.525960895508616, 3.783115853785921 ], [ 11.523404224312246, 3.786677063797657 ], [ 11.518818820973577, 3.785949781059147 ], [ 11.516789905308302, 3.781661426943915 ], [ 11.51934634016358, 3.778100098206898 ], [ 11.523931927039913, 3.778827242303048 ] ] ] } },
{ "type": "Feature", "properties": { "cell_id": "88828b41abfffff", "arrondissement": "Yaoundé IV", "profil_marche": "Peripherie residentielle", "score_potentiel_brut": 46.46, "score_potentiel_net": 30.2, "rang_net": 297, "dist_min_m": 564.0, "enseigne_plus_proche": "Vision Finance Odja", "nb_batiments": 578, "dens_bat_km2": 859.0, "dens_route_m_km2": 21147.0, "nb_commerces": 1, "nb_education": 2, "nb_sante": 0, "nb_banques": 0, "nb_restauration": 0, "nb_bureaux": 0, "nb_transport": 0, "nb_loisirs": 1, "nb_lieux_culte": 0, "nb_axes_structurants": 5, "longueur_principale_m": 2719.0, "dens_commerces_km2": 1.5, "lat": 3.790238, "lon": 11.520848 }, "geometry": { "type": "Polygon", "coordinates": [ [ [ 11.523404224312246, 3.786677063797657 ], [ 11.525433120769906, 3.790965379368508 ], [ 11.522876561099022, 3.794526154833196 ], [ 11.518291341284138, 3.793798733497079 ], [ 11.516262497631024, 3.789510675286537 ], [ 11.518818820973577, 3.785949781059147 ], [ 11.523404224312246, 3.786677063797657 ] ] ] } },
{ "type": "Feature", "properties": { "cell_id": "88828b4c47fffff", "arrondissement": "Yaoundé VI", "profil_marche": "Peripherie residentielle", "score_potentiel_brut": 45.15, "score_potentiel_net": 30.14, "rang_net": 298, "dist_min_m": 1100.0, "enseigne_plus_proche": "Afriland First Bank", "nb_batiments": 1605, "dens_bat_km2": 2388.0, "dens_route_m_km2": 30884.0, "nb_commerces": 0, "nb_education": 3, "nb_sante": 0, "nb_banques": 0, "nb_restauration": 0, "nb_bureaux": 0, "nb_transport": 0, "nb_loisirs": 0, "nb_lieux_culte": 0, "nb_axes_structurants": 0, "longueur_principale_m": 0.0, "dens_commerces_km2": 0.0, "lat": 3.841437, "lon": 11.468772 }, "geometry": { "type": "Polygon", "coordinates": [ [ [ 11.471325701653701, 3.837880404213109 ], [ 11.4733539391279, 3.842165732989284 ], [ 11.470800260109778, 3.845722556632285 ], [ 11.466218580175855, 3.844994170317424 ], [ 11.464190395951631, 3.840709099083524 ], [ 11.466743838396701, 3.837152156629556 ], [ 11.471325701653701, 3.837880404213109 ] ] ] } },
{ "type": "Feature", "properties": { "cell_id": "88828b4181fffff", "arrondissement": "Yaoundé IV", "profil_marche": "Zone peu equipee", "score_potentiel_brut": 35.56, "score_potentiel_net": 30.11, "rang_net": 299, "dist_min_m": 2124.0, "enseigne_plus_proche": "Vision Finance Odja", "nb_batiments": 77, "dens_bat_km2": 114.0, "dens_route_m_km2": 19685.0, "nb_commerces": 0, "nb_education": 1, "nb_sante": 0, "nb_banques": 0, "nb_restauration": 0, "nb_bureaux": 0, "nb_transport": 0, "nb_loisirs": 1, "nb_lieux_culte": 0, "nb_axes_structurants": 3, "longueur_principale_m": 0.0, "dens_commerces_km2": 0.0, "lat": 3.777373, "lon": 11.514761 }, "geometry": { "type": "Polygon", "coordinates": [ [ [ 11.517317352481356, 3.773811448306688 ], [ 11.51934634016358, 3.778100098206898 ], [ 11.516789905308302, 3.781661426943915 ], [ 11.512204719152319, 3.780934224461442 ], [ 11.510175784335541, 3.776645831966578 ], [ 11.512731982794627, 3.773084384556198 ], [ 11.517317352481356, 3.773811448306688 ] ] ] } },
{ "type": "Feature", "properties": { "cell_id": "88828b4e09fffff", "arrondissement": "Yaoundé III", "profil_marche": "Zone peu equipee", "score_potentiel_brut": 30.08, "score_potentiel_net": 30.08, "rang_net": 300, "dist_min_m": 4329.0, "enseigne_plus_proche": "Afriland First Bank Damas", "nb_batiments": 179, "dens_bat_km2": 266.0, "dens_route_m_km2": 11958.0, "nb_commerces": 0, "nb_education": 0, "nb_sante": 0, "nb_banques": 0, "nb_restauration": 0, "nb_bureaux": 0, "nb_transport": 0, "nb_loisirs": 0, "nb_lieux_culte": 0, "nb_axes_structurants": 0, "longueur_principale_m": 0.0, "dens_commerces_km2": 0.0, "lat": 3.789357, "lon": 11.465313 }, "geometry": { "type": "Polygon", "coordinates": [ [ [ 11.467867525319251, 3.785797578856041 ], [ 11.469896213648603, 3.790084721895565 ], [ 11.467342103126951, 3.793644273647439 ], [ 11.462759540965994, 3.792916800901915 ], [ 11.460730905942155, 3.788629915487242 ], [ 11.463284779759123, 3.78507024520063 ], [ 11.467867525319251, 3.785797578856041 ] ] ] } },
{ "type": "Feature", "properties": { "cell_id": "88828b4087fffff", "arrondissement": "Yaoundé III", "profil_marche": "Zone peu equipee", "score_potentiel_brut": 30.02, "score_potentiel_net": 30.02, "rang_net": 301, "dist_min_m": 7810.0, "enseigne_plus_proche": "Vision Finance Odja", "nb_batiments": 107, "dens_bat_km2": 159.0, "dens_route_m_km2": 4038.0, "nb_commerces": 0, "nb_education": 0, "nb_sante": 0, "nb_banques": 0, "nb_restauration": 0, "nb_bureaux": 0, "nb_transport": 0, "nb_loisirs": 1, "nb_lieux_culte": 0, "nb_axes_structurants": 1, "longueur_principale_m": 0.0, "dens_commerces_km2": 0.0, "lat": 3.750115, "lon": 11.467941 }, "geometry": { "type": "Polygon", "coordinates": [ [ [ 11.47049522652514, 3.746553157051087 ], [ 11.47252427507234, 3.75084177636384 ], [ 11.469969607570274, 3.754403500475954 ], [ 11.46538612827503, 3.753676723629694 ], [ 11.463357133028053, 3.749388361978315 ], [ 11.465911563761477, 3.745826519519236 ], [ 11.47049522652514, 3.746553157051087 ] ] ] } },
{ "type": "Feature", "properties": { "cell_id": "88828b472dfffff", "arrondissement": "Yaoundé III", "profil_marche": "Zone peu equipee", "score_potentiel_brut": 30.0, "score_potentiel_net": 30.0, "rang_net": 302, "dist_min_m": 11970.0, "enseigne_plus_proche": "Afriland First Bank Damas", "nb_batiments": 42, "dens_bat_km2": 62.0, "dens_route_m_km2": 21627.0, "nb_commerces": 0, "nb_education": 0, "nb_sante": 0, "nb_banques": 0, "nb_restauration": 0, "nb_bureaux": 0, "nb_transport": 0, "nb_loisirs": 0, "nb_lieux_culte": 0, "nb_axes_structurants": 1, "longueur_principale_m": 0.0, "dens_commerces_km2": 0.0, "lat": 3.722203, "lon": 11.442016 }, "geometry": { "type": "Polygon", "coordinates": [ [ [ 11.444570139275356, 3.718640553556973 ], [ 11.446599334601697, 3.722929615172447 ], [ 11.444045503131608, 3.726492246456294 ], [ 11.439462713321626, 3.725765934232923 ], [ 11.437433571542138, 3.721477130435957 ], [ 11.439987166011152, 3.71791438105126 ], [ 11.444570139275356, 3.718640553556973 ] ] ] } },
{ "type": "Feature", "properties": { "cell_id": "88828b4c39fffff", "arrondissement": "Yaoundé VII", "profil_marche": "Centre structure commercant", "score_potentiel_brut": 45.22, "score_potentiel_net": 30.0, "rang_net": 303, "dist_min_m": 1077.0, "enseigne_plus_proche": "Afriland First Bank", "nb_batiments": 217, "dens_bat_km2": 323.0, "dens_route_m_km2": 18317.0, "nb_commerces": 6, "nb_education": 3, "nb_sante": 1, "nb_banques": 0, "nb_restauration": 1, "nb_bureaux": 3, "nb_transport": 0, "nb_loisirs": 1, "nb_lieux_culte": 0, "nb_axes_structurants": 0, "longueur_principale_m": 0.0, "dens_commerces_km2": 8.9, "lat": 3.862774, "lon": 11.453453 }, "geometry": { "type": "Polygon", "coordinates": [ [ [ 11.456006174041844, 3.859218696327204 ], [ 11.458034160963892, 3.863502916986144 ], [ 11.455481400298284, 3.867058237329795 ], [ 11.450900889327649, 3.866329455878601 ], [ 11.448872955783425, 3.862045492806818 ], [ 11.451425479817422, 3.858490053606484 ], [ 11.456006174041844, 3.859218696327204 ] ] ] } },
{ "type": "Feature", "properties": { "cell_id": "88828b41a7fffff", "arrondissement": "Yaoundé IV", "profil_marche": "Peripherie residentielle", "score_potentiel_brut": 46.09, "score_potentiel_net": 29.98, "rang_net": 304, "dist_min_m": 1003.0, "enseigne_plus_proche": "Vision Finance Odja", "nb_batiments": 990, "dens_bat_km2": 1471.0, "dens_route_m_km2": 25190.0, "nb_commerces": 0, "nb_education": 0, "nb_sante": 0, "nb_banques": 0, "nb_restauration": 2, "nb_bureaux": 0, "nb_transport": 0, "nb_loisirs": 1, "nb_lieux_culte": 0, "nb_axes_structurants": 3, "longueur_principale_m": 3216.0, "dens_commerces_km2": 0.0, "lat": 3.803102, "lon": 11.526934 }, "geometry": { "type": "Polygon", "coordinates": [ [ [ 11.529490822429807, 3.799541675761981 ], [ 11.531519627623236, 3.80382965646496 ], [ 11.528962943208251, 3.807389878455767 ], [ 11.524377689845583, 3.806662238602824 ], [ 11.522348937395815, 3.802374515215032 ], [ 11.524905385550342, 3.798814174372319 ], [ 11.529490822429807, 3.799541675761981 ] ] ] } },
{ "type": "Feature", "properties": { "cell_id": "88828b40bbfffff", "arrondissement": "Yaoundé III", "profil_marche": "Zone peu equipee", "score_potentiel_brut": 29.95, "score_potentiel_net": 29.95, "rang_net": 305, "dist_min_m": 8112.0, "enseigne_plus_proche": "Afriland First Bank Damas", "nb_batiments": 48, "dens_bat_km2": 71.0, "dens_route_m_km2": 15504.0, "nb_commerces": 0, "nb_education": 0, "nb_sante": 0, "nb_banques": 0, "nb_restauration": 0, "nb_bureaux": 0, "nb_transport": 0, "nb_loisirs": 0, "nb_lieux_culte": 0, "nb_axes_structurants": 2, "longueur_principale_m": 0.0, "dens_commerces_km2": 0.0, "lat": 3.755784, "lon": 11.453666 }, "geometry": { "type": "Polygon", "coordinates": [ [ [ 11.45621978927657, 3.752223192707762 ], [ 11.458248731160328, 3.756511296667438 ], [ 11.455694760018744, 3.7600723888526 ], [ 11.45111208383164, 3.759345495403596 ], [ 11.44908319537403, 3.755057649165843 ], [ 11.451636929662756, 3.751496438662599 ], [ 11.45621978927657, 3.752223192707762 ] ] ] } },
{ "type": "Feature", "properties": { "cell_id": "8858db4d15fffff", "arrondissement": "Yaoundé I", "profil_marche": "Peripherie residentielle", "score_potentiel_brut": 44.77, "score_potentiel_net": 29.9, "rang_net": 306, "dist_min_m": 1102.0, "enseigne_plus_proche": "Guichet SGC", "nb_batiments": 908, "dens_bat_km2": 1352.0, "dens_route_m_km2": 16238.0, "nb_commerces": 0, "nb_education": 1, "nb_sante": 0, "nb_banques": 0, "nb_restauration": 0, "nb_bureaux": 0, "nb_transport": 0, "nb_loisirs": 4, "nb_lieux_culte": 0, "nb_axes_structurants": 4, "longueur_principale_m": 2606.0, "dens_commerces_km2": 0.0, "lat": 3.936415, "lon": 11.517967 }, "geometry": { "type": "Polygon", "coordinates": [ [ [ 11.520522248012893, 3.932861572121205 ], [ 11.522549829925373, 3.937144499887341 ], [ 11.519995040113459, 3.940697321284834 ], [ 11.515412904418664, 3.939967334406706 ], [ 11.513385375268836, 3.935684663825562 ], [ 11.515939929036533, 3.932131722944922 ], [ 11.520522248012893, 3.932861572121205 ] ] ] } },
{ "type": "Feature", "properties": { "cell_id": "88828b456dfffff", "arrondissement": "Yaoundé III", "profil_marche": "Zone peu equipee", "score_potentiel_brut": 29.89, "score_potentiel_net": 29.89, "rang_net": 307, "dist_min_m": 8274.0, "enseigne_plus_proche": "Afriland First Bank Damas", "nb_batiments": 49, "dens_bat_km2": 73.0, "dens_route_m_km2": 15179.0, "nb_commerces": 0, "nb_education": 0, "nb_sante": 0, "nb_banques": 0, "nb_restauration": 0, "nb_bureaux": 0, "nb_transport": 0, "nb_loisirs": 0, "nb_lieux_culte": 0, "nb_axes_structurants": 2, "longueur_principale_m": 0.0, "dens_commerces_km2": 0.0, "lat": 3.758619, "lon": 11.44653 }, "geometry": { "type": "Polygon", "coordinates": [ [ [ 11.44908319537403, 3.755057649165843 ], [ 11.45111208383164, 3.759345495403596 ], [ 11.448558460900577, 3.762906271547477 ], [ 11.443976186392211, 3.762179319764738 ], [ 11.441947351423696, 3.757891731279204 ], [ 11.44450073745983, 3.754330836831621 ], [ 11.44908319537403, 3.755057649165843 ] ] ] } },
{ "type": "Feature", "properties": { "cell_id": "88828b472bfffff", "arrondissement": "Yaoundé III", "profil_marche": "Zone peu equipee", "score_potentiel_brut": 29.89, "score_potentiel_net": 29.89, "rang_net": 308, "dist_min_m": 12920.0, "enseigne_plus_proche": "Afriland First Bank Damas", "nb_batiments": 34, "dens_bat_km2": 51.0, "dens_route_m_km2": 21468.0, "nb_commerces": 0, "nb_education": 0, "nb_sante": 0, "nb_banques": 0, "nb_restauration": 0, "nb_bureaux": 0, "nb_transport": 0, "nb_loisirs": 0, "nb_lieux_culte": 0, "nb_axes_structurants": 1, "longueur_principale_m": 0.0, "dens_commerces_km2": 0.0, "lat": 3.720025, "lon": 11.428269 }, "geometry": { "type": "Polygon", "coordinates": [ [ [ 11.430821839990307, 3.716462059621652 ], [ 11.432851000248005, 3.720750899821267 ], [ 11.430297754181344, 3.72431333323383 ], [ 11.425715584940262, 3.723587044488499 ], [ 11.423686478354167, 3.719298462175038 ], [ 11.426239487322949, 3.715735910728196 ], [ 11.430821839990307, 3.716462059621652 ] ] ] } },
{ "type": "Feature", "properties": { "cell_id": "8858db4d43fffff", "arrondissement": "Yaoundé I", "profil_marche": "Zone peu equipee", "score_potentiel_brut": 29.86, "score_potentiel_net": 29.86, "rang_net": 309, "dist_min_m": 3927.0, "enseigne_plus_proche": "Guichet SGC", "nb_batiments": 161, "dens_bat_km2": 240.0, "dens_route_m_km2": 8523.0, "nb_commerces": 0, "nb_education": 0, "nb_sante": 0, "nb_banques": 0, "nb_restauration": 0, "nb_bureaux": 0, "nb_transport": 0, "nb_loisirs": 0, "nb_lieux_culte": 0, "nb_axes_structurants": 1, "longueur_principale_m": 0.0, "dens_commerces_km2": 0.0, "lat": 3.957727, "lon": 11.502642 }, "geometry": { "type": "Polygon", "coordinates": [ [ [ 11.505196052244642, 3.954175848957939 ], [ 11.507223384739124, 3.958457665636674 ], [ 11.504669512376267, 3.962008981826373 ], [ 11.500088543607603, 3.961278600872758 ], [ 11.498061264003892, 3.956997041423152 ], [ 11.500614900263445, 3.953445605705415 ], [ 11.505196052244642, 3.954175848957939 ] ] ] } },
{ "type": "Feature", "properties": { "cell_id": "88828b4f21fffff", "arrondissement": "Yaoundé IV", "profil_marche": "Quartier d'activite mixte", "score_potentiel_brut": 45.59, "score_potentiel_net": 29.63, "rang_net": 310, "dist_min_m": 220.0, "enseigne_plus_proche": "Afriland First bank POS", "nb_batiments": 1274, "dens_bat_km2": 1894.0, "dens_route_m_km2": 19849.0, "nb_commerces": 1, "nb_education": 0, "nb_sante": 0, "nb_banques": 4, "nb_restauration": 3, "nb_bureaux": 1, "nb_transport": 0, "nb_loisirs": 2, "nb_lieux_culte": 0, "nb_axes_structurants": 21, "longueur_principale_m": 2190.0, "dens_commerces_km2": 1.5, "lat": 3.850178, "lon": 11.523768 }, "geometry": { "type": "Polygon", "coordinates": [ [ [ 11.526324139878069, 3.84661992285511 ], [ 11.528352513168649, 3.850906124097087 ], [ 11.525796497737119, 3.854463736563373 ], [ 11.52121234518448, 3.853735266870597 ], [ 11.519184024644304, 3.849449322898907 ], [ 11.521739803891714, 3.845891591357073 ], [ 11.526324139878069, 3.84661992285511 ] ] ] } },
{ "type": "Feature", "properties": { "cell_id": "88828b4097fffff", "arrondissement": "Yaoundé III", "profil_marche": "Zone peu equipee", "score_potentiel_brut": 29.62, "score_potentiel_net": 29.62, "rang_net": 311, "dist_min_m": 8959.0, "enseigne_plus_proche": "Afriland First Bank Damas", "nb_batiments": 39, "dens_bat_km2": 58.0, "dens_route_m_km2": 15837.0, "nb_commerces": 0, "nb_education": 0, "nb_sante": 0, "nb_banques": 0, "nb_restauration": 0, "nb_bureaux": 0, "nb_transport": 0, "nb_loisirs": 0, "nb_lieux_culte": 0, "nb_axes_structurants": 2, "longueur_principale_m": 0.0, "dens_commerces_km2": 0.0, "lat": 3.75077, "lon": 11.447054 }, "geometry": { "type": "Polygon", "coordinates": [ [ [ 11.44960796914417, 3.747208297551604 ], [ 11.451636929662756, 3.751496438662599 ], [ 11.44908319537403, 3.755057649165843 ], [ 11.44450073745983, 3.754330836831621 ], [ 11.442471830429254, 3.750042953480065 ], [ 11.445025327810242, 3.746481624710738 ], [ 11.44960796914417, 3.747208297551604 ] ] ] } },
{ "type": "Feature", "properties": { "cell_id": "88828b4e49fffff", "arrondissement": "Yaoundé III", "profil_marche": "Zone peu equipee", "score_potentiel_brut": 29.59, "score_potentiel_net": 29.59, "rang_net": 312, "dist_min_m": 5703.0, "enseigne_plus_proche": "Afriland First Bank Damas", "nb_batiments": 113, "dens_bat_km2": 168.0, "dens_route_m_km2": 11637.0, "nb_commerces": 0, "nb_education": 0, "nb_sante": 0, "nb_banques": 0, "nb_restauration": 0, "nb_bureaux": 0, "nb_transport": 0, "nb_loisirs": 0, "nb_lieux_culte": 0, "nb_axes_structurants": 1, "longueur_principale_m": 0.0, "dens_commerces_km2": 0.0, "lat": 3.770829, "lon": 11.473502 }, "geometry": { "type": "Polygon", "coordinates": [ [ [ 11.476056446209958, 3.767268140708888 ], [ 11.478085331852593, 3.771556132226421 ], [ 11.475530650481856, 3.775116869145139 ], [ 11.470947320141951, 3.774389733027851 ], [ 11.468918487739717, 3.770101999119587 ], [ 11.471472932422349, 3.766541143726742 ], [ 11.476056446209958, 3.767268140708888 ] ] ] } },
{ "type": "Feature", "properties": { "cell_id": "88828b4e5dfffff", "arrondissement": "Yaoundé III", "profil_marche": "Zone peu equipee", "score_potentiel_brut": 29.55, "score_potentiel_net": 29.55, "rang_net": 313, "dist_min_m": 5862.0, "enseigne_plus_proche": "Afriland First Bank Damas", "nb_batiments": 103, "dens_bat_km2": 153.0, "dens_route_m_km2": 11252.0, "nb_commerces": 0, "nb_education": 0, "nb_sante": 0, "nb_banques": 0, "nb_restauration": 0, "nb_bureaux": 0, "nb_transport": 0, "nb_loisirs": 0, "nb_lieux_culte": 0, "nb_axes_structurants": 1, "longueur_principale_m": 0.0, "dens_commerces_km2": 0.0, "lat": 3.776496, "lon": 11.459227 }, "geometry": { "type": "Polygon", "coordinates": [ [ [ 11.461781278783473, 3.772935483159486 ], [ 11.463810057882279, 3.777222959428167 ], [ 11.461256072700179, 3.780783064299106 ], [ 11.456673545177054, 3.780055811354065 ], [ 11.454644819444605, 3.775768592755196 ], [ 11.457198567854308, 3.772208369438964 ], [ 11.461781278783473, 3.772935483159486 ] ] ] } },
{ "type": "Feature", "properties": { "cell_id": "88828b4d3dfffff", "arrondissement": "Yaoundé I", "profil_marche": "Centre structure commercant", "score_potentiel_brut": 44.64, "score_potentiel_net": 29.48, "rang_net": 314, "dist_min_m": 1059.0, "enseigne_plus_proche": "Société general", "nb_batiments": 147, "dens_bat_km2": 219.0, "dens_route_m_km2": 12795.0, "nb_commerces": 2, "nb_education": 1, "nb_sante": 1, "nb_banques": 0, "nb_restauration": 1, "nb_bureaux": 0, "nb_transport": 0, "nb_loisirs": 29, "nb_lieux_culte": 0, "nb_axes_structurants": 11, "longueur_principale_m": 0.0, "dens_commerces_km2": 3.0, "lat": 3.902878, "lon": 11.506328 }, "geometry": { "type": "Polygon", "coordinates": [ [ [ 11.508882934774729, 3.89932336239869 ], [ 11.510910770756123, 3.903607265411191 ], [ 11.508356119013145, 3.907161633043448 ], [ 11.503773867466522, 3.906432216939926 ], [ 11.501746084368239, 3.902148571211958 ], [ 11.504300499918804, 3.898594084310338 ], [ 11.508882934774729, 3.89932336239869 ] ] ] } },
{ "type": "Feature", "properties": { "cell_id": "88828b4083fffff", "arrondissement": "Yaoundé III", "profil_marche": "Zone peu equipee", "score_potentiel_brut": 29.47, "score_potentiel_net": 29.47, "rang_net": 315, "dist_min_m": 8726.0, "enseigne_plus_proche": "Vision Finance Odja", "nb_batiments": 42, "dens_bat_km2": 62.0, "dens_route_m_km2": 18287.0, "nb_commerces": 0, "nb_education": 0, "nb_sante": 0, "nb_banques": 0, "nb_restauration": 0, "nb_bureaux": 0, "nb_transport": 0, "nb_loisirs": 0, "nb_lieux_culte": 0, "nb_axes_structurants": 1, "longueur_principale_m": 0.0, "dens_commerces_km2": 0.0, "lat": 3.7451, "lon": 11.461328 }, "geometry": { "type": "Polygon", "coordinates": [ [ [ 11.46388249645562, 3.74153786298014 ], [ 11.465911563761477, 3.745826519519236 ], [ 11.463357133028053, 3.749388361978315 ], [ 11.458773871797751, 3.748661666200633 ], [ 11.456744857854027, 3.744373267360444 ], [ 11.459299051763857, 3.740811306606446 ], [ 11.46388249645562, 3.74153786298014 ] ] ] } },
{ "type": "Feature", "properties": { "cell_id": "8858db4de9fffff", "arrondissement": "Yaoundé I", "profil_marche": "Peripherie residentielle", "score_potentiel_brut": 40.82, "score_potentiel_net": 29.42, "rang_net": 316, "dist_min_m": 1405.0, "enseigne_plus_proche": "Guichet SGC", "nb_batiments": 1758, "dens_bat_km2": 2617.0, "dens_route_m_km2": 20975.0, "nb_commerces": 0, "nb_education": 1, "nb_sante": 0, "nb_banques": 0, "nb_restauration": 0, "nb_bureaux": 0, "nb_transport": 0, "nb_loisirs": 0, "nb_lieux_culte": 0, "nb_axes_structurants": 0, "longueur_principale_m": 0.0, "dens_commerces_km2": 0.0, "lat": 3.930768, "lon": 11.532243 }, "geometry": { "type": "Polygon", "coordinates": [ [ [ 11.534798236070532, 3.927214261757078 ], [ 11.536825923319308, 3.931497703802851 ], [ 11.534270438775101, 3.935051157995608 ], [ 11.529687502926977, 3.934321289662016 ], [ 11.527659868314826, 3.930038104740992 ], [ 11.530215116899507, 3.926484531036149 ], [ 11.534798236070532, 3.927214261757078 ] ] ] } },
{ "type": "Feature", "properties": { "cell_id": "88828b40d7fffff", "arrondissement": "Yaoundé III", "profil_marche": "Zone peu equipee", "score_potentiel_brut": 29.41, "score_potentiel_net": 29.41, "rang_net": 317, "dist_min_m": 10159.0, "enseigne_plus_proche": "Vision Finance Odja", "nb_batiments": 51, "dens_bat_km2": 76.0, "dens_route_m_km2": 17853.0, "nb_commerces": 0, "nb_education": 0, "nb_sante": 0, "nb_banques": 0, "nb_restauration": 0, "nb_bureaux": 0, "nb_transport": 0, "nb_loisirs": 0, "nb_lieux_culte": 0, "nb_axes_structurants": 1, "longueur_principale_m": 0.0, "dens_commerces_km2": 0.0, "lat": 3.732234, "lon": 11.455241 }, "geometry": { "type": "Polygon", "coordinates": [ [ [ 11.457795112985108, 3.728671229838934 ], [ 11.45982427106302, 3.732960218080067 ], [ 11.457269965755435, 3.736522613005752 ], [ 11.452686739246614, 3.73579613790288 ], [ 11.450657634591744, 3.731507407405356 ], [ 11.453211703008009, 3.727944894274506 ], [ 11.457795112985108, 3.728671229838934 ] ] ] } },
{ "type": "Feature", "properties": { "cell_id": "88828b4f29fffff", "arrondissement": "Yaoundé IV", "profil_marche": "Peripherie residentielle", "score_potentiel_brut": 45.11, "score_potentiel_net": 29.32, "rang_net": 318, "dist_min_m": 808.0, "enseigne_plus_proche": "Afriland First bank", "nb_batiments": 805, "dens_bat_km2": 1197.0, "dens_route_m_km2": 17340.0, "nb_commerces": 0, "nb_education": 1, "nb_sante": 0, "nb_banques": 0, "nb_restauration": 2, "nb_bureaux": 0, "nb_transport": 0, "nb_loisirs": 2, "nb_lieux_culte": 0, "nb_axes_structurants": 4, "longueur_principale_m": 1363.0, "dens_commerces_km2": 0.0, "lat": 3.842334, "lon": 11.524296 }, "geometry": { "type": "Polygon", "coordinates": [ [ [ 11.526851821521577, 3.838775377164608 ], [ 11.528880266784086, 3.843061875281728 ], [ 11.526324139878069, 3.84661992285511 ], [ 11.521739803891714, 3.845891591357073 ], [ 11.519711411378479, 3.841605350517806 ], [ 11.522267302087656, 3.838047183906069 ], [ 11.526851821521577, 3.838775377164608 ] ] ] } },
{ "type": "Feature", "properties": { "cell_id": "88828b454dfffff", "arrondissement": "Yaoundé III", "profil_marche": "Zone peu equipee", "score_potentiel_brut": 29.25, "score_potentiel_net": 29.25, "rang_net": 319, "dist_min_m": 10687.0, "enseigne_plus_proche": "Afriland First Bank Damas", "nb_batiments": 42, "dens_bat_km2": 62.0, "dens_route_m_km2": 12249.0, "nb_commerces": 0, "nb_education": 0, "nb_sante": 0, "nb_banques": 0, "nb_restauration": 0, "nb_bureaux": 0, "nb_transport": 0, "nb_loisirs": 0, "nb_lieux_culte": 0, "nb_axes_structurants": 2, "longueur_principale_m": 0.0, "dens_commerces_km2": 0.0, "lat": 3.74074, "lon": 11.433832 }, "geometry": { "type": "Polygon", "coordinates": [ [ [ 11.436384928149781, 3.737178640169708 ], [ 11.438413925769824, 3.74146685508922 ], [ 11.435860665351402, 3.745028302072543 ], [ 11.431278644315732, 3.744301652305646 ], [ 11.429249700307443, 3.740013695220511 ], [ 11.431802723708469, 3.736452130075308 ], [ 11.436384928149781, 3.737178640169708 ] ] ] } },
{ "type": "Feature", "properties": { "cell_id": "8858db4dc5fffff", "arrondissement": "Yaoundé I", "profil_marche": "Zone peu equipee", "score_potentiel_brut": 33.27, "score_potentiel_net": 29.16, "rang_net": 320, "dist_min_m": 2294.0, "enseigne_plus_proche": "Guichet SGC", "nb_batiments": 628, "dens_bat_km2": 935.0, "dens_route_m_km2": 13642.0, "nb_commerces": 0, "nb_education": 0, "nb_sante": 0, "nb_banques": 0, "nb_restauration": 0, "nb_bureaux": 0, "nb_transport": 0, "nb_loisirs": 1, "nb_lieux_culte": 0, "nb_axes_structurants": 0, "longueur_principale_m": 0.0, "dens_commerces_km2": 0.0, "lat": 3.935781, "lon": 11.538854 }, "geometry": { "type": "Polygon", "coordinates": [ [ [ 11.541409259118685, 3.932227512895723 ], [ 11.543436927029443, 3.936510913711922 ], [ 11.54088120658079, 3.940064248341231 ], [ 11.536298054111148, 3.939334301725125 ], [ 11.534270438775101, 3.935051157995608 ], [ 11.536825923319308, 3.931497703802851 ], [ 11.541409259118685, 3.932227512895723 ] ] ] } },
{ "type": "Feature", "properties": { "cell_id": "88828b41c5fffff", "arrondissement": "Yaoundé IV", "profil_marche": "Zone peu equipee", "score_potentiel_brut": 29.09, "score_potentiel_net": 29.09, "rang_net": 321, "dist_min_m": 3509.0, "enseigne_plus_proche": "Vision Finance Odja", "nb_batiments": 170, "dens_bat_km2": 252.0, "dens_route_m_km2": 10780.0, "nb_commerces": 0, "nb_education": 0, "nb_sante": 0, "nb_banques": 0, "nb_restauration": 0, "nb_bureaux": 0, "nb_transport": 0, "nb_loisirs": 0, "nb_lieux_culte": 0, "nb_axes_structurants": 0, "longueur_principale_m": 0.0, "dens_commerces_km2": 0.0, "lat": 3.763852, "lon": 11.529574 }, "geometry": { "type": "Polygon", "coordinates": [ [ [ 11.532130811554437, 3.76028970391552 ], [ 11.534159976797552, 3.764579164214812 ], [ 11.531602734646102, 3.768141558752614 ], [ 11.527016563560913, 3.767414611663311 ], [ 11.524987451055816, 3.763125408715733 ], [ 11.527544456883181, 3.759562895513097 ], [ 11.532130811554437, 3.76028970391552 ] ] ] } },
{ "type": "Feature", "properties": { "cell_id": "88828b40dbfffff", "arrondissement": "Yaoundé III", "profil_marche": "Zone peu equipee", "score_potentiel_brut": 29.07, "score_potentiel_net": 29.07, "rang_net": 322, "dist_min_m": 11625.0, "enseigne_plus_proche": "Vision Finance Odja", "nb_batiments": 31, "dens_bat_km2": 46.0, "dens_route_m_km2": 17851.0, "nb_commerces": 0, "nb_education": 0, "nb_sante": 0, "nb_banques": 0, "nb_restauration": 0, "nb_bureaux": 0, "nb_transport": 0, "nb_loisirs": 0, "nb_lieux_culte": 0, "nb_axes_structurants": 1, "longueur_principale_m": 0.0, "dens_commerces_km2": 0.0, "lat": 3.719367, "lon": 11.449153 }, "geometry": { "type": "Polygon", "coordinates": [ [ [ 11.451707457277939, 3.715803602670624 ], [ 11.453736706088169, 3.720092922074274 ], [ 11.451182526277842, 3.723655869263832 ], [ 11.446599334601697, 3.722929615172447 ], [ 11.444570139275356, 3.718640553556973 ], [ 11.447124082126647, 3.715077488252134 ], [ 11.451707457277939, 3.715803602670624 ] ] ] } },
{ "type": "Feature", "properties": { "cell_id": "8858db4d2bfffff", "arrondissement": "Yaoundé I", "profil_marche": "Zone peu equipee", "score_potentiel_brut": 31.55, "score_potentiel_net": 28.96, "rang_net": 323, "dist_min_m": 2531.0, "enseigne_plus_proche": "Guichet SGC", "nb_batiments": 357, "dens_bat_km2": 532.0, "dens_route_m_km2": 19499.0, "nb_commerces": 0, "nb_education": 0, "nb_sante": 0, "nb_banques": 0, "nb_restauration": 0, "nb_bureaux": 0, "nb_transport": 0, "nb_loisirs": 0, "nb_lieux_culte": 0, "nb_axes_structurants": 0, "longueur_principale_m": 0.0, "dens_commerces_km2": 0.0, "lat": 3.929212, "lon": 11.497613 }, "geometry": { "type": "Polygon", "coordinates": [ [ [ 11.500166639280859, 3.925659461658709 ], [ 11.502194206567275, 3.929942213977823 ], [ 11.499640236380337, 3.933494957787072 ], [ 11.495058935088792, 3.932765068650472 ], [ 11.493031420751704, 3.928482573622381 ], [ 11.495585154742217, 3.924929710447218 ], [ 11.500166639280859, 3.925659461658709 ] ] ] } },
{ "type": "Feature", "properties": { "cell_id": "88828b4c43fffff", "arrondissement": "Yaoundé VI", "profil_marche": "Peripherie residentielle", "score_potentiel_brut": 43.7, "score_potentiel_net": 28.93, "rang_net": 324, "dist_min_m": 1069.0, "enseigne_plus_proche": "Afriland First Bank", "nb_batiments": 1057, "dens_bat_km2": 1573.0, "dens_route_m_km2": 25086.0, "nb_commerces": 0, "nb_education": 2, "nb_sante": 1, "nb_banques": 0, "nb_restauration": 0, "nb_bureaux": 0, "nb_transport": 0, "nb_loisirs": 0, "nb_lieux_culte": 0, "nb_axes_structurants": 0, "longueur_principale_m": 0.0, "dens_commerces_km2": 0.0, "lat": 3.836424, "lon": 11.462162 }, "geometry": { "type": "Polygon", "coordinates": [ [ [ 11.464715582171717, 3.832866789065382 ], [ 11.466743838396701, 3.837152156629556 ], [ 11.464190395951631, 3.840709099083524 ], [ 11.45960893389487, 3.839980792739887 ], [ 11.45758073098172, 3.835695682755679 ], [ 11.460133936798861, 3.832138621542518 ], [ 11.464715582171717, 3.832866789065382 ] ] ] } },
{ "type": "Feature", "properties": { "cell_id": "88828b40b5fffff", "arrondissement": "Yaoundé III", "profil_marche": "Zone peu equipee", "score_potentiel_brut": 28.92, "score_potentiel_net": 28.92, "rang_net": 325, "dist_min_m": 6476.0, "enseigne_plus_proche": "Afriland First Bank Damas", "nb_batiments": 70, "dens_bat_km2": 104.0, "dens_route_m_km2": 9599.0, "nb_commerces": 0, "nb_education": 0, "nb_sante": 0, "nb_banques": 0, "nb_restauration": 0, "nb_bureaux": 0, "nb_transport": 0, "nb_loisirs": 0, "nb_lieux_culte": 0, "nb_axes_structurants": 1, "longueur_principale_m": 0.0, "dens_commerces_km2": 0.0, "lat": 3.765814, "lon": 11.46689 }, "geometry": { "type": "Polygon", "coordinates": [ [ [ 11.469444027976584, 3.762253114563785 ], [ 11.471472932422349, 3.766541143726742 ], [ 11.468918487739717, 3.770101999119587 ], [ 11.464335375339754, 3.769374943779049 ], [ 11.462306524196327, 3.76508717226296 ], [ 11.464860732135893, 3.761526198447941 ], [ 11.469444027976584, 3.762253114563785 ] ] ] } },
{ "type": "Feature", "properties": { "cell_id": "88828b419dfffff", "arrondissement": "Yaoundé IV", "profil_marche": "Zone peu equipee", "score_potentiel_brut": 28.91, "score_potentiel_net": 28.91, "rang_net": 326, "dist_min_m": 3235.0, "enseigne_plus_proche": "Vision Finance Odja", "nb_batiments": 150, "dens_bat_km2": 223.0, "dens_route_m_km2": 11227.0, "nb_commerces": 0, "nb_education": 0, "nb_sante": 0, "nb_banques": 0, "nb_restauration": 0, "nb_bureaux": 0, "nb_transport": 0, "nb_loisirs": 0, "nb_lieux_culte": 0, "nb_axes_structurants": 0, "longueur_principale_m": 0.0, "dens_commerces_km2": 0.0, "lat": 3.775192, "lon": 11.501006 }, "geometry": { "type": "Polygon", "coordinates": [ [ [ 11.503561861561353, 3.771630279143228 ], [ 11.505590815473514, 3.775918709852969 ], [ 11.503034964952976, 3.779479841450037 ], [ 11.498450396999258, 3.778752660951691 ], [ 11.496421496077589, 3.774464487715339 ], [ 11.498977110104498, 3.770903237511325 ], [ 11.503561861561353, 3.771630279143228 ] ] ] } },
{ "type": "Feature", "properties": { "cell_id": "8858db4d63fffff", "arrondissement": "Yaoundé I", "profil_marche": "Zone peu equipee", "score_potentiel_brut": 28.85, "score_potentiel_net": 28.85, "rang_net": 327, "dist_min_m": 3664.0, "enseigne_plus_proche": "Guichet SGC", "nb_batiments": 6, "dens_bat_km2": 9.0, "dens_route_m_km2": 11300.0, "nb_commerces": 0, "nb_education": 0, "nb_sante": 0, "nb_banques": 0, "nb_restauration": 0, "nb_bureaux": 0, "nb_transport": 0, "nb_loisirs": 0, "nb_lieux_culte": 1, "nb_axes_structurants": 0, "longueur_principale_m": 0.0, "dens_commerces_km2": 0.0, "lat": 3.93987, "lon": 11.489952 }, "geometry": { "type": "Polygon", "coordinates": [ [ [ 11.49250531240375, 3.936317495905505 ], [ 11.494532754811932, 3.940599692901617 ], [ 11.491979243423307, 3.944151684163081 ], [ 11.487398525837726, 3.943421597824202 ], [ 11.485371136442874, 3.939139658141185 ], [ 11.487924411605647, 3.935587547491306 ], [ 11.49250531240375, 3.936317495905505 ] ] ] } },
{ "type": "Feature", "properties": { "cell_id": "88828b418dfffff", "arrondissement": "Yaoundé IV", "profil_marche": "Zone peu equipee", "score_potentiel_brut": 33.18, "score_potentiel_net": 28.84, "rang_net": 328, "dist_min_m": 2252.0, "enseigne_plus_proche": "Vision Finance Odja", "nb_batiments": 125, "dens_bat_km2": 186.0, "dens_route_m_km2": 12972.0, "nb_commerces": 1, "nb_education": 0, "nb_sante": 0, "nb_banques": 0, "nb_restauration": 10, "nb_bureaux": 0, "nb_transport": 0, "nb_loisirs": 0, "nb_lieux_culte": 0, "nb_axes_structurants": 0, "longueur_principale_m": 0.0, "dens_commerces_km2": 1.5, "lat": 3.774539, "lon": 11.521903 }, "geometry": { "type": "Polygon", "coordinates": [ [ [ 11.524459669286312, 3.770976690544109 ], [ 11.526488709770836, 3.775265597819248 ], [ 11.523931927039913, 3.778827242303048 ], [ 11.51934634016358, 3.778100098206898 ], [ 11.517317352481356, 3.773811448306688 ], [ 11.519873898858481, 3.770249685135071 ], [ 11.524459669286312, 3.770976690544109 ] ] ] } },
{ "type": "Feature", "properties": { "cell_id": "88828b4f53fffff", "arrondissement": "Yaoundé III", "profil_marche": "Peripherie residentielle", "score_potentiel_brut": 44.35, "score_potentiel_net": 28.83, "rang_net": 329, "dist_min_m": 379.0, "enseigne_plus_proche": "Afriland First Bank Damas", "nb_batiments": 1021, "dens_bat_km2": 1518.0, "dens_route_m_km2": 30246.0, "nb_commerces": 0, "nb_education": 1, "nb_sante": 0, "nb_banques": 1, "nb_restauration": 2, "nb_bureaux": 0, "nb_transport": 1, "nb_loisirs": 1, "nb_lieux_culte": 0, "nb_axes_structurants": 11, "longueur_principale_m": 0.0, "dens_commerces_km2": 0.0, "lat": 3.817261, "lon": 11.491234 }, "geometry": { "type": "Polygon", "coordinates": [ [ [ 11.493788882147763, 3.81370212870608 ], [ 11.495817422992012, 3.817988822529681 ], [ 11.493262477620952, 3.821547464777531 ], [ 11.488679227863138, 3.820819531988776 ], [ 11.486650740077879, 3.81653309563196 ], [ 11.489205448976822, 3.812974334604506 ], [ 11.493788882147763, 3.81370212870608 ] ] ] } },
{ "type": "Feature", "properties": { "cell_id": "88828b4727fffff", "arrondissement": "Yaoundé III", "profil_marche": "Zone peu equipee", "score_potentiel_brut": 28.81, "score_potentiel_net": 28.81, "rang_net": 330, "dist_min_m": 11367.0, "enseigne_plus_proche": "Afriland First Bank Damas", "nb_batiments": 31, "dens_bat_km2": 46.0, "dens_route_m_km2": 11813.0, "nb_commerces": 0, "nb_education": 0, "nb_sante": 0, "nb_banques": 0, "nb_restauration": 0, "nb_bureaux": 0, "nb_transport": 0, "nb_loisirs": 0, "nb_lieux_culte": 0, "nb_axes_structurants": 2, "longueur_principale_m": 0.0, "dens_commerces_km2": 0.0, "lat": 3.73289, "lon": 11.434356 }, "geometry": { "type": "Polygon", "coordinates": [ [ [ 11.43690923021191, 3.729328249559073 ], [ 11.438938299909307, 3.733616758977393 ], [ 11.436384928149781, 3.737178640169708 ], [ 11.431802723708469, 3.736452130075308 ], [ 11.429773707621816, 3.732163878498571 ], [ 11.432326842351122, 3.728601879182076 ], [ 11.43690923021191, 3.729328249559073 ] ] ] } },
{ "type": "Feature", "properties": { "cell_id": "88828b4f51fffff", "arrondissement": "Yaoundé III", "profil_marche": "Peripherie residentielle", "score_potentiel_brut": 42.35, "score_potentiel_net": 28.77, "rang_net": 331, "dist_min_m": 1167.0, "enseigne_plus_proche": "Afriland First Bank Damas", "nb_batiments": 1016, "dens_bat_km2": 1511.0, "dens_route_m_km2": 34874.0, "nb_commerces": 0, "nb_education": 0, "nb_sante": 0, "nb_banques": 0, "nb_restauration": 0, "nb_bureaux": 0, "nb_transport": 1, "nb_loisirs": 0, "nb_lieux_culte": 0, "nb_axes_structurants": 1, "longueur_principale_m": 0.0, "dens_commerces_km2": 0.0, "lat": 3.81443, "lon": 11.498373 }, "geometry": { "type": "Polygon", "coordinates": [ [ [ 11.500927773018416, 3.810870787128219 ], [ 11.50295636685863, 3.815157738388332 ], [ 11.500401073637814, 3.818716696688342 ], [ 11.495817422992012, 3.817988822529681 ], [ 11.493788882147763, 3.81370212870608 ], [ 11.496343938938718, 3.810143051612019 ], [ 11.500927773018416, 3.810870787128219 ] ] ] } },
{ "type": "Feature", "properties": { "cell_id": "88828b4c8dfffff", "arrondissement": "Yaoundé VII", "profil_marche": "Zone peu equipee", "score_potentiel_brut": 28.73, "score_potentiel_net": 28.73, "rang_net": 332, "dist_min_m": 4071.0, "enseigne_plus_proche": "Afriland First Bank", "nb_batiments": 157, "dens_bat_km2": 234.0, "dens_route_m_km2": 10913.0, "nb_commerces": 0, "nb_education": 0, "nb_sante": 0, "nb_banques": 0, "nb_restauration": 0, "nb_bureaux": 0, "nb_transport": 0, "nb_loisirs": 0, "nb_lieux_culte": 0, "nb_axes_structurants": 0, "longueur_principale_m": 0.0, "dens_commerces_km2": 0.0, "lat": 3.869066, "lon": 11.41832 }, "geometry": { "type": "Polygon", "coordinates": [ [ [ 11.420870917092678, 3.865511522110714 ], [ 11.422898708494989, 3.869794751056269 ], [ 11.420347576285103, 3.873348923857904 ], [ 11.415768889512293, 3.872619986468838 ], [ 11.413741151800687, 3.868337015268031 ], [ 11.416292047156606, 3.864782723718969 ], [ 11.420870917092678, 3.865511522110714 ] ] ] } },
{ "type": "Feature", "properties": { "cell_id": "88828b40b3fffff", "arrondissement": "Yaoundé III", "profil_marche": "Zone peu equipee", "score_potentiel_brut": 28.6, "score_potentiel_net": 28.6, "rang_net": 333, "dist_min_m": 7407.0, "enseigne_plus_proche": "Afriland First Bank Damas", "nb_batiments": 22, "dens_bat_km2": 33.0, "dens_route_m_km2": 10971.0, "nb_commerces": 0, "nb_education": 0, "nb_sante": 0, "nb_banques": 0, "nb_restauration": 0, "nb_bureaux": 0, "nb_transport": 0, "nb_loisirs": 0, "nb_lieux_culte": 0, "nb_axes_structurants": 2, "longueur_principale_m": 0.0, "dens_commerces_km2": 0.0, "lat": 3.763633, "lon": 11.453141 }, "geometry": { "type": "Polygon", "coordinates": [ [ [ 11.455694760018744, 3.7600723888526 ], [ 11.457723629847289, 3.764360197811838 ], [ 11.455169770076168, 3.7679208556 ], [ 11.450587277301942, 3.76719382279205 ], [ 11.448558460900577, 3.762906271547477 ], [ 11.45111208383164, 3.759345495403596 ], [ 11.455694760018744, 3.7600723888526 ] ] ] } },
{ "type": "Feature", "properties": { "cell_id": "8858db4d45fffff", "arrondissement": "Yaoundé I", "profil_marche": "Zone peu equipee", "score_potentiel_brut": 28.58, "score_potentiel_net": 28.58, "rang_net": 334, "dist_min_m": 4706.0, "enseigne_plus_proche": "Guichet SGC", "nb_batiments": 47, "dens_bat_km2": 70.0, "dens_route_m_km2": 11830.0, "nb_commerces": 0, "nb_education": 0, "nb_sante": 0, "nb_banques": 0, "nb_restauration": 0, "nb_bureaux": 0, "nb_transport": 0, "nb_loisirs": 0, "nb_lieux_culte": 0, "nb_axes_structurants": 1, "longueur_principale_m": 0.0, "dens_commerces_km2": 0.0, "lat": 3.955536, "lon": 11.4889 }, "geometry": { "type": "Polygon", "coordinates": [ [ [ 11.491453213806041, 3.951985138203346 ], [ 11.493480512370683, 3.956266738780581 ], [ 11.490927223547626, 3.959817857834746 ], [ 11.486346872345671, 3.959087495781299 ], [ 11.484319626796511, 3.954806152501154 ], [ 11.486872679419189, 3.951254913984724 ], [ 11.491453213806041, 3.951985138203346 ] ] ] } },
{ "type": "Feature", "properties": { "cell_id": "88828b4d21fffff", "arrondissement": "Yaoundé I", "profil_marche": "Peripherie residentielle", "score_potentiel_brut": 41.59, "score_potentiel_net": 28.52, "rang_net": 335, "dist_min_m": 1204.0, "enseigne_plus_proche": "Ecobank Etoudi", "nb_batiments": 330, "dens_bat_km2": 491.0, "dens_route_m_km2": 22581.0, "nb_commerces": 0, "nb_education": 0, "nb_sante": 0, "nb_banques": 0, "nb_restauration": 0, "nb_bureaux": 1, "nb_transport": 0, "nb_loisirs": 8, "nb_lieux_culte": 0, "nb_axes_structurants": 2, "longueur_principale_m": 3234.0, "dens_commerces_km2": 0.0, "lat": 3.905066, "lon": 11.520076 }, "geometry": { "type": "Polygon", "coordinates": [ [ [ 11.522631474201958, 3.90151123635911 ], [ 11.524659343821865, 3.905795356142462 ], [ 11.522104108457317, 3.909349920781379 ], [ 11.517521239553314, 3.908620484979618 ], [ 11.515493422691621, 3.904336622412719 ], [ 11.518048421961078, 3.900781938438494 ], [ 11.522631474201958, 3.90151123635911 ] ] ] } },
{ "type": "Feature", "properties": { "cell_id": "88828b4549fffff", "arrondissement": "Yaoundé III", "profil_marche": "Zone peu equipee", "score_potentiel_brut": 28.43, "score_potentiel_net": 28.43, "rang_net": 336, "dist_min_m": 11541.0, "enseigne_plus_proche": "Afriland First Bank", "nb_batiments": 44, "dens_bat_km2": 65.0, "dens_route_m_km2": 11951.0, "nb_commerces": 0, "nb_education": 0, "nb_sante": 0, "nb_banques": 0, "nb_restauration": 0, "nb_bureaux": 0, "nb_transport": 0, "nb_loisirs": 0, "nb_lieux_culte": 0, "nb_axes_structurants": 1, "longueur_principale_m": 0.0, "dens_commerces_km2": 0.0, "lat": 3.735726, "lon": 11.427221 }, "geometry": { "type": "Polygon", "coordinates": [ [ [ 11.429773707621816, 3.732163878498571 ], [ 11.431802723708469, 3.736452130075308 ], [ 11.429249700307443, 3.740013695220511 ], [ 11.424667897877356, 3.739287126906186 ], [ 11.422638935464336, 3.734999133201257 ], [ 11.425191721793166, 3.731437449946279 ], [ 11.429773707621816, 3.732163878498571 ] ] ] } },
{ "type": "Feature", "properties": { "cell_id": "88828b4de3fffff", "arrondissement": "Yaoundé II", "profil_marche": "Zone peu equipee", "score_potentiel_brut": 28.41, "score_potentiel_net": 28.41, "rang_net": 337, "dist_min_m": 3111.0, "enseigne_plus_proche": "MC2 Le Grenier de la communaute de Lboudi", "nb_batiments": 64, "dens_bat_km2": 95.0, "dens_route_m_km2": 15221.0, "nb_commerces": 0, "nb_education": 0, "nb_sante": 0, "nb_banques": 0, "nb_restauration": 0, "nb_bureaux": 0, "nb_transport": 0, "nb_loisirs": 0, "nb_lieux_culte": 0, "nb_axes_structurants": 0, "longueur_principale_m": 0.0, "dens_commerces_km2": 0.0, "lat": 3.909163, "lon": 11.471179 }, "geometry": { "type": "Polygon", "coordinates": [ [ [ 11.473731546785309, 3.905609516093431 ], [ 11.475759189672855, 3.909892429916839 ], [ 11.473206164601127, 3.913445650881157 ], [ 11.468625733043231, 3.912716077189552 ], [ 11.466598143352284, 3.908433420808774 ], [ 11.46915093200802, 3.904880080684355 ], [ 11.473731546785309, 3.905609516093431 ] ] ] } },
{ "type": "Feature", "properties": { "cell_id": "88828b419bfffff", "arrondissement": "Yaoundé III", "profil_marche": "Zone peu equipee", "score_potentiel_brut": 28.35, "score_potentiel_net": 28.35, "rang_net": 338, "dist_min_m": 4603.0, "enseigne_plus_proche": "Vision Finance Odja", "nb_batiments": 121, "dens_bat_km2": 180.0, "dens_route_m_km2": 8042.0, "nb_commerces": 0, "nb_education": 0, "nb_sante": 0, "nb_banques": 0, "nb_restauration": 0, "nb_bureaux": 0, "nb_transport": 0, "nb_loisirs": 0, "nb_lieux_culte": 0, "nb_axes_structurants": 0, "longueur_principale_m": 0.0, "dens_commerces_km2": 0.0, "lat": 3.77301, "lon": 11.487253 }, "geometry": { "type": "Polygon", "coordinates": [ [ [ 11.489808225734379, 3.769449176473094 ], [ 11.491837145633331, 3.773737387721917 ], [ 11.489281879607733, 3.777298322046181 ], [ 11.484697930259493, 3.776571163669584 ], [ 11.482669063476061, 3.772283209962154 ], [ 11.485224092910729, 3.768722157097328 ], [ 11.489808225734379, 3.769449176473094 ] ] ] } },
{ "type": "Feature", "properties": { "cell_id": "8858db4d4bfffff", "arrondissement": "Yaoundé I", "profil_marche": "Zone peu equipee", "score_potentiel_brut": 28.33, "score_potentiel_net": 28.33, "rang_net": 339, "dist_min_m": 4715.0, "enseigne_plus_proche": "Guichet SGC", "nb_batiments": 29, "dens_bat_km2": 43.0, "dens_route_m_km2": 9604.0, "nb_commerces": 0, "nb_education": 0, "nb_sante": 0, "nb_banques": 0, "nb_restauration": 0, "nb_bureaux": 0, "nb_transport": 0, "nb_loisirs": 0, "nb_lieux_culte": 0, "nb_axes_structurants": 2, "longueur_principale_m": 0.0, "dens_commerces_km2": 0.0, "lat": 3.96556, "lon": 11.502116 }, "geometry": { "type": "Polygon", "coordinates": [ [ [ 11.504669512376267, 3.962008981826373 ], [ 11.506696772963023, 3.966290499984107 ], [ 11.504143011903881, 3.969841379959798 ], [ 11.499562226333921, 3.969110861349989 ], [ 11.497535018639022, 3.96482960041332 ], [ 11.500088543607603, 3.961278600872758 ], [ 11.504669512376267, 3.962008981826373 ] ] ] } },
{ "type": "Feature", "properties": { "cell_id": "88828b4f57fffff", "arrondissement": "Yaoundé III", "profil_marche": "Peripherie residentielle", "score_potentiel_brut": 43.56, "score_potentiel_net": 28.31, "rang_net": 340, "dist_min_m": 942.0, "enseigne_plus_proche": "Afriland First Bank Damas", "nb_batiments": 923, "dens_bat_km2": 1372.0, "dens_route_m_km2": 19136.0, "nb_commerces": 0, "nb_education": 2, "nb_sante": 0, "nb_banques": 0, "nb_restauration": 0, "nb_bureaux": 0, "nb_transport": 1, "nb_loisirs": 1, "nb_lieux_culte": 0, "nb_axes_structurants": 1, "longueur_principale_m": 0.0, "dens_commerces_km2": 0.0, "lat": 3.822275, "lon": 11.497846 }, "geometry": { "type": "Polygon", "coordinates": [ [ [ 11.500401073637814, 3.818716696688342 ], [ 11.502429595477878, 3.823003351699874 ], [ 11.49987441368974, 3.826561875116325 ], [ 11.495290946463969, 3.825833862360025 ], [ 11.493262477620952, 3.821547464777531 ], [ 11.495817422992012, 3.817988822529681 ], [ 11.500401073637814, 3.818716696688342 ] ] ] } },
{ "type": "Feature", "properties": { "cell_id": "8858db4d41fffff", "arrondissement": "Yaoundé I", "profil_marche": "Zone peu equipee", "score_potentiel_brut": 28.23, "score_potentiel_net": 28.23, "rang_net": 341, "dist_min_m": 4620.0, "enseigne_plus_proche": "Guichet SGC", "nb_batiments": 9, "dens_bat_km2": 13.0, "dens_route_m_km2": 12441.0, "nb_commerces": 0, "nb_education": 0, "nb_sante": 0, "nb_banques": 0, "nb_restauration": 0, "nb_bureaux": 0, "nb_transport": 0, "nb_loisirs": 0, "nb_lieux_culte": 0, "nb_axes_structurants": 2, "longueur_principale_m": 0.0, "dens_commerces_km2": 0.0, "lat": 3.960548, "lon": 11.495508 }, "geometry": { "type": "Polygon", "coordinates": [ [ [ 11.498061264003892, 3.956997041423152 ], [ 11.500088543607603, 3.961278600872758 ], [ 11.497535018639022, 3.96482960041332 ], [ 11.492954450197617, 3.964099160025234 ], [ 11.490927223547626, 3.959817857834746 ], [ 11.493480512370683, 3.956266738780581 ], [ 11.498061264003892, 3.956997041423152 ] ] ] } },
{ "type": "Feature", "properties": { "cell_id": "88828b4085fffff", "arrondissement": "Yaoundé III", "profil_marche": "Zone peu equipee", "score_potentiel_brut": 28.04, "score_potentiel_net": 28.04, "rang_net": 342, "dist_min_m": 7428.0, "enseigne_plus_proche": "Vision Finance Odja", "nb_batiments": 40, "dens_bat_km2": 59.0, "dens_route_m_km2": 9600.0, "nb_commerces": 0, "nb_education": 0, "nb_sante": 0, "nb_banques": 0, "nb_restauration": 0, "nb_bureaux": 0, "nb_transport": 0, "nb_loisirs": 1, "nb_lieux_culte": 0, "nb_axes_structurants": 0, "longueur_principale_m": 0.0, "dens_commerces_km2": 0.0, "lat": 3.74728, "lon": 11.475079 }, "geometry": { "type": "Polygon", "coordinates": [ [ [ 11.477634069664331, 3.743717577999661 ], [ 11.479663171448777, 3.748006454943479 ], [ 11.477108155796859, 3.751568494941171 ], [ 11.47252427507234, 3.75084177636384 ], [ 11.47049522652514, 3.746553157051087 ], [ 11.473050005450576, 3.742990998691993 ], [ 11.477634069664331, 3.743717577999661 ] ] ] } },
{ "type": "Feature", "properties": { "cell_id": "8858db4d29fffff", "arrondissement": "Yaoundé II", "profil_marche": "Zone peu equipee", "score_potentiel_brut": 27.99, "score_potentiel_net": 27.99, "rang_net": 343, "dist_min_m": 3359.0, "enseigne_plus_proche": "Guichet SGC", "nb_batiments": 39, "dens_bat_km2": 58.0, "dens_route_m_km2": 16758.0, "nb_commerces": 0, "nb_education": 0, "nb_sante": 0, "nb_banques": 0, "nb_restauration": 0, "nb_bureaux": 0, "nb_transport": 0, "nb_loisirs": 0, "nb_lieux_culte": 0, "nb_axes_structurants": 0, "longueur_principale_m": 0.0, "dens_commerces_km2": 0.0, "lat": 3.932035, "lon": 11.490478 }, "geometry": { "type": "Polygon", "coordinates": [ [ [ 11.493031420751704, 3.928482573622381 ], [ 11.495058935088792, 3.932765068650472 ], [ 11.49250531240375, 3.936317495905505 ], [ 11.487924411605647, 3.935587547491306 ], [ 11.485896950280814, 3.931305309784273 ], [ 11.488450336727226, 3.927752763177747 ], [ 11.493031420751704, 3.928482573622381 ] ] ] } },
{ "type": "Feature", "properties": { "cell_id": "8858db4dc9fffff", "arrondissement": "Yaoundé I", "profil_marche": "Zone peu equipee", "score_potentiel_brut": 27.9, "score_potentiel_net": 27.9, "rang_net": 344, "dist_min_m": 3647.0, "enseigne_plus_proche": "Guichet SGC", "nb_batiments": 3, "dens_bat_km2": 4.0, "dens_route_m_km2": 15830.0, "nb_commerces": 0, "nb_education": 0, "nb_sante": 0, "nb_banques": 0, "nb_restauration": 0, "nb_bureaux": 0, "nb_transport": 0, "nb_loisirs": 1, "nb_lieux_culte": 0, "nb_axes_structurants": 0, "longueur_principale_m": 0.0, "dens_commerces_km2": 0.0, "lat": 3.94863, "lon": 11.544936 }, "geometry": { "type": "Polygon", "coordinates": [ [ [ 11.547492171564722, 3.945077375500446 ], [ 11.549519748180428, 3.949360436353812 ], [ 11.546963903316833, 3.952913215373532 ], [ 11.54238071765951, 3.952183053198875 ], [ 11.540353193557735, 3.947900249386203 ], [ 11.542908802584691, 3.944347350714829 ], [ 11.547492171564722, 3.945077375500446 ] ] ] } },
{ "type": "Feature", "properties": { "cell_id": "88828b41ebfffff", "arrondissement": "Yaoundé IV", "profil_marche": "Zone peu equipee", "score_potentiel_brut": 29.6, "score_potentiel_net": 27.85, "rang_net": 345, "dist_min_m": 2662.0, "enseigne_plus_proche": "Vision Finance Odja", "nb_batiments": 162, "dens_bat_km2": 241.0, "dens_route_m_km2": 15094.0, "nb_commerces": 0, "nb_education": 0, "nb_sante": 0, "nb_banques": 0, "nb_restauration": 0, "nb_bureaux": 0, "nb_transport": 0, "nb_loisirs": 0, "nb_lieux_culte": 0, "nb_axes_structurants": 0, "longueur_principale_m": 0.0, "dens_commerces_km2": 0.0, "lat": 3.771704, "lon": 11.529046 }, "geometry": { "type": "Polygon", "coordinates": [ [ [ 11.531602734646102, 3.768141558752614 ], [ 11.533631827869778, 3.772430723372227 ], [ 11.531074697283806, 3.775992683550717 ], [ 11.526488709770836, 3.775265597819248 ], [ 11.524459669286312, 3.770976690544109 ], [ 11.527016563560913, 3.767414611663311 ], [ 11.531602734646102, 3.768141558752614 ] ] ] } },
{ "type": "Feature", "properties": { "cell_id": "88828b41c1fffff", "arrondissement": "Yaoundé IV", "profil_marche": "Zone peu equipee", "score_potentiel_brut": 27.84, "score_potentiel_net": 27.84, "rang_net": 346, "dist_min_m": 3971.0, "enseigne_plus_proche": "Vision Finance Odja", "nb_batiments": 55, "dens_bat_km2": 82.0, "dens_route_m_km2": 13988.0, "nb_commerces": 0, "nb_education": 0, "nb_sante": 0, "nb_banques": 0, "nb_restauration": 0, "nb_bureaux": 0, "nb_transport": 0, "nb_loisirs": 0, "nb_lieux_culte": 0, "nb_axes_structurants": 0, "longueur_principale_m": 0.0, "dens_commerces_km2": 0.0, "lat": 3.758836, "lon": 11.522958 }, "geometry": { "type": "Polygon", "coordinates": [ [ [ 11.525515272352761, 3.755273397012989 ], [ 11.527544456883181, 3.759562895513097 ], [ 11.524987451055816, 3.763125408715733 ], [ 11.520401497062624, 3.762398542038503 ], [ 11.518372365332281, 3.758109300927821 ], [ 11.520929134780388, 3.754546669112316 ], [ 11.525515272352761, 3.755273397012989 ] ] ] } },
{ "type": "Feature", "properties": { "cell_id": "8858db4d35fffff", "arrondissement": "Yaoundé I", "profil_marche": "Zone peu equipee", "score_potentiel_brut": 34.64, "score_potentiel_net": 27.83, "rang_net": 347, "dist_min_m": 1877.0, "enseigne_plus_proche": "Ecobank Etoudi", "nb_batiments": 183, "dens_bat_km2": 273.0, "dens_route_m_km2": 18182.0, "nb_commerces": 0, "nb_education": 1, "nb_sante": 0, "nb_banques": 0, "nb_restauration": 0, "nb_bureaux": 0, "nb_transport": 0, "nb_loisirs": 2, "nb_lieux_culte": 0, "nb_axes_structurants": 0, "longueur_principale_m": 0.0, "dens_commerces_km2": 0.0, "lat": 3.918553, "lon": 11.505275 }, "geometry": { "type": "Polygon", "coordinates": [ [ [ 11.507829342677862, 3.914999170296397 ], [ 11.509857034782145, 3.919282477805862 ], [ 11.507302605764593, 3.922835973965245 ], [ 11.502720720795088, 3.922106281965896 ], [ 11.500693081576134, 3.917823231725311 ], [ 11.50324727442672, 3.914269616222529 ], [ 11.507829342677862, 3.914999170296397 ] ] ] } },
{ "type": "Feature", "properties": { "cell_id": "88828b4081fffff", "arrondissement": "Yaoundé III", "profil_marche": "Zone peu equipee", "score_potentiel_brut": 27.82, "score_potentiel_net": 27.82, "rang_net": 348, "dist_min_m": 8337.0, "enseigne_plus_proche": "Vision Finance Odja", "nb_batiments": 50, "dens_bat_km2": 74.0, "dens_route_m_km2": 5704.0, "nb_commerces": 0, "nb_education": 0, "nb_sante": 0, "nb_banques": 0, "nb_restauration": 0, "nb_bureaux": 0, "nb_transport": 0, "nb_loisirs": 1, "nb_lieux_culte": 0, "nb_axes_structurants": 0, "longueur_principale_m": 0.0, "dens_commerces_km2": 0.0, "lat": 3.742264, "lon": 11.468466 }, "geometry": { "type": "Polygon", "coordinates": [ [ [ 11.471020884845535, 3.738702084484301 ], [ 11.473050005450576, 3.742990998691993 ], [ 11.47049522652514, 3.746553157051087 ], [ 11.465911563761477, 3.745826519519236 ], [ 11.46388249645562, 3.74153786298014 ], [ 11.466437038599594, 3.7379755863117 ], [ 11.471020884845535, 3.738702084484301 ] ] ] } },
{ "type": "Feature", "properties": { "cell_id": "8858db4d1bfffff", "arrondissement": "Yaoundé I", "profil_marche": "Zone peu equipee", "score_potentiel_brut": 30.47, "score_potentiel_net": 27.73, "rang_net": 349, "dist_min_m": 2485.0, "enseigne_plus_proche": "Guichet SGC", "nb_batiments": 302, "dens_bat_km2": 450.0, "dens_route_m_km2": 14300.0, "nb_commerces": 0, "nb_education": 0, "nb_sante": 0, "nb_banques": 0, "nb_restauration": 0, "nb_bureaux": 0, "nb_transport": 0, "nb_loisirs": 0, "nb_lieux_culte": 0, "nb_axes_structurants": 0, "longueur_principale_m": 0.0, "dens_commerces_km2": 0.0, "lat": 3.94644, "lon": 11.531187 }, "geometry": { "type": "Polygon", "coordinates": [ [ [ 11.533742680975944, 3.942887319996815 ], [ 11.535770224403983, 3.947170165291636 ], [ 11.533214962668728, 3.950722747568748 ], [ 11.528632393424928, 3.949992604144242 ], [ 11.526604902635773, 3.945710015958316 ], [ 11.529159928436901, 3.942157314095354 ], [ 11.533742680975944, 3.942887319996815 ] ] ] } },
{ "type": "Feature", "properties": { "cell_id": "88828b4de1fffff", "arrondissement": "Yaoundé II", "profil_marche": "Zone peu equipee", "score_potentiel_brut": 27.73, "score_potentiel_net": 27.73, "rang_net": 350, "dist_min_m": 3259.0, "enseigne_plus_proche": "Société Générale Cameroun", "nb_batiments": 97, "dens_bat_km2": 144.0, "dens_route_m_km2": 9440.0, "nb_commerces": 0, "nb_education": 0, "nb_sante": 0, "nb_banques": 0, "nb_restauration": 0, "nb_bureaux": 0, "nb_transport": 0, "nb_loisirs": 0, "nb_lieux_culte": 0, "nb_axes_structurants": 0, "longueur_principale_m": 0.0, "dens_commerces_km2": 0.0, "lat": 3.906339, "lon": 11.478312 }, "geometry": { "type": "Polygon", "coordinates": [ [ [ 11.48086569875743, 3.902785235684411 ], [ 11.482893394778742, 3.907068406920481 ], [ 11.480340022056819, 3.910621944445754 ], [ 11.475759189672855, 3.909892429916839 ], [ 11.473731546785309, 3.905609516093431 ], [ 11.476284683133334, 3.902055859393631 ], [ 11.48086569875743, 3.902785235684411 ] ] ] } },
{ "type": "Feature", "properties": { "cell_id": "88828b41d7fffff", "arrondissement": "Yaoundé IV", "profil_marche": "Zone peu equipee", "score_potentiel_brut": 27.72, "score_potentiel_net": 27.72, "rang_net": 351, "dist_min_m": 3830.0, "enseigne_plus_proche": "Vision Finance Odja", "nb_batiments": 62, "dens_bat_km2": 92.0, "dens_route_m_km2": 10448.0, "nb_commerces": 0, "nb_education": 0, "nb_sante": 0, "nb_banques": 0, "nb_restauration": 0, "nb_bureaux": 0, "nb_transport": 0, "nb_loisirs": 0, "nb_lieux_culte": 0, "nb_axes_structurants": 0, "longueur_principale_m": 0.0, "dens_commerces_km2": 0.0, "lat": 3.767342, "lon": 11.501533 }, "geometry": { "type": "Polygon", "coordinates": [ [ [ 11.50408879762832, 3.763779986870899 ], [ 11.506117823569115, 3.768068713111429 ], [ 11.503561861561353, 3.771630279143228 ], [ 11.498977110104498, 3.770903237511325 ], [ 11.496948137153099, 3.766614768751478 ], [ 11.499503862654468, 3.763053084150216 ], [ 11.50408879762832, 3.763779986870899 ] ] ] } },
{ "type": "Feature", "properties": { "cell_id": "88828b4cadfffff", "arrondissement": "Yaoundé VII", "profil_marche": "Zone peu equipee", "score_potentiel_brut": 27.65, "score_potentiel_net": 27.65, "rang_net": 352, "dist_min_m": 3080.0, "enseigne_plus_proche": "Afriland First Bank", "nb_batiments": 62, "dens_bat_km2": 92.0, "dens_route_m_km2": 10068.0, "nb_commerces": 0, "nb_education": 0, "nb_sante": 0, "nb_banques": 0, "nb_restauration": 0, "nb_bureaux": 0, "nb_transport": 0, "nb_loisirs": 0, "nb_lieux_culte": 0, "nb_axes_structurants": 0, "longueur_principale_m": 0.0, "dens_commerces_km2": 0.0, "lat": 3.886927, "lon": 11.43101 }, "geometry": { "type": "Polygon", "coordinates": [ [ [ 11.433561025623884, 3.883372864224693 ], [ 11.435588708247526, 3.887655718600036 ], [ 11.43303721368423, 3.891209218165578 ], [ 11.428458273214535, 3.890479982251128 ], [ 11.426430644159147, 3.886197385537357 ], [ 11.428981901990637, 3.88264376708388 ], [ 11.433561025623884, 3.883372864224693 ] ] ] } },
{ "type": "Feature", "properties": { "cell_id": "88828b4e41fffff", "arrondissement": "Yaoundé III", "profil_marche": "Zone peu equipee", "score_potentiel_brut": 27.55, "score_potentiel_net": 27.55, "rang_net": 353, "dist_min_m": 4916.0, "enseigne_plus_proche": "Afriland First Bank Damas", "nb_batiments": 73, "dens_bat_km2": 109.0, "dens_route_m_km2": 7115.0, "nb_commerces": 0, "nb_education": 0, "nb_sante": 0, "nb_banques": 0, "nb_restauration": 0, "nb_bureaux": 0, "nb_transport": 0, "nb_loisirs": 0, "nb_lieux_culte": 0, "nb_axes_structurants": 0, "longueur_principale_m": 0.0, "dens_commerces_km2": 0.0, "lat": 3.778677, "lon": 11.472976 }, "geometry": { "type": "Polygon", "coordinates": [ [ [ 11.475530650481856, 3.775116869145139 ], [ 11.477559464086763, 3.779404565280862 ], [ 11.475004894124897, 3.782964867689925 ], [ 11.470421747218795, 3.782237592482323 ], [ 11.468392986855388, 3.777950153948558 ], [ 11.470947320141951, 3.774389733027851 ], [ 11.475530650481856, 3.775116869145139 ] ] ] } },
{ "type": "Feature", "properties": { "cell_id": "88828b41a9fffff", "arrondissement": "Yaoundé IV", "profil_marche": "Peripherie residentielle", "score_potentiel_brut": 41.82, "score_potentiel_net": 27.46, "rang_net": 354, "dist_min_m": 1038.0, "enseigne_plus_proche": "Vision Finance Odja", "nb_batiments": 558, "dens_bat_km2": 829.0, "dens_route_m_km2": 22943.0, "nb_commerces": 0, "nb_education": 0, "nb_sante": 0, "nb_banques": 0, "nb_restauration": 0, "nb_bureaux": 0, "nb_transport": 1, "nb_loisirs": 1, "nb_lieux_culte": 0, "nb_axes_structurants": 1, "longueur_principale_m": 2719.0, "dens_commerces_km2": 0.0, "lat": 3.787404, "lon": 11.52799 }, "geometry": { "type": "Polygon", "coordinates": [ [ [ 11.530546699463232, 3.783843078114839 ], [ 11.53257564866229, 3.788131651015592 ], [ 11.530018741180017, 3.791692742250156 ], [ 11.525433120769906, 3.790965379368508 ], [ 11.523404224312246, 3.786677063797657 ], [ 11.525960895508616, 3.783115853785921 ], [ 11.530546699463232, 3.783843078114839 ] ] ] } },
{ "type": "Feature", "properties": { "cell_id": "88828b4dd7fffff", "arrondissement": "Yaoundé VII", "profil_marche": "Zone peu equipee", "score_potentiel_brut": 29.63, "score_potentiel_net": 27.39, "rang_net": 355, "dist_min_m": 2569.0, "enseigne_plus_proche": "MC2 Le Grenier de la communaute de Lboudi", "nb_batiments": 152, "dens_bat_km2": 227.0, "dens_route_m_km2": 7793.0, "nb_commerces": 0, "nb_education": 0, "nb_sante": 0, "nb_banques": 0, "nb_restauration": 0, "nb_bureaux": 1, "nb_transport": 0, "nb_loisirs": 0, "nb_lieux_culte": 0, "nb_axes_structurants": 0, "longueur_principale_m": 0.0, "dens_commerces_km2": 0.0, "lat": 3.89695, "lon": 11.444223 }, "geometry": { "type": "Polygon", "coordinates": [ [ [ 11.446775274345132, 3.893396966994701 ], [ 11.448802919963612, 3.897679742665034 ], [ 11.446250952100847, 3.901233004299933 ], [ 11.441671575227401, 3.900503609263009 ], [ 11.439643983053685, 3.896221091178757 ], [ 11.44219571429406, 3.892667710552738 ], [ 11.446775274345132, 3.893396966994701 ] ] ] } },
{ "type": "Feature", "properties": { "cell_id": "88828b41d1fffff", "arrondissement": "Yaoundé IV", "profil_marche": "Zone peu equipee", "score_potentiel_brut": 27.35, "score_potentiel_net": 27.35, "rang_net": 356, "dist_min_m": 4513.0, "enseigne_plus_proche": "Vision Finance Odja", "nb_batiments": 59, "dens_bat_km2": 88.0, "dens_route_m_km2": 9681.0, "nb_commerces": 0, "nb_education": 0, "nb_sante": 0, "nb_banques": 0, "nb_restauration": 0, "nb_bureaux": 0, "nb_transport": 0, "nb_loisirs": 0, "nb_lieux_culte": 0, "nb_axes_structurants": 0, "longueur_principale_m": 0.0, "dens_commerces_km2": 0.0, "lat": 3.759491, "lon": 11.50206 }, "geometry": { "type": "Polygon", "coordinates": [ [ [ 11.504615773158193, 3.755928964827981 ], [ 11.506644871132423, 3.760217986479444 ], [ 11.50408879762832, 3.763779986870899 ], [ 11.499503862654468, 3.763053084150216 ], [ 11.497474817668559, 3.758764319986687 ], [ 11.5000306546535, 3.755202201063281 ], [ 11.504615773158193, 3.755928964827981 ] ] ] } },
{ "type": "Feature", "properties": { "cell_id": "88828b4d11fffff", "arrondissement": "Yaoundé II", "profil_marche": "Peripherie residentielle", "score_potentiel_brut": 37.51, "score_potentiel_net": 27.33, "rang_net": 357, "dist_min_m": 1449.0, "enseigne_plus_proche": "Société Générale Cameroun", "nb_batiments": 737, "dens_bat_km2": 1097.0, "dens_route_m_km2": 12340.0, "nb_commerces": 0, "nb_education": 1, "nb_sante": 0, "nb_banques": 0, "nb_restauration": 0, "nb_bureaux": 0, "nb_transport": 0, "nb_loisirs": 1, "nb_lieux_culte": 0, "nb_axes_structurants": 0, "longueur_principale_m": 0.0, "dens_commerces_km2": 0.0, "lat": 3.887839, "lon": 11.486499 }, "geometry": { "type": "Polygon", "coordinates": [ [ [ 11.489052659787692, 3.884283815257595 ], [ 11.491080552792027, 3.888567838620512 ], [ 11.488526609791196, 3.892122563906287 ], [ 11.483945010128675, 3.891393384951301 ], [ 11.481917170193052, 3.887109618986573 ], [ 11.484470876836612, 3.883554774586038 ], [ 11.489052659787692, 3.884283815257595 ] ] ] } },
{ "type": "Feature", "properties": { "cell_id": "88828b4c4bfffff", "arrondissement": "Yaoundé VI", "profil_marche": "Peripherie residentielle", "score_potentiel_brut": 42.03, "score_potentiel_net": 27.32, "rang_net": 358, "dist_min_m": 926.0, "enseigne_plus_proche": "Afriland First Bank", "nb_batiments": 640, "dens_bat_km2": 952.0, "dens_route_m_km2": 25792.0, "nb_commerces": 0, "nb_education": 3, "nb_sante": 0, "nb_banques": 0, "nb_restauration": 0, "nb_bureaux": 0, "nb_transport": 0, "nb_loisirs": 1, "nb_lieux_culte": 0, "nb_axes_structurants": 1, "longueur_principale_m": 0.0, "dens_commerces_km2": 0.0, "lat": 3.828581, "lon": 11.462687 }, "geometry": { "type": "Polygon", "coordinates": [ [ [ 11.465240807709694, 3.825023747767085 ], [ 11.467269135940189, 3.829309411542292 ], [ 11.464715582171717, 3.832866789065382 ], [ 11.460133936798861, 3.832138621542518 ], [ 11.458105661879165, 3.827853215354859 ], [ 11.460658979006906, 3.824295719109895 ], [ 11.465240807709694, 3.825023747767085 ] ] ] } },
{ "type": "Feature", "properties": { "cell_id": "8858db4dedfffff", "arrondissement": "Yaoundé I", "profil_marche": "Peripherie residentielle", "score_potentiel_brut": 42.0, "score_potentiel_net": 27.3, "rang_net": 359, "dist_min_m": 603.0, "enseigne_plus_proche": "Guichet SGC", "nb_batiments": 1166, "dens_bat_km2": 1736.0, "dens_route_m_km2": 20112.0, "nb_commerces": 0, "nb_education": 6, "nb_sante": 0, "nb_banques": 0, "nb_restauration": 0, "nb_bureaux": 0, "nb_transport": 0, "nb_loisirs": 0, "nb_lieux_culte": 0, "nb_axes_structurants": 0, "longueur_principale_m": 0.0, "dens_commerces_km2": 0.0, "lat": 3.925755, "lon": 11.525632 }, "geometry": { "type": "Polygon", "coordinates": [ [ [ 11.528187410368728, 3.922201047925156 ], [ 11.530215116899507, 3.926484531036149 ], [ 11.527659868314826, 3.930038104740992 ], [ 11.523077149199336, 3.929308314802892 ], [ 11.521049495367128, 3.925025088854716 ], [ 11.523604507937176, 3.921471395689158 ], [ 11.528187410368728, 3.922201047925156 ] ] ] } },
{ "type": "Feature", "properties": { "cell_id": "88828b40b1fffff", "arrondissement": "Yaoundé III", "profil_marche": "Zone peu equipee", "score_potentiel_brut": 27.27, "score_potentiel_net": 27.27, "rang_net": 360, "dist_min_m": 7282.0, "enseigne_plus_proche": "Afriland First Bank Damas", "nb_batiments": 33, "dens_bat_km2": 49.0, "dens_route_m_km2": 5275.0, "nb_commerces": 0, "nb_education": 0, "nb_sante": 0, "nb_banques": 0, "nb_restauration": 0, "nb_bureaux": 0, "nb_transport": 0, "nb_loisirs": 0, "nb_lieux_culte": 0, "nb_axes_structurants": 1, "longueur_principale_m": 0.0, "dens_commerces_km2": 0.0, "lat": 3.760799, "lon": 11.460278 }, "geometry": { "type": "Polygon", "coordinates": [ [ [ 11.462831808943079, 3.757238131804271 ], [ 11.464860732135893, 3.761526198447941 ], [ 11.462306524196327, 3.76508717226296 ], [ 11.457723629847289, 3.764360197811838 ], [ 11.455694760018744, 3.7600723888526 ], [ 11.458248731160328, 3.756511296667438 ], [ 11.462831808943079, 3.757238131804271 ] ] ] } },
{ "type": "Feature", "properties": { "cell_id": "8858db4d21fffff", "arrondissement": "Yaoundé II", "profil_marche": "Zone peu equipee", "score_potentiel_brut": 27.23, "score_potentiel_net": 27.23, "rang_net": 361, "dist_min_m": 3259.0, "enseigne_plus_proche": "Guichet SGC", "nb_batiments": 8, "dens_bat_km2": 12.0, "dens_route_m_km2": 18598.0, "nb_commerces": 0, "nb_education": 0, "nb_sante": 0, "nb_banques": 0, "nb_restauration": 0, "nb_bureaux": 0, "nb_transport": 0, "nb_loisirs": 0, "nb_lieux_culte": 0, "nb_axes_structurants": 0, "longueur_principale_m": 0.0, "dens_commerces_km2": 0.0, "lat": 3.9242, "lon": 11.491004 }, "geometry": { "type": "Polygon", "coordinates": [ [ [ 11.493557568471498, 3.920646917505548 ], [ 11.495585154742217, 3.924929710447218 ], [ 11.493031420751704, 3.928482573622381 ], [ 11.488450336727226, 3.927752763177747 ], [ 11.486422803467699, 3.923470227565069 ], [ 11.488976301206831, 3.919917245075402 ], [ 11.493557568471498, 3.920646917505548 ] ] ] } },
{ "type": "Feature", "properties": { "cell_id": "88828b408bfffff", "arrondissement": "Yaoundé III", "profil_marche": "Zone peu equipee", "score_potentiel_brut": 27.22, "score_potentiel_net": 27.22, "rang_net": 362, "dist_min_m": 9247.0, "enseigne_plus_proche": "Vision Finance Odja", "nb_batiments": 64, "dens_bat_km2": 95.0, "dens_route_m_km2": 8869.0, "nb_commerces": 0, "nb_education": 0, "nb_sante": 0, "nb_banques": 0, "nb_restauration": 0, "nb_bureaux": 0, "nb_transport": 0, "nb_loisirs": 0, "nb_lieux_culte": 0, "nb_axes_structurants": 0, "longueur_principale_m": 0.0, "dens_commerces_km2": 0.0, "lat": 3.737249, "lon": 11.461853 }, "geometry": { "type": "Polygon", "coordinates": [ [ [ 11.464407899230068, 3.733686635004908 ], [ 11.466437038599594, 3.7379755863117 ], [ 11.46388249645562, 3.74153786298014 ], [ 11.459299051763857, 3.740811306606446 ], [ 11.457269965755435, 3.736522613005752 ], [ 11.45982427106302, 3.732960218080067 ], [ 11.464407899230068, 3.733686635004908 ] ] ] } },
{ "type": "Feature", "properties": { "cell_id": "88828b4199fffff", "arrondissement": "Yaoundé III", "profil_marche": "Zone peu equipee", "score_potentiel_brut": 27.16, "score_potentiel_net": 27.16, "rang_net": 363, "dist_min_m": 4148.0, "enseigne_plus_proche": "Vision Finance Odja", "nb_batiments": 66, "dens_bat_km2": 98.0, "dens_route_m_km2": 6316.0, "nb_commerces": 0, "nb_education": 0, "nb_sante": 0, "nb_banques": 0, "nb_restauration": 0, "nb_bureaux": 0, "nb_transport": 0, "nb_loisirs": 0, "nb_lieux_culte": 0, "nb_axes_structurants": 0, "longueur_principale_m": 0.0, "dens_commerces_km2": 0.0, "lat": 3.770176, "lon": 11.494393 }, "geometry": { "type": "Polygon", "coordinates": [ [ [ 11.496948137153099, 3.766614768751478 ], [ 11.498977110104498, 3.770903237511325 ], [ 11.496421496077589, 3.774464487715339 ], [ 11.491837145633331, 3.773737387721917 ], [ 11.489808225734379, 3.769449176473094 ], [ 11.49236360321261, 3.765887807714067 ], [ 11.496948137153099, 3.766614768751478 ] ] ] } },
{ "type": "Feature", "properties": { "cell_id": "88828b4d31fffff", "arrondissement": "Yaoundé II", "profil_marche": "Zone peu equipee", "score_potentiel_brut": 34.9, "score_potentiel_net": 27.09, "rang_net": 364, "dist_min_m": 1722.0, "enseigne_plus_proche": "Société general", "nb_batiments": 184, "dens_bat_km2": 274.0, "dens_route_m_km2": 15233.0, "nb_commerces": 0, "nb_education": 0, "nb_sante": 0, "nb_banques": 0, "nb_restauration": 1, "nb_bureaux": 0, "nb_transport": 0, "nb_loisirs": 2, "nb_lieux_culte": 0, "nb_axes_structurants": 2, "longueur_principale_m": 0.0, "dens_commerces_km2": 0.0, "lat": 3.905703, "lon": 11.499192 }, "geometry": { "type": "Polygon", "coordinates": [ [ [ 11.501746084368239, 3.902148571211958 ], [ 11.503773867466522, 3.906432216939926 ], [ 11.501219563270478, 3.909986268178982 ], [ 11.496637712196154, 3.909256792952341 ], [ 11.494609982043936, 3.904973404539035 ], [ 11.497164050005324, 3.901419234045061 ], [ 11.501746084368239, 3.902148571211958 ] ] ] } },
{ "type": "Feature", "properties": { "cell_id": "88828b4093fffff", "arrondissement": "Yaoundé III", "profil_marche": "Zone peu equipee", "score_potentiel_brut": 27.06, "score_potentiel_net": 27.06, "rang_net": 365, "dist_min_m": 9818.0, "enseigne_plus_proche": "Afriland First Bank Damas", "nb_batiments": 11, "dens_bat_km2": 16.0, "dens_route_m_km2": 9565.0, "nb_commerces": 0, "nb_education": 0, "nb_sante": 0, "nb_banques": 0, "nb_restauration": 0, "nb_bureaux": 0, "nb_transport": 0, "nb_loisirs": 0, "nb_lieux_culte": 0, "nb_axes_structurants": 1, "longueur_principale_m": 0.0, "dens_commerces_km2": 0.0, "lat": 3.745755, "lon": 11.440443 }, "geometry": { "type": "Polygon", "coordinates": [ [ [ 11.442996348712883, 3.742193446613137 ], [ 11.445025327810242, 3.746481624710738 ], [ 11.442471830429254, 3.750042953480065 ], [ 11.437889590898875, 3.749316222373221 ], [ 11.435860665351402, 3.745028302072543 ], [ 11.438413925769824, 3.74146685508922 ], [ 11.442996348712883, 3.742193446613137 ] ] ] } },
{ "type": "Feature", "properties": { "cell_id": "88828b4d17fffff", "arrondissement": "Yaoundé II", "profil_marche": "Zone peu equipee", "score_potentiel_brut": 33.83, "score_potentiel_net": 27.03, "rang_net": 366, "dist_min_m": 1851.0, "enseigne_plus_proche": "Société Générale Cameroun", "nb_batiments": 661, "dens_bat_km2": 984.0, "dens_route_m_km2": 17246.0, "nb_commerces": 0, "nb_education": 0, "nb_sante": 0, "nb_banques": 0, "nb_restauration": 0, "nb_bureaux": 0, "nb_transport": 0, "nb_loisirs": 0, "nb_lieux_culte": 0, "nb_axes_structurants": 1, "longueur_principale_m": 0.0, "dens_commerces_km2": 0.0, "lat": 3.895677, "lon": 11.485973 }, "geometry": { "type": "Polygon", "coordinates": [ [ [ 11.488526609791196, 3.892122563906287 ], [ 11.490554430837053, 3.896406289956447 ], [ 11.488000599165259, 3.899960579653819 ], [ 11.483419182777492, 3.899231262460271 ], [ 11.481391414801408, 3.89494779380053 ], [ 11.483945010128675, 3.891393384951301 ], [ 11.488526609791196, 3.892122563906287 ] ] ] } },
{ "type": "Feature", "properties": { "cell_id": "88828b4091fffff", "arrondissement": "Yaoundé III", "profil_marche": "Zone peu equipee", "score_potentiel_brut": 27.02, "score_potentiel_net": 27.02, "rang_net": 367, "dist_min_m": 9672.0, "enseigne_plus_proche": "Afriland First Bank Damas", "nb_batiments": 29, "dens_bat_km2": 43.0, "dens_route_m_km2": 2887.0, "nb_commerces": 0, "nb_education": 0, "nb_sante": 0, "nb_banques": 0, "nb_restauration": 0, "nb_bureaux": 0, "nb_transport": 0, "nb_loisirs": 0, "nb_lieux_culte": 0, "nb_axes_structurants": 1, "longueur_principale_m": 0.0, "dens_commerces_km2": 0.0, "lat": 3.74292, "lon": 11.447579 }, "geometry": { "type": "Polygon", "coordinates": [ [ [ 11.450132782215279, 3.739358216899696 ], [ 11.452161814799654, 3.74364665276399 ], [ 11.44960796914417, 3.747208297551604 ], [ 11.445025327810242, 3.746481624710738 ], [ 11.442996348712883, 3.742193446613137 ], [ 11.44554995744781, 3.738631683597122 ], [ 11.450132782215279, 3.739358216899696 ] ] ] } },
{ "type": "Feature", "properties": { "cell_id": "88828b4f41fffff", "arrondissement": "Yaoundé IV", "profil_marche": "Zone peu equipee", "score_potentiel_brut": 32.04, "score_potentiel_net": 26.87, "rang_net": 368, "dist_min_m": 2077.0, "enseigne_plus_proche": "Vision Finance Odja", "nb_batiments": 183, "dens_bat_km2": 272.0, "dens_route_m_km2": 11411.0, "nb_commerces": 0, "nb_education": 1, "nb_sante": 0, "nb_banques": 0, "nb_restauration": 0, "nb_bureaux": 0, "nb_transport": 0, "nb_loisirs": 0, "nb_lieux_culte": 0, "nb_axes_structurants": 0, "longueur_principale_m": 0.0, "dens_commerces_km2": 0.0, "lat": 3.813782, "lon": 11.519265 }, "geometry": { "type": "Polygon", "coordinates": [ [ [ 11.521821353198325, 3.810222144748721 ], [ 11.523850033651287, 3.814509571865625 ], [ 11.521293808502199, 3.818069043239942 ], [ 11.516709139175587, 3.817341206379465 ], [ 11.514680511530518, 3.813054036600703 ], [ 11.517236500389464, 3.809494446351608 ], [ 11.521821353198325, 3.810222144748721 ] ] ] } },
{ "type": "Feature", "properties": { "cell_id": "8858db4c37fffff", "arrondissement": "Yaoundé I", "profil_marche": "Zone peu equipee", "score_potentiel_brut": 26.77, "score_potentiel_net": 26.77, "rang_net": 369, "dist_min_m": 4218.0, "enseigne_plus_proche": "Instantransfer", "nb_batiments": 28, "dens_bat_km2": 42.0, "dens_route_m_km2": 12392.0, "nb_commerces": 0, "nb_education": 0, "nb_sante": 0, "nb_banques": 0, "nb_restauration": 0, "nb_bureaux": 0, "nb_transport": 0, "nb_loisirs": 0, "nb_lieux_culte": 0, "nb_axes_structurants": 0, "longueur_principale_m": 0.0, "dens_commerces_km2": 0.0, "lat": 3.950821, "lon": 11.558687 }, "geometry": { "type": "Polygon", "coordinates": [ [ [ 11.561243510669199, 3.947267487378052 ], [ 11.563271120229594, 3.95155076351921 ], [ 11.560714692398406, 3.95510373915012 ], [ 11.556130890731142, 3.954373558364634 ], [ 11.554103333559675, 3.950090539195896 ], [ 11.556659525651844, 3.94653744384753 ], [ 11.561243510669199, 3.947267487378052 ] ] ] } },
{ "type": "Feature", "properties": { "cell_id": "88828b41ddfffff", "arrondissement": "Yaoundé IV", "profil_marche": "Zone peu equipee", "score_potentiel_brut": 26.7, "score_potentiel_net": 26.7, "rang_net": 370, "dist_min_m": 4462.0, "enseigne_plus_proche": "Vision Finance Odja", "nb_batiments": 38, "dens_bat_km2": 56.0, "dens_route_m_km2": 9526.0, "nb_commerces": 0, "nb_education": 0, "nb_sante": 0, "nb_banques": 0, "nb_restauration": 0, "nb_bureaux": 0, "nb_transport": 0, "nb_loisirs": 0, "nb_lieux_culte": 0, "nb_axes_structurants": 0, "longueur_principale_m": 0.0, "dens_commerces_km2": 0.0, "lat": 3.756656, "lon": 11.509201 }, "geometry": { "type": "Polygon", "coordinates": [ [ [ 11.511757477642986, 3.75309323566655 ], [ 11.513786628542432, 3.757382514775522 ], [ 11.511230207056068, 3.760944830905077 ], [ 11.506644871132423, 3.760217986479444 ], [ 11.504615773158193, 3.755928964827981 ], [ 11.507171958167726, 3.752366530152016 ], [ 11.511757477642986, 3.75309323566655 ] ] ] } },
{ "type": "Feature", "properties": { "cell_id": "88828b4dadfffff", "arrondissement": "Yaoundé II", "profil_marche": "Zone peu equipee", "score_potentiel_brut": 26.68, "score_potentiel_net": 26.68, "rang_net": 371, "dist_min_m": 3538.0, "enseigne_plus_proche": "MC2 Le Grenier de la communaute de Lboudi", "nb_batiments": 15, "dens_bat_km2": 22.0, "dens_route_m_km2": 14983.0, "nb_commerces": 0, "nb_education": 0, "nb_sante": 0, "nb_banques": 0, "nb_restauration": 0, "nb_bureaux": 0, "nb_transport": 0, "nb_loisirs": 0, "nb_lieux_culte": 0, "nb_axes_structurants": 0, "longueur_principale_m": 0.0, "dens_commerces_km2": 0.0, "lat": 3.922011, "lon": 11.477261 }, "geometry": { "type": "Polygon", "coordinates": [ [ [ 11.479814384695224, 3.918457919892307 ], [ 11.481841936821198, 3.922740495925275 ], [ 11.479288786668308, 3.926293161831882 ], [ 11.47470832072319, 3.925563370961488 ], [ 11.472680821733087, 3.921281052325397 ], [ 11.475233735537595, 3.917728267170176 ], [ 11.479814384695224, 3.918457919892307 ] ] ] } },
{ "type": "Feature", "properties": { "cell_id": "88828b4541fffff", "arrondissement": "Yaoundé III", "profil_marche": "Zone peu equipee", "score_potentiel_brut": 26.64, "score_potentiel_net": 26.64, "rang_net": 372, "dist_min_m": 10791.0, "enseigne_plus_proche": "Afriland First Bank", "nb_batiments": 3, "dens_bat_km2": 4.0, "dens_route_m_km2": 9181.0, "nb_commerces": 0, "nb_education": 0, "nb_sante": 0, "nb_banques": 0, "nb_restauration": 0, "nb_bureaux": 0, "nb_transport": 0, "nb_loisirs": 0, "nb_lieux_culte": 0, "nb_axes_structurants": 1, "longueur_principale_m": 0.0, "dens_commerces_km2": 0.0, "lat": 3.743575, "lon": 11.426697 }, "geometry": { "type": "Polygon", "coordinates": [ [ [ 11.429249700307443, 3.740013695220511 ], [ 11.431278644315732, 3.744301652305646 ], [ 11.428725732233898, 3.747862783204466 ], [ 11.424144113188527, 3.747136075173048 ], [ 11.422115222854876, 3.74284837595247 ], [ 11.424667897877356, 3.739287126906186 ], [ 11.429249700307443, 3.740013695220511 ] ] ] } },
{ "type": "Feature", "properties": { "cell_id": "8858db4d13fffff", "arrondissement": "Yaoundé I", "profil_marche": "Zone peu equipee", "score_potentiel_brut": 33.47, "score_potentiel_net": 26.6, "rang_net": 373, "dist_min_m": 1826.0, "enseigne_plus_proche": "Guichet SGC", "nb_batiments": 222, "dens_bat_km2": 331.0, "dens_route_m_km2": 16103.0, "nb_commerces": 0, "nb_education": 0, "nb_sante": 0, "nb_banques": 0, "nb_restauration": 0, "nb_bureaux": 0, "nb_transport": 0, "nb_loisirs": 0, "nb_lieux_culte": 0, "nb_axes_structurants": 4, "longueur_principale_m": 0.0, "dens_commerces_km2": 0.0, "lat": 3.938604, "lon": 11.531715 }, "geometry": { "type": "Polygon", "coordinates": [ [ [ 11.534270438775101, 3.935051157995608 ], [ 11.536298054111148, 3.939334301725125 ], [ 11.533742680975944, 3.942887319996815 ], [ 11.529159928436901, 3.942157314095354 ], [ 11.527132365738616, 3.937874427482702 ], [ 11.529687502926977, 3.934321289662016 ], [ 11.534270438775101, 3.935051157995608 ] ] ] } },
{ "type": "Feature", "properties": { "cell_id": "8858db4d25fffff", "arrondissement": "Yaoundé II", "profil_marche": "Zone peu equipee", "score_potentiel_brut": 26.56, "score_potentiel_net": 26.56, "rang_net": 374, "dist_min_m": 3920.0, "enseigne_plus_proche": "Société general", "nb_batiments": 14, "dens_bat_km2": 21.0, "dens_route_m_km2": 13708.0, "nb_commerces": 0, "nb_education": 0, "nb_sante": 0, "nb_banques": 0, "nb_restauration": 0, "nb_bureaux": 0, "nb_transport": 0, "nb_loisirs": 0, "nb_lieux_culte": 0, "nb_axes_structurants": 0, "longueur_principale_m": 0.0, "dens_commerces_km2": 0.0, "lat": 3.919188, "lon": 11.484395 }, "geometry": { "type": "Polygon", "coordinates": [ [ [ 11.486948696007833, 3.915634411675506 ], [ 11.488976301206831, 3.919917245075402 ], [ 11.486422803467699, 3.923470227565069 ], [ 11.481841936821198, 3.922740495925275 ], [ 11.479814384695224, 3.918457919892307 ], [ 11.482367646128097, 3.91490481813958 ], [ 11.486948696007833, 3.915634411675506 ] ] ] } },
{ "type": "Feature", "properties": { "cell_id": "8858db4d07fffff", "arrondissement": "Yaoundé I", "profil_marche": "Zone peu equipee", "score_potentiel_brut": 32.42, "score_potentiel_net": 26.55, "rang_net": 375, "dist_min_m": 1966.0, "enseigne_plus_proche": "Guichet SGC", "nb_batiments": 161, "dens_bat_km2": 240.0, "dens_route_m_km2": 20670.0, "nb_commerces": 0, "nb_education": 1, "nb_sante": 0, "nb_banques": 0, "nb_restauration": 0, "nb_bureaux": 0, "nb_transport": 0, "nb_loisirs": 0, "nb_lieux_culte": 0, "nb_axes_structurants": 0, "longueur_principale_m": 0.0, "dens_commerces_km2": 0.0, "lat": 3.934225, "lon": 11.504222 }, "geometry": { "type": "Polygon", "coordinates": [ [ [ 11.506775908268967, 3.930672043857764 ], [ 11.508803456515079, 3.934954755390056 ], [ 11.506249250186647, 3.938507379781964 ], [ 11.501667731738955, 3.937777412066284 ], [ 11.499640236380337, 3.933494957787072 ], [ 11.502194206567275, 3.929942213977823 ], [ 11.506775908268967, 3.930672043857764 ] ] ] } },
{ "type": "Feature", "properties": { "cell_id": "8858db4d67fffff", "arrondissement": "Yaoundé II", "profil_marche": "Zone peu equipee", "score_potentiel_brut": 26.52, "score_potentiel_net": 26.52, "rang_net": 376, "dist_min_m": 4196.0, "enseigne_plus_proche": "Guichet SGC", "nb_batiments": 6, "dens_bat_km2": 9.0, "dens_route_m_km2": 16027.0, "nb_commerces": 0, "nb_education": 0, "nb_sante": 0, "nb_banques": 0, "nb_restauration": 0, "nb_bureaux": 0, "nb_transport": 0, "nb_loisirs": 0, "nb_lieux_culte": 0, "nb_axes_structurants": 0, "longueur_principale_m": 0.0, "dens_commerces_km2": 0.0, "lat": 3.934858, "lon": 11.483344 }, "geometry": { "type": "Polygon", "coordinates": [ [ [ 11.485896950280814, 3.931305309784273 ], [ 11.487924411605647, 3.935587547491306 ], [ 11.485371136442874, 3.939139658141185 ], [ 11.480790636221451, 3.938409650428471 ], [ 11.478763227971779, 3.934127670072499 ], [ 11.481316266853771, 3.930575440085563 ], [ 11.485896950280814, 3.931305309784273 ] ] ] } },
{ "type": "Feature", "properties": { "cell_id": "8858db4dddfffff", "arrondissement": "Yaoundé I", "profil_marche": "Zone peu equipee", "score_potentiel_brut": 26.47, "score_potentiel_net": 26.47, "rang_net": 377, "dist_min_m": 4379.0, "enseigne_plus_proche": "Guichet Éléctronique Bicec", "nb_batiments": 23, "dens_bat_km2": 34.0, "dens_route_m_km2": 12220.0, "nb_commerces": 0, "nb_education": 0, "nb_sante": 0, "nb_banques": 0, "nb_restauration": 0, "nb_bureaux": 0, "nb_transport": 0, "nb_loisirs": 0, "nb_lieux_culte": 0, "nb_axes_structurants": 0, "longueur_principale_m": 0.0, "dens_commerces_km2": 0.0, "lat": 3.942984, "lon": 11.559216 }, "geometry": { "type": "Polygon", "coordinates": [ [ [ 11.561772368514875, 3.939430500908036 ], [ 11.563800049969215, 3.943714075752273 ], [ 11.561243510669199, 3.947267487378052 ], [ 11.556659525651844, 3.94653744384753 ], [ 11.554631896585256, 3.942254125983629 ], [ 11.557188200133597, 3.938700594677231 ], [ 11.561772368514875, 3.939430500908036 ] ] ] } },
{ "type": "Feature", "properties": { "cell_id": "8858db4d11fffff", "arrondissement": "Yaoundé I", "profil_marche": "Zone peu equipee", "score_potentiel_brut": 34.26, "score_potentiel_net": 26.41, "rang_net": 378, "dist_min_m": 1690.0, "enseigne_plus_proche": "Guichet SGC", "nb_batiments": 322, "dens_bat_km2": 480.0, "dens_route_m_km2": 12982.0, "nb_commerces": 0, "nb_education": 1, "nb_sante": 0, "nb_banques": 0, "nb_restauration": 0, "nb_bureaux": 0, "nb_transport": 0, "nb_loisirs": 2, "nb_lieux_culte": 0, "nb_axes_structurants": 0, "longueur_principale_m": 0.0, "dens_commerces_km2": 0.0, "lat": 3.941427, "lon": 11.524577 }, "geometry": { "type": "Polygon", "coordinates": [ [ [ 11.527132365738616, 3.937874427482702 ], [ 11.529159928436901, 3.942157314095354 ], [ 11.526604902635773, 3.945710015958316 ], [ 11.522022550110947, 3.944979950750506 ], [ 11.519995040113459, 3.940697321284834 ], [ 11.522549829925373, 3.937144499887341 ], [ 11.527132365738616, 3.937874427482702 ] ] ] } },
{ "type": "Feature", "properties": { "cell_id": "88828b41b9fffff", "arrondissement": "Yaoundé IV", "profil_marche": "Zone peu equipee", "score_potentiel_brut": 32.83, "score_potentiel_net": 26.39, "rang_net": 379, "dist_min_m": 1879.0, "enseigne_plus_proche": "Vision Finance Odja", "nb_batiments": 375, "dens_bat_km2": 557.0, "dens_route_m_km2": 16463.0, "nb_commerces": 0, "nb_education": 0, "nb_sante": 0, "nb_banques": 0, "nb_restauration": 0, "nb_bureaux": 0, "nb_transport": 0, "nb_loisirs": 1, "nb_lieux_culte": 0, "nb_axes_structurants": 0, "longueur_principale_m": 0.0, "dens_commerces_km2": 0.0, "lat": 3.788056, "lon": 11.507093 }, "geometry": { "type": "Polygon", "coordinates": [ [ [ 11.509648632193212, 3.784495237399614 ], [ 11.511677494991968, 3.788783334116835 ], [ 11.509121519523763, 3.79234391250785 ], [ 11.504536917667945, 3.791616512885326 ], [ 11.502508107798826, 3.787328673596513 ], [ 11.505063846841241, 3.783767976509183 ], [ 11.509648632193212, 3.784495237399614 ] ] ] } },
{ "type": "Feature", "properties": { "cell_id": "88828b4d35fffff", "arrondissement": "Yaoundé I", "profil_marche": "Zone peu equipee", "score_potentiel_brut": 32.71, "score_potentiel_net": 26.32, "rang_net": 380, "dist_min_m": 1883.0, "enseigne_plus_proche": "Ecobank Etoudi", "nb_batiments": 13, "dens_bat_km2": 19.0, "dens_route_m_km2": 17170.0, "nb_commerces": 0, "nb_education": 0, "nb_sante": 0, "nb_banques": 0, "nb_restauration": 0, "nb_bureaux": 0, "nb_transport": 0, "nb_loisirs": 4, "nb_lieux_culte": 0, "nb_axes_structurants": 7, "longueur_principale_m": 0.0, "dens_commerces_km2": 0.0, "lat": 3.910716, "lon": 11.505802 }, "geometry": { "type": "Polygon", "coordinates": [ [ [ 11.508356119013145, 3.907161633043448 ], [ 11.510383883053604, 3.911445238363735 ], [ 11.507829342677862, 3.914999170296397 ], [ 11.50324727442672, 3.914269616222529 ], [ 11.501219563270478, 3.909986268178982 ], [ 11.503773867466522, 3.906432216939926 ], [ 11.508356119013145, 3.907161633043448 ] ] ] } },
{ "type": "Feature", "properties": { "cell_id": "88828b40a5fffff", "arrondissement": "Yaoundé III", "profil_marche": "Zone peu equipee", "score_potentiel_brut": 26.31, "score_potentiel_net": 26.31, "rang_net": 381, "dist_min_m": 5063.0, "enseigne_plus_proche": "Vision Finance Odja", "nb_batiments": 44, "dens_bat_km2": 65.0, "dens_route_m_km2": 3311.0, "nb_commerces": 0, "nb_education": 0, "nb_sante": 0, "nb_banques": 0, "nb_restauration": 0, "nb_bureaux": 0, "nb_transport": 0, "nb_loisirs": 0, "nb_lieux_culte": 0, "nb_axes_structurants": 0, "longueur_principale_m": 0.0, "dens_commerces_km2": 0.0, "lat": 3.765161, "lon": 11.487779 }, "geometry": { "type": "Polygon", "coordinates": [ [ [ 11.490334611278074, 3.761599301068848 ], [ 11.49236360321261, 3.765887807714067 ], [ 11.489808225734379, 3.769449176473094 ], [ 11.485224092910729, 3.768722157097328 ], [ 11.483195154090621, 3.7644339080008 ], [ 11.485750294965111, 3.760872420738723 ], [ 11.490334611278074, 3.761599301068848 ] ] ] } },
{ "type": "Feature", "properties": { "cell_id": "88828b41b5fffff", "arrondissement": "Yaoundé IV", "profil_marche": "Peripherie residentielle", "score_potentiel_brut": 38.19, "score_potentiel_net": 26.28, "rang_net": 382, "dist_min_m": 1218.0, "enseigne_plus_proche": "Vision Finance Odja", "nb_batiments": 318, "dens_bat_km2": 473.0, "dens_route_m_km2": 17696.0, "nb_commerces": 0, "nb_education": 0, "nb_sante": 0, "nb_banques": 0, "nb_restauration": 0, "nb_bureaux": 0, "nb_transport": 0, "nb_loisirs": 2, "nb_lieux_culte": 0, "nb_axes_structurants": 4, "longueur_principale_m": 829.0, "dens_commerces_km2": 0.0, "lat": 3.800919, "lon": 11.513179 }, "geometry": { "type": "Polygon", "coordinates": [ [ [ 11.515735129445201, 3.797359193139859 ], [ 11.517763901090879, 3.801646955326049 ], [ 11.515207800746474, 3.805206980309378 ], [ 11.510623165099709, 3.804479361899494 ], [ 11.508594446322796, 3.800191857096632 ], [ 11.511150310309214, 3.796631713327682 ], [ 11.515735129445201, 3.797359193139859 ] ] ] } },
{ "type": "Feature", "properties": { "cell_id": "88828b4561fffff", "arrondissement": "Yaoundé III", "profil_marche": "Zone peu equipee", "score_potentiel_brut": 26.28, "score_potentiel_net": 26.28, "rang_net": 383, "dist_min_m": 8417.0, "enseigne_plus_proche": "Afriland First Bank", "nb_batiments": 33, "dens_bat_km2": 49.0, "dens_route_m_km2": 7576.0, "nb_commerces": 0, "nb_education": 0, "nb_sante": 0, "nb_banques": 0, "nb_restauration": 0, "nb_bureaux": 0, "nb_transport": 0, "nb_loisirs": 0, "nb_lieux_culte": 0, "nb_axes_structurants": 0, "longueur_principale_m": 0.0, "dens_commerces_km2": 0.0, "lat": 3.761452, "lon": 11.439394 }, "geometry": { "type": "Polygon", "coordinates": [ [ [ 11.441947351423696, 3.757891731279204 ], [ 11.443976186392211, 3.762179319764738 ], [ 11.44142291169184, 3.765739779815566 ], [ 11.436841038945241, 3.765012769677553 ], [ 11.434812257528666, 3.760725438974433 ], [ 11.437365295292114, 3.757164860634302 ], [ 11.441947351423696, 3.757891731279204 ] ] ] } },
{ "type": "Feature", "properties": { "cell_id": "88828b4545fffff", "arrondissement": "Yaoundé III", "profil_marche": "Zone peu equipee", "score_potentiel_brut": 26.26, "score_potentiel_net": 26.26, "rang_net": 384, "dist_min_m": 9979.0, "enseigne_plus_proche": "Afriland First Bank", "nb_batiments": 0, "dens_bat_km2": 0.0, "dens_route_m_km2": 9181.0, "nb_commerces": 0, "nb_education": 0, "nb_sante": 0, "nb_banques": 0, "nb_restauration": 0, "nb_bureaux": 0, "nb_transport": 0, "nb_loisirs": 0, "nb_lieux_culte": 0, "nb_axes_structurants": 1, "longueur_principale_m": 0.0, "dens_commerces_km2": 0.0, "lat": 3.748589, "lon": 11.433308 }, "geometry": { "type": "Polygon", "coordinates": [ [ [ 11.435860665351402, 3.745028302072543 ], [ 11.437889590898875, 3.749316222373221 ], [ 11.435336441812474, 3.75287723507245 ], [ 11.430754604168577, 3.752150445677986 ], [ 11.428725732233898, 3.747862783204466 ], [ 11.431278644315732, 3.744301652305646 ], [ 11.435860665351402, 3.745028302072543 ] ] ] } },
{ "type": "Feature", "properties": { "cell_id": "8858db4d5dfffff", "arrondissement": "Yaoundé I", "profil_marche": "Zone peu equipee", "score_potentiel_brut": 26.04, "score_potentiel_net": 26.04, "rang_net": 385, "dist_min_m": 4139.0, "enseigne_plus_proche": "Guichet SGC", "nb_batiments": 27, "dens_bat_km2": 40.0, "dens_route_m_km2": 7928.0, "nb_commerces": 0, "nb_education": 0, "nb_sante": 0, "nb_banques": 0, "nb_restauration": 0, "nb_bureaux": 0, "nb_transport": 0, "nb_loisirs": 0, "nb_lieux_culte": 0, "nb_axes_structurants": 0, "longueur_principale_m": 0.0, "dens_commerces_km2": 0.0, "lat": 3.962739, "lon": 11.509251 }, "geometry": { "type": "Polygon", "coordinates": [ [ [ 11.511804753751742, 3.959187987176679 ], [ 11.513832067167453, 3.963469762525498 ], [ 11.51127795875624, 3.967020959135868 ], [ 11.506696772963023, 3.966290499984107 ], [ 11.504669512376267, 3.962008981826373 ], [ 11.507223384739124, 3.958457665636674 ], [ 11.511804753751742, 3.959187987176679 ] ] ] } },
{ "type": "Feature", "properties": { "cell_id": "88828b408dfffff", "arrondissement": "Yaoundé III", "profil_marche": "Zone peu equipee", "score_potentiel_brut": 26.01, "score_potentiel_net": 26.01, "rang_net": 386, "dist_min_m": 8019.0, "enseigne_plus_proche": "Vision Finance Odja", "nb_batiments": 30, "dens_bat_km2": 45.0, "dens_route_m_km2": 6760.0, "nb_commerces": 0, "nb_education": 0, "nb_sante": 0, "nb_banques": 0, "nb_restauration": 0, "nb_bureaux": 0, "nb_transport": 0, "nb_loisirs": 0, "nb_lieux_culte": 0, "nb_axes_structurants": 0, "longueur_principale_m": 0.0, "dens_commerces_km2": 0.0, "lat": 3.739429, "lon": 11.475605 }, "geometry": { "type": "Polygon", "coordinates": [ [ [ 11.478160022920274, 3.735865931946611 ], [ 11.480189196761499, 3.74015510379256 ], [ 11.477634069664331, 3.743717577999661 ], [ 11.473050005450576, 3.742990998691993 ], [ 11.471020884845535, 3.738702084484301 ], [ 11.473575775203409, 3.735139491953413 ], [ 11.478160022920274, 3.735865931946611 ] ] ] } },
{ "type": "Feature", "properties": { "cell_id": "8858db4d17fffff", "arrondissement": "Yaoundé I", "profil_marche": "Peripherie residentielle", "score_potentiel_brut": 39.95, "score_potentiel_net": 25.97, "rang_net": 387, "dist_min_m": 933.0, "enseigne_plus_proche": "Guichet SGC", "nb_batiments": 928, "dens_bat_km2": 1382.0, "dens_route_m_km2": 20251.0, "nb_commerces": 0, "nb_education": 1, "nb_sante": 0, "nb_banques": 0, "nb_restauration": 0, "nb_bureaux": 0, "nb_transport": 0, "nb_loisirs": 4, "nb_lieux_culte": 0, "nb_axes_structurants": 0, "longueur_principale_m": 0.0, "dens_commerces_km2": 0.0, "lat": 3.933591, "lon": 11.525105 }, "geometry": { "type": "Polygon", "coordinates": [ [ [ 11.527659868314826, 3.930038104740992 ], [ 11.529687502926977, 3.934321289662016 ], [ 11.527132365738616, 3.937874427482702 ], [ 11.522549829925373, 3.937144499887341 ], [ 11.520522248012893, 3.932861572121205 ], [ 11.523077149199336, 3.929308314802892 ], [ 11.527659868314826, 3.930038104740992 ] ] ] } },
{ "type": "Feature", "properties": { "cell_id": "88828b4d27fffff", "arrondissement": "Yaoundé I", "profil_marche": "Peripherie residentielle", "score_potentiel_brut": 39.91, "score_potentiel_net": 25.94, "rang_net": 388, "dist_min_m": 424.0, "enseigne_plus_proche": "Ecobank Etoudi", "nb_batiments": 416, "dens_bat_km2": 619.0, "dens_route_m_km2": 27523.0, "nb_commerces": 0, "nb_education": 0, "nb_sante": 0, "nb_banques": 1, "nb_restauration": 0, "nb_bureaux": 0, "nb_transport": 1, "nb_loisirs": 4, "nb_lieux_culte": 0, "nb_axes_structurants": 12, "longueur_principale_m": 3447.0, "dens_commerces_km2": 0.0, "lat": 3.912904, "lon": 11.519549 }, "geometry": { "type": "Polygon", "coordinates": [ [ [ 11.522104108457317, 3.909349920781379 ], [ 11.524131906143259, 3.913633742738266 ], [ 11.521576782180484, 3.917187871677355 ], [ 11.516994096599509, 3.916458298039244 ], [ 11.514966351672919, 3.912174733291008 ], [ 11.517521239553314, 3.908620484979618 ], [ 11.522104108457317, 3.909349920781379 ] ] ] } },
{ "type": "Feature", "properties": { "cell_id": "88828b4c13fffff", "arrondissement": "Yaoundé VII", "profil_marche": "Zone peu equipee", "score_potentiel_brut": 25.9, "score_potentiel_net": 25.9, "rang_net": 389, "dist_min_m": 3043.0, "enseigne_plus_proche": "Afriland First Bank", "nb_batiments": 22, "dens_bat_km2": 33.0, "dens_route_m_km2": 7560.0, "nb_commerces": 0, "nb_education": 0, "nb_sante": 0, "nb_banques": 0, "nb_restauration": 0, "nb_bureaux": 0, "nb_transport": 0, "nb_loisirs": 0, "nb_lieux_culte": 0, "nb_axes_structurants": 0, "longueur_principale_m": 0.0, "dens_commerces_km2": 0.0, "lat": 3.855576, "lon": 11.433105 }, "geometry": { "type": "Polygon", "coordinates": [ [ [ 11.435656665471999, 3.852020126769998 ], [ 11.437684636067623, 3.856304167533999 ], [ 11.435132696687914, 3.859859409001869 ], [ 11.430553023481053, 3.859130728452026 ], [ 11.428525106449616, 3.854846945380553 ], [ 11.431076809046255, 3.851291585173807 ], [ 11.435656665471999, 3.852020126769998 ] ] ] } },
{ "type": "Feature", "properties": { "cell_id": "88828b41d3fffff", "arrondissement": "Yaoundé III", "profil_marche": "Zone peu equipee", "score_potentiel_brut": 25.84, "score_potentiel_net": 25.84, "rang_net": 390, "dist_min_m": 4720.0, "enseigne_plus_proche": "Vision Finance Odja", "nb_batiments": 30, "dens_bat_km2": 45.0, "dens_route_m_km2": 3310.0, "nb_commerces": 0, "nb_education": 0, "nb_sante": 0, "nb_banques": 0, "nb_restauration": 0, "nb_bureaux": 0, "nb_transport": 0, "nb_loisirs": 0, "nb_lieux_culte": 0, "nb_axes_structurants": 0, "longueur_principale_m": 0.0, "dens_commerces_km2": 0.0, "lat": 3.762326, "lon": 11.494919 }, "geometry": { "type": "Polygon", "coordinates": [ [ [ 11.497474817668559, 3.758764319986687 ], [ 11.499503862654468, 3.763053084150216 ], [ 11.496948137153099, 3.766614768751478 ], [ 11.49236360321261, 3.765887807714067 ], [ 11.490334611278074, 3.761599301068848 ], [ 11.492890100217984, 3.758037497950111 ], [ 11.497474817668559, 3.758764319986687 ] ] ] } },
{ "type": "Feature", "properties": { "cell_id": "88828b4e25fffff", "arrondissement": "Yaoundé III", "profil_marche": "Peripherie residentielle", "score_potentiel_brut": 39.56, "score_potentiel_net": 25.71, "rang_net": 391, "dist_min_m": 610.0, "enseigne_plus_proche": "Afriland First Bank Damas", "nb_batiments": 914, "dens_bat_km2": 1359.0, "dens_route_m_km2": 22409.0, "nb_commerces": 0, "nb_education": 2, "nb_sante": 0, "nb_banques": 0, "nb_restauration": 0, "nb_bureaux": 0, "nb_transport": 0, "nb_loisirs": 0, "nb_lieux_culte": 0, "nb_axes_structurants": 0, "longueur_principale_m": 0.0, "dens_commerces_km2": 0.0, "lat": 3.820092, "lon": 11.484096 }, "geometry": { "type": "Polygon", "coordinates": [ [ [ 11.486650740077879, 3.81653309563196 ], [ 11.488679227863138, 3.820819531988776 ], [ 11.486124630362255, 3.824377858132805 ], [ 11.481541781575805, 3.823649866692565 ], [ 11.479513346912528, 3.819363687832759 ], [ 11.482067707899091, 3.815805242923576 ], [ 11.486650740077879, 3.81653309563196 ] ] ] } },
{ "type": "Feature", "properties": { "cell_id": "8858db4dcbfffff", "arrondissement": "Yaoundé I", "profil_marche": "Zone peu equipee", "score_potentiel_brut": 25.51, "score_potentiel_net": 25.51, "rang_net": 392, "dist_min_m": 4108.0, "enseigne_plus_proche": "Guichet SGC", "nb_batiments": 3, "dens_bat_km2": 4.0, "dens_route_m_km2": 9110.0, "nb_commerces": 0, "nb_education": 0, "nb_sante": 0, "nb_banques": 0, "nb_restauration": 0, "nb_bureaux": 0, "nb_transport": 0, "nb_loisirs": 0, "nb_lieux_culte": 0, "nb_axes_structurants": 0, "longueur_principale_m": 0.0, "dens_commerces_km2": 0.0, "lat": 3.945807, "lon": 11.552076 }, "geometry": { "type": "Polygon", "coordinates": [ [ [ 11.554631896585256, 3.942254125983629 ], [ 11.556659525651844, 3.94653744384753 ], [ 11.554103333559675, 3.950090539195896 ], [ 11.549519748180428, 3.949360436353812 ], [ 11.547492171564722, 3.945077375500446 ], [ 11.550048127862713, 3.941524160485961 ], [ 11.554631896585256, 3.942254125983629 ] ] ] } },
{ "type": "Feature", "properties": { "cell_id": "88828b4debfffff", "arrondissement": "Yaoundé II", "profil_marche": "Zone peu equipee", "score_potentiel_brut": 25.38, "score_potentiel_net": 25.38, "rang_net": 393, "dist_min_m": 3520.0, "enseigne_plus_proche": "Société Générale Cameroun", "nb_batiments": 10, "dens_bat_km2": 15.0, "dens_route_m_km2": 7423.0, "nb_commerces": 0, "nb_education": 0, "nb_sante": 0, "nb_banques": 0, "nb_restauration": 0, "nb_bureaux": 0, "nb_transport": 0, "nb_loisirs": 0, "nb_lieux_culte": 0, "nb_axes_structurants": 0, "longueur_principale_m": 0.0, "dens_commerces_km2": 0.0, "lat": 3.901326, "lon": 11.471704 }, "geometry": { "type": "Polygon", "coordinates": [ [ [ 11.474256968289925, 3.897772648154368 ], [ 11.476284683133334, 3.902055859393631 ], [ 11.473731546785309, 3.905609516093431 ], [ 11.46915093200802, 3.904880080684355 ], [ 11.467123270360172, 3.900597126895613 ], [ 11.46967617027944, 3.897043351072812 ], [ 11.474256968289925, 3.897772648154368 ] ] ] } },
{ "type": "Feature", "properties": { "cell_id": "8858db4d69fffff", "arrondissement": "Yaoundé I", "profil_marche": "Zone peu equipee", "score_potentiel_brut": 25.27, "score_potentiel_net": 25.27, "rang_net": 394, "dist_min_m": 4961.0, "enseigne_plus_proche": "Guichet SGC", "nb_batiments": 10, "dens_bat_km2": 15.0, "dens_route_m_km2": 6132.0, "nb_commerces": 0, "nb_education": 0, "nb_sante": 0, "nb_banques": 0, "nb_restauration": 0, "nb_bureaux": 0, "nb_transport": 0, "nb_loisirs": 0, "nb_lieux_culte": 0, "nb_axes_structurants": 0, "longueur_principale_m": 0.0, "dens_commerces_km2": 0.0, "lat": 3.950525, "lon": 11.482292 }, "geometry": { "type": "Polygon", "coordinates": [ [ [ 11.484845361949553, 3.946973272444041 ], [ 11.486872679419189, 3.951254913984724 ], [ 11.484319626796511, 3.954806152501154 ], [ 11.479739492944848, 3.954075868895217 ], [ 11.4777122285525, 3.949794484689595 ], [ 11.480265044919916, 3.946243126762222 ], [ 11.484845361949553, 3.946973272444041 ] ] ] } },
{ "type": "Feature", "properties": { "cell_id": "88828b4729fffff", "arrondissement": "Yaoundé III", "profil_marche": "Zone peu equipee", "score_potentiel_brut": 25.23, "score_potentiel_net": 25.23, "rang_net": 395, "dist_min_m": 12794.0, "enseigne_plus_proche": "Afriland First Bank Damas", "nb_batiments": 10, "dens_bat_km2": 15.0, "dens_route_m_km2": 3246.0, "nb_commerces": 0, "nb_education": 0, "nb_sante": 0, "nb_banques": 0, "nb_restauration": 0, "nb_bureaux": 0, "nb_transport": 0, "nb_loisirs": 0, "nb_lieux_culte": 0, "nb_axes_structurants": 0, "longueur_principale_m": 0.0, "dens_commerces_km2": 0.0, "lat": 3.717188, "lon": 11.435404 }, "geometry": { "type": "Polygon", "coordinates": [ [ [ 11.437957952144748, 3.713625282995754 ], [ 11.439987166011152, 3.71791438105126 ], [ 11.437433571542138, 3.721477130435957 ], [ 11.432851000248005, 3.720750899821267 ], [ 11.430821839990307, 3.716462059621652 ], [ 11.433375197403418, 3.712899192188278 ], [ 11.437957952144748, 3.713625282995754 ] ] ] } },
{ "type": "Feature", "properties": { "cell_id": "88828b4569fffff", "arrondissement": "Yaoundé III", "profil_marche": "Zone peu equipee", "score_potentiel_brut": 25.19, "score_potentiel_net": 25.19, "rang_net": 396, "dist_min_m": 9151.0, "enseigne_plus_proche": "Afriland First Bank Damas", "nb_batiments": 7, "dens_bat_km2": 10.0, "dens_route_m_km2": 5137.0, "nb_commerces": 0, "nb_education": 0, "nb_sante": 0, "nb_banques": 0, "nb_restauration": 0, "nb_bureaux": 0, "nb_transport": 0, "nb_loisirs": 0, "nb_lieux_culte": 0, "nb_axes_structurants": 0, "longueur_principale_m": 0.0, "dens_commerces_km2": 0.0, "lat": 3.753604, "lon": 11.439918 }, "geometry": { "type": "Polygon", "coordinates": [ [ [ 11.442471830429254, 3.750042953480065 ], [ 11.44450073745983, 3.754330836831621 ], [ 11.441947351423696, 3.757891731279204 ], [ 11.437365295292114, 3.757164860634302 ], [ 11.435336441812474, 3.75287723507245 ], [ 11.437889590898875, 3.749316222373221 ], [ 11.442471830429254, 3.750042953480065 ] ] ] } },
{ "type": "Feature", "properties": { "cell_id": "88828b4725fffff", "arrondissement": "Yaoundé III", "profil_marche": "Zone peu equipee", "score_potentiel_brut": 25.12, "score_potentiel_net": 25.12, "rang_net": 397, "dist_min_m": 11232.0, "enseigne_plus_proche": "Afriland First Bank Damas", "nb_batiments": 9, "dens_bat_km2": 13.0, "dens_route_m_km2": 1965.0, "nb_commerces": 0, "nb_education": 0, "nb_sante": 0, "nb_banques": 0, "nb_restauration": 0, "nb_bureaux": 0, "nb_transport": 0, "nb_loisirs": 0, "nb_lieux_culte": 0, "nb_axes_structurants": 0, "longueur_principale_m": 0.0, "dens_commerces_km2": 0.0, "lat": 3.730055, "lon": 11.441492 }, "geometry": { "type": "Polygon", "coordinates": [ [ [ 11.444045503131608, 3.726492246456294 ], [ 11.446074626376847, 3.73078101368592 ], [ 11.443520906278899, 3.734343210873468 ], [ 11.438938299909307, 3.733616758977393 ], [ 11.43690923021191, 3.729328249559073 ], [ 11.439462713321626, 3.725765934232923 ], [ 11.444045503131608, 3.726492246456294 ] ] ] } },
{ "type": "Feature", "properties": { "cell_id": "88828b4dd3fffff", "arrondissement": "Yaoundé VII", "profil_marche": "Zone peu equipee", "score_potentiel_brut": 25.72, "score_potentiel_net": 25.09, "rang_net": 398, "dist_min_m": 2860.0, "enseigne_plus_proche": "Afriland First Bank", "nb_batiments": 15, "dens_bat_km2": 22.0, "dens_route_m_km2": 8382.0, "nb_commerces": 0, "nb_education": 0, "nb_sante": 0, "nb_banques": 0, "nb_restauration": 0, "nb_bureaux": 0, "nb_transport": 0, "nb_loisirs": 0, "nb_lieux_culte": 0, "nb_axes_structurants": 0, "longueur_principale_m": 0.0, "dens_commerces_km2": 0.0, "lat": 3.891938, "lon": 11.437616 }, "geometry": { "type": "Polygon", "coordinates": [ [ [ 11.440168050145026, 3.888384895447762 ], [ 11.44219571429406, 3.892667710552738 ], [ 11.439643983053685, 3.896221091178757 ], [ 11.435064824326764, 3.89549177564672 ], [ 11.43303721368423, 3.891209218165578 ], [ 11.435588708247526, 3.887655718600036 ], [ 11.440168050145026, 3.888384895447762 ] ] ] } },
{ "type": "Feature", "properties": { "cell_id": "8858db4d2dfffff", "arrondissement": "Yaoundé II", "profil_marche": "Zone peu equipee", "score_potentiel_brut": 25.04, "score_potentiel_net": 25.04, "rang_net": 399, "dist_min_m": 4040.0, "enseigne_plus_proche": "Guichet SGC", "nb_batiments": 1, "dens_bat_km2": 1.0, "dens_route_m_km2": 7285.0, "nb_commerces": 0, "nb_education": 0, "nb_sante": 0, "nb_banques": 0, "nb_restauration": 0, "nb_bureaux": 0, "nb_transport": 0, "nb_loisirs": 0, "nb_lieux_culte": 0, "nb_axes_structurants": 0, "longueur_principale_m": 0.0, "dens_commerces_km2": 0.0, "lat": 3.927023, "lon": 11.483869 }, "geometry": { "type": "Polygon", "coordinates": [ [ [ 11.486422803467699, 3.923470227565069 ], [ 11.488450336727226, 3.927752763177747 ], [ 11.485896950280814, 3.931305309784273 ], [ 11.481316266853771, 3.930575440085563 ], [ 11.479288786668308, 3.926293161831882 ], [ 11.481841936821198, 3.922740495925275 ], [ 11.486422803467699, 3.923470227565069 ] ] ] } },
{ "type": "Feature", "properties": { "cell_id": "88828b4d23fffff", "arrondissement": "Yaoundé I", "profil_marche": "Zone peu equipee", "score_potentiel_brut": 35.33, "score_potentiel_net": 25.02, "rang_net": 400, "dist_min_m": 1332.0, "enseigne_plus_proche": "Ecobank Etoudi", "nb_batiments": 187, "dens_bat_km2": 278.0, "dens_route_m_km2": 16858.0, "nb_commerces": 0, "nb_education": 0, "nb_sante": 0, "nb_banques": 0, "nb_restauration": 0, "nb_bureaux": 0, "nb_transport": 0, "nb_loisirs": 5, "nb_lieux_culte": 0, "nb_axes_structurants": 3, "longueur_principale_m": 0.0, "dens_commerces_km2": 0.0, "lat": 3.907891, "lon": 11.512939 }, "geometry": { "type": "Polygon", "coordinates": [ [ [ 11.515493422691621, 3.904336622412719 ], [ 11.517521239553314, 3.908620484979618 ], [ 11.514966351672919, 3.912174733291008 ], [ 11.510383883053604, 3.911445238363735 ], [ 11.508356119013145, 3.907161633043448 ], [ 11.510910770756123, 3.903607265411191 ], [ 11.515493422691621, 3.904336622412719 ] ] ] } },
{ "type": "Feature", "properties": { "cell_id": "88828b4c05fffff", "arrondissement": "Yaoundé VI", "profil_marche": "Zone peu equipee", "score_potentiel_brut": 28.97, "score_potentiel_net": 24.97, "rang_net": 401, "dist_min_m": 2210.0, "enseigne_plus_proche": "Afriland First Bank", "nb_batiments": 247, "dens_bat_km2": 368.0, "dens_route_m_km2": 7451.0, "nb_commerces": 0, "nb_education": 0, "nb_sante": 0, "nb_banques": 0, "nb_restauration": 0, "nb_bureaux": 0, "nb_transport": 0, "nb_loisirs": 0, "nb_lieux_culte": 0, "nb_axes_structurants": 0, "longueur_principale_m": 0.0, "dens_commerces_km2": 0.0, "lat": 3.85712, "lon": 11.467721 }, "geometry": { "type": "Polygon", "coordinates": [ [ [ 11.470274857898, 3.853563977413738 ], [ 11.472302951387112, 3.857848713156795 ], [ 11.469749495014057, 3.861404666364157 ], [ 11.465168181684787, 3.860676002721419 ], [ 11.463140141447777, 3.856391524505383 ], [ 11.465693361273324, 3.852835452412484 ], [ 11.470274857898, 3.853563977413738 ] ] ] } },
{ "type": "Feature", "properties": { "cell_id": "88828b40adfffff", "arrondissement": "Yaoundé III", "profil_marche": "Zone peu equipee", "score_potentiel_brut": 24.95, "score_potentiel_net": 24.95, "rang_net": 402, "dist_min_m": 5618.0, "enseigne_plus_proche": "Vision Finance Odja", "nb_batiments": 4, "dens_bat_km2": 6.0, "dens_route_m_km2": 2793.0, "nb_commerces": 0, "nb_education": 0, "nb_sante": 0, "nb_banques": 0, "nb_restauration": 0, "nb_bureaux": 0, "nb_transport": 0, "nb_loisirs": 0, "nb_lieux_culte": 0, "nb_axes_structurants": 0, "longueur_principale_m": 0.0, "dens_commerces_km2": 0.0, "lat": 3.757311, "lon": 11.488306 }, "geometry": { "type": "Polygon", "coordinates": [ [ [ 11.490861036243107, 3.75374869602837 ], [ 11.492890100217984, 3.758037497950111 ], [ 11.490334611278074, 3.761599301068848 ], [ 11.485750294965111, 3.760872420738723 ], [ 11.483721284103584, 3.756583876372926 ], [ 11.486276536427006, 3.753021954788695 ], [ 11.490861036243107, 3.75374869602837 ] ] ] } },
{ "type": "Feature", "properties": { "cell_id": "8858db4d61fffff", "arrondissement": "Yaoundé II", "profil_marche": "Zone peu equipee", "score_potentiel_brut": 24.86, "score_potentiel_net": 24.86, "rang_net": 403, "dist_min_m": 4514.0, "enseigne_plus_proche": "Guichet SGC", "nb_batiments": 0, "dens_bat_km2": 0.0, "dens_route_m_km2": 7548.0, "nb_commerces": 0, "nb_education": 0, "nb_sante": 0, "nb_banques": 0, "nb_restauration": 0, "nb_bureaux": 0, "nb_transport": 0, "nb_loisirs": 0, "nb_lieux_culte": 0, "nb_axes_structurants": 0, "longueur_principale_m": 0.0, "dens_commerces_km2": 0.0, "lat": 3.942692, "lon": 11.482818 }, "geometry": { "type": "Polygon", "coordinates": [ [ [ 11.485371136442874, 3.939139658141185 ], [ 11.487398525837726, 3.943421597824202 ], [ 11.484845361949553, 3.946973272444041 ], [ 11.480265044919916, 3.946243126762222 ], [ 11.478237708601281, 3.941961444422304 ], [ 11.480790636221451, 3.938409650428471 ], [ 11.485371136442874, 3.939139658141185 ] ] ] } },
{ "type": "Feature", "properties": { "cell_id": "8858db4d39fffff", "arrondissement": "Yaoundé I", "profil_marche": "Peripherie residentielle", "score_potentiel_brut": 37.01, "score_potentiel_net": 24.83, "rang_net": 404, "dist_min_m": 1119.0, "enseigne_plus_proche": "Guichet SGC", "nb_batiments": 801, "dens_bat_km2": 1193.0, "dens_route_m_km2": 21394.0, "nb_commerces": 0, "nb_education": 1, "nb_sante": 0, "nb_banques": 0, "nb_restauration": 0, "nb_bureaux": 0, "nb_transport": 0, "nb_loisirs": 0, "nb_lieux_culte": 0, "nb_axes_structurants": 0, "longueur_principale_m": 0.0, "dens_commerces_km2": 0.0, "lat": 3.931402, "lon": 11.511358 }, "geometry": { "type": "Polygon", "coordinates": [ [ [ 11.513912327965855, 3.927848754189622 ], [ 11.515939929036533, 3.932131722944922 ], [ 11.513385375268836, 3.935684663825562 ], [ 11.508803456515079, 3.934954755390056 ], [ 11.506775908268967, 3.930672043857764 ], [ 11.509330225937422, 3.927118983545351 ], [ 11.513912327965855, 3.927848754189622 ] ] ] } },
{ "type": "Feature", "properties": { "cell_id": "88828b4dedfffff", "arrondissement": "Yaoundé II", "profil_marche": "Zone peu equipee", "score_potentiel_brut": 27.09, "score_potentiel_net": 24.71, "rang_net": 405, "dist_min_m": 2497.0, "enseigne_plus_proche": "Société Générale Cameroun", "nb_batiments": 61, "dens_bat_km2": 91.0, "dens_route_m_km2": 8176.0, "nb_commerces": 0, "nb_education": 0, "nb_sante": 0, "nb_banques": 0, "nb_restauration": 0, "nb_bureaux": 0, "nb_transport": 0, "nb_loisirs": 0, "nb_lieux_culte": 0, "nb_axes_structurants": 0, "longueur_principale_m": 0.0, "dens_commerces_km2": 0.0, "lat": 3.903515, "lon": 11.485447 }, "geometry": { "type": "Polygon", "coordinates": [ [ [ 11.488000599165259, 3.899960579653819 ], [ 11.490028348257418, 3.904244008272522 ], [ 11.487474627905589, 3.907797862307688 ], [ 11.482893394778742, 3.907068406920481 ], [ 11.48086569875743, 3.902785235684411 ], [ 11.483419182777492, 3.899231262460271 ], [ 11.488000599165259, 3.899960579653819 ] ] ] } },
{ "type": "Feature", "properties": { "cell_id": "8858db4d03fffff", "arrondissement": "Yaoundé I", "profil_marche": "Zone peu equipee", "score_potentiel_brut": 31.73, "score_potentiel_net": 24.7, "rang_net": 406, "dist_min_m": 1734.0, "enseigne_plus_proche": "Guichet SGC", "nb_batiments": 500, "dens_bat_km2": 745.0, "dens_route_m_km2": 15573.0, "nb_commerces": 0, "nb_education": 0, "nb_sante": 0, "nb_banques": 0, "nb_restauration": 0, "nb_bureaux": 0, "nb_transport": 0, "nb_loisirs": 0, "nb_lieux_culte": 0, "nb_axes_structurants": 0, "longueur_principale_m": 0.0, "dens_commerces_km2": 0.0, "lat": 3.939237, "lon": 11.510831 }, "geometry": { "type": "Polygon", "coordinates": [ [ [ 11.513385375268836, 3.935684663825562 ], [ 11.515412904418664, 3.939967334406706 ], [ 11.512858462003702, 3.94351983932992 ], [ 11.508276726510809, 3.942789793148028 ], [ 11.506249250186647, 3.938507379781964 ], [ 11.508803456515079, 3.934954755390056 ], [ 11.513385375268836, 3.935684663825562 ] ] ] } },
{ "type": "Feature", "properties": { "cell_id": "8858db4d0dfffff", "arrondissement": "Yaoundé I", "profil_marche": "Zone peu equipee", "score_potentiel_brut": 24.7, "score_potentiel_net": 24.7, "rang_net": 407, "dist_min_m": 3305.0, "enseigne_plus_proche": "Guichet SGC", "nb_batiments": 0, "dens_bat_km2": 0.0, "dens_route_m_km2": 5166.0, "nb_commerces": 0, "nb_education": 0, "nb_sante": 0, "nb_banques": 0, "nb_restauration": 0, "nb_bureaux": 0, "nb_transport": 0, "nb_loisirs": 0, "nb_lieux_culte": 0, "nb_axes_structurants": 0, "longueur_principale_m": 0.0, "dens_commerces_km2": 0.0, "lat": 3.944882, "lon": 11.49656 }, "geometry": { "type": "Polygon", "coordinates": [ [ [ 11.499113872870227, 3.94132971991844 ], [ 11.501141296305795, 3.945611876039394 ], [ 11.498587548746199, 3.949163747861036 ], [ 11.49400661390735, 3.948433583008887 ], [ 11.491979243423307, 3.944151684163081 ], [ 11.494532754811932, 3.940599692901617 ], [ 11.499113872870227, 3.94132971991844 ] ] ] } },
{ "type": "Feature", "properties": { "cell_id": "88828b456bfffff", "arrondissement": "Yaoundé III", "profil_marche": "Zone peu equipee", "score_potentiel_brut": 24.69, "score_potentiel_net": 24.69, "rang_net": 408, "dist_min_m": 9229.0, "enseigne_plus_proche": "Afriland First Bank", "nb_batiments": 1, "dens_bat_km2": 1.0, "dens_route_m_km2": 1782.0, "nb_commerces": 0, "nb_education": 0, "nb_sante": 0, "nb_banques": 0, "nb_restauration": 0, "nb_bureaux": 0, "nb_transport": 0, "nb_loisirs": 0, "nb_lieux_culte": 0, "nb_axes_structurants": 0, "longueur_principale_m": 0.0, "dens_commerces_km2": 0.0, "lat": 3.756438, "lon": 11.432783 }, "geometry": { "type": "Polygon", "coordinates": [ [ [ 11.435336441812474, 3.75287723507245 ], [ 11.437365295292114, 3.757164860634302 ], [ 11.434812257528666, 3.760725438974433 ], [ 11.430230603262681, 3.759998509997331 ], [ 11.428201803396849, 3.755711142255356 ], [ 11.430754604168577, 3.752150445677986 ], [ 11.435336441812474, 3.75287723507245 ] ] ] } },
{ "type": "Feature", "properties": { "cell_id": "8858db4d6bfffff", "arrondissement": "Yaoundé I", "profil_marche": "Zone peu equipee", "score_potentiel_brut": 24.65, "score_potentiel_net": 24.65, "rang_net": 409, "dist_min_m": 4129.0, "enseigne_plus_proche": "Guichet SGC", "nb_batiments": 0, "dens_bat_km2": 0.0, "dens_route_m_km2": 4723.0, "nb_commerces": 0, "nb_education": 0, "nb_sante": 0, "nb_banques": 0, "nb_restauration": 0, "nb_bureaux": 0, "nb_transport": 0, "nb_loisirs": 0, "nb_lieux_culte": 0, "nb_axes_structurants": 0, "longueur_principale_m": 0.0, "dens_commerces_km2": 0.0, "lat": 3.947703, "lon": 11.489426 }, "geometry": { "type": "Polygon", "coordinates": [ [ [ 11.491979243423307, 3.944151684163081 ], [ 11.49400661390735, 3.948433583008887 ], [ 11.491453213806041, 3.951985138203346 ], [ 11.486872679419189, 3.951254913984724 ], [ 11.484845361949553, 3.946973272444041 ], [ 11.487398525837726, 3.943421597824202 ], [ 11.491979243423307, 3.944151684163081 ] ] ] } },
{ "type": "Feature", "properties": { "cell_id": "88828b4f63fffff", "arrondissement": "Yaoundé IV", "profil_marche": "Zone peu equipee", "score_potentiel_brut": 32.31, "score_potentiel_net": 24.61, "rang_net": 410, "dist_min_m": 1638.0, "enseigne_plus_proche": "Afriland First bank", "nb_batiments": 180, "dens_bat_km2": 268.0, "dens_route_m_km2": 13844.0, "nb_commerces": 0, "nb_education": 0, "nb_sante": 0, "nb_banques": 0, "nb_restauration": 0, "nb_bureaux": 0, "nb_transport": 0, "nb_loisirs": 1, "nb_lieux_culte": 0, "nb_axes_structurants": 1, "longueur_principale_m": 0.0, "dens_commerces_km2": 0.0, "lat": 3.834489, "lon": 11.524823 }, "geometry": { "type": "Polygon", "coordinates": [ [ [ 11.527379542672014, 3.830930099685545 ], [ 11.529408059911219, 3.835216894558586 ], [ 11.526851821521577, 3.838775377164608 ], [ 11.522267302087656, 3.838047183906069 ], [ 11.520238837596619, 3.833760646318424 ], [ 11.522794839776664, 3.830202044711277 ], [ 11.527379542672014, 3.830930099685545 ] ] ] } },
{ "type": "Feature", "properties": { "cell_id": "88828b4da5fffff", "arrondissement": "Yaoundé II", "profil_marche": "Zone peu equipee", "score_potentiel_brut": 24.56, "score_potentiel_net": 24.56, "rang_net": 411, "dist_min_m": 3627.0, "enseigne_plus_proche": "MC2 Le Grenier de la communaute de Lboudi", "nb_batiments": 0, "dens_bat_km2": 0.0, "dens_route_m_km2": 2818.0, "nb_commerces": 0, "nb_education": 0, "nb_sante": 0, "nb_banques": 0, "nb_restauration": 0, "nb_bureaux": 0, "nb_transport": 0, "nb_loisirs": 0, "nb_lieux_culte": 0, "nb_axes_structurants": 0, "longueur_principale_m": 0.0, "dens_commerces_km2": 0.0, "lat": 3.929846, "lon": 11.476736 }, "geometry": { "type": "Polygon", "coordinates": [ [ [ 11.479288786668308, 3.926293161831882 ], [ 11.481316266853771, 3.930575440085563 ], [ 11.478763227971779, 3.934127670072499 ], [ 11.47418294522533, 3.933397741098761 ], [ 11.47215551817683, 3.929115720234067 ], [ 11.47470832072319, 3.925563370961488 ], [ 11.479288786668308, 3.926293161831882 ] ] ] } },
{ "type": "Feature", "properties": { "cell_id": "88828b40d3fffff", "arrondissement": "Yaoundé III", "profil_marche": "Zone peu equipee", "score_potentiel_brut": 24.54, "score_potentiel_net": 24.54, "rang_net": 412, "dist_min_m": 11071.0, "enseigne_plus_proche": "Vision Finance Odja", "nb_batiments": 0, "dens_bat_km2": 0.0, "dens_route_m_km2": 2020.0, "nb_commerces": 0, "nb_education": 0, "nb_sante": 0, "nb_banques": 0, "nb_restauration": 0, "nb_bureaux": 0, "nb_transport": 0, "nb_loisirs": 0, "nb_lieux_culte": 0, "nb_axes_structurants": 0, "longueur_principale_m": 0.0, "dens_commerces_km2": 0.0, "lat": 3.727219, "lon": 11.448628 }, "geometry": { "type": "Polygon", "coordinates": [ [ [ 11.451182526277842, 3.723655869263832 ], [ 11.453211703008009, 3.727944894274506 ], [ 11.450657634591744, 3.731507407405356 ], [ 11.446074626376847, 3.73078101368592 ], [ 11.444045503131608, 3.726492246456294 ], [ 11.446599334601697, 3.722929615172447 ], [ 11.451182526277842, 3.723655869263832 ] ] ] } },
{ "type": "Feature", "properties": { "cell_id": "88828b41b1fffff", "arrondissement": "Yaoundé IV", "profil_marche": "Zone peu equipee", "score_potentiel_brut": 31.23, "score_potentiel_net": 24.53, "rang_net": 413, "dist_min_m": 1775.0, "enseigne_plus_proche": "Vision Finance Odja", "nb_batiments": 216, "dens_bat_km2": 321.0, "dens_route_m_km2": 13332.0, "nb_commerces": 0, "nb_education": 0, "nb_sante": 0, "nb_banques": 0, "nb_restauration": 0, "nb_bureaux": 0, "nb_transport": 0, "nb_loisirs": 1, "nb_lieux_culte": 0, "nb_axes_structurants": 0, "longueur_principale_m": 0.0, "dens_commerces_km2": 0.0, "lat": 3.795904, "lon": 11.506566 }, "geometry": { "type": "Polygon", "coordinates": [ [ [ 11.509121519523763, 3.79234391250785 ], [ 11.511150310309214, 3.796631713327682 ], [ 11.508594446322796, 3.800191857096632 ], [ 11.504010027949326, 3.799464318786845 ], [ 11.501981290094601, 3.795176775388037 ], [ 11.504536917667945, 3.791616512885326 ], [ 11.509121519523763, 3.79234391250785 ] ] ] } },
{ "type": "Feature", "properties": { "cell_id": "88828b4099fffff", "arrondissement": "Yaoundé III", "profil_marche": "Zone peu equipee", "score_potentiel_brut": 24.49, "score_potentiel_net": 24.49, "rang_net": 414, "dist_min_m": 10407.0, "enseigne_plus_proche": "Afriland First Bank Damas", "nb_batiments": 0, "dens_bat_km2": 0.0, "dens_route_m_km2": 0.0, "nb_commerces": 0, "nb_education": 0, "nb_sante": 0, "nb_banques": 0, "nb_restauration": 0, "nb_bureaux": 0, "nb_transport": 0, "nb_loisirs": 0, "nb_lieux_culte": 0, "nb_axes_structurants": 0, "longueur_principale_m": 0.0, "dens_commerces_km2": 0.0, "lat": 3.73507, "lon": 11.448104 }, "geometry": { "type": "Polygon", "coordinates": [ [ [ 11.450657634591744, 3.731507407405356 ], [ 11.452686739246614, 3.73579613790288 ], [ 11.450132782215279, 3.739358216899696 ], [ 11.44554995744781, 3.738631683597122 ], [ 11.443520906278899, 3.734343210873468 ], [ 11.446074626376847, 3.73078101368592 ], [ 11.450657634591744, 3.731507407405356 ] ] ] } },
{ "type": "Feature", "properties": { "cell_id": "88828b409bfffff", "arrondissement": "Yaoundé III", "profil_marche": "Zone peu equipee", "score_potentiel_brut": 24.49, "score_potentiel_net": 24.49, "rang_net": 415, "dist_min_m": 10514.0, "enseigne_plus_proche": "Afriland First Bank Damas", "nb_batiments": 0, "dens_bat_km2": 0.0, "dens_route_m_km2": 0.0, "nb_commerces": 0, "nb_education": 0, "nb_sante": 0, "nb_banques": 0, "nb_restauration": 0, "nb_bureaux": 0, "nb_transport": 0, "nb_loisirs": 0, "nb_lieux_culte": 0, "nb_axes_structurants": 0, "longueur_principale_m": 0.0, "dens_commerces_km2": 0.0, "lat": 3.737905, "lon": 11.440967 }, "geometry": { "type": "Polygon", "coordinates": [ [ [ 11.443520906278899, 3.734343210873468 ], [ 11.44554995744781, 3.738631683597122 ], [ 11.442996348712883, 3.742193446613137 ], [ 11.438413925769824, 3.74146685508922 ], [ 11.436384928149781, 3.737178640169708 ], [ 11.438938299909307, 3.733616758977393 ], [ 11.443520906278899, 3.734343210873468 ] ] ] } },
{ "type": "Feature", "properties": { "cell_id": "88828b4723fffff", "arrondissement": "Yaoundé III", "profil_marche": "Zone peu equipee", "score_potentiel_brut": 24.49, "score_potentiel_net": 24.49, "rang_net": 416, "dist_min_m": 12230.0, "enseigne_plus_proche": "Afriland First Bank Damas", "nb_batiments": 0, "dens_bat_km2": 0.0, "dens_route_m_km2": 0.0, "nb_commerces": 0, "nb_education": 0, "nb_sante": 0, "nb_banques": 0, "nb_restauration": 0, "nb_bureaux": 0, "nb_transport": 0, "nb_loisirs": 0, "nb_lieux_culte": 0, "nb_axes_structurants": 0, "longueur_principale_m": 0.0, "dens_commerces_km2": 0.0, "lat": 3.727876, "lon": 11.427745 }, "geometry": { "type": "Polygon", "coordinates": [ [ [ 11.430297754181344, 3.72431333323383 ], [ 11.432326842351122, 3.728601879182076 ], [ 11.429773707621816, 3.732163878498571 ], [ 11.425191721793166, 3.731437449946279 ], [ 11.423162687295994, 3.727149161877024 ], [ 11.425715584940262, 3.723587044488499 ], [ 11.430297754181344, 3.72431333323383 ] ] ] } },
{ "type": "Feature", "properties": { "cell_id": "88828b4ddbfffff", "arrondissement": "Yaoundé VII", "profil_marche": "Zone peu equipee", "score_potentiel_brut": 28.21, "score_potentiel_net": 24.49, "rang_net": 417, "dist_min_m": 2246.0, "enseigne_plus_proche": "Afriland First Bank", "nb_batiments": 126, "dens_bat_km2": 188.0, "dens_route_m_km2": 9513.0, "nb_commerces": 0, "nb_education": 0, "nb_sante": 0, "nb_banques": 0, "nb_restauration": 0, "nb_bureaux": 0, "nb_transport": 0, "nb_loisirs": 0, "nb_lieux_culte": 0, "nb_axes_structurants": 0, "longueur_principale_m": 0.0, "dens_commerces_km2": 0.0, "lat": 3.884102, "lon": 11.43814 }, "geometry": { "type": "Polygon", "coordinates": [ [ [ 11.440692156459583, 3.880547967191243 ], [ 11.442719892588721, 3.884831079198241 ], [ 11.440168050145026, 3.888384895447762 ], [ 11.435588708247526, 3.887655718600036 ], [ 11.433561025623884, 3.883372864224693 ], [ 11.436112631377675, 3.879818929072836 ], [ 11.440692156459583, 3.880547967191243 ] ] ] } },
{ "type": "Feature", "properties": { "cell_id": "88828b4d8dfffff", "arrondissement": "Yaoundé VII", "profil_marche": "Zone peu equipee", "score_potentiel_brut": 25.45, "score_potentiel_net": 24.43, "rang_net": 418, "dist_min_m": 2770.0, "enseigne_plus_proche": "MC2 Le Grenier de la communaute de Lboudi", "nb_batiments": 7, "dens_bat_km2": 10.0, "dens_route_m_km2": 8916.0, "nb_commerces": 0, "nb_education": 0, "nb_sante": 0, "nb_banques": 0, "nb_restauration": 0, "nb_bureaux": 0, "nb_transport": 0, "nb_loisirs": 0, "nb_lieux_culte": 0, "nb_axes_structurants": 0, "longueur_principale_m": 0.0, "dens_commerces_km2": 0.0, "lat": 3.904151, "lon": 11.464571 }, "geometry": { "type": "Polygon", "coordinates": [ [ [ 11.467123270360172, 3.900597126895613 ], [ 11.46915093200802, 3.904880080684355 ], [ 11.466598143352284, 3.908433420808774 ], [ 11.462017929504935, 3.907703926260455 ], [ 11.459990321115496, 3.903421229952227 ], [ 11.462542873300398, 3.899867770719209 ], [ 11.467123270360172, 3.900597126895613 ] ] ] } },
{ "type": "Feature", "properties": { "cell_id": "88828b41bdfffff", "arrondissement": "Yaoundé IV", "profil_marche": "Peripherie residentielle", "score_potentiel_brut": 37.24, "score_potentiel_net": 24.24, "rang_net": 419, "dist_min_m": 1005.0, "enseigne_plus_proche": "Vision Finance Odja", "nb_batiments": 568, "dens_bat_km2": 844.0, "dens_route_m_km2": 23010.0, "nb_commerces": 0, "nb_education": 0, "nb_sante": 0, "nb_banques": 0, "nb_restauration": 0, "nb_bureaux": 0, "nb_transport": 0, "nb_loisirs": 0, "nb_lieux_culte": 0, "nb_axes_structurants": 3, "longueur_principale_m": 0.0, "dens_commerces_km2": 0.0, "lat": 3.793071, "lon": 11.513706 }, "geometry": { "type": "Polygon", "coordinates": [ [ [ 11.516262497631024, 3.789510675286537 ], [ 11.518291341284138, 3.793798733497079 ], [ 11.515735129445201, 3.797359193139859 ], [ 11.511150310309214, 3.796631713327682 ], [ 11.509121519523763, 3.79234391250785 ], [ 11.511677494991968, 3.788783334116835 ], [ 11.516262497631024, 3.789510675286537 ] ] ] } },
{ "type": "Feature", "properties": { "cell_id": "8858db4d05fffff", "arrondissement": "Yaoundé I", "profil_marche": "Zone peu equipee", "score_potentiel_brut": 25.04, "score_potentiel_net": 24.23, "rang_net": 420, "dist_min_m": 2815.0, "enseigne_plus_proche": "Guichet SGC", "nb_batiments": 2, "dens_bat_km2": 3.0, "dens_route_m_km2": 6994.0, "nb_commerces": 0, "nb_education": 0, "nb_sante": 0, "nb_banques": 0, "nb_restauration": 0, "nb_bureaux": 0, "nb_transport": 0, "nb_loisirs": 0, "nb_lieux_culte": 0, "nb_axes_structurants": 0, "longueur_principale_m": 0.0, "dens_commerces_km2": 0.0, "lat": 3.937047, "lon": 11.497086 }, "geometry": { "type": "Polygon", "coordinates": [ [ [ 11.499640236380337, 3.933494957787072 ], [ 11.501667731738955, 3.937777412066284 ], [ 11.499113872870227, 3.94132971991844 ], [ 11.494532754811932, 3.940599692901617 ], [ 11.49250531240375, 3.936317495905505 ], [ 11.495058935088792, 3.932765068650472 ], [ 11.499640236380337, 3.933494957787072 ] ] ] } },
{ "type": "Feature", "properties": { "cell_id": "88828b4e2dfffff", "arrondissement": "Yaoundé III", "profil_marche": "Peripherie residentielle", "score_potentiel_brut": 36.8, "score_potentiel_net": 24.17, "rang_net": 421, "dist_min_m": 1039.0, "enseigne_plus_proche": "Afriland First Bank Damas", "nb_batiments": 921, "dens_bat_km2": 1370.0, "dens_route_m_km2": 19271.0, "nb_commerces": 0, "nb_education": 0, "nb_sante": 0, "nb_banques": 0, "nb_restauration": 0, "nb_bureaux": 0, "nb_transport": 0, "nb_loisirs": 0, "nb_lieux_culte": 0, "nb_axes_structurants": 1, "longueur_principale_m": 0.0, "dens_commerces_km2": 0.0, "lat": 3.812247, "lon": 11.484622 }, "geometry": { "type": "Polygon", "coordinates": [ [ [ 11.487176889184516, 3.808687602133484 ], [ 11.489205448976822, 3.812974334604506 ], [ 11.486650740077879, 3.81653309563196 ], [ 11.482067707899091, 3.815805242923576 ], [ 11.480039201227667, 3.811518767957017 ], [ 11.48259367359951, 3.807959888201766 ], [ 11.487176889184516, 3.808687602133484 ] ] ] } },
{ "type": "Feature", "properties": { "cell_id": "88828b4d13fffff", "arrondissement": "Yaoundé II", "profil_marche": "Zone peu equipee", "score_potentiel_brut": 27.39, "score_potentiel_net": 23.98, "rang_net": 422, "dist_min_m": 2288.0, "enseigne_plus_proche": "Société Générale Cameroun", "nb_batiments": 122, "dens_bat_km2": 182.0, "dens_route_m_km2": 4840.0, "nb_commerces": 0, "nb_education": 0, "nb_sante": 0, "nb_banques": 0, "nb_restauration": 0, "nb_bureaux": 0, "nb_transport": 0, "nb_loisirs": 0, "nb_lieux_culte": 0, "nb_axes_structurants": 0, "longueur_principale_m": 0.0, "dens_commerces_km2": 0.0, "lat": 3.890664, "lon": 11.479364 }, "geometry": { "type": "Polygon", "coordinates": [ [ [ 11.481917170193052, 3.887109618986573 ], [ 11.483945010128675, 3.891393384951301 ], [ 11.481391414801408, 3.89494779380053 ], [ 11.476810215923315, 3.894218555792791 ], [ 11.474782429119305, 3.889935047256365 ], [ 11.47733578804714, 3.886380519306782 ], [ 11.481917170193052, 3.887109618986573 ] ] ] } },
{ "type": "Feature", "properties": { "cell_id": "88828b4c2bfffff", "arrondissement": "Yaoundé VII", "profil_marche": "Zone peu equipee", "score_potentiel_brut": 31.44, "score_potentiel_net": 23.75, "rang_net": 423, "dist_min_m": 1602.0, "enseigne_plus_proche": "Afriland First Bank", "nb_batiments": 305, "dens_bat_km2": 454.0, "dens_route_m_km2": 11950.0, "nb_commerces": 0, "nb_education": 0, "nb_sante": 0, "nb_banques": 0, "nb_restauration": 0, "nb_bureaux": 1, "nb_transport": 0, "nb_loisirs": 0, "nb_lieux_culte": 0, "nb_axes_structurants": 0, "longueur_principale_m": 0.0, "dens_commerces_km2": 0.0, "lat": 3.86496, "lon": 11.467196 }, "geometry": { "type": "Polygon", "coordinates": [ [ [ 11.469749495014057, 3.861404666364157 ], [ 11.471777516517735, 3.865689105412031 ], [ 11.469224171453599, 3.869244623290415 ], [ 11.464643041405889, 3.86851582105106 ], [ 11.462615073155357, 3.864231639522537 ], [ 11.465168181684787, 3.860676002721419 ], [ 11.469749495014057, 3.861404666364157 ] ] ] } },
{ "type": "Feature", "properties": { "cell_id": "88828b4c17fffff", "arrondissement": "Yaoundé VII", "profil_marche": "Zone peu equipee", "score_potentiel_brut": 27.87, "score_potentiel_net": 23.61, "rang_net": 424, "dist_min_m": 2127.0, "enseigne_plus_proche": "Afriland First Bank", "nb_batiments": 77, "dens_bat_km2": 115.0, "dens_route_m_km2": 11367.0, "nb_commerces": 0, "nb_education": 0, "nb_sante": 0, "nb_banques": 0, "nb_restauration": 0, "nb_bureaux": 0, "nb_transport": 0, "nb_loisirs": 0, "nb_lieux_culte": 0, "nb_axes_structurants": 0, "longueur_principale_m": 0.0, "dens_commerces_km2": 0.0, "lat": 3.860588, "lon": 11.439713 }, "geometry": { "type": "Polygon", "coordinates": [ [ [ 11.442264710785725, 3.857032789194528 ], [ 11.444292662883658, 3.861316791194619 ], [ 11.441740486775629, 3.864871913871888 ], [ 11.437160595283414, 3.864143153347086 ], [ 11.435132696687914, 3.859859409001869 ], [ 11.437684636067623, 3.856304167533999 ], [ 11.442264710785725, 3.857032789194528 ] ] ] } },
{ "type": "Feature", "properties": { "cell_id": "88828b41adfffff", "arrondissement": "Yaoundé IV", "profil_marche": "Zone peu equipee", "score_potentiel_brut": 32.98, "score_potentiel_net": 23.59, "rang_net": 425, "dist_min_m": 1372.0, "enseigne_plus_proche": "Vision Finance Odja", "nb_batiments": 188, "dens_bat_km2": 279.0, "dens_route_m_km2": 17455.0, "nb_commerces": 0, "nb_education": 0, "nb_sante": 0, "nb_banques": 0, "nb_restauration": 0, "nb_bureaux": 0, "nb_transport": 0, "nb_loisirs": 0, "nb_lieux_culte": 0, "nb_axes_structurants": 3, "longueur_principale_m": 0.0, "dens_commerces_km2": 0.0, "lat": 3.79242, "lon": 11.534605 }, "geometry": { "type": "Polygon", "coordinates": [ [ [ 11.53716166958387, 3.788858955464399 ], [ 11.539190599457127, 3.793147489618223 ], [ 11.536633455744111, 3.796708462023759 ], [ 11.532047618373889, 3.795981019111851 ], [ 11.530018741180017, 3.791692742250156 ], [ 11.53257564866229, 3.788131651015592 ], [ 11.53716166958387, 3.788858955464399 ] ] ] } },
{ "type": "Feature", "properties": { "cell_id": "88828b4187fffff", "arrondissement": "Yaoundé IV", "profil_marche": "Zone peu equipee", "score_potentiel_brut": 31.54, "score_potentiel_net": 22.82, "rang_net": 426, "dist_min_m": 1421.0, "enseigne_plus_proche": "Vision Finance Odja", "nb_batiments": 235, "dens_bat_km2": 349.0, "dens_route_m_km2": 16393.0, "nb_commerces": 0, "nb_education": 0, "nb_sante": 0, "nb_banques": 0, "nb_restauration": 0, "nb_bureaux": 0, "nb_transport": 0, "nb_loisirs": 0, "nb_lieux_culte": 0, "nb_axes_structurants": 1, "longueur_principale_m": 0.0, "dens_commerces_km2": 0.0, "lat": 3.785223, "lon": 11.514234 }, "geometry": { "type": "Polygon", "coordinates": [ [ [ 11.516789905308302, 3.781661426943915 ], [ 11.518818820973577, 3.785949781059147 ], [ 11.516262497631024, 3.789510675286537 ], [ 11.511677494991968, 3.788783334116835 ], [ 11.509648632193212, 3.784495237399614 ], [ 11.512204719152319, 3.780934224461442 ], [ 11.516789905308302, 3.781661426943915 ] ] ] } },
{ "type": "Feature", "properties": { "cell_id": "8858db4d31fffff", "arrondissement": "Yaoundé I", "profil_marche": "Zone peu equipee", "score_potentiel_brut": 35.09, "score_potentiel_net": 22.81, "rang_net": 427, "dist_min_m": 989.0, "enseigne_plus_proche": "Guichet SGC", "nb_batiments": 455, "dens_bat_km2": 678.0, "dens_route_m_km2": 16013.0, "nb_commerces": 0, "nb_education": 0, "nb_sante": 0, "nb_banques": 0, "nb_restauration": 0, "nb_bureaux": 0, "nb_transport": 0, "nb_loisirs": 0, "nb_lieux_culte": 0, "nb_axes_structurants": 5, "longueur_principale_m": 0.0, "dens_commerces_km2": 0.0, "lat": 3.923566, "lon": 11.511885 }, "geometry": { "type": "Polygon", "coordinates": [ [ [ 11.514439320099102, 3.920012110614066 ], [ 11.516466993095362, 3.924295377425074 ], [ 11.513912327965855, 3.927848754189622 ], [ 11.509330225937422, 3.927118983545351 ], [ 11.507302605764593, 3.922835973965245 ], [ 11.509857034782145, 3.919282477805862 ], [ 11.514439320099102, 3.920012110614066 ] ] ] } },
{ "type": "Feature", "properties": { "cell_id": "88828b4c15fffff", "arrondissement": "Yaoundé VII", "profil_marche": "Zone peu equipee", "score_potentiel_brut": 28.56, "score_potentiel_net": 22.77, "rang_net": 428, "dist_min_m": 1843.0, "enseigne_plus_proche": "Afriland First Bank", "nb_batiments": 68, "dens_bat_km2": 101.0, "dens_route_m_km2": 7018.0, "nb_commerces": 0, "nb_education": 0, "nb_sante": 0, "nb_banques": 0, "nb_restauration": 1, "nb_bureaux": 0, "nb_transport": 0, "nb_loisirs": 0, "nb_lieux_culte": 0, "nb_axes_structurants": 0, "longueur_principale_m": 0.0, "dens_commerces_km2": 0.0, "lat": 3.857761, "lon": 11.446845 }, "geometry": { "type": "Polygon", "coordinates": [ [ [ 11.449397474279904, 3.854205793981545 ], [ 11.451425479817422, 3.858490053606484 ], [ 11.448872955783425, 3.862045492806818 ], [ 11.444292662883658, 3.861316791194619 ], [ 11.442264710785725, 3.857032789194528 ], [ 11.444816998133378, 3.853477231189199 ], [ 11.449397474279904, 3.854205793981545 ] ] ] } },
{ "type": "Feature", "properties": { "cell_id": "8858db4d01fffff", "arrondissement": "Yaoundé I", "profil_marche": "Zone peu equipee", "score_potentiel_brut": 24.82, "score_potentiel_net": 22.64, "rang_net": 429, "dist_min_m": 2498.0, "enseigne_plus_proche": "Guichet SGC", "nb_batiments": 1, "dens_bat_km2": 1.0, "dens_route_m_km2": 4261.0, "nb_commerces": 0, "nb_education": 0, "nb_sante": 0, "nb_banques": 0, "nb_restauration": 0, "nb_bureaux": 0, "nb_transport": 0, "nb_loisirs": 0, "nb_lieux_culte": 0, "nb_axes_structurants": 0, "longueur_principale_m": 0.0, "dens_commerces_km2": 0.0, "lat": 3.94206, "lon": 11.503695 }, "geometry": { "type": "Polygon", "coordinates": [ [ [ 11.506249250186647, 3.938507379781964 ], [ 11.508276726510809, 3.942789793148028 ], [ 11.505722631513326, 3.946341981545949 ], [ 11.501141296305795, 3.945611876039394 ], [ 11.499113872870227, 3.94132971991844 ], [ 11.501667731738955, 3.937777412066284 ], [ 11.506249250186647, 3.938507379781964 ] ] ] } },
{ "type": "Feature", "properties": { "cell_id": "88828b41a1fffff", "arrondissement": "Yaoundé IV", "profil_marche": "Peripherie residentielle", "score_potentiel_brut": 34.36, "score_potentiel_net": 22.33, "rang_net": 430, "dist_min_m": 548.0, "enseigne_plus_proche": "Vision Finance Odja", "nb_batiments": 545, "dens_bat_km2": 810.0, "dens_route_m_km2": 16470.0, "nb_commerces": 0, "nb_education": 0, "nb_sante": 0, "nb_banques": 0, "nb_restauration": 0, "nb_bureaux": 0, "nb_transport": 0, "nb_loisirs": 2, "nb_lieux_culte": 0, "nb_axes_structurants": 0, "longueur_principale_m": 0.0, "dens_commerces_km2": 0.0, "lat": 3.795254, "lon": 11.527462 }, "geometry": { "type": "Polygon", "coordinates": [ [ [ 11.530018741180017, 3.791692742250156 ], [ 11.532047618373889, 3.795981019111851 ], [ 11.529490822429807, 3.799541675761981 ], [ 11.524905385550342, 3.798814174372319 ], [ 11.522876561099022, 3.794526154833196 ], [ 11.525433120769906, 3.790965379368508 ], [ 11.530018741180017, 3.791692742250156 ] ] ] } },
{ "type": "Feature", "properties": { "cell_id": "8858db4d37fffff", "arrondissement": "Yaoundé I", "profil_marche": "Zone peu equipee", "score_potentiel_brut": 31.43, "score_potentiel_net": 20.77, "rang_net": 431, "dist_min_m": 1062.0, "enseigne_plus_proche": "Ecobank Etoudi", "nb_batiments": 30, "dens_bat_km2": 45.0, "dens_route_m_km2": 24159.0, "nb_commerces": 0, "nb_education": 0, "nb_sante": 0, "nb_banques": 0, "nb_restauration": 0, "nb_bureaux": 0, "nb_transport": 0, "nb_loisirs": 1, "nb_lieux_culte": 0, "nb_axes_structurants": 0, "longueur_principale_m": 0.0, "dens_commerces_km2": 0.0, "lat": 3.915729, "lon": 11.512412 }, "geometry": { "type": "Polygon", "coordinates": [ [ [ 11.514966351672919, 3.912174733291008 ], [ 11.516994096599509, 3.916458298039244 ], [ 11.514439320099102, 3.920012110614066 ], [ 11.509857034782145, 3.919282477805862 ], [ 11.507829342677862, 3.914999170296397 ], [ 11.510383883053604, 3.911445238363735 ], [ 11.514966351672919, 3.912174733291008 ] ] ] } }
]
}
