{
"type": "FeatureCollection",
"name": "quartiers",
"crs": { "type": "name", "properties": { "name": "urn:ogc:def:crs:OGC:1.3:CRS84" } },
"features": [
{ "type": "Feature", "properties": { "nom": "Mbankolo", "arrondissement": "Yaoundé II" }, "geometry": { "type": "Polygon", "coordinates": [ [ [ 11.46585, 3.909042 ], [ 11.467507, 3.907924 ], [ 11.467339, 3.907395 ], [ 11.467372, 3.906796 ], [ 11.468049, 3.905797 ], [ 11.468495, 3.904441 ], [ 11.468376, 3.903263 ], [ 11.469627, 3.90098 ], [ 11.469754, 3.899442 ], [ 11.470057, 3.898337 ], [ 11.472057, 3.89291 ], [ 11.47332, 3.893274 ], [ 11.47388, 3.893234 ], [ 11.474584, 3.893393 ], [ 11.474964, 3.894025 ], [ 11.474653, 3.895069 ], [ 11.475007, 3.896361 ], [ 11.475188, 3.896541 ], [ 11.47606, 3.895178 ], [ 11.476254, 3.894186 ], [ 11.476501, 3.893837 ], [ 11.4772, 3.893789 ], [ 11.477469, 3.8942 ], [ 11.478032, 3.894464 ], [ 11.478566, 3.894426 ], [ 11.478772, 3.894527 ], [ 11.479556, 3.894319 ], [ 11.480055, 3.89433 ], [ 11.480528, 3.893037 ], [ 11.48115, 3.892426 ], [ 11.482936, 3.89201 ], [ 11.484743, 3.892321 ], [ 11.486424, 3.892933 ], [ 11.487414, 3.893729 ], [ 11.489824, 3.894392 ], [ 11.49095, 3.894181 ], [ 11.491326, 3.893884 ], [ 11.491806, 3.892722 ], [ 11.491811, 3.892382 ], [ 11.491565, 3.892053 ], [ 11.491669, 3.891802 ], [ 11.492042, 3.891793 ], [ 11.49211, 3.891653 ], [ 11.492774, 3.891777 ], [ 11.492798, 3.891477 ], [ 11.493067, 3.891449 ], [ 11.493292, 3.891471 ], [ 11.493347, 3.891782 ], [ 11.493654, 3.891437 ], [ 11.494447, 3.891927 ], [ 11.494883, 3.891831 ], [ 11.49456, 3.892214 ], [ 11.494475, 3.892758 ], [ 11.494107, 3.893179 ], [ 11.494016, 3.893512 ], [ 11.494086, 3.893885 ], [ 11.493851, 3.894022 ], [ 11.493557, 3.894654 ], [ 11.493847, 3.89483 ], [ 11.493712, 3.895124 ], [ 11.494031, 3.895299 ], [ 11.493891, 3.896451 ], [ 11.494198, 3.8967 ], [ 11.494327, 3.897245 ], [ 11.49381, 3.89806 ], [ 11.49447, 3.899125 ], [ 11.494673, 3.899884 ], [ 11.494558, 3.900123 ], [ 11.494631, 3.900247 ], [ 11.496102, 3.901598 ], [ 11.496047, 3.902736 ], [ 11.49541, 3.903656 ], [ 11.495396, 3.903798 ], [ 11.495683, 3.904117 ], [ 11.495466, 3.904872 ], [ 11.49556, 3.905074 ], [ 11.49519, 3.905905 ], [ 11.495343, 3.906354 ], [ 11.495197, 3.906911 ], [ 11.494962, 3.907239 ], [ 11.49492, 3.907998 ], [ 11.495062, 3.908323 ], [ 11.494652, 3.909014 ], [ 11.494652, 3.909751 ], [ 11.494246, 3.910845 ], [ 11.493694, 3.911396 ], [ 11.493309, 3.910992 ], [ 11.488901, 3.909491 ], [ 11.488869, 3.90917 ], [ 11.488254, 3.908878 ], [ 11.488252, 3.908099 ], [ 11.487751, 3.907705 ], [ 11.487184, 3.908166 ], [ 11.487084, 3.908611 ], [ 11.486019, 3.908497 ], [ 11.485896, 3.908886 ], [ 11.485707, 3.908967 ], [ 11.485467, 3.90876 ], [ 11.485734, 3.909164 ], [ 11.485375, 3.909238 ], [ 11.485195, 3.909061 ], [ 11.484981, 3.909192 ], [ 11.484981, 3.909344 ], [ 11.484783, 3.908944 ], [ 11.483998, 3.909024 ], [ 11.483353, 3.908846 ], [ 11.48316, 3.90897 ], [ 11.483025, 3.908814 ], [ 11.482807, 3.908844 ], [ 11.48264, 3.909225 ], [ 11.481722, 3.909382 ], [ 11.481615, 3.910068 ], [ 11.481239, 3.9108 ], [ 11.481367, 3.911734 ], [ 11.480874, 3.911737 ], [ 11.48042, 3.911928 ], [ 11.480036, 3.912584 ], [ 11.479572, 3.912353 ], [ 11.479199, 3.912705 ], [ 11.479082, 3.912163 ], [ 11.478896, 3.912011 ], [ 11.47895, 3.911857 ], [ 11.478438, 3.911402 ], [ 11.478107, 3.91086 ], [ 11.47767, 3.910518 ], [ 11.47771, 3.910413 ], [ 11.477129, 3.910316 ], [ 11.477132, 3.909896 ], [ 11.47762, 3.90983 ], [ 11.477888, 3.910059 ], [ 11.478079, 3.908462 ], [ 11.478039, 3.907747 ], [ 11.478205, 3.907531 ], [ 11.478153, 3.906926 ], [ 11.478016, 3.90672 ], [ 11.478174, 3.906288 ], [ 11.478048, 3.905313 ], [ 11.478368, 3.904265 ], [ 11.478162, 3.903849 ], [ 11.478089, 3.902613 ], [ 11.477792, 3.902245 ], [ 11.47744, 3.902227 ], [ 11.477458, 3.90195 ], [ 11.47675, 3.902154 ], [ 11.476477, 3.902732 ], [ 11.476097, 3.903037 ], [ 11.475947, 3.903627 ], [ 11.476047, 3.904071 ], [ 11.475435, 3.904804 ], [ 11.475141, 3.905804 ], [ 11.47515, 3.906289 ], [ 11.46585, 3.909042 ] ] ] } },
{ "type": "Feature", "properties": { "nom": "Oyom-Abang", "arrondissement": "Yaoundé VII" }, "geometry": { "type": "Polygon", "coordinates": [ [ [ 11.4597, 3.873227 ], [ 11.459715, 3.872871 ], [ 11.461607, 3.872938 ], [ 11.463044, 3.872479 ], [ 11.463128, 3.872701 ], [ 11.46337, 3.872684 ], [ 11.464247, 3.872348 ], [ 11.46459, 3.872571 ], [ 11.465517, 3.87271 ], [ 11.466967, 3.873354 ], [ 11.468437, 3.873212 ], [ 11.469465, 3.873369 ], [ 11.470844, 3.872934 ], [ 11.472383, 3.873085 ], [ 11.473026, 3.87255 ], [ 11.473576, 3.872434 ], [ 11.47468, 3.872644 ], [ 11.475592, 3.872209 ], [ 11.476059, 3.872301 ], [ 11.477016, 3.87218 ], [ 11.477265, 3.871973 ], [ 11.47759, 3.871353 ], [ 11.478241, 3.871111 ], [ 11.478973, 3.872713 ], [ 11.479648, 3.873373 ], [ 11.479609, 3.873648 ], [ 11.480247, 3.874617 ], [ 11.479543, 3.875079 ], [ 11.480107, 3.875317 ], [ 11.479987, 3.875934 ], [ 11.480924, 3.876122 ], [ 11.48118, 3.877389 ], [ 11.480534, 3.878065 ], [ 11.479456, 3.879773 ], [ 11.478551, 3.880765 ], [ 11.477913, 3.880448 ], [ 11.476968, 3.880374 ], [ 11.47587, 3.880094 ], [ 11.475203, 3.88015 ], [ 11.47463, 3.879977 ], [ 11.473197, 3.880262 ], [ 11.472422, 3.880101 ], [ 11.471808, 3.880359 ], [ 11.47162, 3.880288 ], [ 11.471469, 3.879687 ], [ 11.470926, 3.879081 ], [ 11.470419, 3.878961 ], [ 11.46932, 3.879034 ], [ 11.468689, 3.878602 ], [ 11.468081, 3.877841 ], [ 11.467826, 3.877738 ], [ 11.467733, 3.877473 ], [ 11.46717, 3.877015 ], [ 11.466556, 3.876059 ], [ 11.46612, 3.876105 ], [ 11.465506, 3.875591 ], [ 11.464634, 3.875726 ], [ 11.463878, 3.875367 ], [ 11.463524, 3.875535 ], [ 11.462986, 3.875529 ], [ 11.462595, 3.875469 ], [ 11.462348, 3.875266 ], [ 11.462124, 3.875444 ], [ 11.461842, 3.875457 ], [ 11.461712, 3.875078 ], [ 11.460815, 3.874407 ], [ 11.4597, 3.873227 ] ] ] } },
{ "type": "Feature", "properties": { "nom": "Ngoa-Ékélé", "arrondissement": "Yaoundé III" }, "geometry": { "type": "Polygon", "coordinates": [ [ [ 11.49385, 3.862521 ], [ 11.494172, 3.862364 ], [ 11.495301, 3.861102 ], [ 11.495232, 3.860767 ], [ 11.494589, 3.860371 ], [ 11.494412, 3.860035 ], [ 11.494198, 3.859458 ], [ 11.494134, 3.85879 ], [ 11.494562, 3.85864 ], [ 11.494744, 3.857112 ], [ 11.495106, 3.856139 ], [ 11.494823, 3.854706 ], [ 11.494798, 3.853233 ], [ 11.495155, 3.852224 ], [ 11.495478, 3.85173 ], [ 11.496087, 3.851288 ], [ 11.496515, 3.851178 ], [ 11.496866, 3.850732 ], [ 11.497177, 3.85062 ], [ 11.497744, 3.849656 ], [ 11.497988, 3.84947 ], [ 11.498959, 3.849135 ], [ 11.49997, 3.848283 ], [ 11.50115, 3.847823 ], [ 11.502303, 3.847977 ], [ 11.502939, 3.847716 ], [ 11.504548, 3.847602 ], [ 11.505108, 3.848255 ], [ 11.505555, 3.848479 ], [ 11.506239, 3.848634 ], [ 11.506554, 3.848464 ], [ 11.506969, 3.848459 ], [ 11.50735, 3.84865 ], [ 11.507746, 3.848517 ], [ 11.507985, 3.848056 ], [ 11.508596, 3.84768 ], [ 11.509025, 3.848986 ], [ 11.508974, 3.8492 ], [ 11.509224, 3.849423 ], [ 11.509231, 3.850217 ], [ 11.5091, 3.85036 ], [ 11.508913, 3.850228 ], [ 11.50854, 3.850316 ], [ 11.505736, 3.852899 ], [ 11.505378, 3.853294 ], [ 11.50479, 3.854666 ], [ 11.504461, 3.854901 ], [ 11.503374, 3.855282 ], [ 11.503103, 3.855519 ], [ 11.503742, 3.856438 ], [ 11.504407, 3.857859 ], [ 11.50478, 3.859485 ], [ 11.505193, 3.860011 ], [ 11.50406, 3.862427 ], [ 11.50035, 3.86303 ], [ 11.498822, 3.863578 ], [ 11.496554, 3.864019 ], [ 11.495471, 3.863859 ], [ 11.494942, 3.863627 ], [ 11.49419, 3.863001 ], [ 11.49385, 3.862521 ] ] ] } },
{ "type": "Feature", "properties": { "nom": "Obili", "arrondissement": "Yaoundé III" }, "geometry": { "type": "Polygon", "coordinates": [ [ [ 11.48213, 3.853814 ], [ 11.482507, 3.853619 ], [ 11.482624, 3.85312 ], [ 11.483097, 3.852472 ], [ 11.484026, 3.852051 ], [ 11.48467, 3.851471 ], [ 11.484873, 3.851407 ], [ 11.485062, 3.851899 ], [ 11.48608, 3.85151 ], [ 11.487407, 3.850664 ], [ 11.488943, 3.849348 ], [ 11.489061, 3.849465 ], [ 11.492696, 3.845409 ], [ 11.493137, 3.845872 ], [ 11.494395, 3.846273 ], [ 11.494634, 3.846253 ], [ 11.495764, 3.845421 ], [ 11.497086, 3.846546 ], [ 11.496543, 3.847298 ], [ 11.497307, 3.847755 ], [ 11.498661, 3.849234 ], [ 11.497744, 3.849656 ], [ 11.497177, 3.85062 ], [ 11.496866, 3.850732 ], [ 11.496515, 3.851178 ], [ 11.496087, 3.851288 ], [ 11.495478, 3.85173 ], [ 11.495035, 3.852508 ], [ 11.494798, 3.853233 ], [ 11.494752, 3.854 ], [ 11.495106, 3.856139 ], [ 11.494744, 3.857112 ], [ 11.494562, 3.85864 ], [ 11.494134, 3.85879 ], [ 11.494134, 3.859019 ], [ 11.494273, 3.859746 ], [ 11.494589, 3.860371 ], [ 11.495232, 3.860767 ], [ 11.495301, 3.861102 ], [ 11.494172, 3.862364 ], [ 11.49385, 3.862521 ], [ 11.493388, 3.861484 ], [ 11.49319, 3.859348 ], [ 11.492532, 3.857338 ], [ 11.492182, 3.857505 ], [ 11.49163, 3.858504 ], [ 11.491853, 3.859268 ], [ 11.491726, 3.859454 ], [ 11.490953, 3.859425 ], [ 11.490323, 3.859113 ], [ 11.489235, 3.858421 ], [ 11.489335, 3.858024 ], [ 11.489101, 3.857792 ], [ 11.488882, 3.857728 ], [ 11.488715, 3.857936 ], [ 11.488471, 3.857799 ], [ 11.488342, 3.857917 ], [ 11.487822, 3.856924 ], [ 11.487925, 3.856632 ], [ 11.487633, 3.856192 ], [ 11.487448, 3.856365 ], [ 11.487399, 3.856631 ], [ 11.487463, 3.857499 ], [ 11.487238, 3.857621 ], [ 11.485621, 3.857736 ], [ 11.484498, 3.858092 ], [ 11.484307, 3.858451 ], [ 11.483797, 3.858177 ], [ 11.483998, 3.857673 ], [ 11.483777, 3.856609 ], [ 11.482927, 3.855451 ], [ 11.483537, 3.855198 ], [ 11.48213, 3.853814 ] ] ] } },
{ "type": "Feature", "properties": { "nom": "Étoug-ébé", "arrondissement": "Yaoundé VI" }, "geometry": { "type": "Polygon", "coordinates": [ [ [ 11.466839, 3.850563 ], [ 11.467021, 3.850338 ], [ 11.4679, 3.849905 ], [ 11.468474, 3.850012 ], [ 11.469088, 3.85036 ], [ 11.469733, 3.850519 ], [ 11.470074, 3.850058 ], [ 11.470241, 3.849391 ], [ 11.470546, 3.849153 ], [ 11.470546, 3.848495 ], [ 11.470373, 3.848317 ], [ 11.470374, 3.848024 ], [ 11.470172, 3.848099 ], [ 11.469747, 3.847998 ], [ 11.470757, 3.846544 ], [ 11.471134, 3.844823 ], [ 11.471626, 3.843627 ], [ 11.472756, 3.843511 ], [ 11.473235, 3.844142 ], [ 11.473669, 3.844458 ], [ 11.47465, 3.844789 ], [ 11.474873, 3.844695 ], [ 11.47546, 3.845196 ], [ 11.475695, 3.844898 ], [ 11.475983, 3.845056 ], [ 11.47636, 3.844984 ], [ 11.476506, 3.845348 ], [ 11.47873, 3.844905 ], [ 11.479253, 3.845046 ], [ 11.479478, 3.844731 ], [ 11.47985, 3.844581 ], [ 11.479953, 3.845172 ], [ 11.480165, 3.845299 ], [ 11.480446, 3.845068 ], [ 11.480721, 3.845243 ], [ 11.481037, 3.844908 ], [ 11.481397, 3.845176 ], [ 11.481476, 3.844768 ], [ 11.482262, 3.844761 ], [ 11.483271, 3.844944 ], [ 11.483256, 3.845162 ], [ 11.484286, 3.845438 ], [ 11.484659, 3.845851 ], [ 11.484394, 3.848947 ], [ 11.483947, 3.849029 ], [ 11.48447, 3.850167 ], [ 11.484377, 3.850684 ], [ 11.484672, 3.850959 ], [ 11.484872, 3.851427 ], [ 11.484632, 3.851497 ], [ 11.484026, 3.852051 ], [ 11.483097, 3.852472 ], [ 11.482624, 3.85312 ], [ 11.482507, 3.853619 ], [ 11.48213, 3.853814 ], [ 11.483537, 3.855198 ], [ 11.482927, 3.855451 ], [ 11.483777, 3.856609 ], [ 11.483998, 3.857673 ], [ 11.483937, 3.857906 ], [ 11.483797, 3.858177 ], [ 11.481777, 3.857029 ], [ 11.481344, 3.856266 ], [ 11.47926, 3.857025 ], [ 11.47803, 3.855937 ], [ 11.476774, 3.855074 ], [ 11.47611, 3.854262 ], [ 11.475948, 3.854218 ], [ 11.47641, 3.855075 ], [ 11.475856, 3.855917 ], [ 11.475684, 3.856492 ], [ 11.475462, 3.856685 ], [ 11.475533, 3.857614 ], [ 11.474975, 3.858796 ], [ 11.473778, 3.859646 ], [ 11.473188, 3.859557 ], [ 11.472653, 3.859295 ], [ 11.472291, 3.859837 ], [ 11.471875, 3.860044 ], [ 11.471713, 3.860333 ], [ 11.471848, 3.860513 ], [ 11.471477, 3.86073 ], [ 11.471175, 3.860766 ], [ 11.470234, 3.860447 ], [ 11.468962, 3.859303 ], [ 11.469703, 3.858184 ], [ 11.469819, 3.856618 ], [ 11.469608, 3.855811 ], [ 11.469664, 3.85511 ], [ 11.469119, 3.85439 ], [ 11.468614, 3.853958 ], [ 11.468343, 3.852932 ], [ 11.468054, 3.852355 ], [ 11.467982, 3.851743 ], [ 11.466839, 3.850563 ] ] ] } },
{ "type": "Feature", "properties": { "nom": "Éfoulan", "arrondissement": "Yaoundé III" }, "geometry": { "type": "Polygon", "coordinates": [ [ [ 11.500009, 3.837803 ], [ 11.500777, 3.836743 ], [ 11.501165, 3.836554 ], [ 11.501622, 3.836514 ], [ 11.501308, 3.835893 ], [ 11.501434, 3.835027 ], [ 11.501396, 3.833896 ], [ 11.500766, 3.833132 ], [ 11.50096, 3.832873 ], [ 11.50112, 3.832209 ], [ 11.500884, 3.831329 ], [ 11.501256, 3.830369 ], [ 11.501215, 3.829719 ], [ 11.500947, 3.828943 ], [ 11.501225, 3.828404 ], [ 11.501171, 3.827961 ], [ 11.501479, 3.827972 ], [ 11.503179, 3.827379 ], [ 11.503525, 3.827358 ], [ 11.504001, 3.827885 ], [ 11.504155, 3.827856 ], [ 11.504745, 3.828319 ], [ 11.505068, 3.827977 ], [ 11.505354, 3.828209 ], [ 11.505705, 3.828688 ], [ 11.509186, 3.831668 ], [ 11.509303, 3.831938 ], [ 11.510257, 3.832412 ], [ 11.510605, 3.833062 ], [ 11.510872, 3.833175 ], [ 11.511149, 3.834108 ], [ 11.51223, 3.834788 ], [ 11.512374, 3.834973 ], [ 11.512332, 3.835145 ], [ 11.512931, 3.835712 ], [ 11.51251, 3.836748 ], [ 11.511918, 3.837756 ], [ 11.51177, 3.83854 ], [ 11.511786, 3.839311 ], [ 11.512365, 3.841294 ], [ 11.512017, 3.840806 ], [ 11.51167, 3.84066 ], [ 11.507441, 3.839569 ], [ 11.506821, 3.839666 ], [ 11.506625, 3.839346 ], [ 11.506106, 3.83901 ], [ 11.50447, 3.838526 ], [ 11.503845, 3.838647 ], [ 11.501284, 3.839913 ], [ 11.501303, 3.839399 ], [ 11.50117, 3.839142 ], [ 11.500354, 3.838954 ], [ 11.500009, 3.837803 ] ] ] } },
{ "type": "Feature", "properties": { "nom": "Mvolye", "arrondissement": "Yaoundé III" }, "geometry": { "type": "Polygon", "coordinates": [ [ [ 11.494342, 3.843332 ], [ 11.494628, 3.842643 ], [ 11.495052, 3.84262 ], [ 11.495514, 3.83997 ], [ 11.499718, 3.839133 ], [ 11.499934, 3.83906 ], [ 11.500206, 3.838642 ], [ 11.500354, 3.838954 ], [ 11.50117, 3.839142 ], [ 11.501303, 3.839399 ], [ 11.501284, 3.839913 ], [ 11.503845, 3.838647 ], [ 11.50447, 3.838526 ], [ 11.506106, 3.83901 ], [ 11.506625, 3.839346 ], [ 11.506821, 3.839666 ], [ 11.507441, 3.839569 ], [ 11.512017, 3.840806 ], [ 11.513174, 3.84263 ], [ 11.513393, 3.844067 ], [ 11.514052, 3.845121 ], [ 11.513492, 3.845725 ], [ 11.513015, 3.845879 ], [ 11.512709, 3.846295 ], [ 11.512548, 3.846334 ], [ 11.511284, 3.847968 ], [ 11.510707, 3.847879 ], [ 11.510508, 3.848025 ], [ 11.510297, 3.847987 ], [ 11.51019, 3.847946 ], [ 11.510131, 3.847596 ], [ 11.509142, 3.847516 ], [ 11.508613, 3.847665 ], [ 11.507985, 3.848056 ], [ 11.507964, 3.848264 ], [ 11.507715, 3.848541 ], [ 11.50735, 3.84865 ], [ 11.506969, 3.848459 ], [ 11.506554, 3.848464 ], [ 11.506239, 3.848634 ], [ 11.505108, 3.848255 ], [ 11.504548, 3.847602 ], [ 11.502939, 3.847716 ], [ 11.502303, 3.847977 ], [ 11.501246, 3.847812 ], [ 11.49997, 3.848283 ], [ 11.498959, 3.849135 ], [ 11.498661, 3.849234 ], [ 11.497307, 3.847755 ], [ 11.496543, 3.847298 ], [ 11.497086, 3.846546 ], [ 11.495764, 3.845421 ], [ 11.496325, 3.845002 ], [ 11.49567, 3.844035 ], [ 11.494342, 3.843332 ] ] ] } },
{ "type": "Feature", "properties": { "nom": "Étam-Bafia", "arrondissement": "Yaoundé IV" }, "geometry": { "type": "Polygon", "coordinates": [ [ [ 11.522135, 3.851266 ], [ 11.522999, 3.850308 ], [ 11.523464, 3.850519 ], [ 11.524396, 3.850586 ], [ 11.524687, 3.849738 ], [ 11.525526, 3.848786 ], [ 11.525438, 3.848599 ], [ 11.526369, 3.848625 ], [ 11.526537, 3.848939 ], [ 11.527015, 3.849191 ], [ 11.527021, 3.849691 ], [ 11.52714, 3.849678 ], [ 11.527288, 3.850042 ], [ 11.527498, 3.850711 ], [ 11.527459, 3.85102 ], [ 11.52767, 3.851305 ], [ 11.52809, 3.851453 ], [ 11.528461, 3.851935 ], [ 11.528407, 3.852344 ], [ 11.528581, 3.852553 ], [ 11.529616, 3.853261 ], [ 11.529076, 3.854448 ], [ 11.525945, 3.854297 ], [ 11.525714, 3.854359 ], [ 11.52573, 3.854548 ], [ 11.525217, 3.855187 ], [ 11.524484, 3.854438 ], [ 11.523578, 3.852618 ], [ 11.522135, 3.851266 ] ] ] } },
{ "type": "Feature", "properties": { "nom": "Nkol-Ndongo", "arrondissement": "Yaoundé IV" }, "geometry": { "type": "Polygon", "coordinates": [ [ [ 11.521808, 3.851653 ], [ 11.521891, 3.851377 ], [ 11.522135, 3.851266 ], [ 11.523578, 3.852618 ], [ 11.524484, 3.854438 ], [ 11.525217, 3.855187 ], [ 11.52573, 3.854548 ], [ 11.525714, 3.854359 ], [ 11.525945, 3.854297 ], [ 11.529076, 3.854448 ], [ 11.529616, 3.853261 ], [ 11.530945, 3.854136 ], [ 11.532162, 3.854402 ], [ 11.533011, 3.854303 ], [ 11.533692, 3.854494 ], [ 11.534379, 3.854913 ], [ 11.534368, 3.855015 ], [ 11.535106, 3.855256 ], [ 11.536563, 3.855315 ], [ 11.536831, 3.855525 ], [ 11.538115, 3.855875 ], [ 11.538858, 3.856253 ], [ 11.539459, 3.856618 ], [ 11.539973, 3.857229 ], [ 11.540965, 3.857673 ], [ 11.542448, 3.859665 ], [ 11.542668, 3.860448 ], [ 11.542343, 3.860562 ], [ 11.54226, 3.860861 ], [ 11.542093, 3.860974 ], [ 11.542063, 3.861796 ], [ 11.541802, 3.862495 ], [ 11.542065, 3.862631 ], [ 11.543631, 3.864235 ], [ 11.542598, 3.86526 ], [ 11.540745, 3.866369 ], [ 11.539629, 3.866821 ], [ 11.539108, 3.866735 ], [ 11.537519, 3.866325 ], [ 11.535699, 3.865374 ], [ 11.535082, 3.86526 ], [ 11.535215, 3.864711 ], [ 11.534817, 3.864575 ], [ 11.533683, 3.863301 ], [ 11.532632, 3.862459 ], [ 11.532395, 3.862479 ], [ 11.531911, 3.862201 ], [ 11.531271, 3.861501 ], [ 11.530694, 3.861726 ], [ 11.529656, 3.861124 ], [ 11.528084, 3.860773 ], [ 11.52563, 3.860378 ], [ 11.524769, 3.860539 ], [ 11.52453, 3.859916 ], [ 11.522079, 3.858062 ], [ 11.521987, 3.854854 ], [ 11.522034, 3.854221 ], [ 11.522318, 3.853307 ], [ 11.522275, 3.852888 ], [ 11.521808, 3.851653 ] ] ] } },
{ "type": "Feature", "properties": { "nom": "Mvog-Mbi", "arrondissement": "Yaoundé IV" }, "geometry": { "type": "Polygon", "coordinates": [ [ [ 11.51588, 3.849253 ], [ 11.516259, 3.847518 ], [ 11.51603, 3.846968 ], [ 11.517777, 3.846043 ], [ 11.517146, 3.844784 ], [ 11.520937, 3.847068 ], [ 11.521175, 3.84662 ], [ 11.522608, 3.847845 ], [ 11.523059, 3.848077 ], [ 11.523685, 3.848779 ], [ 11.524967, 3.848783 ], [ 11.525438, 3.848599 ], [ 11.525526, 3.848786 ], [ 11.524687, 3.849738 ], [ 11.524396, 3.850586 ], [ 11.523464, 3.850519 ], [ 11.522999, 3.850308 ], [ 11.521843, 3.851483 ], [ 11.522318, 3.853307 ], [ 11.522034, 3.854221 ], [ 11.521987, 3.854854 ], [ 11.522079, 3.858062 ], [ 11.521662, 3.857853 ], [ 11.521454, 3.857562 ], [ 11.521154, 3.857605 ], [ 11.521378, 3.854404 ], [ 11.521197, 3.853437 ], [ 11.520732, 3.852565 ], [ 11.520303, 3.852108 ], [ 11.519051, 3.851624 ], [ 11.517157, 3.850436 ], [ 11.516118, 3.849629 ], [ 11.51588, 3.849253 ] ] ] } },
{ "type": "Feature", "properties": { "nom": "Mvog-Ébanda", "arrondissement": "Yaoundé V" }, "geometry": { "type": "Polygon", "coordinates": [ [ [ 11.551926, 3.898682 ], [ 11.552121, 3.898271 ], [ 11.552587, 3.897822 ], [ 11.552441, 3.896907 ], [ 11.552733, 3.896629 ], [ 11.553064, 3.896609 ], [ 11.553127, 3.895917 ], [ 11.553314, 3.895623 ], [ 11.553649, 3.895409 ], [ 11.553855, 3.89506 ], [ 11.554661, 3.895123 ], [ 11.555223, 3.894825 ], [ 11.555491, 3.894817 ], [ 11.555769, 3.894513 ], [ 11.556203, 3.894514 ], [ 11.55752, 3.895476 ], [ 11.55776, 3.895387 ], [ 11.558018, 3.895515 ], [ 11.558255, 3.895351 ], [ 11.558588, 3.895569 ], [ 11.559237, 3.895392 ], [ 11.559731, 3.895554 ], [ 11.560144, 3.895495 ], [ 11.560459, 3.895746 ], [ 11.560809, 3.89581 ], [ 11.561019, 3.895708 ], [ 11.561432, 3.895771 ], [ 11.561821, 3.895565 ], [ 11.562584, 3.895615 ], [ 11.563359, 3.895225 ], [ 11.564466, 3.895363 ], [ 11.56563, 3.895169 ], [ 11.566051, 3.895476 ], [ 11.566669, 3.89671 ], [ 11.568019, 3.897818 ], [ 11.569193, 3.898285 ], [ 11.569633, 3.898092 ], [ 11.570165, 3.899561 ], [ 11.570244, 3.900319 ], [ 11.570529, 3.900879 ], [ 11.57098, 3.901238 ], [ 11.571653, 3.901152 ], [ 11.572927, 3.902185 ], [ 11.572963, 3.902731 ], [ 11.572415, 3.902618 ], [ 11.570977, 3.901725 ], [ 11.570299, 3.901572 ], [ 11.570047, 3.901214 ], [ 11.569247, 3.901247 ], [ 11.568761, 3.901519 ], [ 11.568452, 3.902035 ], [ 11.567424, 3.90281 ], [ 11.566875, 3.903011 ], [ 11.566598, 3.902926 ], [ 11.566261, 3.903148 ], [ 11.565745, 3.903971 ], [ 11.565218, 3.90451 ], [ 11.564417, 3.905009 ], [ 11.564205, 3.904792 ], [ 11.562915, 3.905845 ], [ 11.561245, 3.905122 ], [ 11.560149, 3.904295 ], [ 11.559292, 3.903201 ], [ 11.558027, 3.900923 ], [ 11.557123, 3.900131 ], [ 11.556214, 3.899759 ], [ 11.555384, 3.899635 ], [ 11.553218, 3.899881 ], [ 11.55225, 3.899773 ], [ 11.55254, 3.898798 ], [ 11.551926, 3.898682 ] ] ] } },
{ "type": "Feature", "properties": { "nom": "Ntoungou", "arrondissement": "Yaoundé II" }, "geometry": { "type": "Polygon", "coordinates": [ [ [ 11.49381, 3.89806 ], [ 11.494327, 3.897245 ], [ 11.494271, 3.896903 ], [ 11.495097, 3.897353 ], [ 11.495989, 3.897387 ], [ 11.497166, 3.897053 ], [ 11.500868, 3.895077 ], [ 11.505109, 3.898923 ], [ 11.504568, 3.899609 ], [ 11.504707, 3.901412 ], [ 11.50454, 3.902239 ], [ 11.503284, 3.901138 ], [ 11.502786, 3.901247 ], [ 11.502054, 3.901029 ], [ 11.501679, 3.901283 ], [ 11.501079, 3.901153 ], [ 11.500085, 3.901372 ], [ 11.499921, 3.901169 ], [ 11.499326, 3.90123 ], [ 11.498902, 3.901394 ], [ 11.498807, 3.901615 ], [ 11.498452, 3.90186 ], [ 11.497722, 3.902082 ], [ 11.496958, 3.901579 ], [ 11.496102, 3.901598 ], [ 11.494631, 3.900247 ], [ 11.494558, 3.900123 ], [ 11.494673, 3.899884 ], [ 11.49447, 3.899125 ], [ 11.49381, 3.89806 ] ] ] } },
{ "type": "Feature", "properties": { "nom": "Fébé", "arrondissement": "Yaoundé II" }, "geometry": { "type": "Polygon", "coordinates": [ [ [ 11.46585, 3.909042 ], [ 11.47515, 3.906289 ], [ 11.475141, 3.905804 ], [ 11.475435, 3.904804 ], [ 11.476047, 3.904071 ], [ 11.475947, 3.903627 ], [ 11.476097, 3.903037 ], [ 11.476477, 3.902732 ], [ 11.47675, 3.902154 ], [ 11.477458, 3.90195 ], [ 11.47744, 3.902227 ], [ 11.477792, 3.902245 ], [ 11.478089, 3.902613 ], [ 11.478162, 3.903849 ], [ 11.478368, 3.904265 ], [ 11.478048, 3.905313 ], [ 11.478174, 3.906288 ], [ 11.478016, 3.90672 ], [ 11.478153, 3.906926 ], [ 11.478205, 3.907531 ], [ 11.478039, 3.907747 ], [ 11.478079, 3.908462 ], [ 11.477888, 3.910059 ], [ 11.47762, 3.90983 ], [ 11.477132, 3.909896 ], [ 11.477129, 3.910316 ], [ 11.47771, 3.910413 ], [ 11.47767, 3.910518 ], [ 11.478107, 3.91086 ], [ 11.478438, 3.911402 ], [ 11.47895, 3.911857 ], [ 11.478896, 3.912011 ], [ 11.479082, 3.912163 ], [ 11.479199, 3.912705 ], [ 11.479572, 3.912353 ], [ 11.480036, 3.912584 ], [ 11.48042, 3.911928 ], [ 11.480874, 3.911737 ], [ 11.481367, 3.911734 ], [ 11.481239, 3.9108 ], [ 11.481615, 3.910068 ], [ 11.481722, 3.909382 ], [ 11.48264, 3.909225 ], [ 11.482807, 3.908844 ], [ 11.483025, 3.908814 ], [ 11.48316, 3.90897 ], [ 11.483353, 3.908846 ], [ 11.483998, 3.909024 ], [ 11.484783, 3.908944 ], [ 11.484981, 3.909344 ], [ 11.484981, 3.909192 ], [ 11.485195, 3.909061 ], [ 11.485375, 3.909238 ], [ 11.485734, 3.909164 ], [ 11.485467, 3.90876 ], [ 11.485707, 3.908967 ], [ 11.485896, 3.908886 ], [ 11.486019, 3.908497 ], [ 11.487084, 3.908611 ], [ 11.487184, 3.908166 ], [ 11.487751, 3.907705 ], [ 11.488252, 3.908099 ], [ 11.488254, 3.908878 ], [ 11.488869, 3.90917 ], [ 11.488901, 3.909491 ], [ 11.493309, 3.910992 ], [ 11.493694, 3.911396 ], [ 11.494246, 3.910845 ], [ 11.494652, 3.909751 ], [ 11.494652, 3.909014 ], [ 11.495062, 3.908323 ], [ 11.49492, 3.907998 ], [ 11.494962, 3.907239 ], [ 11.495197, 3.906911 ], [ 11.495343, 3.906354 ], [ 11.49519, 3.905905 ], [ 11.49556, 3.905074 ], [ 11.495466, 3.904872 ], [ 11.495683, 3.904117 ], [ 11.495396, 3.903798 ], [ 11.49541, 3.903656 ], [ 11.496047, 3.902736 ], [ 11.496102, 3.901598 ], [ 11.496958, 3.901579 ], [ 11.497722, 3.902082 ], [ 11.498452, 3.90186 ], [ 11.498807, 3.901615 ], [ 11.498902, 3.901394 ], [ 11.499326, 3.90123 ], [ 11.499921, 3.901169 ], [ 11.500085, 3.901372 ], [ 11.501079, 3.901153 ], [ 11.501679, 3.901283 ], [ 11.502054, 3.901029 ], [ 11.502786, 3.901247 ], [ 11.503284, 3.901138 ], [ 11.50454, 3.902239 ], [ 11.503285, 3.904329 ], [ 11.502805, 3.905412 ], [ 11.501877, 3.910638 ], [ 11.500762, 3.912207 ], [ 11.499368, 3.916696 ], [ 11.50076, 3.920555 ], [ 11.496233, 3.928929 ], [ 11.489799, 3.933934 ], [ 11.487049, 3.940117 ], [ 11.481069, 3.945837 ], [ 11.480249, 3.947024 ], [ 11.479246, 3.947302 ], [ 11.478644, 3.946701 ], [ 11.477904, 3.945037 ], [ 11.476807, 3.94394 ], [ 11.476515, 3.942333 ], [ 11.477511, 3.940514 ], [ 11.476652, 3.938697 ], [ 11.476595, 3.936879 ], [ 11.476883, 3.935969 ], [ 11.476912, 3.935278 ], [ 11.476457, 3.934619 ], [ 11.476026, 3.930944 ], [ 11.476705, 3.929683 ], [ 11.476775, 3.925279 ], [ 11.476407, 3.923236 ], [ 11.474968, 3.921129 ], [ 11.475873, 3.918461 ], [ 11.475405, 3.917691 ], [ 11.472903, 3.915859 ], [ 11.472099, 3.915337 ], [ 11.470496, 3.914784 ], [ 11.469977, 3.913632 ], [ 11.469435, 3.913026 ], [ 11.467568, 3.912346 ], [ 11.467447, 3.910418 ], [ 11.467082, 3.909469 ], [ 11.46585, 3.909042 ] ] ] } },
{ "type": "Feature", "properties": { "nom": "École de Police", "arrondissement": "Yaoundé II" }, "geometry": { "type": "Polygon", "coordinates": [ [ [ 11.507731, 3.879963 ], [ 11.510975, 3.877513 ], [ 11.511485, 3.876758 ], [ 11.511903, 3.875687 ], [ 11.514216, 3.872877 ], [ 11.513544, 3.874502 ], [ 11.513709, 3.87478 ], [ 11.513606, 3.875119 ], [ 11.514112, 3.878205 ], [ 11.513267, 3.879964 ], [ 11.512958, 3.880912 ], [ 11.513171, 3.881176 ], [ 11.512628, 3.882539 ], [ 11.511166, 3.881383 ], [ 11.509527, 3.880994 ], [ 11.507731, 3.879963 ] ] ] } },
{ "type": "Feature", "properties": { "nom": "Nkolbisson", "arrondissement": "Yaoundé VII" }, "geometry": { "type": "Polygon", "coordinates": [ [ [ 11.435833, 3.876905 ], [ 11.436573, 3.876367 ], [ 11.437791, 3.871704 ], [ 11.439303, 3.871521 ], [ 11.43988, 3.870833 ], [ 11.439796, 3.870682 ], [ 11.440043, 3.870483 ], [ 11.439628, 3.87023 ], [ 11.439531, 3.869555 ], [ 11.439822, 3.869188 ], [ 11.439857, 3.868936 ], [ 11.440561, 3.868666 ], [ 11.440564, 3.868308 ], [ 11.440313, 3.868272 ], [ 11.440269, 3.868098 ], [ 11.440317, 3.867978 ], [ 11.440651, 3.867923 ], [ 11.440751, 3.867745 ], [ 11.440312, 3.867456 ], [ 11.440566, 3.866782 ], [ 11.440521, 3.86648 ], [ 11.440077, 3.86657 ], [ 11.440014, 3.866466 ], [ 11.439234, 3.866445 ], [ 11.439371, 3.86627 ], [ 11.439328, 3.865836 ], [ 11.438733, 3.865707 ], [ 11.44041, 3.865893 ], [ 11.440571, 3.865432 ], [ 11.441235, 3.865467 ], [ 11.441297, 3.865668 ], [ 11.440909, 3.865941 ], [ 11.441061, 3.866529 ], [ 11.441594, 3.866118 ], [ 11.441895, 3.866216 ], [ 11.44214, 3.866078 ], [ 11.443235, 3.866122 ], [ 11.443235, 3.86597 ], [ 11.442991, 3.865939 ], [ 11.442894, 3.865748 ], [ 11.443119, 3.864957 ], [ 11.442815, 3.864707 ], [ 11.443046, 3.864325 ], [ 11.441881, 3.864269 ], [ 11.441446, 3.864085 ], [ 11.441502, 3.863966 ], [ 11.442721, 3.86407 ], [ 11.443089, 3.863904 ], [ 11.443142, 3.863697 ], [ 11.442926, 3.86304 ], [ 11.442002, 3.862696 ], [ 11.441989, 3.862276 ], [ 11.44154, 3.862214 ], [ 11.440791, 3.861083 ], [ 11.440486, 3.860844 ], [ 11.440627, 3.86045 ], [ 11.441077, 3.860127 ], [ 11.441861, 3.860197 ], [ 11.442035, 3.860472 ], [ 11.442519, 3.860586 ], [ 11.44311, 3.860513 ], [ 11.443373, 3.860827 ], [ 11.443759, 3.860775 ], [ 11.44294, 3.861365 ], [ 11.442943, 3.861627 ], [ 11.443349, 3.86196 ], [ 11.44409, 3.861608 ], [ 11.443877, 3.861346 ], [ 11.443536, 3.861354 ], [ 11.443793, 3.861122 ], [ 11.444462, 3.861125 ], [ 11.444986, 3.861337 ], [ 11.445138, 3.861793 ], [ 11.445305, 3.861609 ], [ 11.445934, 3.861422 ], [ 11.446038, 3.861878 ], [ 11.446418, 3.862191 ], [ 11.446245, 3.862679 ], [ 11.446812, 3.862526 ], [ 11.447176, 3.862985 ], [ 11.44745, 3.862671 ], [ 11.446969, 3.861955 ], [ 11.447508, 3.861678 ], [ 11.448539, 3.861543 ], [ 11.448622, 3.861404 ], [ 11.449477, 3.861756 ], [ 11.45428, 3.862781 ], [ 11.457166, 3.86101 ], [ 11.46148, 3.862035 ], [ 11.462594, 3.86193 ], [ 11.464461, 3.862759 ], [ 11.46917, 3.863437 ], [ 11.473174, 3.866205 ], [ 11.474808, 3.865262 ], [ 11.475069, 3.865337 ], [ 11.475404, 3.865691 ], [ 11.475607, 3.866916 ], [ 11.475421, 3.86794 ], [ 11.475566, 3.868294 ], [ 11.476149, 3.868588 ], [ 11.476693, 3.868623 ], [ 11.476802, 3.870901 ], [ 11.477781, 3.870695 ], [ 11.477902, 3.870962 ], [ 11.478241, 3.871111 ], [ 11.47759, 3.871353 ], [ 11.47719, 3.872071 ], [ 11.476788, 3.872249 ], [ 11.475592, 3.872209 ], [ 11.47468, 3.872644 ], [ 11.473576, 3.872434 ], [ 11.473026, 3.87255 ], [ 11.472383, 3.873085 ], [ 11.471853, 3.873093 ], [ 11.471507, 3.87292 ], [ 11.470558, 3.872961 ], [ 11.469465, 3.873369 ], [ 11.468437, 3.873212 ], [ 11.466967, 3.873354 ], [ 11.465517, 3.87271 ], [ 11.46459, 3.872571 ], [ 11.464247, 3.872348 ], [ 11.46337, 3.872684 ], [ 11.463128, 3.872701 ], [ 11.463044, 3.872479 ], [ 11.461607, 3.872938 ], [ 11.459715, 3.872871 ], [ 11.459712, 3.873295 ], [ 11.460815, 3.874407 ], [ 11.461712, 3.875078 ], [ 11.461842, 3.875457 ], [ 11.462124, 3.875444 ], [ 11.462348, 3.875266 ], [ 11.462595, 3.875469 ], [ 11.462986, 3.875529 ], [ 11.463524, 3.875535 ], [ 11.463878, 3.875367 ], [ 11.464634, 3.875726 ], [ 11.465506, 3.875591 ], [ 11.46612, 3.876105 ], [ 11.466556, 3.876059 ], [ 11.46717, 3.877015 ], [ 11.467733, 3.877473 ], [ 11.467826, 3.877738 ], [ 11.468081, 3.877841 ], [ 11.468689, 3.878602 ], [ 11.46932, 3.879034 ], [ 11.470419, 3.878961 ], [ 11.470926, 3.879081 ], [ 11.471469, 3.879687 ], [ 11.471658, 3.880323 ], [ 11.471856, 3.880358 ], [ 11.472422, 3.880101 ], [ 11.473197, 3.880262 ], [ 11.474576, 3.879978 ], [ 11.475203, 3.88015 ], [ 11.475247, 3.881348 ], [ 11.474792, 3.88318 ], [ 11.472863, 3.883147 ], [ 11.472048, 3.885128 ], [ 11.472884, 3.887624 ], [ 11.47085, 3.890022 ], [ 11.467104, 3.889377 ], [ 11.462037, 3.887757 ], [ 11.459799, 3.885824 ], [ 11.459563, 3.883005 ], [ 11.45376, 3.881552 ], [ 11.449413, 3.882102 ], [ 11.445296, 3.880489 ], [ 11.444881, 3.879557 ], [ 11.44343, 3.878282 ], [ 11.439069, 3.878241 ], [ 11.435833, 3.876905 ] ] ] } },
{ "type": "Feature", "properties": { "nom": "Centre Administratif", "arrondissement": "Yaoundé III" }, "geometry": { "type": "Polygon", "coordinates": [ [ [ 11.503103, 3.855519 ], [ 11.503374, 3.855282 ], [ 11.504461, 3.854901 ], [ 11.50479, 3.854666 ], [ 11.505378, 3.853294 ], [ 11.505736, 3.852899 ], [ 11.50854, 3.850316 ], [ 11.508913, 3.850228 ], [ 11.5091, 3.85036 ], [ 11.509231, 3.850217 ], [ 11.509224, 3.849423 ], [ 11.508974, 3.8492 ], [ 11.509025, 3.848986 ], [ 11.508598, 3.847678 ], [ 11.5098, 3.847496 ], [ 11.510146, 3.847605 ], [ 11.510216, 3.847966 ], [ 11.510508, 3.848025 ], [ 11.510707, 3.847879 ], [ 11.511284, 3.847968 ], [ 11.512548, 3.846334 ], [ 11.512709, 3.846295 ], [ 11.513015, 3.845879 ], [ 11.513492, 3.845725 ], [ 11.514052, 3.845121 ], [ 11.513341, 3.843862 ], [ 11.513283, 3.843123 ], [ 11.51344, 3.843049 ], [ 11.513375, 3.842849 ], [ 11.513619, 3.842719 ], [ 11.513556, 3.842455 ], [ 11.513666, 3.842168 ], [ 11.516207, 3.847328 ], [ 11.516259, 3.847518 ], [ 11.515915, 3.848794 ], [ 11.515916, 3.849436 ], [ 11.517157, 3.850436 ], [ 11.519051, 3.851624 ], [ 11.520303, 3.852108 ], [ 11.521056, 3.853068 ], [ 11.521378, 3.854404 ], [ 11.521154, 3.857605 ], [ 11.521279, 3.859033 ], [ 11.521222, 3.860116 ], [ 11.521531, 3.86045 ], [ 11.515332, 3.866137 ], [ 11.513215, 3.866431 ], [ 11.512303, 3.867638 ], [ 11.512023, 3.867714 ], [ 11.51096, 3.868562 ], [ 11.509986, 3.869073 ], [ 11.50823, 3.868505 ], [ 11.505431, 3.868637 ], [ 11.505011, 3.868389 ], [ 11.50476, 3.868024 ], [ 11.50407, 3.864965 ], [ 11.504105, 3.864485 ], [ 11.504551, 3.863332 ], [ 11.504457, 3.862906 ], [ 11.50406, 3.862427 ], [ 11.505193, 3.860011 ], [ 11.50478, 3.859485 ], [ 11.504407, 3.857859 ], [ 11.503742, 3.856438 ], [ 11.503103, 3.855519 ] ] ] } },
{ "type": "Feature", "properties": { "nom": "Mvog-betsi", "arrondissement": "Yaoundé VI" }, "geometry": { "type": "Polygon", "coordinates": [ [ [ 11.468962, 3.859303 ], [ 11.470234, 3.860447 ], [ 11.471175, 3.860766 ], [ 11.471848, 3.860513 ], [ 11.471713, 3.860333 ], [ 11.471875, 3.860044 ], [ 11.472291, 3.859837 ], [ 11.472653, 3.859295 ], [ 11.473188, 3.859557 ], [ 11.473778, 3.859646 ], [ 11.474023, 3.859549 ], [ 11.474367, 3.859165 ], [ 11.474975, 3.858796 ], [ 11.475533, 3.857614 ], [ 11.475462, 3.856685 ], [ 11.475684, 3.856492 ], [ 11.475856, 3.855917 ], [ 11.47641, 3.855075 ], [ 11.475948, 3.854218 ], [ 11.47611, 3.854262 ], [ 11.476774, 3.855074 ], [ 11.47803, 3.855937 ], [ 11.47926, 3.857025 ], [ 11.481344, 3.856266 ], [ 11.481777, 3.857029 ], [ 11.484307, 3.858451 ], [ 11.484498, 3.858092 ], [ 11.485621, 3.857736 ], [ 11.487238, 3.857621 ], [ 11.487463, 3.857499 ], [ 11.487308, 3.857908 ], [ 11.487364, 3.858209 ], [ 11.487147, 3.858376 ], [ 11.487168, 3.858639 ], [ 11.486408, 3.859704 ], [ 11.487445, 3.863025 ], [ 11.487773, 3.863544 ], [ 11.488192, 3.863866 ], [ 11.488707, 3.864021 ], [ 11.488582, 3.864453 ], [ 11.48893, 3.864748 ], [ 11.489626, 3.866128 ], [ 11.490129, 3.866684 ], [ 11.490428, 3.866775 ], [ 11.490095, 3.867456 ], [ 11.489889, 3.868348 ], [ 11.490886, 3.868657 ], [ 11.49082, 3.869671 ], [ 11.49016, 3.869988 ], [ 11.489642, 3.869817 ], [ 11.489438, 3.869896 ], [ 11.489407, 3.870147 ], [ 11.489657, 3.871358 ], [ 11.49008, 3.871586 ], [ 11.489493, 3.871638 ], [ 11.489234, 3.871372 ], [ 11.486316, 3.869991 ], [ 11.485229, 3.870046 ], [ 11.484986, 3.870139 ], [ 11.484738, 3.870455 ], [ 11.483513, 3.870946 ], [ 11.482615, 3.871068 ], [ 11.481568, 3.870722 ], [ 11.48094, 3.870934 ], [ 11.480449, 3.870817 ], [ 11.480028, 3.87127 ], [ 11.479671, 3.871022 ], [ 11.47896, 3.8708 ], [ 11.478465, 3.870878 ], [ 11.478241, 3.871111 ], [ 11.477902, 3.870962 ], [ 11.477781, 3.870695 ], [ 11.476802, 3.870901 ], [ 11.476693, 3.868623 ], [ 11.476149, 3.868588 ], [ 11.475566, 3.868294 ], [ 11.475421, 3.86794 ], [ 11.475607, 3.866916 ], [ 11.475404, 3.865691 ], [ 11.475069, 3.865337 ], [ 11.474808, 3.865262 ], [ 11.473174, 3.866205 ], [ 11.46917, 3.863437 ], [ 11.468962, 3.859303 ] ] ] } },
{ "type": "Feature", "properties": { "nom": "Melen", "arrondissement": "Yaoundé VI" }, "geometry": { "type": "Polygon", "coordinates": [ [ [ 11.486408, 3.859704 ], [ 11.487168, 3.858639 ], [ 11.487164, 3.858339 ], [ 11.487364, 3.858209 ], [ 11.487308, 3.857908 ], [ 11.487481, 3.857437 ], [ 11.487399, 3.856631 ], [ 11.487448, 3.856365 ], [ 11.487633, 3.856192 ], [ 11.487925, 3.856632 ], [ 11.487822, 3.856924 ], [ 11.488295, 3.857879 ], [ 11.488471, 3.857799 ], [ 11.488715, 3.857936 ], [ 11.488882, 3.857728 ], [ 11.489101, 3.857792 ], [ 11.489335, 3.858024 ], [ 11.489235, 3.858421 ], [ 11.490953, 3.859425 ], [ 11.491726, 3.859454 ], [ 11.491853, 3.859268 ], [ 11.49163, 3.858504 ], [ 11.492182, 3.857505 ], [ 11.492532, 3.857338 ], [ 11.49319, 3.859348 ], [ 11.493388, 3.861484 ], [ 11.493578, 3.862017 ], [ 11.49419, 3.863001 ], [ 11.494942, 3.863627 ], [ 11.495471, 3.863859 ], [ 11.496554, 3.864019 ], [ 11.498822, 3.863578 ], [ 11.50035, 3.86303 ], [ 11.50406, 3.862427 ], [ 11.504457, 3.862906 ], [ 11.504551, 3.863332 ], [ 11.504105, 3.864485 ], [ 11.50407, 3.864965 ], [ 11.50476, 3.868024 ], [ 11.505011, 3.868389 ], [ 11.505662, 3.868677 ], [ 11.50823, 3.868505 ], [ 11.509986, 3.869073 ], [ 11.507901, 3.870042 ], [ 11.505723, 3.871789 ], [ 11.504835, 3.872189 ], [ 11.499709, 3.872968 ], [ 11.498348, 3.872772 ], [ 11.497553, 3.872368 ], [ 11.495021, 3.87159 ], [ 11.49462, 3.871567 ], [ 11.493302, 3.871988 ], [ 11.492717, 3.872019 ], [ 11.49008, 3.871586 ], [ 11.489657, 3.871358 ], [ 11.489407, 3.870147 ], [ 11.489438, 3.869896 ], [ 11.489642, 3.869817 ], [ 11.49016, 3.869988 ], [ 11.49082, 3.869671 ], [ 11.490886, 3.868657 ], [ 11.489889, 3.868348 ], [ 11.490095, 3.867456 ], [ 11.490428, 3.866775 ], [ 11.490129, 3.866684 ], [ 11.489626, 3.866128 ], [ 11.48893, 3.864748 ], [ 11.488582, 3.864453 ], [ 11.488707, 3.864021 ], [ 11.488192, 3.863866 ], [ 11.487773, 3.863544 ], [ 11.487445, 3.863025 ], [ 11.486408, 3.859704 ] ] ] } },
{ "type": "Feature", "properties": { "nom": "Carrière", "arrondissement": "Yaoundé II" }, "geometry": { "type": "Polygon", "coordinates": [ [ [ 11.489216, 3.889729 ], [ 11.489711, 3.888768 ], [ 11.489672, 3.887827 ], [ 11.489957, 3.886975 ], [ 11.4899, 3.886562 ], [ 11.490184, 3.885836 ], [ 11.489917, 3.885457 ], [ 11.490131, 3.885051 ], [ 11.49002, 3.884591 ], [ 11.490234, 3.883789 ], [ 11.490123, 3.883531 ], [ 11.49033, 3.883379 ], [ 11.49027, 3.883166 ], [ 11.489813, 3.882792 ], [ 11.489593, 3.882237 ], [ 11.489583, 3.881706 ], [ 11.490604, 3.881874 ], [ 11.492147, 3.880966 ], [ 11.492768, 3.881006 ], [ 11.492102, 3.882826 ], [ 11.491972, 3.88391 ], [ 11.492075, 3.885033 ], [ 11.492026, 3.887127 ], [ 11.49253, 3.888845 ], [ 11.492774, 3.891777 ], [ 11.49211, 3.891653 ], [ 11.492031, 3.891396 ], [ 11.492012, 3.891274 ], [ 11.492208, 3.891289 ], [ 11.492189, 3.891141 ], [ 11.491937, 3.890987 ], [ 11.491874, 3.890792 ], [ 11.491952, 3.89022 ], [ 11.492152, 3.890137 ], [ 11.492232, 3.88983 ], [ 11.492127, 3.88967 ], [ 11.49131, 3.889588 ], [ 11.489742, 3.890036 ], [ 11.48946, 3.889988 ], [ 11.489216, 3.889729 ] ] ] } },
{ "type": "Feature", "properties": { "nom": "Ndamvout", "arrondissement": "Yaoundé IV" }, "geometry": { "type": "Polygon", "coordinates": [ [ [ 11.512665, 3.838945 ], [ 11.513038, 3.837117 ], [ 11.51401, 3.834701 ], [ 11.514797, 3.833919 ], [ 11.515218, 3.834333 ], [ 11.516477, 3.834927 ], [ 11.516663, 3.835252 ], [ 11.516848, 3.835293 ], [ 11.516958, 3.835016 ], [ 11.517329, 3.834756 ], [ 11.517378, 3.834479 ], [ 11.517184, 3.834053 ], [ 11.517122, 3.833372 ], [ 11.517468, 3.833019 ], [ 11.517478, 3.832686 ], [ 11.51724, 3.832226 ], [ 11.516911, 3.832052 ], [ 11.51552, 3.83184 ], [ 11.515711, 3.831105 ], [ 11.518856, 3.830883 ], [ 11.519082, 3.834783 ], [ 11.518868, 3.835739 ], [ 11.518259, 3.836786 ], [ 11.519369, 3.83641 ], [ 11.520808, 3.836261 ], [ 11.521639, 3.837458 ], [ 11.522801, 3.837848 ], [ 11.523338, 3.837942 ], [ 11.52452, 3.835986 ], [ 11.527373, 3.833685 ], [ 11.527173, 3.837743 ], [ 11.525866, 3.839788 ], [ 11.528047, 3.844641 ], [ 11.526279, 3.845899 ], [ 11.52633, 3.845594 ], [ 11.526159, 3.845144 ], [ 11.524997, 3.844027 ], [ 11.523526, 3.843734 ], [ 11.522866, 3.843254 ], [ 11.522042, 3.843498 ], [ 11.521224, 3.84261 ], [ 11.521059, 3.842596 ], [ 11.519958, 3.843133 ], [ 11.519901, 3.843314 ], [ 11.52012, 3.844064 ], [ 11.520039, 3.844277 ], [ 11.518862, 3.845765 ], [ 11.518243, 3.845522 ], [ 11.517146, 3.844784 ], [ 11.517777, 3.846043 ], [ 11.51603, 3.846968 ], [ 11.513341, 3.841477 ], [ 11.512665, 3.838945 ] ] ] } },
{ "type": "Feature", "properties": { "nom": "Nsam", "arrondissement": "Yaoundé III" }, "geometry": { "type": "Polygon", "coordinates": [ [ [ 11.499928, 3.824139 ], [ 11.500276, 3.823926 ], [ 11.500808, 3.823086 ], [ 11.501608, 3.823192 ], [ 11.501884, 3.82308 ], [ 11.501899, 3.822896 ], [ 11.502162, 3.822761 ], [ 11.502708, 3.822643 ], [ 11.503261, 3.822915 ], [ 11.5034, 3.82231 ], [ 11.504009, 3.821353 ], [ 11.50411, 3.820843 ], [ 11.504388, 3.820589 ], [ 11.504829, 3.821092 ], [ 11.505944, 3.820886 ], [ 11.506275, 3.821055 ], [ 11.506566, 3.821754 ], [ 11.507363, 3.822395 ], [ 11.507702, 3.822948 ], [ 11.508068, 3.82304 ], [ 11.510063, 3.814882 ], [ 11.510856, 3.815217 ], [ 11.51294, 3.820221 ], [ 11.512791, 3.821307 ], [ 11.511394, 3.824107 ], [ 11.511501, 3.824541 ], [ 11.513039, 3.826572 ], [ 11.512996, 3.827146 ], [ 11.511935, 3.828848 ], [ 11.511983, 3.829551 ], [ 11.512244, 3.829897 ], [ 11.512588, 3.830076 ], [ 11.514696, 3.830029 ], [ 11.514938, 3.830132 ], [ 11.515708, 3.831018 ], [ 11.51552, 3.83184 ], [ 11.516911, 3.832052 ], [ 11.51724, 3.832226 ], [ 11.517491, 3.832733 ], [ 11.517468, 3.833019 ], [ 11.517122, 3.833372 ], [ 11.517356, 3.834677 ], [ 11.516958, 3.835016 ], [ 11.516848, 3.835293 ], [ 11.516663, 3.835252 ], [ 11.516477, 3.834927 ], [ 11.516058, 3.834642 ], [ 11.515218, 3.834333 ], [ 11.514797, 3.833919 ], [ 11.51401, 3.834701 ], [ 11.513038, 3.837117 ], [ 11.512665, 3.838945 ], [ 11.513178, 3.841044 ], [ 11.513666, 3.842168 ], [ 11.513556, 3.842455 ], [ 11.513619, 3.842719 ], [ 11.513375, 3.842849 ], [ 11.51344, 3.843049 ], [ 11.513283, 3.843123 ], [ 11.513174, 3.84263 ], [ 11.512365, 3.841294 ], [ 11.511744, 3.838838 ], [ 11.511918, 3.837756 ], [ 11.51251, 3.836748 ], [ 11.512931, 3.835712 ], [ 11.512332, 3.835145 ], [ 11.512374, 3.834973 ], [ 11.51223, 3.834788 ], [ 11.511149, 3.834108 ], [ 11.510872, 3.833175 ], [ 11.510605, 3.833062 ], [ 11.510257, 3.832412 ], [ 11.509303, 3.831938 ], [ 11.509186, 3.831668 ], [ 11.505705, 3.828688 ], [ 11.505068, 3.827977 ], [ 11.504745, 3.828319 ], [ 11.504155, 3.827856 ], [ 11.504001, 3.827885 ], [ 11.503132, 3.826853 ], [ 11.50209, 3.826096 ], [ 11.499928, 3.824139 ] ] ] } },
{ "type": "Feature", "properties": { "nom": "Messa Angono", "arrondissement": "Yaoundé II" }, "geometry": { "type": "Polygon", "coordinates": [ [ [ 11.474521, 3.89272 ], [ 11.475711, 3.890641 ], [ 11.477421, 3.89014 ], [ 11.478083, 3.889698 ], [ 11.478745, 3.888742 ], [ 11.479996, 3.887447 ], [ 11.480447, 3.885417 ], [ 11.480604, 3.883914 ], [ 11.48148, 3.882949 ], [ 11.481818, 3.882067 ], [ 11.481725, 3.881718 ], [ 11.482308, 3.880646 ], [ 11.486233, 3.881287 ], [ 11.486564, 3.880823 ], [ 11.487272, 3.880675 ], [ 11.487546, 3.880306 ], [ 11.487833, 3.880558 ], [ 11.488421, 3.880585 ], [ 11.488918, 3.880815 ], [ 11.489182, 3.880491 ], [ 11.489509, 3.880559 ], [ 11.489616, 3.881092 ], [ 11.489443, 3.881372 ], [ 11.489583, 3.881706 ], [ 11.489593, 3.882237 ], [ 11.489813, 3.882792 ], [ 11.49027, 3.883166 ], [ 11.49033, 3.883379 ], [ 11.490123, 3.883531 ], [ 11.490234, 3.883789 ], [ 11.49002, 3.884591 ], [ 11.490131, 3.885051 ], [ 11.489917, 3.885457 ], [ 11.490184, 3.885836 ], [ 11.4899, 3.886562 ], [ 11.489957, 3.886975 ], [ 11.489672, 3.887827 ], [ 11.489711, 3.888768 ], [ 11.489223, 3.889783 ], [ 11.48946, 3.889988 ], [ 11.489742, 3.890036 ], [ 11.49131, 3.889588 ], [ 11.492204, 3.889731 ], [ 11.492152, 3.890137 ], [ 11.491952, 3.89022 ], [ 11.491874, 3.890792 ], [ 11.492208, 3.891289 ], [ 11.492012, 3.891274 ], [ 11.492042, 3.891793 ], [ 11.491669, 3.891802 ], [ 11.491565, 3.892053 ], [ 11.491811, 3.892382 ], [ 11.491806, 3.892722 ], [ 11.491326, 3.893884 ], [ 11.49095, 3.894181 ], [ 11.489824, 3.894392 ], [ 11.487414, 3.893729 ], [ 11.486424, 3.892933 ], [ 11.484743, 3.892321 ], [ 11.482936, 3.89201 ], [ 11.48115, 3.892426 ], [ 11.480528, 3.893037 ], [ 11.480055, 3.89433 ], [ 11.479556, 3.894319 ], [ 11.478772, 3.894527 ], [ 11.478566, 3.894426 ], [ 11.478032, 3.894464 ], [ 11.477469, 3.8942 ], [ 11.4772, 3.893789 ], [ 11.476501, 3.893837 ], [ 11.476254, 3.894186 ], [ 11.47606, 3.895178 ], [ 11.475188, 3.896541 ], [ 11.475007, 3.896361 ], [ 11.474653, 3.895069 ], [ 11.474964, 3.894025 ], [ 11.474521, 3.89272 ] ] ] } },
{ "type": "Feature", "properties": { "nom": "Carrière", "arrondissement": "Yaoundé II" }, "geometry": { "type": "Polygon", "coordinates": [ [ [ 11.482053, 3.879209 ], [ 11.482225, 3.87894 ], [ 11.482723, 3.878641 ], [ 11.482963, 3.878123 ], [ 11.483415, 3.878327 ], [ 11.483624, 3.877043 ], [ 11.483846, 3.876852 ], [ 11.485072, 3.877624 ], [ 11.486691, 3.878314 ], [ 11.489958, 3.878324 ], [ 11.490962, 3.878723 ], [ 11.491591, 3.879128 ], [ 11.491445, 3.879262 ], [ 11.491083, 3.879227 ], [ 11.490773, 3.879599 ], [ 11.489821, 3.87978 ], [ 11.489819, 3.880119 ], [ 11.489509, 3.880559 ], [ 11.489182, 3.880491 ], [ 11.488918, 3.880815 ], [ 11.488421, 3.880585 ], [ 11.487833, 3.880558 ], [ 11.487546, 3.880306 ], [ 11.487272, 3.880675 ], [ 11.486564, 3.880823 ], [ 11.486233, 3.881287 ], [ 11.482308, 3.880646 ], [ 11.482453, 3.880576 ], [ 11.482652, 3.87928 ], [ 11.482053, 3.879209 ] ] ] } },
{ "type": "Feature", "properties": { "nom": "Nkom-Kana", "arrondissement": "Yaoundé II" }, "geometry": { "type": "Polygon", "coordinates": [ [ [ 11.491972, 3.88391 ], [ 11.492116, 3.88281 ], [ 11.493394, 3.883342 ], [ 11.496559, 3.884063 ], [ 11.498188, 3.88477 ], [ 11.497974, 3.885194 ], [ 11.497299, 3.885718 ], [ 11.497425, 3.885933 ], [ 11.49725, 3.886283 ], [ 11.497263, 3.886843 ], [ 11.496875, 3.886992 ], [ 11.496385, 3.887845 ], [ 11.496831, 3.888268 ], [ 11.496526, 3.888201 ], [ 11.493347, 3.891782 ], [ 11.493292, 3.891471 ], [ 11.492798, 3.891477 ], [ 11.49253, 3.888845 ], [ 11.492072, 3.887393 ], [ 11.491972, 3.88391 ] ] ] } },
{ "type": "Feature", "properties": { "nom": "Oliga", "arrondissement": "Yaoundé II" }, "geometry": { "type": "Polygon", "coordinates": [ [ [ 11.493557, 3.894654 ], [ 11.493851, 3.894022 ], [ 11.494086, 3.893885 ], [ 11.494016, 3.893512 ], [ 11.494107, 3.893179 ], [ 11.494475, 3.892758 ], [ 11.49456, 3.892214 ], [ 11.494883, 3.891831 ], [ 11.494447, 3.891927 ], [ 11.493654, 3.891437 ], [ 11.496526, 3.888201 ], [ 11.496831, 3.888268 ], [ 11.496385, 3.887845 ], [ 11.496875, 3.886992 ], [ 11.497263, 3.886843 ], [ 11.49725, 3.886283 ], [ 11.497425, 3.885933 ], [ 11.497299, 3.885718 ], [ 11.497974, 3.885194 ], [ 11.498188, 3.88477 ], [ 11.498383, 3.884869 ], [ 11.497931, 3.885538 ], [ 11.497429, 3.889358 ], [ 11.4972, 3.890242 ], [ 11.496716, 3.891348 ], [ 11.494548, 3.894099 ], [ 11.493847, 3.89483 ], [ 11.493557, 3.894654 ] ] ] } },
{ "type": "Feature", "properties": { "nom": "Kondengui", "arrondissement": "Yaoundé IV" }, "geometry": { "type": "Polygon", "coordinates": [ [ [ 11.526507, 3.848787 ], [ 11.526556, 3.848635 ], [ 11.526682, 3.848712 ], [ 11.527085, 3.848413 ], [ 11.527427, 3.84838 ], [ 11.527426, 3.848259 ], [ 11.527862, 3.847986 ], [ 11.529417, 3.847235 ], [ 11.530671, 3.847051 ], [ 11.532525, 3.847386 ], [ 11.53315, 3.847547 ], [ 11.533304, 3.84771 ], [ 11.534226, 3.847586 ], [ 11.534775, 3.847826 ], [ 11.53587, 3.847959 ], [ 11.536783, 3.84836 ], [ 11.536778, 3.848522 ], [ 11.537347, 3.848802 ], [ 11.537524, 3.849043 ], [ 11.537947, 3.849131 ], [ 11.538847, 3.849667 ], [ 11.539622, 3.84949 ], [ 11.541021, 3.849516 ], [ 11.541293, 3.849423 ], [ 11.541237, 3.849015 ], [ 11.541417, 3.848922 ], [ 11.541629, 3.84934 ], [ 11.542835, 3.848602 ], [ 11.54326, 3.848557 ], [ 11.543256, 3.848133 ], [ 11.54411, 3.848306 ], [ 11.54487, 3.848228 ], [ 11.54491, 3.847997 ], [ 11.544785, 3.847811 ], [ 11.544922, 3.846577 ], [ 11.545192, 3.846325 ], [ 11.545253, 3.846068 ], [ 11.545888, 3.845854 ], [ 11.545787, 3.84564 ], [ 11.545952, 3.845227 ], [ 11.546592, 3.845237 ], [ 11.547158, 3.844939 ], [ 11.547443, 3.845397 ], [ 11.548132, 3.845106 ], [ 11.549243, 3.845862 ], [ 11.549717, 3.846452 ], [ 11.550034, 3.846641 ], [ 11.549998, 3.847327 ], [ 11.551716, 3.848744 ], [ 11.550992, 3.850421 ], [ 11.551598, 3.851609 ], [ 11.552133, 3.852102 ], [ 11.55271, 3.852363 ], [ 11.552999, 3.852775 ], [ 11.554119, 3.853553 ], [ 11.555162, 3.853855 ], [ 11.554567, 3.854428 ], [ 11.554329, 3.855015 ], [ 11.553947, 3.855472 ], [ 11.553901, 3.856289 ], [ 11.552954, 3.857556 ], [ 11.552429, 3.858707 ], [ 11.552334, 3.859259 ], [ 11.551982, 3.859678 ], [ 11.552337, 3.860692 ], [ 11.550627, 3.861269 ], [ 11.550213, 3.861172 ], [ 11.549555, 3.862024 ], [ 11.548247, 3.862777 ], [ 11.547623, 3.861687 ], [ 11.547678, 3.860957 ], [ 11.546598, 3.860982 ], [ 11.544699, 3.861349 ], [ 11.544909, 3.861984 ], [ 11.545758, 3.863199 ], [ 11.545896, 3.863621 ], [ 11.544435, 3.863819 ], [ 11.543631, 3.864235 ], [ 11.542065, 3.862631 ], [ 11.541802, 3.862495 ], [ 11.542063, 3.861796 ], [ 11.542093, 3.860974 ], [ 11.54226, 3.860861 ], [ 11.542343, 3.860562 ], [ 11.542668, 3.860448 ], [ 11.542448, 3.859665 ], [ 11.540965, 3.857673 ], [ 11.539973, 3.857229 ], [ 11.539459, 3.856618 ], [ 11.538858, 3.856253 ], [ 11.538115, 3.855875 ], [ 11.536831, 3.855525 ], [ 11.536563, 3.855315 ], [ 11.535106, 3.855256 ], [ 11.534368, 3.855015 ], [ 11.534379, 3.854913 ], [ 11.533692, 3.854494 ], [ 11.533011, 3.854303 ], [ 11.5319, 3.854362 ], [ 11.530586, 3.853977 ], [ 11.528407, 3.852344 ], [ 11.528461, 3.851935 ], [ 11.52809, 3.851453 ], [ 11.52767, 3.851305 ], [ 11.527459, 3.85102 ], [ 11.527498, 3.850711 ], [ 11.527288, 3.850042 ], [ 11.52714, 3.849678 ], [ 11.527021, 3.849691 ], [ 11.527015, 3.849191 ], [ 11.526737, 3.849111 ], [ 11.526507, 3.848787 ] ] ] } },
{ "type": "Feature", "properties": { "nom": "Awae", "arrondissement": "Yaoundé IV" }, "geometry": { "type": "Polygon", "coordinates": [ [ [ 11.541455, 3.842665 ], [ 11.541491, 3.841288 ], [ 11.542141, 3.839154 ], [ 11.542123, 3.836832 ], [ 11.54362, 3.836025 ], [ 11.544386, 3.835859 ], [ 11.544794, 3.834828 ], [ 11.545591, 3.834624 ], [ 11.546312, 3.834243 ], [ 11.547524, 3.833212 ], [ 11.548714, 3.831619 ], [ 11.548583, 3.830022 ], [ 11.550017, 3.829986 ], [ 11.551072, 3.829644 ], [ 11.551541, 3.830454 ], [ 11.554275, 3.828609 ], [ 11.555985, 3.826815 ], [ 11.556373, 3.827085 ], [ 11.556287, 3.827808 ], [ 11.556587, 3.828092 ], [ 11.557121, 3.82901 ], [ 11.55721, 3.829737 ], [ 11.557759, 3.830219 ], [ 11.558406, 3.831134 ], [ 11.558522, 3.831578 ], [ 11.558514, 3.831848 ], [ 11.558115, 3.832271 ], [ 11.558037, 3.832937 ], [ 11.55746, 3.834107 ], [ 11.557623, 3.834769 ], [ 11.557298, 3.835446 ], [ 11.557336, 3.835955 ], [ 11.557817, 3.836769 ], [ 11.557811, 3.837388 ], [ 11.55817, 3.838017 ], [ 11.557323, 3.838494 ], [ 11.556612, 3.839223 ], [ 11.555862, 3.838615 ], [ 11.554332, 3.840349 ], [ 11.55122, 3.840172 ], [ 11.551197, 3.84105 ], [ 11.550612, 3.841318 ], [ 11.550529, 3.840237 ], [ 11.548058, 3.840075 ], [ 11.547939, 3.840803 ], [ 11.54723, 3.841449 ], [ 11.546888, 3.841965 ], [ 11.546978, 3.842942 ], [ 11.546813, 3.843666 ], [ 11.546571, 3.844251 ], [ 11.546079, 3.844676 ], [ 11.545952, 3.845227 ], [ 11.541593, 3.844421 ], [ 11.541455, 3.842665 ] ] ] } },
{ "type": "Feature", "properties": { "nom": "Simbock", "arrondissement": "Yaoundé VI" }, "geometry": { "type": "Polygon", "coordinates": [ [ [ 11.46678, 3.811587 ], [ 11.466983, 3.811184 ], [ 11.46723, 3.811033 ], [ 11.466963, 3.810612 ], [ 11.467168, 3.810263 ], [ 11.467128, 3.809845 ], [ 11.467472, 3.809178 ], [ 11.467483, 3.809042 ], [ 11.467045, 3.808568 ], [ 11.467646, 3.808196 ], [ 11.468048, 3.808201 ], [ 11.468286, 3.808053 ], [ 11.468547, 3.807586 ], [ 11.468347, 3.807384 ], [ 11.468117, 3.807368 ], [ 11.468153, 3.807027 ], [ 11.467847, 3.806065 ], [ 11.467235, 3.805425 ], [ 11.467356, 3.804994 ], [ 11.467577, 3.804844 ], [ 11.467211, 3.804493 ], [ 11.46751, 3.804388 ], [ 11.467716, 3.804512 ], [ 11.467711, 3.804201 ], [ 11.467965, 3.804103 ], [ 11.467986, 3.802666 ], [ 11.46831, 3.802568 ], [ 11.468505, 3.802275 ], [ 11.469015, 3.802017 ], [ 11.469026, 3.801845 ], [ 11.469587, 3.801632 ], [ 11.469824, 3.801372 ], [ 11.469857, 3.801086 ], [ 11.469651, 3.800538 ], [ 11.469821, 3.800235 ], [ 11.470416, 3.800137 ], [ 11.470539, 3.799629 ], [ 11.470789, 3.799461 ], [ 11.470751, 3.799361 ], [ 11.4705, 3.799405 ], [ 11.470477, 3.799235 ], [ 11.470762, 3.798867 ], [ 11.471473, 3.798637 ], [ 11.471591, 3.798412 ], [ 11.472184, 3.798136 ], [ 11.472593, 3.797426 ], [ 11.472566, 3.796961 ], [ 11.472111, 3.795388 ], [ 11.472021, 3.794681 ], [ 11.472164, 3.793927 ], [ 11.472011, 3.793556 ], [ 11.477988, 3.796114 ], [ 11.480295, 3.797474 ], [ 11.481554, 3.798438 ], [ 11.486759, 3.803011 ], [ 11.486527, 3.80338 ], [ 11.48671, 3.803828 ], [ 11.486709, 3.804561 ], [ 11.486548, 3.805053 ], [ 11.486097, 3.805114 ], [ 11.48594, 3.805266 ], [ 11.485987, 3.805662 ], [ 11.485522, 3.806739 ], [ 11.485278, 3.806939 ], [ 11.485444, 3.807706 ], [ 11.485691, 3.807793 ], [ 11.48597, 3.808371 ], [ 11.485573, 3.809056 ], [ 11.48538, 3.808997 ], [ 11.485214, 3.809121 ], [ 11.485387, 3.809523 ], [ 11.485204, 3.809609 ], [ 11.485172, 3.810344 ], [ 11.484841, 3.810594 ], [ 11.485259, 3.811362 ], [ 11.485005, 3.811568 ], [ 11.485047, 3.811941 ], [ 11.484697, 3.812078 ], [ 11.484471, 3.812421 ], [ 11.484305, 3.812448 ], [ 11.484331, 3.81274 ], [ 11.484149, 3.812677 ], [ 11.483949, 3.812929 ], [ 11.483663, 3.812906 ], [ 11.483543, 3.813018 ], [ 11.483393, 3.813709 ], [ 11.482586, 3.814967 ], [ 11.482754, 3.815114 ], [ 11.482634, 3.816108 ], [ 11.482014, 3.81675 ], [ 11.481767, 3.816779 ], [ 11.481528, 3.817662 ], [ 11.481311, 3.817876 ], [ 11.481373, 3.818147 ], [ 11.481064, 3.819003 ], [ 11.481094, 3.819488 ], [ 11.480865, 3.820209 ], [ 11.480376, 3.820589 ], [ 11.480048, 3.820606 ], [ 11.479397, 3.82121 ], [ 11.479251, 3.821623 ], [ 11.478307, 3.822095 ], [ 11.47789, 3.822656 ], [ 11.476603, 3.823713 ], [ 11.476347, 3.823723 ], [ 11.47573, 3.824684 ], [ 11.476066, 3.824927 ], [ 11.475948, 3.825349 ], [ 11.474323, 3.824869 ], [ 11.472063, 3.823911 ], [ 11.471317, 3.826209 ], [ 11.470207, 3.825851 ], [ 11.470087, 3.82608 ], [ 11.469422, 3.825833 ], [ 11.468585, 3.825752 ], [ 11.468274, 3.825552 ], [ 11.468248, 3.825308 ], [ 11.468602, 3.825137 ], [ 11.46907, 3.824316 ], [ 11.468526, 3.824112 ], [ 11.468502, 3.823874 ], [ 11.46821, 3.823664 ], [ 11.467954, 3.821913 ], [ 11.468439, 3.821341 ], [ 11.467226, 3.819151 ], [ 11.467247, 3.819042 ], [ 11.467706, 3.81898 ], [ 11.467753, 3.818855 ], [ 11.467441, 3.816718 ], [ 11.467275, 3.816278 ], [ 11.467228, 3.815265 ], [ 11.466819, 3.814544 ], [ 11.466914, 3.814161 ], [ 11.467342, 3.81348 ], [ 11.467459, 3.812864 ], [ 11.467018, 3.812258 ], [ 11.466971, 3.811758 ], [ 11.46678, 3.811587 ] ] ] } },
{ "type": "Feature", "properties": { "nom": "Étoa-Méki", "arrondissement": "Yaoundé I" }, "geometry": { "type": "Polygon", "coordinates": [ [ [ 11.521831, 3.883868 ], [ 11.522177, 3.882984 ], [ 11.523562, 3.882275 ], [ 11.523715, 3.881283 ], [ 11.524436, 3.878689 ], [ 11.525667, 3.878912 ], [ 11.52602, 3.877064 ], [ 11.527318, 3.876609 ], [ 11.527394, 3.87623 ], [ 11.527694, 3.875839 ], [ 11.52832, 3.875693 ], [ 11.529326, 3.875994 ], [ 11.530475, 3.876865 ], [ 11.531666, 3.87848 ], [ 11.532126, 3.880021 ], [ 11.531695, 3.884296 ], [ 11.531797, 3.884878 ], [ 11.53169, 3.885586 ], [ 11.531208, 3.885451 ], [ 11.530365, 3.885478 ], [ 11.528928, 3.884559 ], [ 11.528988, 3.885374 ], [ 11.528561, 3.885484 ], [ 11.528404, 3.885876 ], [ 11.528465, 3.886181 ], [ 11.528304, 3.886308 ], [ 11.526833, 3.886004 ], [ 11.525812, 3.886078 ], [ 11.524727, 3.886412 ], [ 11.524501, 3.887148 ], [ 11.524225, 3.887198 ], [ 11.524104, 3.887176 ], [ 11.523417, 3.885953 ], [ 11.522719, 3.885143 ], [ 11.522085, 3.884073 ], [ 11.521928, 3.884197 ], [ 11.521858, 3.884116 ], [ 11.521831, 3.883868 ] ] ] } },
{ "type": "Feature", "properties": { "nom": "Grand-Messa", "arrondissement": "Yaoundé II" }, "geometry": { "type": "Polygon", "coordinates": [ [ [ 11.502348, 3.872611 ], [ 11.504587, 3.872279 ], [ 11.505723, 3.871789 ], [ 11.507901, 3.870042 ], [ 11.51096, 3.868562 ], [ 11.512023, 3.867714 ], [ 11.512303, 3.867638 ], [ 11.513215, 3.866431 ], [ 11.51363, 3.867671 ], [ 11.513904, 3.869015 ], [ 11.514603, 3.869935 ], [ 11.514741, 3.870369 ], [ 11.514764, 3.870779 ], [ 11.514631, 3.870722 ], [ 11.514465, 3.870182 ], [ 11.513897, 3.869924 ], [ 11.514042, 3.870518 ], [ 11.513263, 3.872011 ], [ 11.512642, 3.872793 ], [ 11.511337, 3.873724 ], [ 11.508275, 3.87368 ], [ 11.50555, 3.874931 ], [ 11.504536, 3.874801 ], [ 11.503653, 3.875029 ], [ 11.503579, 3.873472 ], [ 11.502381, 3.873482 ], [ 11.502348, 3.872611 ] ] ] } },
{ "type": "Feature", "properties": { "nom": "Briqueterie", "arrondissement": "Yaoundé II" }, "geometry": { "type": "Polygon", "coordinates": [ [ [ 11.501008, 3.877214 ], [ 11.501757, 3.876915 ], [ 11.502249, 3.87628 ], [ 11.502642, 3.875253 ], [ 11.502788, 3.875132 ], [ 11.503794, 3.875033 ], [ 11.504536, 3.874801 ], [ 11.50555, 3.874931 ], [ 11.508275, 3.87368 ], [ 11.511337, 3.873724 ], [ 11.512642, 3.872793 ], [ 11.513263, 3.872011 ], [ 11.514042, 3.870518 ], [ 11.513897, 3.869924 ], [ 11.514368, 3.870099 ], [ 11.514578, 3.870386 ], [ 11.514631, 3.870722 ], [ 11.514764, 3.870779 ], [ 11.514676, 3.871515 ], [ 11.514216, 3.872877 ], [ 11.511903, 3.875687 ], [ 11.51125, 3.877169 ], [ 11.510975, 3.877513 ], [ 11.507731, 3.879963 ], [ 11.506944, 3.879847 ], [ 11.506207, 3.879974 ], [ 11.505957, 3.879786 ], [ 11.504831, 3.878227 ], [ 11.504271, 3.878801 ], [ 11.503758, 3.877968 ], [ 11.502765, 3.878861 ], [ 11.501905, 3.879078 ], [ 11.501008, 3.877214 ] ] ] } },
{ "type": "Feature", "properties": { "nom": "Tsinga", "arrondissement": "Yaoundé II" }, "geometry": { "type": "Polygon", "coordinates": [ [ [ 11.493712, 3.895124 ], [ 11.494162, 3.8944 ], [ 11.494548, 3.894099 ], [ 11.496716, 3.891348 ], [ 11.4972, 3.890242 ], [ 11.497429, 3.889358 ], [ 11.497931, 3.885538 ], [ 11.498383, 3.884869 ], [ 11.498176, 3.884735 ], [ 11.498368, 3.884422 ], [ 11.49922, 3.884188 ], [ 11.499457, 3.883905 ], [ 11.499402, 3.882941 ], [ 11.499679, 3.882371 ], [ 11.499592, 3.882163 ], [ 11.499928, 3.880941 ], [ 11.499859, 3.880759 ], [ 11.499583, 3.880625 ], [ 11.499697, 3.880345 ], [ 11.49955, 3.880148 ], [ 11.499541, 3.878842 ], [ 11.499368, 3.878467 ], [ 11.499631, 3.877752 ], [ 11.501008, 3.877214 ], [ 11.501905, 3.879078 ], [ 11.502765, 3.878861 ], [ 11.503758, 3.877968 ], [ 11.504271, 3.878801 ], [ 11.504831, 3.878227 ], [ 11.505957, 3.879786 ], [ 11.506207, 3.879974 ], [ 11.506944, 3.879847 ], [ 11.507731, 3.879963 ], [ 11.509527, 3.880994 ], [ 11.511166, 3.881383 ], [ 11.512628, 3.882539 ], [ 11.512405, 3.883108 ], [ 11.511982, 3.883565 ], [ 11.50874, 3.884906 ], [ 11.506343, 3.886426 ], [ 11.503845, 3.887132 ], [ 11.501307, 3.887202 ], [ 11.500519, 3.887572 ], [ 11.499841, 3.888081 ], [ 11.499239, 3.888921 ], [ 11.498881, 3.889952 ], [ 11.498762, 3.890794 ], [ 11.498814, 3.891771 ], [ 11.499035, 3.892507 ], [ 11.499462, 3.893271 ], [ 11.501011, 3.895133 ], [ 11.500868, 3.895077 ], [ 11.499702, 3.895614 ], [ 11.497166, 3.897053 ], [ 11.495608, 3.897426 ], [ 11.494741, 3.897201 ], [ 11.494271, 3.896903 ], [ 11.493891, 3.896451 ], [ 11.494031, 3.895299 ], [ 11.493712, 3.895124 ] ] ] } },
{ "type": "Feature", "properties": { "nom": "Ététak", "arrondissement": "Yaoundé VII" }, "geometry": { "type": "Polygon", "coordinates": [ [ [ 11.478241, 3.871111 ], [ 11.478465, 3.870878 ], [ 11.47896, 3.8708 ], [ 11.479671, 3.871022 ], [ 11.480028, 3.87127 ], [ 11.480449, 3.870817 ], [ 11.48094, 3.870934 ], [ 11.481568, 3.870722 ], [ 11.482615, 3.871068 ], [ 11.48341, 3.870977 ], [ 11.483923, 3.870738 ], [ 11.484262, 3.871293 ], [ 11.484664, 3.87492 ], [ 11.484086, 3.875875 ], [ 11.483846, 3.876852 ], [ 11.483624, 3.877043 ], [ 11.483415, 3.878327 ], [ 11.482963, 3.878123 ], [ 11.482723, 3.878641 ], [ 11.482095, 3.879101 ], [ 11.482053, 3.879209 ], [ 11.482652, 3.87928 ], [ 11.482453, 3.880576 ], [ 11.482308, 3.880646 ], [ 11.481725, 3.881718 ], [ 11.481818, 3.882067 ], [ 11.48148, 3.882949 ], [ 11.480604, 3.883914 ], [ 11.479692, 3.883205 ], [ 11.479579, 3.882402 ], [ 11.479004, 3.881756 ], [ 11.479063, 3.881445 ], [ 11.478464, 3.881051 ], [ 11.478551, 3.880765 ], [ 11.480028, 3.878972 ], [ 11.480534, 3.878065 ], [ 11.48118, 3.877389 ], [ 11.480924, 3.876122 ], [ 11.479987, 3.875934 ], [ 11.480107, 3.875317 ], [ 11.479543, 3.875079 ], [ 11.480247, 3.874617 ], [ 11.479609, 3.873648 ], [ 11.479648, 3.873373 ], [ 11.478973, 3.872713 ], [ 11.478241, 3.871111 ] ] ] } },
{ "type": "Feature", "properties": { "nom": "Obobogo", "arrondissement": "Yaoundé III" }, "geometry": { "type": "Polygon", "coordinates": [ [ [ 11.49466, 3.818331 ], [ 11.494695, 3.817847 ], [ 11.494912, 3.817607 ], [ 11.4951, 3.816886 ], [ 11.495487, 3.816747 ], [ 11.495345, 3.81622 ], [ 11.495657, 3.816012 ], [ 11.495767, 3.815517 ], [ 11.495655, 3.815366 ], [ 11.495657, 3.814901 ], [ 11.496079, 3.81428 ], [ 11.495938, 3.813963 ], [ 11.49593, 3.813245 ], [ 11.498308, 3.815301 ], [ 11.498671, 3.815365 ], [ 11.499548, 3.816253 ], [ 11.499985, 3.816397 ], [ 11.50005, 3.816617 ], [ 11.500476, 3.816813 ], [ 11.500574, 3.817042 ], [ 11.501501, 3.817611 ], [ 11.501768, 3.818045 ], [ 11.502506, 3.818618 ], [ 11.503465, 3.819635 ], [ 11.503563, 3.819998 ], [ 11.504209, 3.820291 ], [ 11.504388, 3.820589 ], [ 11.50411, 3.820843 ], [ 11.504009, 3.821353 ], [ 11.5034, 3.82231 ], [ 11.503261, 3.822915 ], [ 11.502708, 3.822643 ], [ 11.502162, 3.822761 ], [ 11.501899, 3.822896 ], [ 11.501884, 3.82308 ], [ 11.501608, 3.823192 ], [ 11.500808, 3.823086 ], [ 11.500276, 3.823926 ], [ 11.499928, 3.824139 ], [ 11.50209, 3.826096 ], [ 11.503132, 3.826853 ], [ 11.503525, 3.827358 ], [ 11.502382, 3.827606 ], [ 11.501479, 3.827972 ], [ 11.501171, 3.827961 ], [ 11.501244, 3.827294 ], [ 11.500948, 3.826669 ], [ 11.500415, 3.826258 ], [ 11.500084, 3.826175 ], [ 11.499735, 3.825722 ], [ 11.499383, 3.82582 ], [ 11.498494, 3.824784 ], [ 11.497503, 3.824739 ], [ 11.497526, 3.824286 ], [ 11.49665, 3.823529 ], [ 11.496385, 3.822641 ], [ 11.495911, 3.822033 ], [ 11.495517, 3.821787 ], [ 11.495285, 3.820962 ], [ 11.494754, 3.819918 ], [ 11.494813, 3.818708 ], [ 11.49466, 3.818331 ] ] ] } },
{ "type": "Feature", "properties": { "nom": "Nsimeyong", "arrondissement": "Yaoundé III" }, "geometry": { "type": "Polygon", "coordinates": [ [ [ 11.475957, 3.824356 ], [ 11.476347, 3.823723 ], [ 11.476603, 3.823713 ], [ 11.47789, 3.822656 ], [ 11.478307, 3.822095 ], [ 11.479251, 3.821623 ], [ 11.479397, 3.82121 ], [ 11.480048, 3.820606 ], [ 11.480376, 3.820589 ], [ 11.480865, 3.820209 ], [ 11.481094, 3.819488 ], [ 11.481064, 3.819003 ], [ 11.481373, 3.818147 ], [ 11.481311, 3.817876 ], [ 11.481528, 3.817662 ], [ 11.481767, 3.816779 ], [ 11.482014, 3.81675 ], [ 11.482634, 3.816108 ], [ 11.482754, 3.815114 ], [ 11.482586, 3.814967 ], [ 11.483393, 3.813709 ], [ 11.483543, 3.813018 ], [ 11.483663, 3.812906 ], [ 11.483949, 3.812929 ], [ 11.484149, 3.812677 ], [ 11.484331, 3.81274 ], [ 11.484305, 3.812448 ], [ 11.484471, 3.812421 ], [ 11.484697, 3.812078 ], [ 11.485047, 3.811941 ], [ 11.485005, 3.811568 ], [ 11.485259, 3.811362 ], [ 11.484841, 3.810594 ], [ 11.485172, 3.810344 ], [ 11.485204, 3.809609 ], [ 11.485387, 3.809523 ], [ 11.485214, 3.809121 ], [ 11.48538, 3.808997 ], [ 11.485573, 3.809056 ], [ 11.48597, 3.808371 ], [ 11.485691, 3.807793 ], [ 11.485444, 3.807706 ], [ 11.485278, 3.806939 ], [ 11.485522, 3.806739 ], [ 11.485987, 3.805662 ], [ 11.48594, 3.805266 ], [ 11.486176, 3.805088 ], [ 11.486498, 3.805094 ], [ 11.486694, 3.804652 ], [ 11.48671, 3.803828 ], [ 11.486539, 3.803555 ], [ 11.486573, 3.803227 ], [ 11.486759, 3.803011 ], [ 11.487974, 3.804117 ], [ 11.488402, 3.803961 ], [ 11.489171, 3.804194 ], [ 11.489567, 3.804171 ], [ 11.492402, 3.802381 ], [ 11.492303, 3.802755 ], [ 11.492468, 3.803751 ], [ 11.492774, 3.804098 ], [ 11.492924, 3.80465 ], [ 11.493582, 3.805433 ], [ 11.493689, 3.806133 ], [ 11.493507, 3.806403 ], [ 11.493506, 3.807037 ], [ 11.493763, 3.807983 ], [ 11.494066, 3.808374 ], [ 11.494255, 3.809573 ], [ 11.495201, 3.810959 ], [ 11.495516, 3.811868 ], [ 11.49549, 3.812411 ], [ 11.49593, 3.813245 ], [ 11.495938, 3.813963 ], [ 11.496081, 3.814173 ], [ 11.495657, 3.814901 ], [ 11.495655, 3.815366 ], [ 11.495767, 3.815517 ], [ 11.495657, 3.816012 ], [ 11.495345, 3.81622 ], [ 11.495487, 3.816747 ], [ 11.4951, 3.816886 ], [ 11.494912, 3.817607 ], [ 11.494695, 3.817847 ], [ 11.4948, 3.820098 ], [ 11.495285, 3.820962 ], [ 11.495527, 3.821808 ], [ 11.495911, 3.822033 ], [ 11.496385, 3.822641 ], [ 11.49665, 3.823529 ], [ 11.497561, 3.824339 ], [ 11.497503, 3.824739 ], [ 11.498494, 3.824784 ], [ 11.499383, 3.82582 ], [ 11.499735, 3.825722 ], [ 11.50006, 3.826156 ], [ 11.500415, 3.826258 ], [ 11.501082, 3.826796 ], [ 11.501244, 3.827294 ], [ 11.501225, 3.828404 ], [ 11.500947, 3.828943 ], [ 11.501215, 3.829719 ], [ 11.501256, 3.830369 ], [ 11.5009, 3.831227 ], [ 11.50112, 3.832209 ], [ 11.50096, 3.832873 ], [ 11.500766, 3.833132 ], [ 11.501396, 3.833896 ], [ 11.501434, 3.835027 ], [ 11.501308, 3.835893 ], [ 11.501622, 3.836514 ], [ 11.500966, 3.836619 ], [ 11.50034, 3.837271 ], [ 11.500009, 3.837803 ], [ 11.500206, 3.838642 ], [ 11.499934, 3.83906 ], [ 11.499718, 3.839133 ], [ 11.495514, 3.83997 ], [ 11.491801, 3.840027 ], [ 11.490765, 3.839778 ], [ 11.490941, 3.839391 ], [ 11.491068, 3.838119 ], [ 11.490739, 3.837328 ], [ 11.490498, 3.836267 ], [ 11.490232, 3.836147 ], [ 11.489997, 3.835431 ], [ 11.489624, 3.834911 ], [ 11.489181, 3.834631 ], [ 11.48852, 3.834441 ], [ 11.488163, 3.834062 ], [ 11.488161, 3.833831 ], [ 11.487916, 3.833623 ], [ 11.487707, 3.833188 ], [ 11.486773, 3.832362 ], [ 11.486655, 3.831634 ], [ 11.486244, 3.83146 ], [ 11.485947, 3.831493 ], [ 11.485845, 3.830595 ], [ 11.4861, 3.830049 ], [ 11.485204, 3.828719 ], [ 11.485153, 3.829022 ], [ 11.48422, 3.830031 ], [ 11.483957, 3.830601 ], [ 11.483516, 3.831153 ], [ 11.482534, 3.831539 ], [ 11.475957, 3.824356 ] ] ] } },
{ "type": "Feature", "properties": { "nom": "Nlongkak", "arrondissement": "Yaoundé I" }, "geometry": { "type": "Polygon", "coordinates": [ [ [ 11.512628, 3.882539 ], [ 11.513171, 3.881176 ], [ 11.512958, 3.880912 ], [ 11.513339, 3.879754 ], [ 11.514132, 3.878055 ], [ 11.514375, 3.878072 ], [ 11.514539, 3.878304 ], [ 11.515112, 3.881148 ], [ 11.515751, 3.881407 ], [ 11.516448, 3.881219 ], [ 11.517216, 3.88124 ], [ 11.520695, 3.883354 ], [ 11.522177, 3.882984 ], [ 11.521856, 3.883702 ], [ 11.521858, 3.884116 ], [ 11.521928, 3.884197 ], [ 11.522085, 3.884073 ], [ 11.522719, 3.885143 ], [ 11.523417, 3.885953 ], [ 11.524104, 3.887176 ], [ 11.524501, 3.887148 ], [ 11.524727, 3.886412 ], [ 11.525812, 3.886078 ], [ 11.526833, 3.886004 ], [ 11.528304, 3.886308 ], [ 11.528465, 3.886181 ], [ 11.528404, 3.885876 ], [ 11.528561, 3.885484 ], [ 11.528988, 3.885374 ], [ 11.528928, 3.884559 ], [ 11.530365, 3.885478 ], [ 11.530472, 3.886919 ], [ 11.52915, 3.88688 ], [ 11.529091, 3.887021 ], [ 11.528834, 3.887076 ], [ 11.528641, 3.887527 ], [ 11.527824, 3.88826 ], [ 11.527319, 3.889447 ], [ 11.527125, 3.889622 ], [ 11.527049, 3.890452 ], [ 11.526488, 3.891055 ], [ 11.526494, 3.891293 ], [ 11.526678, 3.891532 ], [ 11.526599, 3.891926 ], [ 11.526715, 3.892756 ], [ 11.5264, 3.893094 ], [ 11.526696, 3.894015 ], [ 11.526522, 3.894756 ], [ 11.5262, 3.895013 ], [ 11.525675, 3.894967 ], [ 11.525646, 3.89421 ], [ 11.525201, 3.893891 ], [ 11.525138, 3.894044 ], [ 11.524406, 3.894245 ], [ 11.524417, 3.894986 ], [ 11.523905, 3.894993 ], [ 11.52361, 3.895149 ], [ 11.523153, 3.895585 ], [ 11.522789, 3.895713 ], [ 11.522613, 3.895965 ], [ 11.522091, 3.895756 ], [ 11.52149, 3.895666 ], [ 11.520964, 3.895759 ], [ 11.520721, 3.895653 ], [ 11.521897, 3.893721 ], [ 11.521903, 3.893133 ], [ 11.521772, 3.8928 ], [ 11.51793, 3.892511 ], [ 11.517765, 3.892037 ], [ 11.51676, 3.891395 ], [ 11.517391, 3.890336 ], [ 11.517322, 3.889138 ], [ 11.51632, 3.888748 ], [ 11.514588, 3.887748 ], [ 11.513943, 3.887581 ], [ 11.513833, 3.885681 ], [ 11.512993, 3.884917 ], [ 11.512898, 3.884523 ], [ 11.513153, 3.883991 ], [ 11.512802, 3.883313 ], [ 11.512628, 3.882539 ] ] ] } },
{ "type": "Feature", "properties": { "nom": "Ékounou", "arrondissement": "Yaoundé IV" }, "geometry": { "type": "Polygon", "coordinates": [ [ [ 11.518862, 3.845765 ], [ 11.520039, 3.844277 ], [ 11.52012, 3.844064 ], [ 11.519901, 3.843314 ], [ 11.519958, 3.843133 ], [ 11.521059, 3.842596 ], [ 11.521224, 3.84261 ], [ 11.522042, 3.843498 ], [ 11.522866, 3.843254 ], [ 11.523526, 3.843734 ], [ 11.524997, 3.844027 ], [ 11.526159, 3.845144 ], [ 11.52633, 3.845594 ], [ 11.526279, 3.845899 ], [ 11.528047, 3.844641 ], [ 11.525866, 3.839788 ], [ 11.527173, 3.837743 ], [ 11.527373, 3.833685 ], [ 11.528057, 3.834528 ], [ 11.527847, 3.835023 ], [ 11.528947, 3.836099 ], [ 11.530685, 3.836085 ], [ 11.534222, 3.837361 ], [ 11.534639, 3.837691 ], [ 11.535355, 3.837782 ], [ 11.53547, 3.83803 ], [ 11.535657, 3.838071 ], [ 11.537748, 3.837481 ], [ 11.538596, 3.838063 ], [ 11.538989, 3.838052 ], [ 11.540231, 3.837592 ], [ 11.541071, 3.836856 ], [ 11.542123, 3.836832 ], [ 11.542141, 3.839154 ], [ 11.541491, 3.841288 ], [ 11.541455, 3.842665 ], [ 11.541593, 3.844421 ], [ 11.545957, 3.8453 ], [ 11.545787, 3.84564 ], [ 11.545888, 3.845854 ], [ 11.545253, 3.846068 ], [ 11.545192, 3.846325 ], [ 11.544922, 3.846577 ], [ 11.544785, 3.847811 ], [ 11.54491, 3.847997 ], [ 11.54487, 3.848228 ], [ 11.54411, 3.848306 ], [ 11.543256, 3.848133 ], [ 11.54326, 3.848557 ], [ 11.542835, 3.848602 ], [ 11.541629, 3.84934 ], [ 11.541417, 3.848922 ], [ 11.541237, 3.849015 ], [ 11.541244, 3.849466 ], [ 11.539173, 3.849525 ], [ 11.538847, 3.849667 ], [ 11.537947, 3.849131 ], [ 11.537524, 3.849043 ], [ 11.537347, 3.848802 ], [ 11.536778, 3.848522 ], [ 11.536783, 3.84836 ], [ 11.53587, 3.847959 ], [ 11.534775, 3.847826 ], [ 11.534226, 3.847586 ], [ 11.533304, 3.84771 ], [ 11.53315, 3.847547 ], [ 11.532525, 3.847386 ], [ 11.530671, 3.847051 ], [ 11.529417, 3.847235 ], [ 11.527862, 3.847986 ], [ 11.527426, 3.848259 ], [ 11.527427, 3.84838 ], [ 11.527085, 3.848413 ], [ 11.526682, 3.848712 ], [ 11.526556, 3.848635 ], [ 11.526507, 3.848787 ], [ 11.526369, 3.848625 ], [ 11.525627, 3.848585 ], [ 11.524967, 3.848783 ], [ 11.523777, 3.848804 ], [ 11.523333, 3.848498 ], [ 11.523059, 3.848077 ], [ 11.522608, 3.847845 ], [ 11.521175, 3.84662 ], [ 11.520937, 3.847068 ], [ 11.518862, 3.845765 ] ] ] } },
{ "type": "Feature", "properties": { "nom": "Ékoumdoum", "arrondissement": "Yaoundé IV" }, "geometry": { "type": "Polygon", "coordinates": [ [ [ 11.520768, 3.822774 ], [ 11.521295, 3.822275 ], [ 11.52226, 3.82091 ], [ 11.523669, 3.818259 ], [ 11.523936, 3.817991 ], [ 11.525982, 3.816221 ], [ 11.52728, 3.817408 ], [ 11.528552, 3.81654 ], [ 11.528233, 3.81573 ], [ 11.52869, 3.815663 ], [ 11.529029, 3.815137 ], [ 11.529967, 3.814594 ], [ 11.529948, 3.814323 ], [ 11.530506, 3.814227 ], [ 11.531196, 3.814343 ], [ 11.531973, 3.814923 ], [ 11.533004, 3.814786 ], [ 11.533445, 3.814881 ], [ 11.533798, 3.814628 ], [ 11.534241, 3.814551 ], [ 11.53533, 3.814567 ], [ 11.535842, 3.814775 ], [ 11.536614, 3.814837 ], [ 11.537071, 3.814706 ], [ 11.537186, 3.814377 ], [ 11.53899, 3.814488 ], [ 11.539524, 3.814214 ], [ 11.53971, 3.814498 ], [ 11.539959, 3.814391 ], [ 11.540224, 3.814452 ], [ 11.540649, 3.814089 ], [ 11.541981, 3.814112 ], [ 11.542939, 3.813462 ], [ 11.544201, 3.813183 ], [ 11.544116, 3.811938 ], [ 11.544461, 3.811834 ], [ 11.544884, 3.812112 ], [ 11.545631, 3.812912 ], [ 11.545722, 3.813163 ], [ 11.548363, 3.814278 ], [ 11.549359, 3.814825 ], [ 11.549916, 3.815414 ], [ 11.550384, 3.815691 ], [ 11.5525, 3.816371 ], [ 11.553097, 3.816352 ], [ 11.553681, 3.816538 ], [ 11.554, 3.817079 ], [ 11.555009, 3.817914 ], [ 11.555235, 3.818383 ], [ 11.555626, 3.818678 ], [ 11.555976, 3.819841 ], [ 11.555895, 3.82131 ], [ 11.556013, 3.82192 ], [ 11.555635, 3.822699 ], [ 11.555737, 3.823703 ], [ 11.555477, 3.824768 ], [ 11.555842, 3.826577 ], [ 11.555985, 3.826815 ], [ 11.554275, 3.828609 ], [ 11.551541, 3.830454 ], [ 11.551072, 3.829644 ], [ 11.550017, 3.829986 ], [ 11.548583, 3.830022 ], [ 11.548714, 3.831619 ], [ 11.548293, 3.832306 ], [ 11.547524, 3.833212 ], [ 11.546312, 3.834243 ], [ 11.545591, 3.834624 ], [ 11.544794, 3.834828 ], [ 11.544386, 3.835859 ], [ 11.54362, 3.836025 ], [ 11.542241, 3.836855 ], [ 11.541071, 3.836856 ], [ 11.540231, 3.837592 ], [ 11.538989, 3.838052 ], [ 11.538596, 3.838063 ], [ 11.537748, 3.837481 ], [ 11.535657, 3.838071 ], [ 11.53547, 3.83803 ], [ 11.535355, 3.837782 ], [ 11.534639, 3.837691 ], [ 11.534222, 3.837361 ], [ 11.530685, 3.836085 ], [ 11.528947, 3.836099 ], [ 11.528035, 3.835266 ], [ 11.527821, 3.834905 ], [ 11.528057, 3.834528 ], [ 11.527373, 3.833685 ], [ 11.527045, 3.833476 ], [ 11.526909, 3.833163 ], [ 11.526547, 3.832968 ], [ 11.526192, 3.831913 ], [ 11.526385, 3.831664 ], [ 11.526324, 3.830939 ], [ 11.524621, 3.826154 ], [ 11.52251, 3.823836 ], [ 11.522019, 3.823684 ], [ 11.520768, 3.822774 ] ] ] } },
{ "type": "Feature", "properties": { "nom": "Élig-Dzoa", "arrondissement": "Yaoundé I" }, "geometry": { "type": "Polygon", "coordinates": [ [ [ 11.5264, 3.893094 ], [ 11.526715, 3.892756 ], [ 11.526599, 3.891926 ], [ 11.526678, 3.891532 ], [ 11.526476, 3.891091 ], [ 11.527049, 3.890452 ], [ 11.527125, 3.889622 ], [ 11.527319, 3.889447 ], [ 11.527919, 3.888121 ], [ 11.528432, 3.887766 ], [ 11.528834, 3.887076 ], [ 11.529091, 3.887021 ], [ 11.529099, 3.886893 ], [ 11.530472, 3.886919 ], [ 11.530365, 3.885478 ], [ 11.530459, 3.885399 ], [ 11.53169, 3.885586 ], [ 11.532543, 3.890531 ], [ 11.533576, 3.89229 ], [ 11.533506, 3.892552 ], [ 11.530287, 3.893912 ], [ 11.527823, 3.894181 ], [ 11.527505, 3.894375 ], [ 11.527399, 3.89438 ], [ 11.527325, 3.894022 ], [ 11.526701, 3.894085 ], [ 11.5264, 3.893094 ] ] ] } },
{ "type": "Feature", "properties": { "nom": "Ngousso", "arrondissement": "Yaoundé V" }, "geometry": { "type": "Polygon", "coordinates": [ [ [ 11.537284, 3.908268 ], [ 11.537424, 3.908075 ], [ 11.537432, 3.907554 ], [ 11.5379, 3.906589 ], [ 11.538211, 3.905254 ], [ 11.538893, 3.904483 ], [ 11.539403, 3.902988 ], [ 11.539393, 3.90275 ], [ 11.539204, 3.902782 ], [ 11.539044, 3.902136 ], [ 11.537827, 3.900486 ], [ 11.538278, 3.900075 ], [ 11.539692, 3.899421 ], [ 11.539817, 3.89926 ], [ 11.542387, 3.892603 ], [ 11.542776, 3.890878 ], [ 11.543607, 3.890077 ], [ 11.545292, 3.888813 ], [ 11.54512, 3.888377 ], [ 11.547439, 3.886936 ], [ 11.550293, 3.88671 ], [ 11.550962, 3.886495 ], [ 11.55133, 3.886193 ], [ 11.551606, 3.885485 ], [ 11.551611, 3.884951 ], [ 11.55137, 3.883844 ], [ 11.552188, 3.883459 ], [ 11.55285, 3.883395 ], [ 11.552981, 3.883183 ], [ 11.553466, 3.883038 ], [ 11.553679, 3.882729 ], [ 11.55393, 3.882708 ], [ 11.554396, 3.883441 ], [ 11.554476, 3.885506 ], [ 11.554772, 3.886392 ], [ 11.554472, 3.88693 ], [ 11.554241, 3.887976 ], [ 11.553862, 3.888318 ], [ 11.554412, 3.889127 ], [ 11.554287, 3.889442 ], [ 11.554465, 3.89015 ], [ 11.554925, 3.890609 ], [ 11.555233, 3.890532 ], [ 11.55534, 3.891608 ], [ 11.555151, 3.892017 ], [ 11.555093, 3.89272 ], [ 11.555441, 3.893559 ], [ 11.555768, 3.893671 ], [ 11.556203, 3.894514 ], [ 11.555669, 3.894548 ], [ 11.555507, 3.894808 ], [ 11.555223, 3.894825 ], [ 11.554661, 3.895123 ], [ 11.553855, 3.89506 ], [ 11.553732, 3.895322 ], [ 11.553275, 3.895668 ], [ 11.553127, 3.895917 ], [ 11.553064, 3.896609 ], [ 11.552733, 3.896629 ], [ 11.552441, 3.896907 ], [ 11.552587, 3.897822 ], [ 11.552121, 3.898271 ], [ 11.551926, 3.898682 ], [ 11.55254, 3.898798 ], [ 11.55225, 3.899773 ], [ 11.553218, 3.899881 ], [ 11.555384, 3.899635 ], [ 11.556214, 3.899759 ], [ 11.557123, 3.900131 ], [ 11.558027, 3.900923 ], [ 11.559292, 3.903201 ], [ 11.560149, 3.904295 ], [ 11.561245, 3.905122 ], [ 11.562915, 3.905845 ], [ 11.562472, 3.906045 ], [ 11.561604, 3.905929 ], [ 11.560922, 3.906335 ], [ 11.56053, 3.905954 ], [ 11.56027, 3.905867 ], [ 11.559393, 3.906909 ], [ 11.558834, 3.9083 ], [ 11.558948, 3.90892 ], [ 11.558668, 3.910547 ], [ 11.558146, 3.912167 ], [ 11.55772, 3.912339 ], [ 11.555577, 3.91073 ], [ 11.55268, 3.910978 ], [ 11.55189, 3.91133 ], [ 11.551134, 3.911434 ], [ 11.550805, 3.909955 ], [ 11.550676, 3.909742 ], [ 11.550353, 3.909653 ], [ 11.549831, 3.910146 ], [ 11.549048, 3.909999 ], [ 11.548353, 3.910203 ], [ 11.548285, 3.910577 ], [ 11.547967, 3.911053 ], [ 11.547341, 3.91137 ], [ 11.547361, 3.911534 ], [ 11.546944, 3.911744 ], [ 11.546362, 3.912322 ], [ 11.545741, 3.912332 ], [ 11.545556, 3.912037 ], [ 11.544622, 3.912455 ], [ 11.543884, 3.912527 ], [ 11.543576, 3.912745 ], [ 11.543516, 3.913414 ], [ 11.543799, 3.914931 ], [ 11.543804, 3.915798 ], [ 11.543442, 3.916319 ], [ 11.54373, 3.917548 ], [ 11.5437, 3.918158 ], [ 11.543919, 3.918976 ], [ 11.544083, 3.919119 ], [ 11.544545, 3.919194 ], [ 11.544718, 3.919055 ], [ 11.545096, 3.919303 ], [ 11.54462, 3.921755 ], [ 11.544352, 3.922455 ], [ 11.543727, 3.922407 ], [ 11.543465, 3.922208 ], [ 11.542916, 3.922146 ], [ 11.542352, 3.921831 ], [ 11.541843, 3.921879 ], [ 11.541575, 3.922263 ], [ 11.540995, 3.922486 ], [ 11.539201, 3.922467 ], [ 11.538977, 3.922143 ], [ 11.538623, 3.922086 ], [ 11.538733, 3.916681 ], [ 11.539361, 3.913927 ], [ 11.539405, 3.912462 ], [ 11.538939, 3.910965 ], [ 11.537284, 3.908268 ] ] ] } },
{ "type": "Feature", "properties": { "nom": "Mfandena", "arrondissement": "Yaoundé V" }, "geometry": { "type": "Polygon", "coordinates": [ [ [ 11.53169, 3.885586 ], [ 11.531797, 3.884878 ], [ 11.531695, 3.884296 ], [ 11.532109, 3.880359 ], [ 11.532454, 3.880408 ], [ 11.532421, 3.880567 ], [ 11.532616, 3.880639 ], [ 11.532922, 3.880632 ], [ 11.534066, 3.880307 ], [ 11.535177, 3.879623 ], [ 11.535486, 3.879291 ], [ 11.535439, 3.878742 ], [ 11.535835, 3.878646 ], [ 11.535713, 3.878258 ], [ 11.535497, 3.878113 ], [ 11.534974, 3.877224 ], [ 11.534884, 3.876586 ], [ 11.535541, 3.877008 ], [ 11.537358, 3.877139 ], [ 11.538166, 3.877458 ], [ 11.538943, 3.877265 ], [ 11.541288, 3.877967 ], [ 11.541602, 3.87817 ], [ 11.541761, 3.87846 ], [ 11.542347, 3.878809 ], [ 11.543185, 3.879955 ], [ 11.543652, 3.881034 ], [ 11.544322, 3.88213 ], [ 11.544726, 3.882504 ], [ 11.545083, 3.883248 ], [ 11.545634, 3.883854 ], [ 11.546275, 3.884193 ], [ 11.547831, 3.884303 ], [ 11.549113, 3.884635 ], [ 11.549866, 3.885008 ], [ 11.550195, 3.88548 ], [ 11.550293, 3.88671 ], [ 11.547727, 3.886886 ], [ 11.547193, 3.887071 ], [ 11.54512, 3.888377 ], [ 11.545292, 3.888813 ], [ 11.543607, 3.890077 ], [ 11.542776, 3.890878 ], [ 11.542387, 3.892603 ], [ 11.539817, 3.89926 ], [ 11.539692, 3.899421 ], [ 11.538278, 3.900075 ], [ 11.537827, 3.900486 ], [ 11.539044, 3.902136 ], [ 11.539204, 3.902782 ], [ 11.539393, 3.90275 ], [ 11.539403, 3.902988 ], [ 11.538893, 3.904483 ], [ 11.538211, 3.905254 ], [ 11.5379, 3.906589 ], [ 11.537432, 3.907554 ], [ 11.537424, 3.908075 ], [ 11.537284, 3.908268 ], [ 11.536932, 3.907225 ], [ 11.536837, 3.906419 ], [ 11.537179, 3.903564 ], [ 11.537166, 3.902644 ], [ 11.535693, 3.896055 ], [ 11.534941, 3.894251 ], [ 11.533576, 3.89229 ], [ 11.532543, 3.890531 ], [ 11.53169, 3.885586 ] ] ] } },
{ "type": "Feature", "properties": { "nom": "Éssos", "arrondissement": "Yaoundé V" }, "geometry": { "type": "Polygon", "coordinates": [ [ [ 11.525768, 3.867997 ], [ 11.526642, 3.867524 ], [ 11.527809, 3.867973 ], [ 11.530597, 3.869443 ], [ 11.531233, 3.869429 ], [ 11.532057, 3.868745 ], [ 11.532531, 3.86682 ], [ 11.533976, 3.865094 ], [ 11.535082, 3.86526 ], [ 11.535225, 3.865941 ], [ 11.536005, 3.866467 ], [ 11.536385, 3.867094 ], [ 11.537062, 3.867712 ], [ 11.538871, 3.86872 ], [ 11.539399, 3.868897 ], [ 11.539995, 3.869484 ], [ 11.541482, 3.87033 ], [ 11.542144, 3.870371 ], [ 11.543477, 3.869853 ], [ 11.54388, 3.869812 ], [ 11.545049, 3.870414 ], [ 11.545359, 3.870411 ], [ 11.545588, 3.870707 ], [ 11.545856, 3.870609 ], [ 11.546333, 3.870667 ], [ 11.546695, 3.871115 ], [ 11.546992, 3.871162 ], [ 11.54732, 3.871432 ], [ 11.547543, 3.87191 ], [ 11.548608, 3.872753 ], [ 11.548664, 3.872916 ], [ 11.548533, 3.873047 ], [ 11.548993, 3.873348 ], [ 11.549406, 3.872551 ], [ 11.549619, 3.872418 ], [ 11.549704, 3.872784 ], [ 11.549439, 3.873271 ], [ 11.549626, 3.873695 ], [ 11.550978, 3.874623 ], [ 11.551391, 3.874584 ], [ 11.551794, 3.874967 ], [ 11.55201, 3.874909 ], [ 11.553168, 3.876236 ], [ 11.553497, 3.876859 ], [ 11.554046, 3.877269 ], [ 11.553489, 3.87801 ], [ 11.55204, 3.878491 ], [ 11.551968, 3.878652 ], [ 11.551692, 3.878704 ], [ 11.551018, 3.87917 ], [ 11.55139, 3.879807 ], [ 11.55299, 3.879685 ], [ 11.554651, 3.879773 ], [ 11.554791, 3.880289 ], [ 11.55438, 3.881083 ], [ 11.554681, 3.881271 ], [ 11.554866, 3.881986 ], [ 11.55475, 3.882418 ], [ 11.554387, 3.882833 ], [ 11.554381, 3.883195 ], [ 11.554199, 3.883144 ], [ 11.55395, 3.882724 ], [ 11.553759, 3.882689 ], [ 11.553466, 3.883038 ], [ 11.552981, 3.883183 ], [ 11.55285, 3.883395 ], [ 11.552188, 3.883459 ], [ 11.55137, 3.883844 ], [ 11.551611, 3.884951 ], [ 11.551564, 3.885742 ], [ 11.55133, 3.886193 ], [ 11.550962, 3.886495 ], [ 11.550293, 3.88671 ], [ 11.550195, 3.88548 ], [ 11.549866, 3.885008 ], [ 11.549113, 3.884635 ], [ 11.547831, 3.884303 ], [ 11.546275, 3.884193 ], [ 11.545634, 3.883854 ], [ 11.545083, 3.883248 ], [ 11.544726, 3.882504 ], [ 11.544322, 3.88213 ], [ 11.543652, 3.881034 ], [ 11.543185, 3.879955 ], [ 11.542347, 3.878809 ], [ 11.541761, 3.87846 ], [ 11.541602, 3.87817 ], [ 11.54045, 3.877657 ], [ 11.540164, 3.877668 ], [ 11.538943, 3.877265 ], [ 11.538166, 3.877458 ], [ 11.537358, 3.877139 ], [ 11.535541, 3.877008 ], [ 11.535101, 3.876736 ], [ 11.53359, 3.875483 ], [ 11.53321, 3.874942 ], [ 11.532514, 3.874544 ], [ 11.532441, 3.874242 ], [ 11.531426, 3.872698 ], [ 11.531056, 3.872678 ], [ 11.530597, 3.872416 ], [ 11.528333, 3.870243 ], [ 11.526907, 3.868621 ], [ 11.526355, 3.86852 ], [ 11.526276, 3.868237 ], [ 11.526077, 3.868468 ], [ 11.525908, 3.868422 ], [ 11.525768, 3.867997 ] ] ] } },
{ "type": "Feature", "properties": { "nom": "Mvog-Ada", "arrondissement": "Yaoundé V" }, "geometry": { "type": "Polygon", "coordinates": [ [ [ 11.520489, 3.861428 ], [ 11.521531, 3.86045 ], [ 11.521222, 3.860116 ], [ 11.521279, 3.859033 ], [ 11.521153, 3.857836 ], [ 11.521154, 3.857605 ], [ 11.521454, 3.857562 ], [ 11.521662, 3.857853 ], [ 11.522168, 3.858106 ], [ 11.52453, 3.859916 ], [ 11.524769, 3.860539 ], [ 11.52563, 3.860378 ], [ 11.528084, 3.860773 ], [ 11.529656, 3.861124 ], [ 11.530694, 3.861726 ], [ 11.531271, 3.861501 ], [ 11.531911, 3.862201 ], [ 11.532395, 3.862479 ], [ 11.532632, 3.862459 ], [ 11.533123, 3.862836 ], [ 11.534817, 3.864575 ], [ 11.535267, 3.864814 ], [ 11.535082, 3.86526 ], [ 11.533976, 3.865094 ], [ 11.532531, 3.86682 ], [ 11.532057, 3.868745 ], [ 11.53141, 3.869347 ], [ 11.530824, 3.869498 ], [ 11.52693, 3.867603 ], [ 11.526642, 3.867524 ], [ 11.525768, 3.867997 ], [ 11.525646, 3.866706 ], [ 11.525334, 3.866121 ], [ 11.525074, 3.866044 ], [ 11.524135, 3.863833 ], [ 11.523881, 3.863638 ], [ 11.522916, 3.863511 ], [ 11.521046, 3.861748 ], [ 11.520489, 3.861428 ] ] ] } },
{ "type": "Feature", "properties": { "nom": "Élig-Éssono", "arrondissement": "Yaoundé I" }, "geometry": { "type": "Polygon", "coordinates": [ [ [ 11.516448, 3.881219 ], [ 11.516842, 3.880662 ], [ 11.518468, 3.879823 ], [ 11.519089, 3.879258 ], [ 11.52013, 3.877334 ], [ 11.522214, 3.874709 ], [ 11.522385, 3.873912 ], [ 11.52261, 3.873552 ], [ 11.523064, 3.873284 ], [ 11.524074, 3.873215 ], [ 11.524112, 3.871517 ], [ 11.525872, 3.872079 ], [ 11.526774, 3.873073 ], [ 11.527428, 3.873219 ], [ 11.527527, 3.87365 ], [ 11.52834, 3.875145 ], [ 11.529326, 3.875994 ], [ 11.52832, 3.875693 ], [ 11.527881, 3.875737 ], [ 11.527512, 3.87602 ], [ 11.527318, 3.876609 ], [ 11.52602, 3.877064 ], [ 11.525667, 3.878912 ], [ 11.524436, 3.878689 ], [ 11.523715, 3.881283 ], [ 11.523562, 3.882275 ], [ 11.521904, 3.883104 ], [ 11.520695, 3.883354 ], [ 11.517216, 3.88124 ], [ 11.516448, 3.881219 ] ] ] } },
{ "type": "Feature", "properties": { "nom": "Quartier Fouda", "arrondissement": "Yaoundé V" }, "geometry": { "type": "Polygon", "coordinates": [ [ [ 11.525884, 3.869668 ], [ 11.525842, 3.868189 ], [ 11.525908, 3.868422 ], [ 11.526077, 3.868468 ], [ 11.526276, 3.868237 ], [ 11.526355, 3.86852 ], [ 11.526907, 3.868621 ], [ 11.527525, 3.869407 ], [ 11.530314, 3.872175 ], [ 11.530954, 3.872636 ], [ 11.531426, 3.872698 ], [ 11.532441, 3.874242 ], [ 11.532514, 3.874544 ], [ 11.53321, 3.874942 ], [ 11.53359, 3.875483 ], [ 11.534884, 3.876586 ], [ 11.534974, 3.877224 ], [ 11.535497, 3.878113 ], [ 11.535713, 3.878258 ], [ 11.535835, 3.878646 ], [ 11.535439, 3.878742 ], [ 11.535486, 3.879291 ], [ 11.535177, 3.879623 ], [ 11.534066, 3.880307 ], [ 11.533548, 3.880491 ], [ 11.532616, 3.880639 ], [ 11.532421, 3.880567 ], [ 11.532454, 3.880408 ], [ 11.532149, 3.880424 ], [ 11.53208, 3.879615 ], [ 11.531666, 3.87848 ], [ 11.530475, 3.876865 ], [ 11.528797, 3.875602 ], [ 11.52834, 3.875145 ], [ 11.527972, 3.874541 ], [ 11.526046, 3.870208 ], [ 11.525884, 3.869668 ] ] ] } },
{ "type": "Feature", "properties": { "nom": "Centre Commercial", "arrondissement": "Yaoundé I" }, "geometry": { "type": "Polygon", "coordinates": [ [ [ 11.513215, 3.866431 ], [ 11.515332, 3.866137 ], [ 11.515676, 3.865713 ], [ 11.520489, 3.861428 ], [ 11.521046, 3.861748 ], [ 11.522916, 3.863511 ], [ 11.523881, 3.863638 ], [ 11.524135, 3.863833 ], [ 11.525074, 3.866044 ], [ 11.525334, 3.866121 ], [ 11.525646, 3.866706 ], [ 11.525921, 3.869834 ], [ 11.527428, 3.873219 ], [ 11.526774, 3.873073 ], [ 11.525872, 3.872079 ], [ 11.524112, 3.871517 ], [ 11.524074, 3.873215 ], [ 11.523064, 3.873284 ], [ 11.522481, 3.873689 ], [ 11.522214, 3.874709 ], [ 11.52013, 3.877334 ], [ 11.519528, 3.8786 ], [ 11.518768, 3.879606 ], [ 11.516842, 3.880662 ], [ 11.516448, 3.881219 ], [ 11.515751, 3.881407 ], [ 11.515112, 3.881148 ], [ 11.514539, 3.878304 ], [ 11.514375, 3.878072 ], [ 11.514132, 3.878055 ], [ 11.513606, 3.875119 ], [ 11.513709, 3.87478 ], [ 11.513544, 3.874502 ], [ 11.514676, 3.871515 ], [ 11.514741, 3.870369 ], [ 11.514603, 3.869935 ], [ 11.513904, 3.869015 ], [ 11.51363, 3.867671 ], [ 11.513215, 3.866431 ] ] ] } },
{ "type": "Feature", "properties": { "nom": "Nkolmesseng", "arrondissement": "Yaoundé V" }, "geometry": { "type": "Polygon", "coordinates": [ [ [ 11.551018, 3.87917 ], [ 11.551692, 3.878704 ], [ 11.551968, 3.878652 ], [ 11.55204, 3.878491 ], [ 11.553489, 3.87801 ], [ 11.554046, 3.877269 ], [ 11.555105, 3.877106 ], [ 11.555314, 3.876825 ], [ 11.555266, 3.876591 ], [ 11.555658, 3.876467 ], [ 11.555935, 3.876105 ], [ 11.556109, 3.876321 ], [ 11.556554, 3.876291 ], [ 11.556905, 3.876501 ], [ 11.557321, 3.87646 ], [ 11.557375, 3.876325 ], [ 11.557775, 3.876188 ], [ 11.557927, 3.87643 ], [ 11.558265, 3.876525 ], [ 11.559106, 3.87653 ], [ 11.559256, 3.876724 ], [ 11.559496, 3.876719 ], [ 11.55975, 3.877074 ], [ 11.560055, 3.876954 ], [ 11.560541, 3.876301 ], [ 11.561089, 3.876107 ], [ 11.561238, 3.875908 ], [ 11.562029, 3.875909 ], [ 11.562616, 3.875607 ], [ 11.562975, 3.875664 ], [ 11.56308, 3.876055 ], [ 11.563787, 3.876158 ], [ 11.564238, 3.876389 ], [ 11.565115, 3.877169 ], [ 11.565746, 3.877102 ], [ 11.56627, 3.876662 ], [ 11.56632, 3.876488 ], [ 11.567917, 3.875771 ], [ 11.568263, 3.875981 ], [ 11.569155, 3.876065 ], [ 11.569216, 3.87628 ], [ 11.56988, 3.876412 ], [ 11.56999, 3.87657 ], [ 11.56996, 3.876877 ], [ 11.570153, 3.876954 ], [ 11.570276, 3.877298 ], [ 11.570446, 3.878116 ], [ 11.570415, 3.878605 ], [ 11.570551, 3.878774 ], [ 11.570379, 3.879752 ], [ 11.57042, 3.8799 ], [ 11.570769, 3.87998 ], [ 11.570513, 3.880918 ], [ 11.570827, 3.88128 ], [ 11.571015, 3.882142 ], [ 11.571456, 3.882615 ], [ 11.571474, 3.883871 ], [ 11.571622, 3.884376 ], [ 11.571871, 3.884586 ], [ 11.57166, 3.885945 ], [ 11.572081, 3.886952 ], [ 11.571957, 3.887259 ], [ 11.571654, 3.88722 ], [ 11.571438, 3.887485 ], [ 11.571557, 3.8878 ], [ 11.571454, 3.888074 ], [ 11.571728, 3.888352 ], [ 11.571693, 3.88868 ], [ 11.571335, 3.889047 ], [ 11.57078, 3.889337 ], [ 11.570892, 3.890267 ], [ 11.570767, 3.890576 ], [ 11.570244, 3.890964 ], [ 11.569907, 3.891725 ], [ 11.569749, 3.893005 ], [ 11.569912, 3.893372 ], [ 11.569825, 3.89401 ], [ 11.570169, 3.894533 ], [ 11.570111, 3.894712 ], [ 11.569745, 3.894957 ], [ 11.5699, 3.895405 ], [ 11.569575, 3.896555 ], [ 11.569861, 3.897064 ], [ 11.569633, 3.898092 ], [ 11.569193, 3.898285 ], [ 11.568019, 3.897818 ], [ 11.566669, 3.89671 ], [ 11.566051, 3.895476 ], [ 11.56563, 3.895169 ], [ 11.564466, 3.895363 ], [ 11.563359, 3.895225 ], [ 11.562584, 3.895615 ], [ 11.561821, 3.895565 ], [ 11.561432, 3.895771 ], [ 11.561019, 3.895708 ], [ 11.560809, 3.89581 ], [ 11.560459, 3.895746 ], [ 11.560144, 3.895495 ], [ 11.559731, 3.895554 ], [ 11.559237, 3.895392 ], [ 11.558588, 3.895569 ], [ 11.558255, 3.895351 ], [ 11.558018, 3.895515 ], [ 11.55776, 3.895387 ], [ 11.55752, 3.895476 ], [ 11.556255, 3.89459 ], [ 11.555768, 3.893671 ], [ 11.555441, 3.893559 ], [ 11.555093, 3.89272 ], [ 11.555151, 3.892017 ], [ 11.55534, 3.891608 ], [ 11.555233, 3.890532 ], [ 11.554925, 3.890609 ], [ 11.554465, 3.89015 ], [ 11.554287, 3.889442 ], [ 11.554412, 3.889127 ], [ 11.553862, 3.888318 ], [ 11.554241, 3.887976 ], [ 11.554472, 3.88693 ], [ 11.554772, 3.886392 ], [ 11.554476, 3.885506 ], [ 11.554512, 3.88478 ], [ 11.55429, 3.883222 ], [ 11.554866, 3.881986 ], [ 11.554681, 3.881271 ], [ 11.55438, 3.881083 ], [ 11.554791, 3.880289 ], [ 11.554651, 3.879773 ], [ 11.55299, 3.879685 ], [ 11.55139, 3.879807 ], [ 11.551018, 3.87917 ] ] ] } },
{ "type": "Feature", "properties": { "nom": "Nkomo", "arrondissement": "Yaoundé IV" }, "geometry": { "type": "Polygon", "coordinates": [ [ [ 11.545952, 3.845227 ], [ 11.546079, 3.844676 ], [ 11.546571, 3.844251 ], [ 11.546813, 3.843666 ], [ 11.546978, 3.842942 ], [ 11.546888, 3.841965 ], [ 11.54723, 3.841449 ], [ 11.547939, 3.840803 ], [ 11.548058, 3.840075 ], [ 11.550529, 3.840237 ], [ 11.550612, 3.841318 ], [ 11.551197, 3.84105 ], [ 11.55122, 3.840172 ], [ 11.554332, 3.840349 ], [ 11.555862, 3.838615 ], [ 11.556612, 3.839223 ], [ 11.557323, 3.838494 ], [ 11.55817, 3.838017 ], [ 11.557811, 3.837388 ], [ 11.557817, 3.836769 ], [ 11.557336, 3.835955 ], [ 11.557298, 3.835446 ], [ 11.557623, 3.834769 ], [ 11.55746, 3.834107 ], [ 11.558037, 3.832937 ], [ 11.558115, 3.832271 ], [ 11.558514, 3.831848 ], [ 11.558406, 3.831134 ], [ 11.55895, 3.831086 ], [ 11.559055, 3.831177 ], [ 11.559004, 3.831348 ], [ 11.559438, 3.83172 ], [ 11.560391, 3.832076 ], [ 11.560664, 3.832071 ], [ 11.561284, 3.831581 ], [ 11.561973, 3.831699 ], [ 11.562183, 3.831902 ], [ 11.56255, 3.831812 ], [ 11.563016, 3.832208 ], [ 11.56447, 3.832243 ], [ 11.565213, 3.832906 ], [ 11.565401, 3.833171 ], [ 11.565506, 3.833712 ], [ 11.565637, 3.833883 ], [ 11.565935, 3.833902 ], [ 11.566155, 3.834068 ], [ 11.566501, 3.834785 ], [ 11.567477, 3.835946 ], [ 11.567772, 3.836861 ], [ 11.567654, 3.837595 ], [ 11.567879, 3.837894 ], [ 11.567997, 3.83836 ], [ 11.567981, 3.839325 ], [ 11.567804, 3.839597 ], [ 11.567735, 3.840255 ], [ 11.567509, 3.84078 ], [ 11.567616, 3.842324 ], [ 11.567769, 3.84272 ], [ 11.567507, 3.843255 ], [ 11.567665, 3.843314 ], [ 11.56769, 3.843627 ], [ 11.566932, 3.843914 ], [ 11.566393, 3.843854 ], [ 11.565479, 3.844506 ], [ 11.565573, 3.844676 ], [ 11.565141, 3.84511 ], [ 11.563556, 3.845852 ], [ 11.562233, 3.846059 ], [ 11.561679, 3.846445 ], [ 11.561375, 3.846255 ], [ 11.560281, 3.846635 ], [ 11.559826, 3.846951 ], [ 11.559433, 3.846993 ], [ 11.559278, 3.846769 ], [ 11.558447, 3.846537 ], [ 11.557979, 3.846993 ], [ 11.557396, 3.846975 ], [ 11.554754, 3.847352 ], [ 11.553606, 3.847705 ], [ 11.553745, 3.848069 ], [ 11.553296, 3.848256 ], [ 11.552938, 3.848601 ], [ 11.551716, 3.848744 ], [ 11.549998, 3.847327 ], [ 11.550034, 3.846641 ], [ 11.549717, 3.846452 ], [ 11.549243, 3.845862 ], [ 11.548132, 3.845106 ], [ 11.547443, 3.845397 ], [ 11.547158, 3.844939 ], [ 11.546592, 3.845237 ], [ 11.545952, 3.845227 ] ] ] } },
{ "type": "Feature", "properties": { "nom": "Mendong", "arrondissement": "Yaoundé VI" }, "geometry": { "type": "Polygon", "coordinates": [ [ [ 11.462039, 3.83305 ], [ 11.462789, 3.832474 ], [ 11.463124, 3.831413 ], [ 11.462627, 3.830395 ], [ 11.462654, 3.828432 ], [ 11.463447, 3.828443 ], [ 11.463757, 3.828614 ], [ 11.464035, 3.829094 ], [ 11.465004, 3.829023 ], [ 11.465623, 3.829165 ], [ 11.467377, 3.83035 ], [ 11.467713, 3.830269 ], [ 11.469181, 3.828355 ], [ 11.470116, 3.827989 ], [ 11.470102, 3.827409 ], [ 11.47087, 3.827553 ], [ 11.472063, 3.823911 ], [ 11.474323, 3.824869 ], [ 11.475948, 3.825349 ], [ 11.476066, 3.824927 ], [ 11.47573, 3.824684 ], [ 11.475957, 3.824356 ], [ 11.482534, 3.831539 ], [ 11.482225, 3.831949 ], [ 11.481808, 3.832158 ], [ 11.481903, 3.832439 ], [ 11.481813, 3.833048 ], [ 11.482063, 3.833787 ], [ 11.482095, 3.834471 ], [ 11.481951, 3.834659 ], [ 11.482023, 3.834859 ], [ 11.481616, 3.835379 ], [ 11.481481, 3.835889 ], [ 11.480906, 3.836805 ], [ 11.480245, 3.837327 ], [ 11.480204, 3.837664 ], [ 11.479121, 3.83959 ], [ 11.478918, 3.839701 ], [ 11.47883, 3.839504 ], [ 11.478058, 3.839813 ], [ 11.477259, 3.840848 ], [ 11.47741, 3.841002 ], [ 11.477179, 3.841924 ], [ 11.477258, 3.842127 ], [ 11.477611, 3.842535 ], [ 11.478459, 3.843087 ], [ 11.478735, 3.843469 ], [ 11.478902, 3.844069 ], [ 11.478938, 3.844922 ], [ 11.476506, 3.845348 ], [ 11.47636, 3.844984 ], [ 11.475983, 3.845056 ], [ 11.475695, 3.844898 ], [ 11.47546, 3.845196 ], [ 11.474873, 3.844695 ], [ 11.47465, 3.844789 ], [ 11.473669, 3.844458 ], [ 11.473235, 3.844142 ], [ 11.472756, 3.843511 ], [ 11.471626, 3.843627 ], [ 11.470156, 3.84323 ], [ 11.468961, 3.844174 ], [ 11.468812, 3.843729 ], [ 11.467464, 3.843517 ], [ 11.465848, 3.842466 ], [ 11.465185, 3.84306 ], [ 11.464884, 3.842225 ], [ 11.465955, 3.840947 ], [ 11.467019, 3.840095 ], [ 11.467667, 3.837595 ], [ 11.467437, 3.837513 ], [ 11.467051, 3.837859 ], [ 11.466754, 3.837398 ], [ 11.465497, 3.837679 ], [ 11.465122, 3.837557 ], [ 11.465431, 3.836811 ], [ 11.465117, 3.836412 ], [ 11.464906, 3.836575 ], [ 11.46448, 3.83629 ], [ 11.463425, 3.834628 ], [ 11.463492, 3.83452 ], [ 11.462792, 3.834107 ], [ 11.462039, 3.83305 ] ] ] } },
{ "type": "Feature", "properties": { "nom": "Biyem-Assi", "arrondissement": "Yaoundé VI" }, "geometry": { "type": "Polygon", "coordinates": [ [ [ 11.477179, 3.841924 ], [ 11.47741, 3.841002 ], [ 11.477259, 3.840848 ], [ 11.477346, 3.840693 ], [ 11.478058, 3.839813 ], [ 11.47883, 3.839504 ], [ 11.478918, 3.839701 ], [ 11.479121, 3.83959 ], [ 11.480204, 3.837664 ], [ 11.480245, 3.837327 ], [ 11.480906, 3.836805 ], [ 11.481481, 3.835889 ], [ 11.481616, 3.835379 ], [ 11.482023, 3.834859 ], [ 11.482063, 3.833787 ], [ 11.481813, 3.833048 ], [ 11.481903, 3.83246 ], [ 11.481819, 3.832138 ], [ 11.482225, 3.831949 ], [ 11.48266, 3.831445 ], [ 11.483516, 3.831153 ], [ 11.483957, 3.830601 ], [ 11.48422, 3.830031 ], [ 11.485153, 3.829022 ], [ 11.485157, 3.828701 ], [ 11.4861, 3.830049 ], [ 11.485845, 3.830595 ], [ 11.485947, 3.831493 ], [ 11.486244, 3.83146 ], [ 11.486655, 3.831634 ], [ 11.486773, 3.832362 ], [ 11.487707, 3.833188 ], [ 11.487916, 3.833623 ], [ 11.488161, 3.833831 ], [ 11.488163, 3.834062 ], [ 11.48852, 3.834441 ], [ 11.489181, 3.834631 ], [ 11.489624, 3.834911 ], [ 11.489997, 3.835431 ], [ 11.490232, 3.836147 ], [ 11.490498, 3.836267 ], [ 11.490739, 3.837328 ], [ 11.491068, 3.838119 ], [ 11.490941, 3.839391 ], [ 11.490765, 3.839778 ], [ 11.491801, 3.840027 ], [ 11.495514, 3.83997 ], [ 11.495052, 3.84262 ], [ 11.494628, 3.842643 ], [ 11.494342, 3.843332 ], [ 11.49567, 3.844035 ], [ 11.496325, 3.845002 ], [ 11.494634, 3.846253 ], [ 11.493137, 3.845872 ], [ 11.492696, 3.845409 ], [ 11.489061, 3.849465 ], [ 11.488943, 3.849348 ], [ 11.487002, 3.850965 ], [ 11.48608, 3.85151 ], [ 11.485062, 3.851899 ], [ 11.484672, 3.850959 ], [ 11.484377, 3.850684 ], [ 11.48447, 3.850167 ], [ 11.483947, 3.849029 ], [ 11.484394, 3.848947 ], [ 11.484421, 3.847835 ], [ 11.484641, 3.846839 ], [ 11.484593, 3.845717 ], [ 11.484042, 3.845329 ], [ 11.483256, 3.845162 ], [ 11.483271, 3.844944 ], [ 11.482262, 3.844761 ], [ 11.481476, 3.844768 ], [ 11.481397, 3.845176 ], [ 11.481037, 3.844908 ], [ 11.480721, 3.845243 ], [ 11.480446, 3.845068 ], [ 11.480165, 3.845299 ], [ 11.479953, 3.845172 ], [ 11.47985, 3.844581 ], [ 11.479478, 3.844731 ], [ 11.479253, 3.845046 ], [ 11.479071, 3.845022 ], [ 11.478938, 3.844922 ], [ 11.478902, 3.844069 ], [ 11.478735, 3.843469 ], [ 11.478459, 3.843087 ], [ 11.477376, 3.842339 ], [ 11.477179, 3.841924 ] ] ] } },
{ "type": "Feature", "properties": { "nom": "Mvan", "arrondissement": "Yaoundé IV" }, "geometry": { "type": "Polygon", "coordinates": [ [ [ 11.508482, 3.811193 ], [ 11.509286, 3.809738 ], [ 11.509609, 3.809484 ], [ 11.510712, 3.809088 ], [ 11.511175, 3.807211 ], [ 11.511469, 3.807937 ], [ 11.512223, 3.808574 ], [ 11.512304, 3.809039 ], [ 11.51202, 3.809607 ], [ 11.511998, 3.810351 ], [ 11.512325, 3.811812 ], [ 11.512776, 3.812497 ], [ 11.513028, 3.813161 ], [ 11.515163, 3.815794 ], [ 11.517706, 3.818101 ], [ 11.518248, 3.818422 ], [ 11.520434, 3.822501 ], [ 11.522019, 3.823684 ], [ 11.52251, 3.823836 ], [ 11.524621, 3.826154 ], [ 11.526324, 3.830939 ], [ 11.526385, 3.831664 ], [ 11.526192, 3.831913 ], [ 11.526547, 3.832968 ], [ 11.526909, 3.833163 ], [ 11.527045, 3.833476 ], [ 11.527373, 3.833685 ], [ 11.52452, 3.835986 ], [ 11.523338, 3.837942 ], [ 11.521639, 3.837458 ], [ 11.520808, 3.836261 ], [ 11.519369, 3.83641 ], [ 11.518259, 3.836786 ], [ 11.518868, 3.835739 ], [ 11.519082, 3.834783 ], [ 11.518856, 3.830883 ], [ 11.515711, 3.831105 ], [ 11.515655, 3.830873 ], [ 11.51482, 3.830067 ], [ 11.512588, 3.830076 ], [ 11.512244, 3.829897 ], [ 11.511983, 3.829551 ], [ 11.511935, 3.828848 ], [ 11.512996, 3.827146 ], [ 11.513039, 3.826572 ], [ 11.511501, 3.824541 ], [ 11.511394, 3.824107 ], [ 11.512878, 3.821083 ], [ 11.51291, 3.820031 ], [ 11.5118, 3.81764 ], [ 11.510856, 3.815217 ], [ 11.509828, 3.814803 ], [ 11.509497, 3.814356 ], [ 11.509349, 3.81349 ], [ 11.508548, 3.812115 ], [ 11.508482, 3.811193 ] ] ] } },
{ "type": "Feature", "properties": { "nom": "Odza", "arrondissement": "Yaoundé IV" }, "geometry": { "type": "Polygon", "coordinates": [ [ [ 11.509235, 3.803128 ], [ 11.509182, 3.802176 ], [ 11.50988, 3.802376 ], [ 11.510794, 3.802961 ], [ 11.511653, 3.803867 ], [ 11.512177, 3.80303 ], [ 11.513012, 3.803601 ], [ 11.514857, 3.804324 ], [ 11.515383, 3.804848 ], [ 11.515571, 3.805887 ], [ 11.515898, 3.806331 ], [ 11.516874, 3.806299 ], [ 11.517401, 3.806124 ], [ 11.5178, 3.804653 ], [ 11.518419, 3.803094 ], [ 11.518709, 3.802664 ], [ 11.518873, 3.801568 ], [ 11.519361, 3.800701 ], [ 11.519566, 3.800626 ], [ 11.519837, 3.80025 ], [ 11.519993, 3.799471 ], [ 11.521125, 3.797943 ], [ 11.522057, 3.797419 ], [ 11.522241, 3.797639 ], [ 11.522534, 3.791877 ], [ 11.523909, 3.789029 ], [ 11.521943, 3.787917 ], [ 11.521501, 3.787465 ], [ 11.519792, 3.784292 ], [ 11.519199, 3.783608 ], [ 11.517245, 3.782185 ], [ 11.516296, 3.780226 ], [ 11.517447, 3.778625 ], [ 11.518401, 3.779176 ], [ 11.519055, 3.779142 ], [ 11.519727, 3.778895 ], [ 11.520259, 3.779765 ], [ 11.521201, 3.780541 ], [ 11.522177, 3.7808 ], [ 11.523712, 3.780974 ], [ 11.523523, 3.780605 ], [ 11.523592, 3.780273 ], [ 11.523886, 3.779717 ], [ 11.524181, 3.779482 ], [ 11.525061, 3.778973 ], [ 11.526117, 3.778593 ], [ 11.526447, 3.777943 ], [ 11.526868, 3.777584 ], [ 11.52799, 3.777442 ], [ 11.528427, 3.777235 ], [ 11.528016, 3.776492 ], [ 11.527729, 3.775489 ], [ 11.529207, 3.774449 ], [ 11.53018, 3.774563 ], [ 11.530296, 3.775561 ], [ 11.53067, 3.776007 ], [ 11.53076, 3.776417 ], [ 11.531175, 3.777076 ], [ 11.530783, 3.777458 ], [ 11.530889, 3.777887 ], [ 11.530723, 3.778695 ], [ 11.531017, 3.779166 ], [ 11.531283, 3.780186 ], [ 11.531252, 3.781251 ], [ 11.531382, 3.782164 ], [ 11.531174, 3.782678 ], [ 11.531714, 3.783698 ], [ 11.531707, 3.784403 ], [ 11.531947, 3.784741 ], [ 11.531915, 3.785513 ], [ 11.532274, 3.785778 ], [ 11.532533, 3.786301 ], [ 11.534219, 3.787193 ], [ 11.53436, 3.787466 ], [ 11.534657, 3.787623 ], [ 11.534786, 3.788262 ], [ 11.535455, 3.789534 ], [ 11.535382, 3.790634 ], [ 11.53579, 3.792056 ], [ 11.535758, 3.793303 ], [ 11.536299, 3.79409 ], [ 11.536126, 3.795341 ], [ 11.536483, 3.795726 ], [ 11.537044, 3.795952 ], [ 11.537159, 3.796197 ], [ 11.536953, 3.796621 ], [ 11.536661, 3.796804 ], [ 11.53665, 3.796993 ], [ 11.537448, 3.798263 ], [ 11.537741, 3.799224 ], [ 11.537735, 3.799733 ], [ 11.537973, 3.800216 ], [ 11.537781, 3.800683 ], [ 11.537777, 3.802452 ], [ 11.538523, 3.802878 ], [ 11.539093, 3.802725 ], [ 11.539181, 3.803124 ], [ 11.539768, 3.804007 ], [ 11.53998, 3.804818 ], [ 11.541238, 3.806268 ], [ 11.541778, 3.80769 ], [ 11.541996, 3.807812 ], [ 11.542104, 3.808243 ], [ 11.542259, 3.808225 ], [ 11.542147, 3.808535 ], [ 11.542607, 3.808763 ], [ 11.542524, 3.809281 ], [ 11.542951, 3.810056 ], [ 11.54301, 3.811056 ], [ 11.543284, 3.81185 ], [ 11.543734, 3.812147 ], [ 11.544116, 3.811938 ], [ 11.544216, 3.81315 ], [ 11.542939, 3.813462 ], [ 11.541891, 3.814132 ], [ 11.540731, 3.814074 ], [ 11.540262, 3.81444 ], [ 11.539959, 3.814391 ], [ 11.539729, 3.814498 ], [ 11.539524, 3.814214 ], [ 11.53899, 3.814488 ], [ 11.537318, 3.814356 ], [ 11.537101, 3.814483 ], [ 11.537071, 3.814706 ], [ 11.536614, 3.814837 ], [ 11.535842, 3.814775 ], [ 11.53533, 3.814567 ], [ 11.534241, 3.814551 ], [ 11.533798, 3.814628 ], [ 11.533445, 3.814881 ], [ 11.533004, 3.814786 ], [ 11.531973, 3.814923 ], [ 11.531196, 3.814343 ], [ 11.530506, 3.814227 ], [ 11.529948, 3.814323 ], [ 11.529967, 3.814594 ], [ 11.529029, 3.815137 ], [ 11.52869, 3.815663 ], [ 11.528233, 3.81573 ], [ 11.528552, 3.81654 ], [ 11.52728, 3.817408 ], [ 11.525982, 3.816221 ], [ 11.523936, 3.817991 ], [ 11.523669, 3.818259 ], [ 11.52226, 3.82091 ], [ 11.521295, 3.822275 ], [ 11.520768, 3.822774 ], [ 11.520198, 3.822209 ], [ 11.519573, 3.820791 ], [ 11.518248, 3.818422 ], [ 11.517706, 3.818101 ], [ 11.515163, 3.815794 ], [ 11.513028, 3.813161 ], [ 11.512776, 3.812497 ], [ 11.512325, 3.811812 ], [ 11.511998, 3.810351 ], [ 11.51202, 3.809607 ], [ 11.512304, 3.809039 ], [ 11.512223, 3.808574 ], [ 11.511469, 3.807937 ], [ 11.511037, 3.806786 ], [ 11.509235, 3.803128 ] ] ] } },
{ "type": "Feature", "properties": { "nom": "Ahala", "arrondissement": "Yaoundé III" }, "geometry": { "type": "Polygon", "coordinates": [ [ [ 11.48236, 3.799136 ], [ 11.482646, 3.798631 ], [ 11.482617, 3.797692 ], [ 11.48318, 3.797491 ], [ 11.483441, 3.796431 ], [ 11.484267, 3.79547 ], [ 11.48428, 3.794156 ], [ 11.484186, 3.792967 ], [ 11.483991, 3.792286 ], [ 11.483991, 3.790867 ], [ 11.483677, 3.790455 ], [ 11.483808, 3.789168 ], [ 11.484042, 3.787468 ], [ 11.484416, 3.787464 ], [ 11.484768, 3.78719 ], [ 11.485348, 3.785927 ], [ 11.485514, 3.785076 ], [ 11.485477, 3.784398 ], [ 11.485647, 3.784172 ], [ 11.486745, 3.785664 ], [ 11.48785, 3.786521 ], [ 11.488565, 3.787435 ], [ 11.48925, 3.789087 ], [ 11.489563, 3.789439 ], [ 11.489508, 3.790123 ], [ 11.489594, 3.790289 ], [ 11.489803, 3.790324 ], [ 11.490077, 3.791084 ], [ 11.490569, 3.791674 ], [ 11.491962, 3.791351 ], [ 11.491962, 3.790663 ], [ 11.492358, 3.789989 ], [ 11.494568, 3.789074 ], [ 11.495214, 3.789027 ], [ 11.495759, 3.789163 ], [ 11.496039, 3.788999 ], [ 11.496695, 3.789139 ], [ 11.496777, 3.78934 ], [ 11.497621, 3.789869 ], [ 11.498008, 3.790321 ], [ 11.498335, 3.791065 ], [ 11.498625, 3.791269 ], [ 11.498963, 3.791793 ], [ 11.499365, 3.79284 ], [ 11.499647, 3.793011 ], [ 11.501401, 3.793265 ], [ 11.501988, 3.793565 ], [ 11.503072, 3.79372 ], [ 11.509197, 3.80131 ], [ 11.509282, 3.80152 ], [ 11.509153, 3.802921 ], [ 11.511175, 3.807211 ], [ 11.510712, 3.809088 ], [ 11.509609, 3.809484 ], [ 11.509286, 3.809738 ], [ 11.508482, 3.811193 ], [ 11.508548, 3.812115 ], [ 11.509349, 3.81349 ], [ 11.509497, 3.814356 ], [ 11.509733, 3.814716 ], [ 11.510063, 3.814882 ], [ 11.508068, 3.82304 ], [ 11.507702, 3.822948 ], [ 11.507363, 3.822395 ], [ 11.506566, 3.821754 ], [ 11.506275, 3.821055 ], [ 11.505944, 3.820886 ], [ 11.504945, 3.821118 ], [ 11.504612, 3.82094 ], [ 11.504209, 3.820291 ], [ 11.503563, 3.819998 ], [ 11.503465, 3.819635 ], [ 11.502506, 3.818618 ], [ 11.501768, 3.818045 ], [ 11.501501, 3.817611 ], [ 11.500574, 3.817042 ], [ 11.500476, 3.816813 ], [ 11.50005, 3.816617 ], [ 11.499985, 3.816397 ], [ 11.499548, 3.816253 ], [ 11.498671, 3.815365 ], [ 11.498308, 3.815301 ], [ 11.496099, 3.813464 ], [ 11.495781, 3.813073 ], [ 11.49549, 3.812411 ], [ 11.495516, 3.811868 ], [ 11.495099, 3.810715 ], [ 11.494723, 3.810154 ], [ 11.494368, 3.80988 ], [ 11.494255, 3.809573 ], [ 11.494066, 3.808374 ], [ 11.493763, 3.807983 ], [ 11.493506, 3.807037 ], [ 11.493507, 3.806403 ], [ 11.493689, 3.806133 ], [ 11.493582, 3.805433 ], [ 11.492924, 3.80465 ], [ 11.492774, 3.804098 ], [ 11.492468, 3.803751 ], [ 11.492303, 3.802755 ], [ 11.492402, 3.802381 ], [ 11.490404, 3.803553 ], [ 11.489746, 3.804104 ], [ 11.489171, 3.804194 ], [ 11.488402, 3.803961 ], [ 11.487974, 3.804117 ], [ 11.48236, 3.799136 ] ] ] } },
{ "type": "Feature", "properties": { "nom": "Messame-Ndongo", "arrondissement": "Yaoundé IV" }, "geometry": { "type": "Polygon", "coordinates": [ [ [ 11.491713, 3.78092 ], [ 11.491888, 3.780847 ], [ 11.492494, 3.782023 ], [ 11.496786, 3.780588 ], [ 11.498496, 3.779528 ], [ 11.499039, 3.779554 ], [ 11.500999, 3.780032 ], [ 11.502574, 3.779937 ], [ 11.505667, 3.780928 ], [ 11.506512, 3.781006 ], [ 11.508477, 3.783644 ], [ 11.510045, 3.783688 ], [ 11.510852, 3.783875 ], [ 11.51115, 3.785127 ], [ 11.511074, 3.785699 ], [ 11.511627, 3.785798 ], [ 11.511898, 3.78577 ], [ 11.514509, 3.782735 ], [ 11.516693, 3.780954 ], [ 11.517245, 3.782185 ], [ 11.519199, 3.783608 ], [ 11.519792, 3.784292 ], [ 11.521501, 3.787465 ], [ 11.521943, 3.787917 ], [ 11.523909, 3.789029 ], [ 11.522534, 3.791877 ], [ 11.522241, 3.797639 ], [ 11.522057, 3.797419 ], [ 11.521125, 3.797943 ], [ 11.519993, 3.799471 ], [ 11.519837, 3.80025 ], [ 11.519566, 3.800626 ], [ 11.519361, 3.800701 ], [ 11.518873, 3.801568 ], [ 11.518709, 3.802664 ], [ 11.518419, 3.803094 ], [ 11.5178, 3.804653 ], [ 11.517401, 3.806124 ], [ 11.516874, 3.806299 ], [ 11.515898, 3.806331 ], [ 11.515571, 3.805887 ], [ 11.515383, 3.804848 ], [ 11.514857, 3.804324 ], [ 11.513012, 3.803601 ], [ 11.512177, 3.80303 ], [ 11.511653, 3.803867 ], [ 11.510621, 3.80282 ], [ 11.50988, 3.802376 ], [ 11.509182, 3.802176 ], [ 11.509282, 3.80152 ], [ 11.509197, 3.80131 ], [ 11.503072, 3.79372 ], [ 11.501988, 3.793565 ], [ 11.501401, 3.793265 ], [ 11.499647, 3.793011 ], [ 11.499365, 3.79284 ], [ 11.498963, 3.791793 ], [ 11.498625, 3.791269 ], [ 11.498335, 3.791065 ], [ 11.498008, 3.790321 ], [ 11.497621, 3.789869 ], [ 11.496777, 3.78934 ], [ 11.496695, 3.789139 ], [ 11.496308, 3.789134 ], [ 11.495939, 3.788454 ], [ 11.495567, 3.788413 ], [ 11.495214, 3.788159 ], [ 11.494822, 3.787329 ], [ 11.494321, 3.786844 ], [ 11.493886, 3.786683 ], [ 11.493639, 3.786796 ], [ 11.493227, 3.786708 ], [ 11.493209, 3.785156 ], [ 11.49292, 3.784343 ], [ 11.492846, 3.783109 ], [ 11.491766, 3.782073 ], [ 11.491841, 3.78129 ], [ 11.491713, 3.78092 ] ] ] } },
{ "type": "Feature", "properties": { "nom": "Biteng", "arrondissement": "Yaoundé IV" }, "geometry": { "type": "Polygon", "coordinates": [ [ [ 11.550992, 3.850421 ], [ 11.551716, 3.848744 ], [ 11.552938, 3.848601 ], [ 11.553296, 3.848256 ], [ 11.553745, 3.848069 ], [ 11.553606, 3.847705 ], [ 11.555287, 3.84726 ], [ 11.557979, 3.846993 ], [ 11.558447, 3.846537 ], [ 11.559278, 3.846769 ], [ 11.559543, 3.846992 ], [ 11.561375, 3.846255 ], [ 11.561679, 3.846445 ], [ 11.562233, 3.846059 ], [ 11.563379, 3.845923 ], [ 11.564952, 3.845222 ], [ 11.565573, 3.844676 ], [ 11.565479, 3.844506 ], [ 11.566481, 3.843826 ], [ 11.566932, 3.843914 ], [ 11.56769, 3.843627 ], [ 11.567831, 3.84443 ], [ 11.567697, 3.846148 ], [ 11.568437, 3.846948 ], [ 11.568787, 3.846921 ], [ 11.569019, 3.847174 ], [ 11.568947, 3.847568 ], [ 11.569084, 3.848803 ], [ 11.568617, 3.84941 ], [ 11.568735, 3.850063 ], [ 11.568574, 3.850352 ], [ 11.568665, 3.850822 ], [ 11.568179, 3.851627 ], [ 11.568141, 3.852779 ], [ 11.567253, 3.853209 ], [ 11.567172, 3.85352 ], [ 11.566933, 3.853733 ], [ 11.566231, 3.853798 ], [ 11.565917, 3.854853 ], [ 11.565976, 3.855063 ], [ 11.565582, 3.855431 ], [ 11.565415, 3.855835 ], [ 11.564972, 3.855791 ], [ 11.564251, 3.855481 ], [ 11.563386, 3.855559 ], [ 11.563054, 3.855463 ], [ 11.562993, 3.855309 ], [ 11.562541, 3.855296 ], [ 11.561914, 3.854935 ], [ 11.561247, 3.854885 ], [ 11.560732, 3.854666 ], [ 11.560334, 3.854835 ], [ 11.559162, 3.85472 ], [ 11.558336, 3.855033 ], [ 11.557765, 3.854746 ], [ 11.557513, 3.854358 ], [ 11.554296, 3.853659 ], [ 11.552999, 3.852775 ], [ 11.55271, 3.852363 ], [ 11.552133, 3.852102 ], [ 11.551705, 3.851724 ], [ 11.550992, 3.850421 ] ] ] } },
{ "type": "Feature", "properties": { "nom": "Mimboman", "arrondissement": "Yaoundé IV" }, "geometry": { "type": "Polygon", "coordinates": [ [ [ 11.535225, 3.865941 ], [ 11.535082, 3.86526 ], [ 11.535699, 3.865374 ], [ 11.537519, 3.866325 ], [ 11.539108, 3.866735 ], [ 11.539929, 3.866746 ], [ 11.542084, 3.865611 ], [ 11.543969, 3.864005 ], [ 11.544844, 3.863723 ], [ 11.545896, 3.863621 ], [ 11.545758, 3.863199 ], [ 11.544909, 3.861984 ], [ 11.544699, 3.861349 ], [ 11.546598, 3.860982 ], [ 11.547678, 3.860957 ], [ 11.547623, 3.861687 ], [ 11.548247, 3.862777 ], [ 11.549555, 3.862024 ], [ 11.550213, 3.861172 ], [ 11.550627, 3.861269 ], [ 11.552337, 3.860692 ], [ 11.551982, 3.859678 ], [ 11.552334, 3.859259 ], [ 11.552429, 3.858707 ], [ 11.552954, 3.857556 ], [ 11.553901, 3.856289 ], [ 11.553947, 3.855472 ], [ 11.554329, 3.855015 ], [ 11.554567, 3.854428 ], [ 11.555162, 3.853855 ], [ 11.557513, 3.854358 ], [ 11.557765, 3.854746 ], [ 11.558336, 3.855033 ], [ 11.559162, 3.85472 ], [ 11.560334, 3.854835 ], [ 11.560732, 3.854666 ], [ 11.561247, 3.854885 ], [ 11.561914, 3.854935 ], [ 11.562541, 3.855296 ], [ 11.562993, 3.855309 ], [ 11.563054, 3.855463 ], [ 11.563386, 3.855559 ], [ 11.564251, 3.855481 ], [ 11.564972, 3.855791 ], [ 11.565444, 3.855824 ], [ 11.565582, 3.855431 ], [ 11.565976, 3.855063 ], [ 11.565917, 3.854853 ], [ 11.566231, 3.853798 ], [ 11.566933, 3.853733 ], [ 11.567172, 3.85352 ], [ 11.567253, 3.853209 ], [ 11.568141, 3.852779 ], [ 11.568179, 3.851627 ], [ 11.568665, 3.850822 ], [ 11.568574, 3.850352 ], [ 11.568735, 3.850063 ], [ 11.568617, 3.84941 ], [ 11.569066, 3.848894 ], [ 11.569581, 3.849493 ], [ 11.569481, 3.850525 ], [ 11.569584, 3.850828 ], [ 11.569934, 3.851045 ], [ 11.570002, 3.85133 ], [ 11.570304, 3.851613 ], [ 11.570647, 3.852694 ], [ 11.57153, 3.854042 ], [ 11.571297, 3.854626 ], [ 11.571286, 3.855294 ], [ 11.571646, 3.857115 ], [ 11.572941, 3.860915 ], [ 11.572799, 3.864971 ], [ 11.57266, 3.865656 ], [ 11.572914, 3.86692 ], [ 11.572664, 3.868831 ], [ 11.573044, 3.870592 ], [ 11.572206, 3.871946 ], [ 11.571927, 3.872751 ], [ 11.57126, 3.873725 ], [ 11.571211, 3.874191 ], [ 11.570682, 3.875195 ], [ 11.570516, 3.876527 ], [ 11.570182, 3.877003 ], [ 11.56996, 3.876877 ], [ 11.56999, 3.87657 ], [ 11.56988, 3.876412 ], [ 11.569216, 3.87628 ], [ 11.569155, 3.876065 ], [ 11.568263, 3.875981 ], [ 11.567917, 3.875771 ], [ 11.56632, 3.876488 ], [ 11.56627, 3.876662 ], [ 11.565746, 3.877102 ], [ 11.565115, 3.877169 ], [ 11.564238, 3.876389 ], [ 11.563787, 3.876158 ], [ 11.56308, 3.876055 ], [ 11.562975, 3.875664 ], [ 11.562616, 3.875607 ], [ 11.562029, 3.875909 ], [ 11.561238, 3.875908 ], [ 11.561089, 3.876107 ], [ 11.560541, 3.876301 ], [ 11.560055, 3.876954 ], [ 11.55975, 3.877074 ], [ 11.559496, 3.876719 ], [ 11.559256, 3.876724 ], [ 11.559106, 3.87653 ], [ 11.558265, 3.876525 ], [ 11.557927, 3.87643 ], [ 11.557775, 3.876188 ], [ 11.557375, 3.876325 ], [ 11.557321, 3.87646 ], [ 11.556905, 3.876501 ], [ 11.556554, 3.876291 ], [ 11.556109, 3.876321 ], [ 11.555935, 3.876105 ], [ 11.555658, 3.876467 ], [ 11.555266, 3.876591 ], [ 11.555314, 3.876825 ], [ 11.555185, 3.877056 ], [ 11.554115, 3.877284 ], [ 11.553497, 3.876859 ], [ 11.553168, 3.876236 ], [ 11.55201, 3.874909 ], [ 11.551794, 3.874967 ], [ 11.551391, 3.874584 ], [ 11.550978, 3.874623 ], [ 11.549626, 3.873695 ], [ 11.549439, 3.873271 ], [ 11.549704, 3.872784 ], [ 11.549619, 3.872418 ], [ 11.549406, 3.872551 ], [ 11.548993, 3.873348 ], [ 11.548533, 3.873047 ], [ 11.548664, 3.872916 ], [ 11.548608, 3.872753 ], [ 11.547543, 3.87191 ], [ 11.54732, 3.871432 ], [ 11.546992, 3.871162 ], [ 11.546695, 3.871115 ], [ 11.546333, 3.870667 ], [ 11.545856, 3.870609 ], [ 11.545588, 3.870707 ], [ 11.545359, 3.870411 ], [ 11.545049, 3.870414 ], [ 11.543967, 3.869829 ], [ 11.543513, 3.869842 ], [ 11.542144, 3.870371 ], [ 11.541482, 3.87033 ], [ 11.539995, 3.869484 ], [ 11.539399, 3.868897 ], [ 11.538871, 3.86872 ], [ 11.537062, 3.867712 ], [ 11.536385, 3.867094 ], [ 11.536005, 3.866467 ], [ 11.535225, 3.865941 ] ] ] } },
{ "type": "Feature", "properties": { "nom": "Mokolo", "arrondissement": "Yaoundé II" }, "geometry": { "type": "Polygon", "coordinates": [ [ [ 11.493241, 3.872826 ], [ 11.493302, 3.871988 ], [ 11.49462, 3.871567 ], [ 11.495598, 3.871712 ], [ 11.497553, 3.872368 ], [ 11.498348, 3.872772 ], [ 11.499265, 3.872967 ], [ 11.502348, 3.872611 ], [ 11.502381, 3.873482 ], [ 11.503579, 3.873472 ], [ 11.503653, 3.875029 ], [ 11.502831, 3.87512 ], [ 11.502642, 3.875253 ], [ 11.502249, 3.87628 ], [ 11.501757, 3.876915 ], [ 11.499302, 3.877917 ], [ 11.498593, 3.878829 ], [ 11.498518, 3.879149 ], [ 11.498235, 3.879379 ], [ 11.497863, 3.879281 ], [ 11.495919, 3.87949 ], [ 11.495645, 3.87909 ], [ 11.494616, 3.879699 ], [ 11.493822, 3.879119 ], [ 11.495707, 3.877481 ], [ 11.494995, 3.87683 ], [ 11.494844, 3.876348 ], [ 11.494343, 3.875618 ], [ 11.493848, 3.874407 ], [ 11.493585, 3.873092 ], [ 11.493241, 3.872826 ] ] ] } },
{ "type": "Feature", "properties": { "nom": "Cité Verte", "arrondissement": "Yaoundé II" }, "geometry": { "type": "Polygon", "coordinates": [ [ [ 11.483846, 3.876852 ], [ 11.484086, 3.875875 ], [ 11.48462, 3.875058 ], [ 11.484688, 3.874609 ], [ 11.484262, 3.871293 ], [ 11.483923, 3.870738 ], [ 11.484738, 3.870455 ], [ 11.484986, 3.870139 ], [ 11.485791, 3.869983 ], [ 11.486477, 3.870039 ], [ 11.487339, 3.870554 ], [ 11.489234, 3.871372 ], [ 11.489493, 3.871638 ], [ 11.49008, 3.871586 ], [ 11.492098, 3.871943 ], [ 11.493302, 3.871988 ], [ 11.493241, 3.872826 ], [ 11.493585, 3.873092 ], [ 11.493783, 3.874165 ], [ 11.493543, 3.874246 ], [ 11.493079, 3.874946 ], [ 11.493002, 3.876028 ], [ 11.49274, 3.876227 ], [ 11.492432, 3.877139 ], [ 11.492027, 3.877624 ], [ 11.492057, 3.878604 ], [ 11.491797, 3.879028 ], [ 11.491591, 3.879128 ], [ 11.490962, 3.878723 ], [ 11.489958, 3.878324 ], [ 11.486691, 3.878314 ], [ 11.485072, 3.877624 ], [ 11.483846, 3.876852 ] ] ] } },
{ "type": "Feature", "properties": { "nom": "Madagascar", "arrondissement": "Yaoundé II" }, "geometry": { "type": "Polygon", "coordinates": [ [ [ 11.489443, 3.881372 ], [ 11.489616, 3.881092 ], [ 11.48951, 3.880516 ], [ 11.489819, 3.880119 ], [ 11.489796, 3.8798 ], [ 11.490773, 3.879599 ], [ 11.491048, 3.87925 ], [ 11.491475, 3.879253 ], [ 11.491974, 3.878783 ], [ 11.492087, 3.878187 ], [ 11.492027, 3.877624 ], [ 11.492432, 3.877139 ], [ 11.49274, 3.876227 ], [ 11.493002, 3.876028 ], [ 11.49306, 3.874996 ], [ 11.493543, 3.874246 ], [ 11.493783, 3.874165 ], [ 11.494134, 3.875195 ], [ 11.494844, 3.876348 ], [ 11.494995, 3.87683 ], [ 11.495707, 3.877481 ], [ 11.493822, 3.879119 ], [ 11.494616, 3.879699 ], [ 11.495645, 3.87909 ], [ 11.495894, 3.879487 ], [ 11.497863, 3.879281 ], [ 11.498195, 3.879399 ], [ 11.498518, 3.879149 ], [ 11.498593, 3.878829 ], [ 11.499246, 3.877963 ], [ 11.499631, 3.877752 ], [ 11.499368, 3.878467 ], [ 11.499541, 3.878842 ], [ 11.49955, 3.880148 ], [ 11.499697, 3.880345 ], [ 11.499583, 3.880625 ], [ 11.499859, 3.880759 ], [ 11.499928, 3.880941 ], [ 11.499592, 3.882163 ], [ 11.499679, 3.882371 ], [ 11.499402, 3.882941 ], [ 11.499479, 3.883824 ], [ 11.49922, 3.884188 ], [ 11.498368, 3.884422 ], [ 11.498188, 3.88477 ], [ 11.496559, 3.884063 ], [ 11.493394, 3.883342 ], [ 11.492116, 3.88281 ], [ 11.492768, 3.881006 ], [ 11.492147, 3.880966 ], [ 11.490604, 3.881874 ], [ 11.490331, 3.881907 ], [ 11.489583, 3.881706 ], [ 11.489443, 3.881372 ] ] ] } },
{ "type": "Feature", "properties": { "nom": "Mballa", "arrondissement": "Yaoundé I" }, "geometry": { "type": "Polygon", "coordinates": [ [ [ 11.501877, 3.910638 ], [ 11.502805, 3.905412 ], [ 11.503285, 3.904329 ], [ 11.50454, 3.902239 ], [ 11.504707, 3.901412 ], [ 11.504568, 3.899609 ], [ 11.504936, 3.900109 ], [ 11.505492, 3.900318 ], [ 11.505905, 3.90084 ], [ 11.507938, 3.90122 ], [ 11.508994, 3.901248 ], [ 11.509892, 3.90202 ], [ 11.511195, 3.902562 ], [ 11.5114, 3.902912 ], [ 11.511684, 3.90311 ], [ 11.511426, 3.903444 ], [ 11.511403, 3.904166 ], [ 11.513287, 3.905538 ], [ 11.516996, 3.899869 ], [ 11.517573, 3.899228 ], [ 11.520172, 3.897632 ], [ 11.521773, 3.896968 ], [ 11.522789, 3.895713 ], [ 11.523153, 3.895585 ], [ 11.523905, 3.894993 ], [ 11.524417, 3.894986 ], [ 11.524406, 3.894245 ], [ 11.524516, 3.894188 ], [ 11.525138, 3.894044 ], [ 11.525201, 3.893891 ], [ 11.525646, 3.89421 ], [ 11.525675, 3.894967 ], [ 11.5262, 3.895013 ], [ 11.526522, 3.894756 ], [ 11.526701, 3.894085 ], [ 11.527325, 3.894022 ], [ 11.527399, 3.89438 ], [ 11.527505, 3.894375 ], [ 11.527823, 3.894181 ], [ 11.530287, 3.893912 ], [ 11.533442, 3.892594 ], [ 11.533576, 3.89229 ], [ 11.535116, 3.89457 ], [ 11.535693, 3.896055 ], [ 11.537166, 3.902644 ], [ 11.537179, 3.903564 ], [ 11.536837, 3.906419 ], [ 11.536932, 3.907225 ], [ 11.537284, 3.908268 ], [ 11.537063, 3.908344 ], [ 11.535601, 3.908028 ], [ 11.535372, 3.908598 ], [ 11.533269, 3.910612 ], [ 11.533107, 3.911085 ], [ 11.533374, 3.911488 ], [ 11.532945, 3.912046 ], [ 11.532073, 3.91163 ], [ 11.527708, 3.911154 ], [ 11.52644, 3.910513 ], [ 11.526406, 3.91068 ], [ 11.525503, 3.91053 ], [ 11.524819, 3.910072 ], [ 11.52312, 3.910197 ], [ 11.520342, 3.909373 ], [ 11.51852, 3.909456 ], [ 11.517778, 3.909198 ], [ 11.515921, 3.907915 ], [ 11.514883, 3.907745 ], [ 11.514191, 3.907869 ], [ 11.513666, 3.908115 ], [ 11.512944, 3.908659 ], [ 11.512286, 3.90856 ], [ 11.511757, 3.90863 ], [ 11.511427, 3.908842 ], [ 11.511152, 3.909125 ], [ 11.510952, 3.910019 ], [ 11.511023, 3.910364 ], [ 11.510735, 3.910519 ], [ 11.510718, 3.911035 ], [ 11.510295, 3.911271 ], [ 11.510151, 3.911558 ], [ 11.507678, 3.911762 ], [ 11.507028, 3.91091 ], [ 11.505679, 3.910144 ], [ 11.505311, 3.91006 ], [ 11.504743, 3.910068 ], [ 11.503015, 3.910542 ], [ 11.501877, 3.910638 ] ] ] } },
{ "type": "Feature", "properties": { "nom": "Bastos", "arrondissement": "Yaoundé I" }, "geometry": { "type": "Polygon", "coordinates": [ [ [ 11.49875, 3.891342 ], [ 11.498881, 3.889952 ], [ 11.499239, 3.888921 ], [ 11.499841, 3.888081 ], [ 11.500519, 3.887572 ], [ 11.501044, 3.887273 ], [ 11.501729, 3.88714 ], [ 11.502736, 3.887213 ], [ 11.504293, 3.887056 ], [ 11.506343, 3.886426 ], [ 11.50874, 3.884906 ], [ 11.511982, 3.883565 ], [ 11.512405, 3.883108 ], [ 11.512628, 3.882539 ], [ 11.512802, 3.883313 ], [ 11.513153, 3.883991 ], [ 11.512898, 3.884523 ], [ 11.512993, 3.884917 ], [ 11.513833, 3.885681 ], [ 11.513943, 3.887581 ], [ 11.514588, 3.887748 ], [ 11.51632, 3.888748 ], [ 11.517322, 3.889138 ], [ 11.517391, 3.890336 ], [ 11.51676, 3.891395 ], [ 11.517765, 3.892037 ], [ 11.51793, 3.892511 ], [ 11.521772, 3.8928 ], [ 11.521903, 3.893133 ], [ 11.521897, 3.893721 ], [ 11.520721, 3.895653 ], [ 11.520964, 3.895759 ], [ 11.52149, 3.895666 ], [ 11.522091, 3.895756 ], [ 11.522613, 3.895965 ], [ 11.521773, 3.896968 ], [ 11.520172, 3.897632 ], [ 11.517573, 3.899228 ], [ 11.516996, 3.899869 ], [ 11.513287, 3.905538 ], [ 11.511403, 3.904166 ], [ 11.511426, 3.903444 ], [ 11.511684, 3.90311 ], [ 11.5114, 3.902912 ], [ 11.511195, 3.902562 ], [ 11.509892, 3.90202 ], [ 11.508994, 3.901248 ], [ 11.507938, 3.90122 ], [ 11.505905, 3.90084 ], [ 11.505492, 3.900318 ], [ 11.504936, 3.900109 ], [ 11.504568, 3.899609 ], [ 11.505109, 3.898923 ], [ 11.501011, 3.895133 ], [ 11.499198, 3.892855 ], [ 11.49875, 3.891342 ] ] ] } },
{ "type": "Feature", "properties": { "nom": "Étoudi", "arrondissement": "Yaoundé I" }, "geometry": { "type": "Polygon", "coordinates": [ [ [ 11.507678, 3.911762 ], [ 11.510151, 3.911558 ], [ 11.510295, 3.911271 ], [ 11.510718, 3.911035 ], [ 11.510735, 3.910519 ], [ 11.511023, 3.910364 ], [ 11.510952, 3.910019 ], [ 11.511152, 3.909125 ], [ 11.511427, 3.908842 ], [ 11.511757, 3.90863 ], [ 11.512286, 3.90856 ], [ 11.512944, 3.908659 ], [ 11.513666, 3.908115 ], [ 11.514191, 3.907869 ], [ 11.514883, 3.907745 ], [ 11.515921, 3.907915 ], [ 11.517778, 3.909198 ], [ 11.51852, 3.909456 ], [ 11.520342, 3.909373 ], [ 11.52312, 3.910197 ], [ 11.524819, 3.910072 ], [ 11.525503, 3.91053 ], [ 11.526406, 3.91068 ], [ 11.52644, 3.910513 ], [ 11.527708, 3.911154 ], [ 11.532073, 3.91163 ], [ 11.532945, 3.912046 ], [ 11.533374, 3.911488 ], [ 11.533107, 3.911085 ], [ 11.533269, 3.910612 ], [ 11.535372, 3.908598 ], [ 11.535601, 3.908028 ], [ 11.537063, 3.908344 ], [ 11.537284, 3.908268 ], [ 11.538939, 3.910965 ], [ 11.539405, 3.912462 ], [ 11.539361, 3.913927 ], [ 11.538733, 3.916681 ], [ 11.538623, 3.922086 ], [ 11.538082, 3.922179 ], [ 11.537284, 3.922734 ], [ 11.534679, 3.922428 ], [ 11.534214, 3.92218 ], [ 11.534094, 3.922409 ], [ 11.534008, 3.923576 ], [ 11.533476, 3.923987 ], [ 11.532006, 3.922208 ], [ 11.531298, 3.923363 ], [ 11.530789, 3.923466 ], [ 11.530315, 3.922929 ], [ 11.529122, 3.922372 ], [ 11.528684, 3.921419 ], [ 11.52879, 3.920963 ], [ 11.529019, 3.92069 ], [ 11.529252, 3.919223 ], [ 11.528807, 3.918856 ], [ 11.527736, 3.920614 ], [ 11.526976, 3.920702 ], [ 11.525657, 3.920066 ], [ 11.524909, 3.920205 ], [ 11.524574, 3.920813 ], [ 11.523895, 3.920591 ], [ 11.523456, 3.920554 ], [ 11.523301, 3.920665 ], [ 11.522826, 3.920517 ], [ 11.521738, 3.92048 ], [ 11.521676, 3.920701 ], [ 11.520604, 3.920616 ], [ 11.520616, 3.919307 ], [ 11.519638, 3.919035 ], [ 11.516765, 3.918952 ], [ 11.515927, 3.918769 ], [ 11.507678, 3.911762 ] ] ] } },
{ "type": "Feature", "properties": { "nom": "Émana", "arrondissement": "Yaoundé I" }, "geometry": { "type": "Polygon", "coordinates": [ [ [ 11.504675, 3.922113 ], [ 11.504634, 3.92102 ], [ 11.504837, 3.920777 ], [ 11.505, 3.920764 ], [ 11.505881, 3.920063 ], [ 11.506325, 3.920142 ], [ 11.506734, 3.920016 ], [ 11.506543, 3.919552 ], [ 11.506913, 3.91942 ], [ 11.507004, 3.919637 ], [ 11.506747, 3.919835 ], [ 11.506808, 3.919977 ], [ 11.507631, 3.919642 ], [ 11.507639, 3.919329 ], [ 11.508149, 3.918589 ], [ 11.508224, 3.91893 ], [ 11.508124, 3.91935 ], [ 11.508259, 3.919587 ], [ 11.508713, 3.919768 ], [ 11.508327, 3.920206 ], [ 11.508134, 3.92021 ], [ 11.507862, 3.920438 ], [ 11.507695, 3.920421 ], [ 11.507637, 3.920054 ], [ 11.507523, 3.920484 ], [ 11.507838, 3.92083 ], [ 11.507881, 3.92107 ], [ 11.507775, 3.921209 ], [ 11.508307, 3.921795 ], [ 11.508739, 3.922058 ], [ 11.508936, 3.922502 ], [ 11.509334, 3.922385 ], [ 11.509358, 3.922562 ], [ 11.509524, 3.922505 ], [ 11.509661, 3.922646 ], [ 11.50984, 3.922316 ], [ 11.509965, 3.922515 ], [ 11.509815, 3.922586 ], [ 11.510053, 3.92276 ], [ 11.510155, 3.92252 ], [ 11.510399, 3.922512 ], [ 11.510551, 3.922651 ], [ 11.510857, 3.922576 ], [ 11.510859, 3.923043 ], [ 11.511142, 3.923211 ], [ 11.510853, 3.923389 ], [ 11.510813, 3.923542 ], [ 11.510924, 3.923604 ], [ 11.511525, 3.923357 ], [ 11.511717, 3.923437 ], [ 11.51151, 3.923553 ], [ 11.511729, 3.92357 ], [ 11.511865, 3.923232 ], [ 11.512138, 3.923258 ], [ 11.511982, 3.923059 ], [ 11.511424, 3.923083 ], [ 11.511403, 3.922654 ], [ 11.511587, 3.922676 ], [ 11.511619, 3.922897 ], [ 11.511754, 3.922783 ], [ 11.512581, 3.922929 ], [ 11.512771, 3.922833 ], [ 11.513033, 3.92329 ], [ 11.513843, 3.923446 ], [ 11.513969, 3.923754 ], [ 11.513069, 3.923528 ], [ 11.51287, 3.92328 ], [ 11.512733, 3.923412 ], [ 11.512558, 3.923288 ], [ 11.512578, 3.923062 ], [ 11.512287, 3.923395 ], [ 11.512681, 3.923499 ], [ 11.512669, 3.92372 ], [ 11.51285, 3.923546 ], [ 11.513189, 3.923705 ], [ 11.513167, 3.923908 ], [ 11.513318, 3.924023 ], [ 11.513472, 3.923869 ], [ 11.51373, 3.92408 ], [ 11.513909, 3.924454 ], [ 11.514436, 3.924717 ], [ 11.514662, 3.924469 ], [ 11.514723, 3.924129 ], [ 11.514995, 3.924148 ], [ 11.515197, 3.923845 ], [ 11.515461, 3.923804 ], [ 11.51579, 3.923245 ], [ 11.516342, 3.923204 ], [ 11.516746, 3.922916 ], [ 11.516046, 3.922538 ], [ 11.515395, 3.921972 ], [ 11.51579, 3.921232 ], [ 11.516013, 3.921043 ], [ 11.516433, 3.921043 ], [ 11.516268, 3.920714 ], [ 11.516545, 3.920146 ], [ 11.51637, 3.919484 ], [ 11.515508, 3.91941 ], [ 11.515927, 3.918769 ], [ 11.516765, 3.918952 ], [ 11.519638, 3.919035 ], [ 11.520616, 3.919307 ], [ 11.520604, 3.920616 ], [ 11.521676, 3.920701 ], [ 11.521738, 3.92048 ], [ 11.522826, 3.920517 ], [ 11.523301, 3.920665 ], [ 11.523456, 3.920554 ], [ 11.523895, 3.920591 ], [ 11.524574, 3.920813 ], [ 11.524909, 3.920205 ], [ 11.525657, 3.920066 ], [ 11.526976, 3.920702 ], [ 11.527736, 3.920614 ], [ 11.528807, 3.918856 ], [ 11.529252, 3.919223 ], [ 11.529019, 3.92069 ], [ 11.52879, 3.920963 ], [ 11.528684, 3.921419 ], [ 11.529122, 3.922372 ], [ 11.530315, 3.922929 ], [ 11.530789, 3.923466 ], [ 11.531046, 3.924065 ], [ 11.53153, 3.92415 ], [ 11.53168, 3.924457 ], [ 11.532002, 3.924562 ], [ 11.532152, 3.924803 ], [ 11.532521, 3.924863 ], [ 11.53273, 3.926086 ], [ 11.532746, 3.927635 ], [ 11.53253, 3.927761 ], [ 11.532596, 3.927955 ], [ 11.532342, 3.927973 ], [ 11.532251, 3.927853 ], [ 11.531819, 3.927909 ], [ 11.531717, 3.927642 ], [ 11.531173, 3.927203 ], [ 11.53051, 3.927055 ], [ 11.530362, 3.927484 ], [ 11.530161, 3.927672 ], [ 11.529628, 3.927655 ], [ 11.529756, 3.928481 ], [ 11.529345, 3.929205 ], [ 11.528327, 3.929339 ], [ 11.528169, 3.929817 ], [ 11.527499, 3.930059 ], [ 11.527341, 3.9305 ], [ 11.527099, 3.9305 ], [ 11.52697, 3.930965 ], [ 11.52654, 3.930838 ], [ 11.526453, 3.930256 ], [ 11.525999, 3.929987 ], [ 11.524711, 3.929707 ], [ 11.524511, 3.929444 ], [ 11.524379, 3.929625 ], [ 11.523632, 3.92957 ], [ 11.524788, 3.930715 ], [ 11.524737, 3.931019 ], [ 11.525053, 3.93107 ], [ 11.525445, 3.931512 ], [ 11.525723, 3.93221 ], [ 11.52632, 3.932455 ], [ 11.526948, 3.933664 ], [ 11.52471, 3.934938 ], [ 11.524844, 3.936153 ], [ 11.523853, 3.937301 ], [ 11.523293, 3.938399 ], [ 11.523283, 3.939736 ], [ 11.522933, 3.941343 ], [ 11.522248, 3.942173 ], [ 11.521273, 3.9426 ], [ 11.521244, 3.94389 ], [ 11.520472, 3.943738 ], [ 11.519702, 3.943379 ], [ 11.518475, 3.94195 ], [ 11.516626, 3.943152 ], [ 11.516356, 3.943501 ], [ 11.515936, 3.944809 ], [ 11.515676, 3.945238 ], [ 11.515386, 3.945567 ], [ 11.514926, 3.945817 ], [ 11.513475, 3.946156 ], [ 11.512725, 3.946555 ], [ 11.512261, 3.947043 ], [ 11.511606, 3.946745 ], [ 11.510959, 3.946215 ], [ 11.510369, 3.946803 ], [ 11.508751, 3.947126 ], [ 11.508416, 3.947091 ], [ 11.507502, 3.946664 ], [ 11.507919, 3.944427 ], [ 11.507999, 3.942805 ], [ 11.508207, 3.942541 ], [ 11.508463, 3.939935 ], [ 11.510165, 3.939128 ], [ 11.511669, 3.937248 ], [ 11.511966, 3.93712 ], [ 11.513201, 3.937204 ], [ 11.513774, 3.937112 ], [ 11.514394, 3.937355 ], [ 11.514752, 3.937067 ], [ 11.514968, 3.937176 ], [ 11.515153, 3.937105 ], [ 11.515596, 3.936661 ], [ 11.51605, 3.936493 ], [ 11.516125, 3.935948 ], [ 11.51697, 3.9346 ], [ 11.517255, 3.934443 ], [ 11.517644, 3.933851 ], [ 11.51764, 3.933483 ], [ 11.518525, 3.932315 ], [ 11.518953, 3.932108 ], [ 11.518633, 3.93146 ], [ 11.518612, 3.931055 ], [ 11.517979, 3.931004 ], [ 11.517776, 3.931112 ], [ 11.51766, 3.930975 ], [ 11.518078, 3.929839 ], [ 11.517913, 3.929795 ], [ 11.517826, 3.929543 ], [ 11.517669, 3.929525 ], [ 11.517731, 3.928968 ], [ 11.51749, 3.928639 ], [ 11.516603, 3.928411 ], [ 11.515662, 3.928531 ], [ 11.515335, 3.928741 ], [ 11.514404, 3.928995 ], [ 11.513968, 3.92941 ], [ 11.51337, 3.929223 ], [ 11.513074, 3.928913 ], [ 11.513068, 3.928285 ], [ 11.512782, 3.927955 ], [ 11.512757, 3.927712 ], [ 11.512973, 3.927667 ], [ 11.513308, 3.927339 ], [ 11.513182, 3.927097 ], [ 11.51335, 3.927002 ], [ 11.51357, 3.926287 ], [ 11.513744, 3.926025 ], [ 11.514055, 3.925918 ], [ 11.514121, 3.925437 ], [ 11.514363, 3.925064 ], [ 11.514201, 3.924773 ], [ 11.504675, 3.922113 ] ] ] } }
]
}
