{
"type": "FeatureCollection",
"name": "routes",
"crs": { "type": "name", "properties": { "name": "urn:ogc:def:crs:OGC:1.3:CRS84" } },
"features": [
{ "type": "Feature", "properties": { "nom": "", "classe": "trunk" }, "geometry": { "type": "LineString", "coordinates": [ [ 11.484385, 3.794594 ], [ 11.484442, 3.794592 ], [ 11.484516, 3.794587 ], [ 11.484756, 3.794573 ], [ 11.484838, 3.794567 ], [ 11.485207, 3.794541 ], [ 11.485682, 3.794512 ], [ 11.486129, 3.794484 ], [ 11.486281, 3.794475 ], [ 11.486916, 3.794444 ], [ 11.487311, 3.794431 ], [ 11.487903, 3.794416 ], [ 11.488482, 3.794423 ], [ 11.489543, 3.794444 ], [ 11.489757, 3.794443 ], [ 11.490009, 3.794443 ], [ 11.490413, 3.794471 ], [ 11.490802, 3.794522 ], [ 11.491253, 3.794582 ], [ 11.491475, 3.794611 ], [ 11.491896, 3.794682 ], [ 11.492993, 3.794878 ], [ 11.493182, 3.794912 ], [ 11.493478, 3.794959 ], [ 11.493632, 3.794983 ], [ 11.494248, 3.795097 ] ] } },
{ "type": "Feature", "properties": { "nom": "", "classe": "motorway" }, "geometry": { "type": "LineString", "coordinates": [ [ 11.544339, 3.715669 ], [ 11.544276, 3.715643 ], [ 11.544229, 3.715632 ], [ 11.544186, 3.715629 ], [ 11.54409, 3.715638 ] ] } },
{ "type": "Feature", "properties": { "nom": "Avenue Joseph Onambele Mbazoa", "classe": "primary" }, "geometry": { "type": "LineString", "coordinates": [ [ 11.512306, 3.833957 ], [ 11.512005, 3.833571 ], [ 11.511935, 3.833481 ], [ 11.511876, 3.833404 ], [ 11.51183, 3.833344 ], [ 11.511059, 3.832328 ], [ 11.510804, 3.831992 ], [ 11.510523, 3.831621 ], [ 11.510137, 3.831134 ], [ 11.509502, 3.830322 ], [ 11.509286, 3.830023 ], [ 11.509193, 3.829882 ], [ 11.509151, 3.829814 ], [ 11.509054, 3.829658 ], [ 11.508928, 3.829422 ], [ 11.508832, 3.829228 ], [ 11.508774, 3.829082 ], [ 11.508746, 3.829016 ], [ 11.508578, 3.828613 ], [ 11.508419, 3.82823 ], [ 11.508358, 3.828075 ], [ 11.508235, 3.827763 ], [ 11.508062, 3.827324 ], [ 11.508047, 3.827292 ], [ 11.507984, 3.827157 ], [ 11.507954, 3.827093 ], [ 11.507918, 3.827014 ], [ 11.507878, 3.826933 ], [ 11.507819, 3.826813 ] ] } },
{ "type": "Feature", "properties": { "nom": "Rue 8.138", "classe": "primary" }, "geometry": { "type": "LineString", "coordinates": [ [ 11.511171, 3.811204 ], [ 11.510997, 3.811729 ] ] } },
{ "type": "Feature", "properties": { "nom": "Rue 8.138", "classe": "primary" }, "geometry": { "type": "LineString", "coordinates": [ [ 11.511009, 3.80859 ], [ 11.511239, 3.808765 ], [ 11.511396, 3.808932 ], [ 11.511489, 3.809081 ], [ 11.511568, 3.809287 ], [ 11.511601, 3.809536 ], [ 11.511596, 3.809739 ], [ 11.51155, 3.809932 ], [ 11.511513, 3.810057 ], [ 11.511171, 3.811204 ] ] } },
{ "type": "Feature", "properties": { "nom": "Route de Ngousso", "classe": "secondary" }, "geometry": { "type": "LineString", "coordinates": [ [ 11.529425, 3.873631 ], [ 11.529483, 3.873763 ], [ 11.529595, 3.873945 ], [ 11.529686, 3.874146 ], [ 11.529785, 3.874405 ], [ 11.529836, 3.874533 ], [ 11.529905, 3.874683 ], [ 11.530021, 3.874833 ], [ 11.530212, 3.87508 ], [ 11.530408, 3.875287 ], [ 11.530634, 3.875491 ], [ 11.531339, 3.87607 ], [ 11.53185, 3.876528 ], [ 11.532176, 3.876894 ], [ 11.532431, 3.877213 ], [ 11.532449, 3.877236 ], [ 11.532618, 3.877473 ], [ 11.532784, 3.87771 ], [ 11.53301, 3.878159 ], [ 11.53318, 3.878498 ], [ 11.533504, 3.879144 ], [ 11.533809, 3.879777 ], [ 11.53403, 3.880227 ], [ 11.534069, 3.880305 ], [ 11.53411, 3.880415 ], [ 11.534169, 3.880587 ], [ 11.534232, 3.880805 ], [ 11.53432, 3.881144 ], [ 11.534328, 3.881186 ], [ 11.534418, 3.881664 ], [ 11.534511, 3.882159 ], [ 11.534567, 3.882438 ], [ 11.534595, 3.882576 ], [ 11.534642, 3.882809 ], [ 11.534691, 3.882999 ], [ 11.534739, 3.883158 ], [ 11.534783, 3.883285 ], [ 11.534864, 3.883506 ], [ 11.534951, 3.883719 ], [ 11.53558, 3.885025 ], [ 11.535937, 3.885784 ], [ 11.536011, 3.885942 ] ] } },
{ "type": "Feature", "properties": { "nom": "Rue Kamwa Max", "classe": "secondary" }, "geometry": { "type": "LineString", "coordinates": [ [ 11.491363, 3.896405 ], [ 11.491396, 3.896342 ], [ 11.491702, 3.89561 ], [ 11.491802, 3.895341 ], [ 11.491849, 3.895202 ], [ 11.491873, 3.895066 ], [ 11.491896, 3.894882 ], [ 11.491917, 3.894463 ], [ 11.491967, 3.893846 ], [ 11.491993, 3.893726 ], [ 11.492041, 3.893576 ], [ 11.492176, 3.893171 ], [ 11.492253, 3.892993 ], [ 11.492332, 3.892817 ], [ 11.492568, 3.892385 ], [ 11.492634, 3.892234 ], [ 11.492694, 3.892101 ], [ 11.49274, 3.891946 ], [ 11.492774, 3.891777 ], [ 11.492798, 3.891477 ] ] } },
{ "type": "Feature", "properties": { "nom": "Rue 1.500", "classe": "primary" }, "geometry": { "type": "LineString", "coordinates": [ [ 11.536198, 3.886301 ], [ 11.535945, 3.88635 ], [ 11.535627, 3.886419 ], [ 11.535225, 3.886501 ], [ 11.534825, 3.88658 ], [ 11.53466, 3.8866 ], [ 11.534537, 3.886615 ], [ 11.534428, 3.886629 ], [ 11.534159, 3.886661 ], [ 11.533007, 3.886801 ], [ 11.532478, 3.886853 ], [ 11.531933, 3.886916 ], [ 11.53175, 3.88693 ], [ 11.531592, 3.886942 ] ] } },
{ "type": "Feature", "properties": { "nom": "Rond-Point Bastos", "classe": "secondary" }, "geometry": { "type": "LineString", "coordinates": [ [ 11.505464, 3.898626 ], [ 11.505517, 3.898703 ], [ 11.505554, 3.898789 ], [ 11.505574, 3.89888 ], [ 11.505572, 3.898999 ], [ 11.50554, 3.899113 ], [ 11.50548, 3.899216 ], [ 11.505408, 3.899292 ], [ 11.50532, 3.899349 ], [ 11.505223, 3.899386 ], [ 11.505119, 3.899401 ], [ 11.505017, 3.899387 ], [ 11.50491, 3.899353 ], [ 11.504814, 3.899294 ], [ 11.504736, 3.899215 ], [ 11.504678, 3.899119 ], [ 11.504644, 3.899012 ], [ 11.504637, 3.898905 ], [ 11.504654, 3.898798 ], [ 11.504699, 3.898691 ], [ 11.50477, 3.898598 ], [ 11.50486, 3.898526 ], [ 11.504932, 3.89849 ], [ 11.505026, 3.898468 ], [ 11.505126, 3.898462 ], [ 11.505252, 3.898485 ], [ 11.505368, 3.898541 ], [ 11.505464, 3.898626 ] ] } },
{ "type": "Feature", "properties": { "nom": "Rue Nana Tchakounte", "classe": "secondary" }, "geometry": { "type": "LineString", "coordinates": [ [ 11.493743, 3.879097 ], [ 11.495657, 3.87745 ], [ 11.496202, 3.876988 ], [ 11.496284, 3.876912 ], [ 11.49641, 3.876798 ], [ 11.497021, 3.876272 ], [ 11.497826, 3.875579 ], [ 11.498207, 3.875279 ], [ 11.498463, 3.875097 ], [ 11.498956, 3.874827 ], [ 11.49919, 3.874715 ], [ 11.49976, 3.874468 ], [ 11.500574, 3.874051 ], [ 11.500761, 3.873963 ], [ 11.501691, 3.873522 ], [ 11.501795, 3.873494 ], [ 11.501896, 3.873479 ], [ 11.501997, 3.873467 ], [ 11.502104, 3.873466 ], [ 11.5022, 3.873465 ], [ 11.502291, 3.873467 ], [ 11.502352, 3.873467 ] ] } },
{ "type": "Feature", "properties": { "nom": "Rue 2.700", "classe": "primary" }, "geometry": { "type": "LineString", "coordinates": [ [ 11.489801, 3.871545 ], [ 11.489769, 3.871537 ], [ 11.489675, 3.871487 ], [ 11.489559, 3.871416 ], [ 11.488451, 3.870732 ], [ 11.488124, 3.870534 ], [ 11.487825, 3.870371 ], [ 11.487379, 3.870166 ], [ 11.487156, 3.870089 ], [ 11.486846, 3.869989 ], [ 11.486205, 3.869856 ], [ 11.485886, 3.869794 ] ] } },
{ "type": "Feature", "properties": { "nom": "Rue 2.702", "classe": "secondary" }, "geometry": { "type": "LineString", "coordinates": [ [ 11.48938, 3.871704 ], [ 11.489124, 3.871658 ], [ 11.48888, 3.871618 ], [ 11.488487, 3.871549 ], [ 11.488109, 3.871482 ], [ 11.487904, 3.871437 ], [ 11.487746, 3.871397 ], [ 11.487628, 3.871361 ], [ 11.487494, 3.871307 ], [ 11.487292, 3.87122 ], [ 11.486714, 3.870929 ], [ 11.486591, 3.870886 ], [ 11.48649, 3.870857 ], [ 11.486355, 3.870825 ], [ 11.486185, 3.870804 ], [ 11.486055, 3.870796 ], [ 11.485934, 3.870802 ], [ 11.485735, 3.870824 ] ] } },
{ "type": "Feature", "properties": { "nom": "Avenue Konrad Adenauer", "classe": "trunk" }, "geometry": { "type": "LineString", "coordinates": [ [ 11.516324, 3.880774 ], [ 11.516275, 3.880446 ], [ 11.516224, 3.880051 ], [ 11.516173, 3.879765 ], [ 11.516129, 3.879558 ], [ 11.516068, 3.879297 ], [ 11.516023, 3.879149 ], [ 11.515997, 3.879047 ], [ 11.515948, 3.878848 ], [ 11.515972, 3.878788 ] ] } },
{ "type": "Feature", "properties": { "nom": "Rue 3.064", "classe": "primary" }, "geometry": { "type": "LineString", "coordinates": [ [ 11.513205, 3.866619 ], [ 11.51318, 3.866617 ], [ 11.513164, 3.866612 ], [ 11.513134, 3.866601 ], [ 11.513091, 3.866573 ], [ 11.513059, 3.866533 ], [ 11.513046, 3.866487 ], [ 11.513025, 3.866439 ], [ 11.513039, 3.866371 ], [ 11.513071, 3.86633 ], [ 11.513091, 3.866304 ], [ 11.513138, 3.866277 ], [ 11.513194, 3.866262 ], [ 11.513252, 3.866266 ], [ 11.513306, 3.866288 ], [ 11.513338, 3.866313 ], [ 11.513363, 3.866345 ], [ 11.513386, 3.8664 ], [ 11.51339, 3.866459 ], [ 11.513376, 3.866511 ], [ 11.513348, 3.866556 ], [ 11.513307, 3.866591 ], [ 11.513258, 3.866613 ], [ 11.513205, 3.866619 ] ] } },
{ "type": "Feature", "properties": { "nom": "Rue 1.009", "classe": "trunk" }, "geometry": { "type": "LineString", "coordinates": [ [ 11.514262, 3.869383 ], [ 11.514259, 3.869314 ], [ 11.514266, 3.869262 ], [ 11.514295, 3.86916 ], [ 11.514369, 3.868945 ], [ 11.514528, 3.868548 ] ] } },
{ "type": "Feature", "properties": { "nom": "Place du 20 Mai", "classe": "trunk" }, "geometry": { "type": "LineString", "coordinates": [ [ 11.515177, 3.865877 ], [ 11.515264, 3.865807 ], [ 11.515337, 3.86577 ], [ 11.515417, 3.865749 ], [ 11.515456, 3.865746 ], [ 11.515508, 3.865754 ], [ 11.515581, 3.865782 ], [ 11.515643, 3.865823 ], [ 11.515691, 3.865878 ], [ 11.515694, 3.865954 ], [ 11.515695, 3.866015 ], [ 11.515695, 3.866055 ], [ 11.515683, 3.866135 ], [ 11.515663, 3.866202 ], [ 11.515634, 3.866269 ], [ 11.515599, 3.866326 ], [ 11.515581, 3.86635 ], [ 11.515556, 3.866383 ], [ 11.515512, 3.866433 ], [ 11.515434, 3.866496 ], [ 11.515375, 3.866528 ], [ 11.515304, 3.86656 ], [ 11.515219, 3.866577 ], [ 11.515165, 3.866573 ], [ 11.515118, 3.866559 ], [ 11.515075, 3.866531 ], [ 11.515043, 3.866496 ], [ 11.515008, 3.866431 ], [ 11.514993, 3.86638 ], [ 11.514989, 3.866331 ], [ 11.514989, 3.866296 ], [ 11.514999, 3.866207 ], [ 11.515015, 3.866133 ], [ 11.515042, 3.866064 ], [ 11.515091, 3.865982 ], [ 11.515177, 3.865877 ] ] } },
{ "type": "Feature", "properties": { "nom": "Boulevard du 20 Mai 1972", "classe": "trunk" }, "geometry": { "type": "LineString", "coordinates": [ [ 11.515508, 3.865754 ], [ 11.515611, 3.86569 ], [ 11.515705, 3.865613 ], [ 11.516009, 3.86534 ], [ 11.516153, 3.865207 ], [ 11.516398, 3.864994 ], [ 11.516595, 3.864811 ], [ 11.517107, 3.864378 ] ] } },
{ "type": "Feature", "properties": { "nom": "", "classe": "primary" }, "geometry": { "type": "LineString", "coordinates": [ [ 11.514822, 3.86616 ], [ 11.515042, 3.866064 ] ] } },
{ "type": "Feature", "properties": { "nom": "Place Ahmadou Ahidjo", "classe": "trunk" }, "geometry": { "type": "LineString", "coordinates": [ [ 11.520289, 3.861651 ], [ 11.520234, 3.861591 ], [ 11.52017, 3.861512 ], [ 11.520108, 3.8614 ], [ 11.520088, 3.861323 ], [ 11.520078, 3.861263 ], [ 11.520078, 3.861185 ], [ 11.520089, 3.861122 ], [ 11.520119, 3.861054 ], [ 11.520166, 3.861002 ], [ 11.520217, 3.86097 ], [ 11.520276, 3.860957 ], [ 11.520318, 3.860954 ], [ 11.520377, 3.860964 ], [ 11.520753, 3.861125 ], [ 11.520804, 3.86115 ], [ 11.520856, 3.861197 ], [ 11.520926, 3.861273 ], [ 11.520988, 3.861355 ], [ 11.521019, 3.861419 ], [ 11.521053, 3.861513 ], [ 11.521069, 3.86158 ], [ 11.521071, 3.861653 ], [ 11.521046, 3.861748 ], [ 11.521008, 3.861826 ], [ 11.520912, 3.861893 ], [ 11.520848, 3.861924 ], [ 11.520782, 3.861947 ], [ 11.520727, 3.86195 ], [ 11.520657, 3.861954 ], [ 11.520593, 3.861953 ], [ 11.52052, 3.861932 ], [ 11.520289, 3.861651 ] ] } },
{ "type": "Feature", "properties": { "nom": "", "classe": "secondary" }, "geometry": { "type": "LineString", "coordinates": [ [ 11.519709, 3.861202 ], [ 11.520119, 3.861054 ] ] } },
{ "type": "Feature", "properties": { "nom": "Route de Douala", "classe": "primary" }, "geometry": { "type": "LineString", "coordinates": [ [ 11.454166, 3.872728 ], [ 11.454151, 3.872716 ], [ 11.454141, 3.8727 ], [ 11.454136, 3.872681 ], [ 11.454136, 3.872662 ], [ 11.454143, 3.872644 ], [ 11.454166, 3.87262 ], [ 11.45419, 3.872611 ], [ 11.454216, 3.872613 ], [ 11.454239, 3.872625 ], [ 11.454254, 3.872654 ], [ 11.454262, 3.872669 ], [ 11.45426, 3.872687 ], [ 11.454254, 3.872704 ], [ 11.454243, 3.872718 ], [ 11.454229, 3.872729 ], [ 11.454211, 3.872737 ], [ 11.454188, 3.872738 ], [ 11.454166, 3.872728 ] ] } },
{ "type": "Feature", "properties": { "nom": "Ancienne Route de Douala", "classe": "primary" }, "geometry": { "type": "LineString", "coordinates": [ [ 11.454254, 3.872654 ], [ 11.454365, 3.872653 ], [ 11.454518, 3.872659 ], [ 11.456622, 3.872733 ], [ 11.456785, 3.872741 ], [ 11.45702, 3.872749 ], [ 11.457318, 3.872759 ], [ 11.457913, 3.872777 ], [ 11.459109, 3.872824 ], [ 11.459399, 3.872838 ], [ 11.459633, 3.872846 ] ] } },
{ "type": "Feature", "properties": { "nom": "", "classe": "primary" }, "geometry": { "type": "LineString", "coordinates": [ [ 11.461472, 3.872997 ], [ 11.461463, 3.872968 ], [ 11.461464, 3.87292 ], [ 11.461481, 3.872876 ], [ 11.461504, 3.872849 ], [ 11.461533, 3.872829 ], [ 11.461567, 3.872818 ], [ 11.461602, 3.872815 ], [ 11.461637, 3.872823 ], [ 11.461668, 3.872839 ], [ 11.461694, 3.872863 ], [ 11.461714, 3.872898 ], [ 11.461723, 3.872938 ], [ 11.461719, 3.872978 ] ] } },
{ "type": "Feature", "properties": { "nom": "Route de Douala", "classe": "trunk" }, "geometry": { "type": "LineString", "coordinates": [ [ 11.437059, 3.87297 ], [ 11.437016, 3.872985 ], [ 11.436658, 3.873112 ], [ 11.436235, 3.87324 ], [ 11.436058, 3.873299 ], [ 11.435884, 3.873356 ], [ 11.435512, 3.873476 ], [ 11.43498, 3.873666 ], [ 11.434657, 3.873786 ], [ 11.43442, 3.873871 ], [ 11.434237, 3.873941 ], [ 11.433942, 3.87403 ], [ 11.433503, 3.874174 ], [ 11.433396, 3.874215 ], [ 11.433243, 3.874271 ], [ 11.433088, 3.874328 ], [ 11.432915, 3.874389 ], [ 11.432835, 3.874418 ], [ 11.43259, 3.874504 ], [ 11.432476, 3.874543 ], [ 11.432345, 3.87458 ], [ 11.431744, 3.874764 ], [ 11.431329, 3.874864 ], [ 11.431263, 3.874877 ], [ 11.43118, 3.874884 ], [ 11.430478, 3.874906 ], [ 11.429987, 3.874918 ], [ 11.429704, 3.874935 ], [ 11.429339, 3.874892 ], [ 11.428549, 3.87473 ], [ 11.428344, 3.874694 ], [ 11.427651, 3.874568 ], [ 11.427287, 3.874526 ], [ 11.426994, 3.874456 ], [ 11.426804, 3.874425 ], [ 11.426556, 3.874366 ], [ 11.426082, 3.874279 ], [ 11.425947, 3.874256 ], [ 11.425755, 3.874223 ], [ 11.42558, 3.874219 ], [ 11.425411, 3.874244 ], [ 11.425118, 3.87434 ], [ 11.425007, 3.874408 ], [ 11.424843, 3.874517 ], [ 11.424547, 3.874798 ], [ 11.424264, 3.875159 ], [ 11.424149, 3.875304 ], [ 11.424064, 3.875401 ], [ 11.423829, 3.875662 ], [ 11.42355, 3.875987 ], [ 11.42321, 3.876413 ] ] } },
{ "type": "Feature", "properties": { "nom": "Rue 7.009", "classe": "secondary" }, "geometry": { "type": "LineString", "coordinates": [ [ 11.484964, 3.869371 ], [ 11.48509, 3.869061 ], [ 11.485147, 3.868982 ], [ 11.485167, 3.868898 ], [ 11.485206, 3.868787 ], [ 11.485312, 3.868593 ], [ 11.4854, 3.868464 ], [ 11.48561, 3.868218 ], [ 11.485834, 3.867956 ], [ 11.4859, 3.867877 ], [ 11.485986, 3.867773 ], [ 11.486171, 3.867541 ], [ 11.486419, 3.867236 ], [ 11.486504, 3.867133 ], [ 11.486595, 3.867017 ], [ 11.486673, 3.866918 ], [ 11.486816, 3.866736 ], [ 11.486956, 3.866558 ], [ 11.487238, 3.866204 ], [ 11.487348, 3.866058 ], [ 11.48794, 3.86527 ], [ 11.488266, 3.864816 ], [ 11.488433, 3.864603 ], [ 11.488519, 3.864492 ] ] } },
{ "type": "Feature", "properties": { "nom": "Rue 1.750", "classe": "secondary" }, "geometry": { "type": "LineString", "coordinates": [ [ 11.514513, 3.878226 ], [ 11.514427, 3.878413 ], [ 11.514317, 3.878558 ], [ 11.514024, 3.879063 ], [ 11.513769, 3.879513 ], [ 11.513604, 3.879845 ] ] } },
{ "type": "Feature", "properties": { "nom": "Rue 1.750", "classe": "secondary" }, "geometry": { "type": "LineString", "coordinates": [ [ 11.513604, 3.879845 ], [ 11.51355, 3.879975 ] ] } },
{ "type": "Feature", "properties": { "nom": "Nouvelle Route Bastos", "classe": "secondary" }, "geometry": { "type": "LineString", "coordinates": [ [ 11.51355, 3.879975 ], [ 11.513457, 3.880247 ], [ 11.513331, 3.880649 ], [ 11.513189, 3.881107 ], [ 11.512813, 3.882096 ], [ 11.512752, 3.88224 ], [ 11.512724, 3.882306 ], [ 11.512595, 3.882682 ], [ 11.512521, 3.882826 ], [ 11.512405, 3.883108 ], [ 11.512274, 3.883282 ], [ 11.512188, 3.883379 ], [ 11.512085, 3.88347 ], [ 11.511943, 3.883585 ], [ 11.511712, 3.883725 ], [ 11.51153, 3.88382 ], [ 11.51097, 3.88403 ], [ 11.510432, 3.884233 ], [ 11.509438, 3.884607 ], [ 11.509118, 3.884746 ], [ 11.508777, 3.884887 ], [ 11.50874, 3.884906 ], [ 11.508406, 3.885101 ], [ 11.508168, 3.885258 ], [ 11.507677, 3.885586 ], [ 11.507607, 3.885638 ], [ 11.507288, 3.885847 ], [ 11.50691, 3.886094 ], [ 11.506821, 3.886142 ], [ 11.506548, 3.886305 ], [ 11.506337, 3.886426 ], [ 11.505829, 3.886591 ] ] } },
{ "type": "Feature", "properties": { "nom": "Rue 7.007", "classe": "secondary" }, "geometry": { "type": "LineString", "coordinates": [ [ 11.485203, 3.868921 ], [ 11.485181, 3.869001 ], [ 11.485176, 3.86909 ], [ 11.485227, 3.869391 ] ] } },
{ "type": "Feature", "properties": { "nom": "Route de Douala", "classe": "primary" }, "geometry": { "type": "LineString", "coordinates": [ [ 11.485656, 3.869684 ], [ 11.486193, 3.869779 ], [ 11.486882, 3.869908 ], [ 11.487183, 3.870006 ], [ 11.487418, 3.870091 ], [ 11.487862, 3.87029 ], [ 11.488269, 3.87053 ], [ 11.488485, 3.870658 ], [ 11.488699, 3.870799 ], [ 11.48942, 3.871241 ], [ 11.489672, 3.871391 ], [ 11.489797, 3.871447 ], [ 11.489906, 3.871489 ] ] } },
{ "type": "Feature", "properties": { "nom": "Rue Marie Gocker", "classe": "tertiary" }, "geometry": { "type": "LineString", "coordinates": [ [ 11.518292, 3.864802 ], [ 11.518842, 3.864868 ], [ 11.518904, 3.864895 ], [ 11.518966, 3.864938 ], [ 11.519293, 3.865295 ], [ 11.520282, 3.866377 ], [ 11.520409, 3.86649 ] ] } },
{ "type": "Feature", "properties": { "nom": "", "classe": "secondary" }, "geometry": { "type": "LineString", "coordinates": [ [ 11.516847, 3.867123 ], [ 11.516851, 3.867146 ], [ 11.516849, 3.867169 ], [ 11.516834, 3.867205 ], [ 11.516805, 3.867233 ], [ 11.516776, 3.867246 ], [ 11.516744, 3.867248 ], [ 11.516719, 3.867243 ], [ 11.516697, 3.867232 ], [ 11.516678, 3.867216 ], [ 11.516659, 3.867184 ], [ 11.516652, 3.867146 ], [ 11.516659, 3.867113 ], [ 11.516677, 3.867084 ], [ 11.516703, 3.867063 ], [ 11.51674, 3.867051 ], [ 11.516778, 3.867054 ], [ 11.516809, 3.867069 ], [ 11.516833, 3.867093 ], [ 11.516847, 3.867123 ] ] } },
{ "type": "Feature", "properties": { "nom": "Rue 3.085", "classe": "tertiary" }, "geometry": { "type": "LineString", "coordinates": [ [ 11.520372, 3.859436 ], [ 11.520259, 3.85929 ], [ 11.520212, 3.859219 ], [ 11.520029, 3.85896 ], [ 11.519763, 3.858649 ], [ 11.519716, 3.858596 ], [ 11.51965, 3.858526 ], [ 11.519485, 3.85836 ] ] } },
{ "type": "Feature", "properties": { "nom": "Rue 1.810", "classe": "tertiary" }, "geometry": { "type": "LineString", "coordinates": [ [ 11.522699, 3.892872 ], [ 11.522541, 3.892862 ], [ 11.521825, 3.892803 ] ] } },
{ "type": "Feature", "properties": { "nom": "Rue Lamido Rey Bouba Hammoa", "classe": "trunk" }, "geometry": { "type": "LineString", "coordinates": [ [ 11.522482, 3.889019 ], [ 11.522488, 3.889037 ], [ 11.522517, 3.889113 ], [ 11.522589, 3.889299 ], [ 11.522697, 3.889578 ], [ 11.522791, 3.889861 ], [ 11.522845, 3.890036 ], [ 11.522873, 3.890146 ], [ 11.522898, 3.890285 ], [ 11.522926, 3.890437 ], [ 11.522948, 3.890592 ], [ 11.522973, 3.890886 ], [ 11.522978, 3.890942 ], [ 11.522974, 3.891129 ], [ 11.522966, 3.891314 ], [ 11.522931, 3.891647 ], [ 11.522911, 3.891838 ], [ 11.522909, 3.891858 ], [ 11.522889, 3.892008 ], [ 11.522853, 3.892375 ], [ 11.522833, 3.892657 ], [ 11.522813, 3.892899 ], [ 11.522824, 3.893521 ], [ 11.522834, 3.893782 ], [ 11.522863, 3.894097 ], [ 11.522898, 3.89435 ], [ 11.522953, 3.894731 ], [ 11.522971, 3.894823 ], [ 11.523013, 3.895035 ], [ 11.523084, 3.89531 ], [ 11.523115, 3.895431 ], [ 11.523138, 3.895516 ], [ 11.523153, 3.895585 ], [ 11.523192, 3.895736 ], [ 11.523259, 3.896013 ], [ 11.523307, 3.896215 ], [ 11.523407, 3.896629 ], [ 11.523506, 3.897001 ], [ 11.523583, 3.897303 ], [ 11.523683, 3.897656 ], [ 11.523744, 3.897863 ], [ 11.523815, 3.898097 ], [ 11.523919, 3.898396 ], [ 11.524021, 3.898644 ], [ 11.524049, 3.898714 ], [ 11.524289, 3.899203 ], [ 11.524475, 3.899577 ], [ 11.524641, 3.899905 ], [ 11.524751, 3.900179 ], [ 11.524857, 3.900508 ], [ 11.524906, 3.900711 ], [ 11.524932, 3.900878 ], [ 11.524988, 3.901339 ], [ 11.524993, 3.901436 ], [ 11.524992, 3.901481 ], [ 11.524978, 3.90168 ], [ 11.524971, 3.901783 ], [ 11.524956, 3.901858 ] ] } },
{ "type": "Feature", "properties": { "nom": "Rue Albert Ateba Ebe", "classe": "trunk" }, "geometry": { "type": "LineString", "coordinates": [ [ 11.520292, 3.915474 ], [ 11.520304, 3.915379 ], [ 11.520357, 3.915007 ], [ 11.520399, 3.914744 ], [ 11.520487, 3.914386 ], [ 11.520538, 3.914207 ], [ 11.520608, 3.914037 ], [ 11.520733, 3.913713 ], [ 11.520825, 3.913522 ], [ 11.521016, 3.913189 ], [ 11.52133, 3.912665 ], [ 11.521544, 3.912319 ], [ 11.52176, 3.911961 ], [ 11.521957, 3.911609 ], [ 11.522065, 3.911369 ], [ 11.522184, 3.911084 ], [ 11.522298, 3.910733 ], [ 11.522447, 3.910232 ], [ 11.522697, 3.909324 ], [ 11.523007, 3.90827 ], [ 11.523261, 3.907447 ], [ 11.523479, 3.906694 ], [ 11.523502, 3.90662 ], [ 11.523547, 3.906391 ], [ 11.523726, 3.905822 ], [ 11.52398, 3.904945 ], [ 11.524145, 3.904374 ], [ 11.524285, 3.903904 ], [ 11.524529, 3.903049 ], [ 11.524652, 3.902615 ], [ 11.524705, 3.902424 ], [ 11.524774, 3.902146 ], [ 11.524835, 3.901743 ], [ 11.52484, 3.901638 ], [ 11.524846, 3.901438 ], [ 11.52484, 3.901286 ], [ 11.524832, 3.901245 ], [ 11.524782, 3.900772 ], [ 11.524733, 3.900555 ], [ 11.52467, 3.900326 ], [ 11.524534, 3.899978 ], [ 11.524165, 3.899221 ], [ 11.523945, 3.89876 ], [ 11.523832, 3.898473 ], [ 11.52367, 3.898045 ], [ 11.52357, 3.897713 ], [ 11.523475, 3.897336 ], [ 11.523336, 3.89679 ], [ 11.523274, 3.896545 ], [ 11.52311, 3.895908 ], [ 11.52304, 3.895629 ], [ 11.523026, 3.895568 ], [ 11.523003, 3.895477 ] ] } },
{ "type": "Feature", "properties": { "nom": "Rue Marcus Etoundi", "classe": "tertiary" }, "geometry": { "type": "LineString", "coordinates": [ [ 11.518763, 3.885055 ], [ 11.518779, 3.885337 ], [ 11.51878, 3.885547 ], [ 11.518767, 3.885791 ], [ 11.518737, 3.886077 ], [ 11.518613, 3.887497 ], [ 11.51862, 3.887575 ], [ 11.518627, 3.887734 ], [ 11.518652, 3.887809 ], [ 11.518689, 3.887872 ], [ 11.518719, 3.887907 ], [ 11.51878, 3.88796 ], [ 11.51885, 3.888 ], [ 11.518933, 3.888027 ], [ 11.521047, 3.888422 ], [ 11.521908, 3.88859 ], [ 11.522037, 3.888578 ], [ 11.522116, 3.888567 ] ] } },
{ "type": "Feature", "properties": { "nom": "", "classe": "secondary" }, "geometry": { "type": "LineString", "coordinates": [ [ 11.51922, 3.884608 ], [ 11.51908, 3.884733 ], [ 11.519007, 3.88479 ], [ 11.518904, 3.884904 ], [ 11.518828, 3.884993 ] ] } },
{ "type": "Feature", "properties": { "nom": "Rond-Point de Nlongkak", "classe": "trunk" }, "geometry": { "type": "LineString", "coordinates": [ [ 11.519575, 3.884074 ], [ 11.51959, 3.884204 ], [ 11.519577, 3.884292 ], [ 11.519546, 3.884375 ], [ 11.519498, 3.88445 ], [ 11.519436, 3.884513 ], [ 11.519371, 3.884558 ], [ 11.519297, 3.88459 ], [ 11.51922, 3.884608 ], [ 11.519122, 3.88461 ], [ 11.519026, 3.88459 ], [ 11.518937, 3.884548 ], [ 11.518861, 3.884487 ], [ 11.5188, 3.88441 ], [ 11.518761, 3.884328 ], [ 11.51874, 3.88424 ], [ 11.518738, 3.884148 ], [ 11.518756, 3.884059 ], [ 11.518792, 3.883976 ], [ 11.518847, 3.883901 ], [ 11.518916, 3.883839 ], [ 11.518997, 3.883794 ], [ 11.519085, 3.883768 ], [ 11.519234, 3.883767 ], [ 11.519374, 3.883816 ], [ 11.519463, 3.883883 ], [ 11.519531, 3.883971 ], [ 11.519575, 3.884074 ] ] } },
{ "type": "Feature", "properties": { "nom": "Rue Joseph Mballa Eloumdem", "classe": "secondary" }, "geometry": { "type": "LineString", "coordinates": [ [ 11.50539, 3.8982 ], [ 11.505565, 3.897707 ], [ 11.505653, 3.897497 ], [ 11.505731, 3.897347 ], [ 11.505828, 3.89721 ], [ 11.506046, 3.897003 ], [ 11.50661, 3.896616 ], [ 11.506805, 3.896453 ], [ 11.506909, 3.896313 ], [ 11.506976, 3.896164 ], [ 11.507036, 3.895986 ], [ 11.507197, 3.8954 ], [ 11.50733, 3.895061 ], [ 11.507371, 3.894957 ], [ 11.507495, 3.894679 ], [ 11.507551, 3.894576 ], [ 11.507574, 3.894534 ], [ 11.507618, 3.89447 ], [ 11.507645, 3.894434 ], [ 11.507851, 3.894233 ], [ 11.507967, 3.894153 ], [ 11.508165, 3.894016 ], [ 11.509047, 3.893512 ], [ 11.509282, 3.89337 ], [ 11.509342, 3.893338 ], [ 11.509888, 3.893014 ], [ 11.510153, 3.892866 ], [ 11.510581, 3.892648 ], [ 11.510768, 3.892574 ], [ 11.511049, 3.892472 ], [ 11.511228, 3.892427 ], [ 11.511422, 3.892384 ], [ 11.511543, 3.892355 ], [ 11.511709, 3.892322 ], [ 11.511791, 3.892306 ], [ 11.512076, 3.892247 ], [ 11.512193, 3.892221 ], [ 11.512739, 3.89208 ], [ 11.513114, 3.891981 ], [ 11.513284, 3.891919 ], [ 11.513391, 3.891872 ], [ 11.513514, 3.891805 ], [ 11.513642, 3.89168 ], [ 11.513789, 3.89146 ], [ 11.514034, 3.891005 ], [ 11.514175, 3.890696 ], [ 11.514228, 3.89059 ], [ 11.514306, 3.89046 ], [ 11.514539, 3.890114 ], [ 11.514789, 3.889741 ], [ 11.514992, 3.889439 ], [ 11.515118, 3.889249 ], [ 11.515364, 3.888905 ], [ 11.5155, 3.888681 ], [ 11.515654, 3.888386 ], [ 11.515659, 3.888376 ], [ 11.515713, 3.888244 ], [ 11.515752, 3.888123 ], [ 11.515863, 3.887756 ], [ 11.515962, 3.8874 ], [ 11.516034, 3.887102 ], [ 11.516071, 3.88695 ], [ 11.516115, 3.886784 ], [ 11.516169, 3.886652 ], [ 11.516183, 3.886616 ], [ 11.516227, 3.886528 ], [ 11.51629, 3.886444 ], [ 11.516428, 3.886323 ], [ 11.517173, 3.885808 ] ] } },
{ "type": "Feature", "properties": { "nom": "", "classe": "tertiary" }, "geometry": { "type": "LineString", "coordinates": [ [ 11.513251, 3.892225 ], [ 11.513199, 3.892082 ], [ 11.513168, 3.892036 ], [ 11.513114, 3.891981 ] ] } },
{ "type": "Feature", "properties": { "nom": "Place John F Kennedy", "classe": "secondary" }, "geometry": { "type": "LineString", "coordinates": [ [ 11.520592, 3.866457 ], [ 11.520611, 3.866474 ], [ 11.520618, 3.866507 ], [ 11.520616, 3.866536 ], [ 11.520605, 3.866564 ], [ 11.52058, 3.866594 ], [ 11.520546, 3.866613 ], [ 11.520507, 3.866618 ], [ 11.520461, 3.866605 ], [ 11.520433, 3.866583 ], [ 11.520414, 3.866553 ], [ 11.520407, 3.866518 ], [ 11.520409, 3.86649 ], [ 11.520419, 3.866464 ], [ 11.520435, 3.866441 ], [ 11.520456, 3.866424 ], [ 11.520481, 3.866412 ], [ 11.520508, 3.866407 ], [ 11.520551, 3.866415 ], [ 11.520575, 3.866431 ], [ 11.520592, 3.866457 ] ] } },
{ "type": "Feature", "properties": { "nom": "Rue 1.785", "classe": "tertiary" }, "geometry": { "type": "LineString", "coordinates": [ [ 11.517322, 3.889138 ], [ 11.517348, 3.889246 ], [ 11.517363, 3.889319 ], [ 11.517382, 3.889504 ], [ 11.517399, 3.889718 ], [ 11.517401, 3.890051 ], [ 11.517398, 3.890291 ], [ 11.517391, 3.890336 ], [ 11.517363, 3.890393 ], [ 11.516876, 3.891202 ], [ 11.51676, 3.891395 ] ] } },
{ "type": "Feature", "properties": { "nom": "Rue Bounoungou Mbono", "classe": "tertiary" }, "geometry": { "type": "LineString", "coordinates": [ [ 11.515659, 3.888376 ], [ 11.515924, 3.888528 ], [ 11.51632, 3.888748 ], [ 11.516449, 3.888811 ], [ 11.51678, 3.888967 ], [ 11.516862, 3.889003 ], [ 11.516925, 3.889023 ], [ 11.517179, 3.88911 ], [ 11.517322, 3.889138 ], [ 11.517448, 3.889129 ], [ 11.517512, 3.889129 ], [ 11.517652, 3.889137 ], [ 11.517956, 3.889184 ], [ 11.518268, 3.889236 ], [ 11.518367, 3.889242 ], [ 11.518441, 3.889223 ], [ 11.518517, 3.889165 ], [ 11.518578, 3.889082 ], [ 11.518675, 3.888772 ], [ 11.518697, 3.888706 ], [ 11.518797, 3.888405 ], [ 11.518933, 3.888027 ] ] } },
{ "type": "Feature", "properties": { "nom": "Rue Narvick", "classe": "tertiary" }, "geometry": { "type": "LineString", "coordinates": [ [ 11.520214, 3.864469 ], [ 11.519293, 3.865295 ], [ 11.518584, 3.865929 ], [ 11.518277, 3.866211 ], [ 11.518104, 3.866621 ], [ 11.51777, 3.867414 ], [ 11.517703, 3.86757 ], [ 11.517073, 3.869023 ], [ 11.516754, 3.869735 ], [ 11.516721, 3.869812 ], [ 11.516434, 3.870486 ], [ 11.516405, 3.870554 ], [ 11.516365, 3.870648 ], [ 11.516121, 3.87122 ], [ 11.516111, 3.871244 ], [ 11.516066, 3.871349 ], [ 11.515792, 3.871992 ], [ 11.515732, 3.872122 ], [ 11.515692, 3.872213 ], [ 11.515676, 3.872244 ], [ 11.515589, 3.872432 ], [ 11.515164, 3.873352 ], [ 11.515115, 3.873457 ], [ 11.515072, 3.87351 ], [ 11.515011, 3.873559 ], [ 11.514907, 3.87359 ] ] } },
{ "type": "Feature", "properties": { "nom": "Place de l'Indépendance", "classe": "secondary" }, "geometry": { "type": "LineString", "coordinates": [ [ 11.517085, 3.873206 ], [ 11.517076, 3.873096 ], [ 11.517188, 3.872825 ], [ 11.517235, 3.87271 ], [ 11.517264, 3.872642 ], [ 11.517377, 3.872366 ], [ 11.517448, 3.872302 ], [ 11.517535, 3.872272 ], [ 11.517637, 3.872294 ], [ 11.517708, 3.872326 ], [ 11.517865, 3.872404 ], [ 11.517903, 3.872466 ], [ 11.517907, 3.872533 ], [ 11.517839, 3.872731 ], [ 11.517591, 3.873315 ], [ 11.517494, 3.873369 ], [ 11.517398, 3.87337 ], [ 11.517319, 3.87334 ], [ 11.517284, 3.873325 ], [ 11.517239, 3.873309 ], [ 11.517166, 3.873277 ], [ 11.517085, 3.873206 ] ] } },
{ "type": "Feature", "properties": { "nom": "Rue Albert Ateba Ebé", "classe": "trunk" }, "geometry": { "type": "LineString", "coordinates": [ [ 11.51671, 3.881639 ], [ 11.516884, 3.881888 ], [ 11.517037, 3.882087 ], [ 11.51719, 3.882261 ], [ 11.517301, 3.88237 ], [ 11.517404, 3.882464 ], [ 11.517519, 3.882556 ], [ 11.517969, 3.882955 ], [ 11.518756, 3.883564 ], [ 11.518911, 3.883655 ], [ 11.518954, 3.883682 ], [ 11.519085, 3.883768 ] ] } },
{ "type": "Feature", "properties": { "nom": "Rue 1.794", "classe": "tertiary" }, "geometry": { "type": "LineString", "coordinates": [ [ 11.505574, 3.89888 ], [ 11.505848, 3.898943 ] ] } },
{ "type": "Feature", "properties": { "nom": "Route du Golf", "classe": "secondary" }, "geometry": { "type": "LineString", "coordinates": [ [ 11.500401, 3.895317 ], [ 11.500816, 3.895019 ] ] } },
{ "type": "Feature", "properties": { "nom": "Rue 8.502", "classe": "secondary" }, "geometry": { "type": "LineString", "coordinates": [ [ 11.507529, 3.826556 ], [ 11.507442, 3.826511 ], [ 11.507344, 3.826453 ], [ 11.50723, 3.826374 ], [ 11.507119, 3.826293 ], [ 11.506878, 3.826109 ], [ 11.506594, 3.825925 ], [ 11.506395, 3.825816 ], [ 11.506303, 3.825763 ], [ 11.506181, 3.825699 ], [ 11.50585, 3.825529 ], [ 11.505575, 3.825388 ], [ 11.505468, 3.825337 ], [ 11.505131, 3.825169 ], [ 11.504821, 3.825016 ], [ 11.504627, 3.824925 ] ] } },
{ "type": "Feature", "properties": { "nom": "", "classe": "primary" }, "geometry": { "type": "LineString", "coordinates": [ [ 11.510704, 3.81267 ], [ 11.510732, 3.812162 ], [ 11.510739, 3.811994 ], [ 11.510764, 3.811344 ], [ 11.51075, 3.811149 ], [ 11.510716, 3.810701 ], [ 11.510612, 3.810138 ], [ 11.510558, 3.809732 ] ] } },
{ "type": "Feature", "properties": { "nom": "Rue 8.251", "classe": "trunk" }, "geometry": { "type": "LineString", "coordinates": [ [ 11.515049, 3.806802 ], [ 11.51449, 3.806547 ], [ 11.514293, 3.806434 ], [ 11.514162, 3.806358 ], [ 11.513984, 3.806256 ], [ 11.513923, 3.806214 ], [ 11.513726, 3.806078 ], [ 11.513508, 3.805927 ], [ 11.513189, 3.805627 ], [ 11.513039, 3.805473 ], [ 11.512874, 3.805302 ], [ 11.512323, 3.804651 ], [ 11.512002, 3.804281 ], [ 11.511814, 3.804062 ], [ 11.511653, 3.803867 ], [ 11.511214, 3.803368 ], [ 11.511006, 3.803155 ], [ 11.51078, 3.802955 ], [ 11.510558, 3.802789 ], [ 11.510257, 3.802598 ], [ 11.510074, 3.802494 ], [ 11.509875, 3.802398 ], [ 11.50935, 3.80225 ], [ 11.50927, 3.802228 ] ] } },
{ "type": "Feature", "properties": { "nom": "Rue 8.250", "classe": "tertiary" }, "geometry": { "type": "LineString", "coordinates": [ [ 11.522204, 3.799881 ], [ 11.522203, 3.799988 ], [ 11.522201, 3.800068 ], [ 11.522186, 3.800411 ], [ 11.522166, 3.800823 ], [ 11.522137, 3.801542 ], [ 11.522145, 3.801881 ], [ 11.522205, 3.802242 ], [ 11.522257, 3.802702 ], [ 11.522254, 3.802915 ], [ 11.522215, 3.803147 ], [ 11.52215, 3.803376 ], [ 11.522024, 3.803822 ], [ 11.521962, 3.80399 ], [ 11.521893, 3.804176 ], [ 11.521753, 3.804461 ], [ 11.521526, 3.804908 ], [ 11.521424, 3.805106 ], [ 11.521296, 3.805328 ], [ 11.521235, 3.805417 ], [ 11.521136, 3.805515 ], [ 11.521, 3.805632 ], [ 11.519715, 3.806531 ], [ 11.519533, 3.806672 ], [ 11.518754, 3.807233 ], [ 11.518646, 3.807342 ], [ 11.518583, 3.807421 ] ] } },
{ "type": "Feature", "properties": { "nom": "", "classe": "trunk" }, "geometry": { "type": "LineString", "coordinates": [ [ 11.537146, 3.720635 ], [ 11.537187, 3.720691 ], [ 11.537212, 3.720755 ], [ 11.537222, 3.720823 ], [ 11.537215, 3.72089 ], [ 11.53721, 3.720918 ], [ 11.537193, 3.720958 ], [ 11.537111, 3.721052 ], [ 11.537058, 3.721084 ], [ 11.536998, 3.721104 ], [ 11.536911, 3.721109 ], [ 11.536826, 3.721088 ], [ 11.536752, 3.721041 ], [ 11.536695, 3.720974 ], [ 11.536662, 3.720893 ], [ 11.536655, 3.720812 ], [ 11.536671, 3.720733 ], [ 11.536709, 3.720661 ], [ 11.536762, 3.720606 ], [ 11.536829, 3.720567 ], [ 11.536895, 3.720548 ], [ 11.536964, 3.720546 ], [ 11.537031, 3.72056 ], [ 11.537093, 3.720591 ], [ 11.537146, 3.720635 ] ] } },
{ "type": "Feature", "properties": { "nom": "Rue 1.074", "classe": "primary" }, "geometry": { "type": "LineString", "coordinates": [ [ 11.53049, 3.886943 ], [ 11.530225, 3.886933 ], [ 11.529765, 3.88692 ], [ 11.529129, 3.886903 ], [ 11.528467, 3.886888 ], [ 11.528275, 3.88689 ], [ 11.527986, 3.886921 ], [ 11.527826, 3.886949 ], [ 11.527622, 3.886998 ], [ 11.527322, 3.887114 ], [ 11.527036, 3.887261 ], [ 11.52699, 3.887287 ], [ 11.526723, 3.887439 ], [ 11.526326, 3.88766 ], [ 11.526166, 3.88775 ], [ 11.525787, 3.887975 ], [ 11.525382, 3.88819 ], [ 11.52484, 3.888427 ], [ 11.524757, 3.888459 ], [ 11.524693, 3.888485 ], [ 11.524462, 3.888575 ], [ 11.524256, 3.888655 ], [ 11.523933, 3.888784 ], [ 11.523749, 3.888846 ], [ 11.523689, 3.888863 ], [ 11.523607, 3.888886 ], [ 11.52345, 3.888923 ], [ 11.523103, 3.888983 ], [ 11.522701, 3.889065 ], [ 11.522674, 3.889072 ] ] } },
{ "type": "Feature", "properties": { "nom": "", "classe": "secondary" }, "geometry": { "type": "LineString", "coordinates": [ [ 11.493091, 3.856025 ], [ 11.493144, 3.855668 ], [ 11.493117, 3.855374 ], [ 11.493195, 3.854872 ], [ 11.493202, 3.854671 ], [ 11.493212, 3.854382 ], [ 11.493217, 3.854227 ], [ 11.493209, 3.854016 ], [ 11.493194, 3.853674 ], [ 11.493193, 3.85344 ], [ 11.493192, 3.85323 ], [ 11.493216, 3.853055 ], [ 11.493243, 3.852856 ], [ 11.493327, 3.852472 ], [ 11.493334, 3.852413 ], [ 11.493384, 3.852011 ], [ 11.493391, 3.851627 ], [ 11.49339, 3.851584 ], [ 11.493371, 3.851299 ], [ 11.493351, 3.850967 ], [ 11.49338, 3.850821 ], [ 11.493399, 3.850737 ] ] } },
{ "type": "Feature", "properties": { "nom": "Rue 5.500", "classe": "secondary" }, "geometry": { "type": "LineString", "coordinates": [ [ 11.557741, 3.900625 ], [ 11.557794, 3.900678 ], [ 11.557859, 3.900736 ], [ 11.557894, 3.90077 ], [ 11.557945, 3.900822 ], [ 11.558023, 3.900901 ], [ 11.558082, 3.900975 ], [ 11.558138, 3.901058 ], [ 11.558204, 3.901163 ], [ 11.558262, 3.901258 ], [ 11.558329, 3.901367 ], [ 11.558417, 3.901502 ], [ 11.558502, 3.901632 ], [ 11.558579, 3.901769 ], [ 11.558634, 3.901877 ], [ 11.558713, 3.902026 ], [ 11.558792, 3.902179 ], [ 11.558884, 3.902344 ], [ 11.558988, 3.902544 ], [ 11.559079, 3.902713 ], [ 11.559164, 3.902877 ], [ 11.559241, 3.903012 ], [ 11.559316, 3.903146 ], [ 11.559405, 3.903289 ], [ 11.559457, 3.903378 ], [ 11.559527, 3.903496 ], [ 11.559589, 3.903579 ], [ 11.559642, 3.903654 ], [ 11.559711, 3.903743 ], [ 11.559774, 3.903831 ], [ 11.559854, 3.903925 ], [ 11.559933, 3.904014 ], [ 11.560002, 3.904091 ], [ 11.560043, 3.904139 ] ] } },
{ "type": "Feature", "properties": { "nom": "Rue du Vatican", "classe": "tertiary" }, "geometry": { "type": "LineString", "coordinates": [ [ 11.470982, 3.922066 ], [ 11.47095, 3.922091 ], [ 11.470893, 3.922136 ], [ 11.470824, 3.92219 ], [ 11.470736, 3.922243 ], [ 11.470573, 3.922338 ], [ 11.470362, 3.922447 ], [ 11.470247, 3.922518 ], [ 11.470121, 3.922607 ], [ 11.470031, 3.922695 ], [ 11.46993, 3.922825 ], [ 11.469831, 3.922972 ], [ 11.469752, 3.92311 ], [ 11.469557, 3.923407 ], [ 11.469512, 3.923475 ], [ 11.469304, 3.923728 ], [ 11.469213, 3.923816 ], [ 11.468848, 3.924078 ], [ 11.468501, 3.924292 ], [ 11.468273, 3.924421 ], [ 11.46807, 3.924517 ], [ 11.467937, 3.924535 ], [ 11.467819, 3.92452 ], [ 11.467683, 3.924464 ], [ 11.467604, 3.924415 ], [ 11.467314, 3.924235 ], [ 11.467144, 3.924136 ], [ 11.467004, 3.924088 ], [ 11.466869, 3.924052 ], [ 11.466753, 3.92404 ], [ 11.466647, 3.924061 ], [ 11.466524, 3.924114 ], [ 11.466422, 3.924203 ], [ 11.466354, 3.924322 ], [ 11.466283, 3.924506 ], [ 11.466209, 3.924715 ], [ 11.466147, 3.924889 ], [ 11.466052, 3.925094 ], [ 11.465967, 3.925262 ], [ 11.46588, 3.92539 ], [ 11.465753, 3.925523 ], [ 11.465564, 3.925669 ], [ 11.465286, 3.9259 ], [ 11.464849, 3.926255 ], [ 11.464417, 3.92661 ], [ 11.464258, 3.926756 ], [ 11.464191, 3.926835 ], [ 11.464126, 3.926932 ], [ 11.46408, 3.927034 ], [ 11.463883, 3.927574 ], [ 11.463788, 3.927954 ], [ 11.463787, 3.928053 ], [ 11.463819, 3.928166 ], [ 11.463874, 3.928257 ], [ 11.463957, 3.928345 ], [ 11.46451, 3.928772 ], [ 11.464628, 3.928888 ], [ 11.464708, 3.928994 ], [ 11.464822, 3.929208 ], [ 11.46487, 3.929331 ], [ 11.464903, 3.929486 ], [ 11.464923, 3.92966 ], [ 11.464927, 3.93015 ], [ 11.464913, 3.930288 ], [ 11.464893, 3.930398 ], [ 11.464856, 3.930565 ], [ 11.464722, 3.930981 ], [ 11.464684, 3.931165 ], [ 11.464673, 3.931286 ], [ 11.464672, 3.931482 ], [ 11.464688, 3.932095 ], [ 11.4647, 3.932196 ], [ 11.46473, 3.932308 ], [ 11.46483, 3.932577 ], [ 11.46492, 3.932792 ], [ 11.464954, 3.932873 ], [ 11.46509, 3.93312 ], [ 11.465144, 3.933261 ], [ 11.465175, 3.933398 ], [ 11.465207, 3.933562 ], [ 11.465231, 3.933847 ], [ 11.465251, 3.934136 ], [ 11.465247, 3.934375 ], [ 11.465243, 3.934613 ], [ 11.465243, 3.935401 ], [ 11.465262, 3.935585 ], [ 11.465279, 3.935821 ], [ 11.465285, 3.935987 ], [ 11.46523, 3.936354 ], [ 11.465203, 3.936495 ], [ 11.465167, 3.936591 ], [ 11.464924, 3.937056 ], [ 11.464704, 3.937484 ], [ 11.464588, 3.9377 ], [ 11.464334, 3.938208 ], [ 11.464294, 3.93831 ], [ 11.46426, 3.938422 ], [ 11.464246, 3.938474 ], [ 11.464091, 3.939089 ] ] } },
{ "type": "Feature", "properties": { "nom": "Carrefour Vogt", "classe": "primary" }, "geometry": { "type": "LineString", "coordinates": [ [ 11.501493, 3.844441 ], [ 11.501452, 3.844468 ], [ 11.501377, 3.844492 ], [ 11.501299, 3.84449 ], [ 11.501233, 3.844441 ], [ 11.50119, 3.844437 ], [ 11.501159, 3.844406 ], [ 11.501135, 3.844369 ], [ 11.501118, 3.844329 ], [ 11.501108, 3.844252 ], [ 11.501118, 3.844191 ], [ 11.501143, 3.844135 ], [ 11.501182, 3.844087 ], [ 11.501233, 3.844051 ], [ 11.501247, 3.844047 ], [ 11.501334, 3.844024 ], [ 11.501438, 3.844043 ], [ 11.501523, 3.844106 ], [ 11.501572, 3.844199 ], [ 11.50158, 3.844254 ], [ 11.501574, 3.84431 ], [ 11.501563, 3.844342 ], [ 11.501536, 3.844397 ], [ 11.501493, 3.844441 ] ] } },
{ "type": "Feature", "properties": { "nom": "Rue Abbé Tobie Atangana", "classe": "primary" }, "geometry": { "type": "LineString", "coordinates": [ [ 11.502309, 3.844235 ], [ 11.502546, 3.844194 ], [ 11.502782, 3.844153 ], [ 11.50305, 3.844097 ], [ 11.504071, 3.843853 ], [ 11.504369, 3.843803 ], [ 11.504653, 3.843755 ] ] } },
{ "type": "Feature", "properties": { "nom": "Rue 3.391", "classe": "secondary" }, "geometry": { "type": "LineString", "coordinates": [ [ 11.490888, 3.870293 ], [ 11.491555, 3.870451 ], [ 11.491658, 3.870467 ], [ 11.491727, 3.870467 ], [ 11.491821, 3.870451 ], [ 11.492035, 3.870377 ], [ 11.49214, 3.870328 ], [ 11.49222, 3.870296 ], [ 11.492318, 3.870252 ], [ 11.492524, 3.870148 ], [ 11.492607, 3.870101 ], [ 11.492901, 3.869862 ], [ 11.493233, 3.869601 ], [ 11.493354, 3.869533 ], [ 11.493389, 3.86952 ] ] } },
{ "type": "Feature", "properties": { "nom": "Avenue de Biyeme Assi", "classe": "primary" }, "geometry": { "type": "LineString", "coordinates": [ [ 11.485863, 3.837905 ], [ 11.485753, 3.837788 ], [ 11.48526, 3.837252 ], [ 11.485119, 3.837096 ], [ 11.484955, 3.836917 ], [ 11.484876, 3.836831 ], [ 11.484744, 3.836686 ], [ 11.484674, 3.836625 ] ] } },
{ "type": "Feature", "properties": { "nom": "Rue 7.523", "classe": "primary" }, "geometry": { "type": "LineString", "coordinates": [ [ 11.484139, 3.836225 ], [ 11.484118, 3.836198 ], [ 11.484103, 3.836166 ], [ 11.484111, 3.836137 ], [ 11.484113, 3.836102 ], [ 11.484122, 3.836074 ], [ 11.484133, 3.836053 ], [ 11.484122, 3.836042 ], [ 11.484152, 3.83601 ], [ 11.48419, 3.835989 ], [ 11.484233, 3.83598 ], [ 11.484278, 3.835984 ], [ 11.4843, 3.835992 ], [ 11.484324, 3.836005 ], [ 11.484345, 3.836023 ], [ 11.484362, 3.836044 ], [ 11.484375, 3.836069 ], [ 11.484383, 3.836095 ], [ 11.484386, 3.836122 ], [ 11.484383, 3.836149 ], [ 11.484377, 3.836173 ], [ 11.484366, 3.836195 ], [ 11.484352, 3.836215 ], [ 11.484336, 3.836232 ], [ 11.484302, 3.836254 ], [ 11.484276, 3.836278 ], [ 11.484224, 3.836266 ], [ 11.484164, 3.836245 ], [ 11.484139, 3.836225 ] ] } },
{ "type": "Feature", "properties": { "nom": "Rue 2.377", "classe": "tertiary" }, "geometry": { "type": "LineString", "coordinates": [ [ 11.4984, 3.884856 ], [ 11.498176, 3.885154 ], [ 11.498104, 3.885282 ], [ 11.49797, 3.885584 ], [ 11.497939, 3.885826 ], [ 11.497893, 3.886629 ], [ 11.497879, 3.886775 ], [ 11.497814, 3.887261 ], [ 11.497728, 3.887898 ], [ 11.497661, 3.888487 ] ] } },
{ "type": "Feature", "properties": { "nom": "", "classe": "tertiary" }, "geometry": { "type": "LineString", "coordinates": [ [ 11.397187, 3.989841 ], [ 11.397075, 3.989606 ], [ 11.396903, 3.98926 ], [ 11.396646, 3.98874 ], [ 11.396386, 3.988357 ], [ 11.396079, 3.987992 ], [ 11.395834, 3.987784 ], [ 11.395605, 3.987613 ], [ 11.395006, 3.987356 ], [ 11.394774, 3.987284 ], [ 11.394623, 3.987268 ], [ 11.394483, 3.98721 ], [ 11.394225, 3.987106 ], [ 11.394129, 3.987071 ], [ 11.393933, 3.986994 ], [ 11.393724, 3.986895 ], [ 11.39349, 3.986705 ], [ 11.393305, 3.986592 ], [ 11.39315, 3.986441 ], [ 11.392989, 3.98626 ], [ 11.392869, 3.986065 ], [ 11.392788, 3.985879 ], [ 11.392686, 3.985549 ], [ 11.392566, 3.98523 ], [ 11.39223, 3.984492 ], [ 11.392164, 3.984368 ], [ 11.392089, 3.98421 ], [ 11.391964, 3.984039 ], [ 11.391831, 3.983913 ], [ 11.391537, 3.983674 ], [ 11.391327, 3.983554 ], [ 11.391158, 3.983448 ], [ 11.391039, 3.983325 ], [ 11.390908, 3.983232 ], [ 11.390739, 3.983143 ], [ 11.390508, 3.983012 ], [ 11.390052, 3.982715 ] ] } },
{ "type": "Feature", "properties": { "nom": "Ancienne Route de Douala", "classe": "primary" }, "geometry": { "type": "LineString", "coordinates": [ [ 11.45392, 3.872676 ], [ 11.454143, 3.872644 ] ] } },
{ "type": "Feature", "properties": { "nom": "Rue Mgr. René Graffin", "classe": "secondary" }, "geometry": { "type": "LineString", "coordinates": [ [ 11.526672, 3.867473 ], [ 11.526597, 3.867549 ], [ 11.526526, 3.867612 ], [ 11.526438, 3.867665 ], [ 11.526157, 3.8678 ], [ 11.525974, 3.867889 ] ] } },
{ "type": "Feature", "properties": { "nom": "Rue Many Ewondo", "classe": "primary" }, "geometry": { "type": "LineString", "coordinates": [ [ 11.526988, 3.863395 ], [ 11.526574, 3.863185 ], [ 11.525932, 3.862893 ], [ 11.525409, 3.862641 ], [ 11.525094, 3.86249 ], [ 11.524344, 3.862132 ], [ 11.523598, 3.861769 ], [ 11.523073, 3.861498 ], [ 11.522684, 3.861347 ], [ 11.522475, 3.861299 ], [ 11.522183, 3.86128 ], [ 11.522129, 3.861286 ], [ 11.521883, 3.861329 ], [ 11.521434, 3.861436 ] ] } },
{ "type": "Feature", "properties": { "nom": "Avenue de Biyeme Assi", "classe": "secondary" }, "geometry": { "type": "LineString", "coordinates": [ [ 11.48392, 3.835738 ], [ 11.483843, 3.835652 ], [ 11.483773, 3.835574 ], [ 11.483652, 3.835441 ], [ 11.483342, 3.835097 ], [ 11.483301, 3.835041 ], [ 11.483268, 3.834977 ], [ 11.483246, 3.834908 ], [ 11.483231, 3.834833 ], [ 11.483199, 3.834624 ], [ 11.483172, 3.834353 ], [ 11.483149, 3.834133 ], [ 11.483124, 3.833854 ], [ 11.483101, 3.833603 ], [ 11.483084, 3.833415 ], [ 11.483071, 3.833268 ], [ 11.483057, 3.833092 ], [ 11.483042, 3.832915 ], [ 11.483025, 3.832669 ], [ 11.483004, 3.832403 ], [ 11.482972, 3.832039 ] ] } },
{ "type": "Feature", "properties": { "nom": "Avenue Germaine Ahidjo", "classe": "secondary" }, "geometry": { "type": "LineString", "coordinates": [ [ 11.529725, 3.873502 ], [ 11.529886, 3.873462 ], [ 11.53017, 3.87339 ], [ 11.530433, 3.873314 ], [ 11.530666, 3.873227 ], [ 11.530864, 3.873133 ], [ 11.531212, 3.87294 ], [ 11.531246, 3.872921 ], [ 11.531387, 3.872826 ], [ 11.531595, 3.872687 ], [ 11.532031, 3.872398 ], [ 11.532237, 3.872259 ], [ 11.533239, 3.871567 ], [ 11.533446, 3.871424 ], [ 11.533542, 3.871349 ], [ 11.533713, 3.871216 ], [ 11.533981, 3.87101 ], [ 11.534223, 3.870838 ], [ 11.534272, 3.870799 ], [ 11.53435, 3.870745 ] ] } },
{ "type": "Feature", "properties": { "nom": "Rue 1.273", "classe": "secondary" }, "geometry": { "type": "LineString", "coordinates": [ [ 11.537989, 3.869882 ], [ 11.537342, 3.869486 ], [ 11.537244, 3.869428 ], [ 11.537142, 3.869349 ], [ 11.536963, 3.869187 ], [ 11.536749, 3.868957 ], [ 11.536546, 3.86872 ], [ 11.536497, 3.868665 ], [ 11.535811, 3.867928 ], [ 11.535553, 3.86765 ], [ 11.535426, 3.86746 ], [ 11.535049, 3.866749 ], [ 11.53483, 3.866354 ], [ 11.534761, 3.86618 ], [ 11.534738, 3.866087 ], [ 11.534725, 3.865991 ], [ 11.534733, 3.865764 ], [ 11.534812, 3.865242 ] ] } },
{ "type": "Feature", "properties": { "nom": "Rue Rodolphe Abessolo", "classe": "secondary" }, "geometry": { "type": "LineString", "coordinates": [ [ 11.52805, 3.864834 ], [ 11.527715, 3.865425 ], [ 11.527634, 3.865575 ], [ 11.527509, 3.865808 ], [ 11.527356, 3.866092 ], [ 11.527297, 3.866202 ], [ 11.527169, 3.866441 ], [ 11.52714, 3.866494 ], [ 11.527081, 3.866607 ], [ 11.527042, 3.866678 ], [ 11.5268, 3.867198 ], [ 11.526672, 3.867473 ] ] } },
{ "type": "Feature", "properties": { "nom": "", "classe": "primary" }, "geometry": { "type": "LineString", "coordinates": [ [ 11.513363, 3.866345 ], [ 11.513512, 3.866367 ] ] } },
{ "type": "Feature", "properties": { "nom": "Yaoundé-Mbalmayo", "classe": "trunk" }, "geometry": { "type": "LineString", "coordinates": [ [ 11.522209, 3.79924 ], [ 11.52221, 3.799168 ], [ 11.522211, 3.798968 ], [ 11.522221, 3.798817 ], [ 11.522231, 3.798645 ], [ 11.522255, 3.798457 ] ] } },
{ "type": "Feature", "properties": { "nom": "Rue 4.751", "classe": "secondary" }, "geometry": { "type": "LineString", "coordinates": [ [ 11.549306, 3.867255 ], [ 11.549379, 3.867545 ], [ 11.549464, 3.867931 ], [ 11.549581, 3.868454 ], [ 11.549698, 3.869017 ], [ 11.549727, 3.869168 ], [ 11.550056, 3.87066 ], [ 11.550366, 3.872135 ], [ 11.550406, 3.8724 ], [ 11.550414, 3.872524 ], [ 11.550409, 3.872683 ], [ 11.550391, 3.872802 ], [ 11.550363, 3.872913 ], [ 11.550295, 3.873137 ], [ 11.549981, 3.873696 ] ] } },
{ "type": "Feature", "properties": { "nom": "Rue 8.318", "classe": "secondary" }, "geometry": { "type": "LineString", "coordinates": [ [ 11.492468, 3.789862 ], [ 11.492418, 3.789757 ], [ 11.492368, 3.789656 ], [ 11.49234, 3.789612 ], [ 11.492119, 3.789264 ], [ 11.49181, 3.788745 ], [ 11.491755, 3.788645 ], [ 11.491615, 3.788355 ], [ 11.491568, 3.78823 ], [ 11.491529, 3.788058 ], [ 11.491522, 3.787967 ], [ 11.491526, 3.787806 ], [ 11.49154, 3.787589 ], [ 11.491558, 3.787415 ], [ 11.491575, 3.787257 ], [ 11.491589, 3.787112 ], [ 11.491599, 3.786918 ], [ 11.491576, 3.786711 ], [ 11.491544, 3.78649 ], [ 11.49152, 3.786351 ], [ 11.491387, 3.785941 ], [ 11.491359, 3.785853 ], [ 11.491293, 3.785683 ], [ 11.491129, 3.785351 ], [ 11.490987, 3.785096 ], [ 11.490897, 3.784934 ], [ 11.490734, 3.784686 ], [ 11.490561, 3.784463 ], [ 11.490315, 3.784174 ], [ 11.490004, 3.783811 ], [ 11.489472, 3.783289 ], [ 11.489318, 3.783132 ], [ 11.48924, 3.783046 ], [ 11.489169, 3.782949 ], [ 11.489116, 3.782881 ], [ 11.489072, 3.782825 ], [ 11.489048, 3.782779 ], [ 11.488804, 3.78231 ], [ 11.488699, 3.782086 ], [ 11.488619, 3.781864 ], [ 11.488573, 3.781738 ], [ 11.488456, 3.781391 ], [ 11.488396, 3.781177 ], [ 11.488265, 3.780831 ], [ 11.488201, 3.780641 ], [ 11.488144, 3.780482 ], [ 11.488074, 3.780283 ], [ 11.488027, 3.780151 ], [ 11.487911, 3.779839 ], [ 11.487803, 3.77955 ], [ 11.487709, 3.779371 ], [ 11.48763, 3.779248 ], [ 11.487518, 3.779122 ], [ 11.487431, 3.779043 ], [ 11.487416, 3.779028 ] ] } },
{ "type": "Feature", "properties": { "nom": "rue André Amougou", "classe": "primary" }, "geometry": { "type": "LineString", "coordinates": [ [ 11.520914, 3.847093 ], [ 11.52089, 3.847164 ], [ 11.520873, 3.84725 ], [ 11.520863, 3.847354 ], [ 11.520857, 3.847484 ] ] } },
{ "type": "Feature", "properties": { "nom": "Rue 4.501", "classe": "tertiary" }, "geometry": { "type": "LineString", "coordinates": [ [ 11.544132, 3.855925 ], [ 11.544378, 3.855792 ], [ 11.544466, 3.855761 ], [ 11.544727, 3.855704 ], [ 11.545209, 3.855621 ], [ 11.545632, 3.855559 ], [ 11.54598, 3.855506 ], [ 11.546448, 3.855448 ], [ 11.546534, 3.855437 ], [ 11.547539, 3.855315 ] ] } },
{ "type": "Feature", "properties": { "nom": "", "classe": "tertiary" }, "geometry": { "type": "LineString", "coordinates": [ [ 11.586484, 3.862508 ], [ 11.586569, 3.862571 ], [ 11.586615, 3.862595 ], [ 11.586837, 3.862688 ], [ 11.586989, 3.862741 ], [ 11.587359, 3.862915 ], [ 11.587972, 3.863223 ], [ 11.588313, 3.86338 ], [ 11.588779, 3.863612 ], [ 11.588909, 3.863673 ], [ 11.58957, 3.863982 ], [ 11.589966, 3.864131 ], [ 11.590327, 3.864265 ], [ 11.590463, 3.864317 ], [ 11.590556, 3.864358 ], [ 11.590793, 3.864408 ], [ 11.591002, 3.864469 ], [ 11.591302, 3.864588 ], [ 11.591369, 3.86463 ], [ 11.591424, 3.864675 ], [ 11.591559, 3.864806 ], [ 11.591657, 3.864883 ], [ 11.5919, 3.865041 ], [ 11.592192, 3.865216 ], [ 11.592323, 3.865296 ], [ 11.592441, 3.865368 ], [ 11.592555, 3.865442 ], [ 11.592695, 3.865549 ], [ 11.592779, 3.865609 ], [ 11.592947, 3.865731 ], [ 11.593117, 3.865871 ], [ 11.593308, 3.866043 ], [ 11.593829, 3.866493 ], [ 11.594036, 3.866672 ], [ 11.594195, 3.866799 ], [ 11.594438, 3.866988 ], [ 11.594681, 3.867148 ], [ 11.594998, 3.867341 ], [ 11.595328, 3.867533 ], [ 11.59541, 3.867576 ], [ 11.595625, 3.867688 ], [ 11.595835, 3.867806 ], [ 11.596115, 3.867943 ], [ 11.596308, 3.868026 ], [ 11.596894, 3.868213 ], [ 11.597457, 3.868393 ], [ 11.59783, 3.868515 ], [ 11.598077, 3.868619 ], [ 11.598351, 3.868776 ], [ 11.598631, 3.868997 ], [ 11.598827, 3.8692 ], [ 11.59913, 3.869557 ], [ 11.599422, 3.869971 ], [ 11.599493, 3.870133 ], [ 11.599604, 3.870256 ], [ 11.599668, 3.870394 ], [ 11.599706, 3.870493 ], [ 11.599735, 3.870579 ], [ 11.599765, 3.870704 ], [ 11.599804, 3.870969 ], [ 11.599848, 3.871247 ], [ 11.599877, 3.871456 ], [ 11.599924, 3.871694 ] ] } },
{ "type": "Feature", "properties": { "nom": "", "classe": "tertiary" }, "geometry": { "type": "LineString", "coordinates": [ [ 11.463863, 3.939753 ], [ 11.463894, 3.940016 ], [ 11.463946, 3.940208 ] ] } },
{ "type": "Feature", "properties": { "nom": "", "classe": "secondary" }, "geometry": { "type": "LineString", "coordinates": [ [ 11.452731, 3.966713 ], [ 11.453593, 3.966615 ], [ 11.454406, 3.966616 ], [ 11.455986, 3.966158 ], [ 11.45703, 3.966102 ], [ 11.457701, 3.966133 ], [ 11.458255, 3.966203 ], [ 11.458612, 3.966398 ], [ 11.45962, 3.967243 ], [ 11.460346, 3.967713 ], [ 11.460791, 3.967968 ], [ 11.461117, 3.968035 ], [ 11.461766, 3.96804 ], [ 11.462464, 3.968103 ], [ 11.462592, 3.968127 ], [ 11.462731, 3.968184 ], [ 11.463485, 3.968731 ], [ 11.463549, 3.968825 ], [ 11.463847, 3.969299 ], [ 11.463965, 3.969422 ], [ 11.464327, 3.969702 ], [ 11.465538, 3.970639 ], [ 11.465757, 3.970704 ], [ 11.465953, 3.97072 ], [ 11.466139, 3.970686 ], [ 11.46749, 3.970045 ], [ 11.467707, 3.969972 ], [ 11.468957, 3.969807 ], [ 11.469061, 3.969762 ], [ 11.469394, 3.969478 ], [ 11.469512, 3.969414 ], [ 11.469966, 3.969162 ], [ 11.470736, 3.968725 ], [ 11.471622, 3.968299 ], [ 11.471779, 3.968223 ], [ 11.471913, 3.968188 ], [ 11.472049, 3.968204 ], [ 11.472313, 3.968271 ], [ 11.472433, 3.968253 ], [ 11.473025, 3.967943 ], [ 11.473243, 3.967787 ], [ 11.473425, 3.967616 ], [ 11.473584, 3.967422 ], [ 11.474108, 3.966708 ], [ 11.474494, 3.96608 ], [ 11.474965, 3.965168 ], [ 11.474996, 3.965119 ], [ 11.475113, 3.964957 ], [ 11.475147, 3.964917 ], [ 11.475699, 3.9644 ], [ 11.476483, 3.963819 ], [ 11.476858, 3.963616 ], [ 11.476923, 3.963597 ], [ 11.476992, 3.96359 ], [ 11.477718, 3.96363 ], [ 11.477809, 3.963619 ], [ 11.477906, 3.963593 ], [ 11.477995, 3.963551 ], [ 11.478602, 3.963113 ], [ 11.478666, 3.963061 ], [ 11.478966, 3.962783 ], [ 11.479024, 3.962715 ], [ 11.479136, 3.962538 ], [ 11.4792, 3.962462 ], [ 11.479283, 3.962285 ] ] } },
{ "type": "Feature", "properties": { "nom": "", "classe": "tertiary" }, "geometry": { "type": "LineString", "coordinates": [ [ 11.445304, 3.919956 ], [ 11.445714, 3.919925 ], [ 11.445797, 3.919927 ], [ 11.445879, 3.919941 ], [ 11.445986, 3.919989 ], [ 11.446599, 3.920379 ], [ 11.446674, 3.920404 ], [ 11.446949, 3.920443 ], [ 11.447183, 3.920427 ], [ 11.447385, 3.920427 ], [ 11.447803, 3.920458 ], [ 11.448101, 3.920486 ], [ 11.44826, 3.920513 ], [ 11.448756, 3.920645 ], [ 11.44886, 3.920664 ], [ 11.449106, 3.920682 ], [ 11.449228, 3.920703 ], [ 11.449282, 3.920718 ], [ 11.449699, 3.920839 ], [ 11.449811, 3.920879 ], [ 11.449943, 3.920934 ], [ 11.450043, 3.920989 ], [ 11.450269, 3.92116 ], [ 11.450332, 3.921207 ], [ 11.450407, 3.921253 ], [ 11.451018, 3.921519 ], [ 11.451496, 3.921686 ], [ 11.452126, 3.921907 ], [ 11.452216, 3.921925 ], [ 11.452308, 3.92193 ], [ 11.453836, 3.921467 ], [ 11.454078, 3.921383 ], [ 11.45421, 3.921337 ], [ 11.454797, 3.921148 ], [ 11.454882, 3.92112 ], [ 11.454984, 3.921085 ], [ 11.455547, 3.920851 ], [ 11.455616, 3.920808 ], [ 11.455688, 3.920755 ], [ 11.455894, 3.920539 ], [ 11.456011, 3.920416 ], [ 11.456196, 3.920202 ], [ 11.456308, 3.920094 ], [ 11.456342, 3.92006 ], [ 11.456438, 3.919991 ], [ 11.456515, 3.919945 ], [ 11.456608, 3.919913 ], [ 11.456696, 3.919894 ], [ 11.456892, 3.91988 ], [ 11.45724, 3.919892 ], [ 11.457532, 3.919915 ], [ 11.457976, 3.919951 ], [ 11.458162, 3.919972 ], [ 11.458296, 3.919999 ], [ 11.458433, 3.92004 ], [ 11.458677, 3.920159 ], [ 11.458794, 3.920217 ], [ 11.458968, 3.920303 ], [ 11.459187, 3.920418 ], [ 11.459373, 3.920526 ], [ 11.459519, 3.920617 ], [ 11.459588, 3.920675 ], [ 11.459828, 3.920977 ], [ 11.459898, 3.92104 ], [ 11.459988, 3.921092 ], [ 11.460474, 3.921259 ], [ 11.460612, 3.921305 ], [ 11.460936, 3.921429 ], [ 11.461209, 3.921564 ], [ 11.461288, 3.921598 ], [ 11.461484, 3.921651 ], [ 11.461616, 3.921687 ], [ 11.461697, 3.92172 ], [ 11.462175, 3.921995 ], [ 11.462247, 3.922033 ], [ 11.462322, 3.922065 ], [ 11.462419, 3.922085 ], [ 11.462706, 3.922119 ], [ 11.462796, 3.922122 ], [ 11.463292, 3.922055 ], [ 11.46338, 3.922049 ], [ 11.464036, 3.922097 ], [ 11.464213, 3.922128 ], [ 11.464259, 3.922135 ], [ 11.465001, 3.922263 ], [ 11.465155, 3.9223 ], [ 11.465302, 3.922352 ], [ 11.465397, 3.922402 ], [ 11.465553, 3.922505 ], [ 11.465919, 3.922774 ], [ 11.466268, 3.923031 ], [ 11.466488, 3.923197 ], [ 11.46656, 3.92327 ], [ 11.466626, 3.923353 ], [ 11.466747, 3.923551 ], [ 11.466839, 3.923705 ], [ 11.467144, 3.924136 ] ] } },
{ "type": "Feature", "properties": { "nom": "", "classe": "tertiary" }, "geometry": { "type": "LineString", "coordinates": [ [ 11.45218, 3.983455 ], [ 11.451053, 3.98315 ], [ 11.449817, 3.982735 ], [ 11.448714, 3.982679 ], [ 11.447869, 3.982734 ], [ 11.447525, 3.982565 ], [ 11.447139, 3.982075 ], [ 11.446856, 3.981363 ], [ 11.446563, 3.980604 ], [ 11.446362, 3.980086 ], [ 11.446063, 3.979585 ], [ 11.445812, 3.979345 ], [ 11.445551, 3.979169 ], [ 11.445229, 3.979123 ], [ 11.444891, 3.979075 ], [ 11.444219, 3.979047 ], [ 11.443605, 3.979027 ], [ 11.442963, 3.978968 ], [ 11.442848, 3.978904 ], [ 11.442773, 3.978822 ], [ 11.442654, 3.978179 ], [ 11.442498, 3.977865 ], [ 11.442266, 3.977494 ], [ 11.442097, 3.977283 ], [ 11.441927, 3.977123 ], [ 11.441589, 3.976913 ], [ 11.440587, 3.976492 ], [ 11.44021, 3.976284 ], [ 11.439927, 3.976034 ], [ 11.439319, 3.97535 ], [ 11.437851, 3.973969 ], [ 11.437735, 3.97386 ], [ 11.436927, 3.973448 ], [ 11.435981, 3.973058 ], [ 11.43499, 3.97286 ], [ 11.434283, 3.972813 ], [ 11.434083, 3.97272 ], [ 11.433424, 3.971822 ], [ 11.432475, 3.970092 ], [ 11.432076, 3.969493 ], [ 11.431642, 3.969134 ], [ 11.431029, 3.968851 ], [ 11.430153, 3.968592 ], [ 11.43001, 3.968465 ], [ 11.429897, 3.967459 ], [ 11.429823, 3.967325 ], [ 11.429728, 3.967213 ], [ 11.429573, 3.967116 ], [ 11.429385, 3.96704 ], [ 11.429206, 3.966984 ] ] } },
{ "type": "Feature", "properties": { "nom": "", "classe": "tertiary" }, "geometry": { "type": "LineString", "coordinates": [ [ 11.397001, 3.860543 ], [ 11.396888, 3.860713 ], [ 11.396847, 3.860813 ], [ 11.396816, 3.860907 ], [ 11.396742, 3.861141 ], [ 11.396681, 3.861388 ], [ 11.396631, 3.86164 ], [ 11.396579, 3.861913 ], [ 11.396508, 3.862281 ], [ 11.396499, 3.862367 ], [ 11.3965, 3.862439 ], [ 11.396503, 3.862516 ], [ 11.396508, 3.862578 ], [ 11.396577, 3.862872 ], [ 11.39666, 3.86318 ], [ 11.396682, 3.863256 ], [ 11.396822, 3.863739 ], [ 11.396892, 3.864024 ], [ 11.396959, 3.864377 ], [ 11.397035, 3.864752 ], [ 11.397175, 3.865152 ], [ 11.397184, 3.865213 ], [ 11.397186, 3.865271 ], [ 11.397177, 3.865336 ], [ 11.397161, 3.865402 ], [ 11.397109, 3.865493 ], [ 11.397079, 3.865529 ], [ 11.39704, 3.865576 ], [ 11.396742, 3.865828 ], [ 11.396426, 3.866068 ], [ 11.396059, 3.866276 ], [ 11.395849, 3.866356 ], [ 11.395652, 3.866421 ], [ 11.395343, 3.866503 ], [ 11.395197, 3.866534 ], [ 11.395065, 3.866537 ], [ 11.394896, 3.866531 ], [ 11.394745, 3.866519 ], [ 11.394607, 3.866498 ], [ 11.394482, 3.866472 ], [ 11.394384, 3.866435 ], [ 11.394285, 3.866385 ], [ 11.394208, 3.866327 ], [ 11.394146, 3.866266 ], [ 11.394038, 3.866125 ], [ 11.393936, 3.86599 ], [ 11.393836, 3.865855 ], [ 11.393739, 3.865729 ], [ 11.393667, 3.865661 ], [ 11.3936, 3.865609 ], [ 11.393473, 3.865532 ], [ 11.393312, 3.865477 ], [ 11.393182, 3.865448 ], [ 11.393086, 3.865459 ], [ 11.393009, 3.865474 ], [ 11.392936, 3.865492 ], [ 11.392874, 3.865512 ], [ 11.392734, 3.865577 ], [ 11.392627, 3.865661 ], [ 11.392522, 3.865783 ], [ 11.392428, 3.865918 ], [ 11.392262, 3.866182 ], [ 11.392213, 3.866244 ], [ 11.392155, 3.866304 ], [ 11.392083, 3.866351 ], [ 11.392003, 3.866396 ], [ 11.391897, 3.866425 ], [ 11.391803, 3.86644 ], [ 11.391611, 3.86646 ], [ 11.391523, 3.866467 ], [ 11.391433, 3.866463 ], [ 11.391352, 3.866451 ], [ 11.391288, 3.866422 ], [ 11.39117, 3.866359 ], [ 11.391007, 3.866211 ], [ 11.390774, 3.866011 ], [ 11.390647, 3.865924 ], [ 11.390533, 3.865862 ], [ 11.390306, 3.865765 ], [ 11.390094, 3.865697 ] ] } },
{ "type": "Feature", "properties": { "nom": "", "classe": "primary" }, "geometry": { "type": "LineString", "coordinates": [ [ 11.531592, 3.886942 ], [ 11.531457, 3.886953 ], [ 11.53128, 3.886967 ] ] } },
{ "type": "Feature", "properties": { "nom": "", "classe": "trunk" }, "geometry": { "type": "LineString", "coordinates": [ [ 11.456229, 3.785018 ], [ 11.455937, 3.785044 ] ] } },
{ "type": "Feature", "properties": { "nom": "", "classe": "trunk" }, "geometry": { "type": "LineString", "coordinates": [ [ 11.419049, 3.790914 ], [ 11.418856, 3.790942 ], [ 11.418663, 3.791012 ], [ 11.418169, 3.791183 ], [ 11.417858, 3.791274 ], [ 11.417536, 3.791365 ], [ 11.417134, 3.791424 ], [ 11.416501, 3.791536 ], [ 11.416249, 3.791536 ], [ 11.415868, 3.791542 ], [ 11.415406, 3.791526 ], [ 11.41513, 3.791514 ], [ 11.414532, 3.791488 ], [ 11.412429, 3.791343 ], [ 11.411721, 3.791274 ], [ 11.41149, 3.791237 ], [ 11.41119, 3.79122 ], [ 11.410997, 3.791194 ], [ 11.410702, 3.791092 ], [ 11.410305, 3.790953 ], [ 11.409945, 3.790792 ], [ 11.409591, 3.79068 ], [ 11.408583, 3.790128 ], [ 11.407253, 3.789497 ], [ 11.406314, 3.78902 ], [ 11.405429, 3.78856 ], [ 11.405128, 3.788442 ], [ 11.404785, 3.788303 ], [ 11.404399, 3.788185 ], [ 11.404109, 3.788127 ], [ 11.403852, 3.788057 ], [ 11.403583, 3.788014 ], [ 11.403288, 3.788003 ], [ 11.402929, 3.788019 ], [ 11.402591, 3.788062 ], [ 11.402162, 3.788153 ], [ 11.4017, 3.788319 ], [ 11.401605, 3.788361 ], [ 11.401468, 3.788426 ], [ 11.400842, 3.788785 ], [ 11.400263, 3.789235 ], [ 11.399978, 3.789475 ], [ 11.399522, 3.789973 ], [ 11.399361, 3.790037 ], [ 11.399254, 3.79023 ], [ 11.399061, 3.7903 ], [ 11.398873, 3.790402 ], [ 11.398637, 3.790562 ], [ 11.39816, 3.790798 ], [ 11.397656, 3.791022 ], [ 11.397189, 3.791119 ], [ 11.396744, 3.791231 ], [ 11.396272, 3.79129 ], [ 11.39566, 3.791269 ], [ 11.39529, 3.791251 ], [ 11.395102, 3.791242 ], [ 11.394292, 3.791161 ], [ 11.39375, 3.791143 ], [ 11.393351, 3.791167 ], [ 11.392702, 3.791325 ], [ 11.391385, 3.791825 ], [ 11.390754, 3.792032 ], [ 11.390626, 3.792074 ] ] } },
{ "type": "Feature", "properties": { "nom": "Rue Elig Efa", "classe": "secondary" }, "geometry": { "type": "LineString", "coordinates": [ [ 11.49594, 3.8675 ], [ 11.495976, 3.867747 ], [ 11.496048, 3.868036 ], [ 11.496144, 3.868202 ], [ 11.496341, 3.868376 ], [ 11.496966, 3.868832 ], [ 11.497581, 3.869285 ], [ 11.497628, 3.869319 ], [ 11.498175, 3.86972 ], [ 11.498197, 3.869733 ], [ 11.498298, 3.86982 ], [ 11.49839, 3.869943 ], [ 11.498443, 3.870035 ], [ 11.498404, 3.870172 ], [ 11.498348, 3.870314 ], [ 11.498196, 3.870672 ], [ 11.498121, 3.870843 ], [ 11.498059, 3.870971 ], [ 11.497898, 3.871303 ], [ 11.497874, 3.871368 ], [ 11.497833, 3.871479 ], [ 11.497777, 3.871656 ], [ 11.497742, 3.871823 ], [ 11.497704, 3.871968 ] ] } },
{ "type": "Feature", "properties": { "nom": "Rue de l'Université", "classe": "secondary" }, "geometry": { "type": "LineString", "coordinates": [ [ 11.504922, 3.859682 ], [ 11.504853, 3.859627 ], [ 11.504787, 3.859512 ], [ 11.504756, 3.859408 ], [ 11.504687, 3.859022 ], [ 11.504554, 3.85829 ], [ 11.504437, 3.857848 ], [ 11.504368, 3.857702 ], [ 11.504056, 3.857039 ] ] } },
{ "type": "Feature", "properties": { "nom": "Avenue John F. Kennedy", "classe": "secondary" }, "geometry": { "type": "LineString", "coordinates": [ [ 11.519913, 3.863286 ], [ 11.519981, 3.863385 ], [ 11.520004, 3.863434 ], [ 11.520024, 3.863489 ], [ 11.520043, 3.863569 ], [ 11.520098, 3.863826 ], [ 11.520214, 3.864469 ], [ 11.520343, 3.865044 ], [ 11.520414, 3.865452 ], [ 11.520452, 3.865658 ], [ 11.520515, 3.865942 ], [ 11.52056, 3.866212 ], [ 11.520581, 3.866246 ], [ 11.520617, 3.866279 ] ] } },
{ "type": "Feature", "properties": { "nom": "Avenue Charles de Gaulle", "classe": "secondary" }, "geometry": { "type": "LineString", "coordinates": [ [ 11.517036, 3.875729 ], [ 11.517054, 3.875569 ], [ 11.517057, 3.875504 ], [ 11.517173, 3.875174 ], [ 11.517493, 3.874285 ], [ 11.517517, 3.874166 ], [ 11.517519, 3.874041 ], [ 11.517502, 3.873824 ], [ 11.517456, 3.873597 ], [ 11.517398, 3.87337 ] ] } },
{ "type": "Feature", "properties": { "nom": "Rue Manfred Otto Fouda", "classe": "tertiary" }, "geometry": { "type": "LineString", "coordinates": [ [ 11.532066, 3.868677 ], [ 11.532037, 3.868727 ], [ 11.531962, 3.868864 ], [ 11.531798, 3.869061 ], [ 11.531439, 3.869315 ], [ 11.531336, 3.869373 ], [ 11.531243, 3.869409 ], [ 11.531145, 3.869434 ], [ 11.53078, 3.869494 ], [ 11.530676, 3.86949 ], [ 11.530598, 3.869472 ], [ 11.530528, 3.869438 ], [ 11.530326, 3.869324 ], [ 11.529957, 3.869096 ], [ 11.529275, 3.868728 ], [ 11.529095, 3.868602 ], [ 11.528883, 3.868484 ], [ 11.528503, 3.868285 ], [ 11.527879, 3.867981 ], [ 11.527746, 3.867924 ], [ 11.527103, 3.86767 ], [ 11.52685, 3.86758 ], [ 11.526749, 3.867528 ], [ 11.526672, 3.867473 ] ] } },
{ "type": "Feature", "properties": { "nom": "", "classe": "primary" }, "geometry": { "type": "LineString", "coordinates": [ [ 11.512399, 3.841286 ], [ 11.512317, 3.840978 ], [ 11.512167, 3.840474 ], [ 11.511893, 3.839601 ], [ 11.511811, 3.839338 ], [ 11.511788, 3.839222 ], [ 11.511769, 3.839021 ], [ 11.511761, 3.838874 ], [ 11.511762, 3.838715 ], [ 11.511771, 3.838602 ], [ 11.51179, 3.838477 ], [ 11.511814, 3.838347 ], [ 11.511824, 3.838276 ], [ 11.511867, 3.838048 ], [ 11.5119, 3.837858 ], [ 11.511911, 3.837805 ], [ 11.511925, 3.837754 ], [ 11.511944, 3.837695 ], [ 11.511955, 3.837664 ], [ 11.511997, 3.837585 ] ] } },
{ "type": "Feature", "properties": { "nom": "Rue Tsoungui Oloa", "classe": "primary" }, "geometry": { "type": "LineString", "coordinates": [ [ 11.545491, 3.888133 ], [ 11.545794, 3.88794 ], [ 11.546058, 3.887771 ], [ 11.54651, 3.887475 ], [ 11.546617, 3.887411 ], [ 11.546738, 3.887348 ], [ 11.546877, 3.887275 ], [ 11.547057, 3.887177 ], [ 11.547248, 3.887071 ], [ 11.547351, 3.887021 ], [ 11.547479, 3.886964 ], [ 11.547616, 3.886915 ], [ 11.547768, 3.88688 ], [ 11.547904, 3.886865 ], [ 11.548302, 3.886842 ], [ 11.548772, 3.886818 ], [ 11.54932, 3.886783 ], [ 11.549535, 3.886766 ], [ 11.549851, 3.886741 ], [ 11.550233, 3.886713 ], [ 11.550259, 3.886712 ], [ 11.550305, 3.886708 ], [ 11.550329, 3.886706 ], [ 11.550706, 3.886598 ], [ 11.55087, 3.886546 ], [ 11.550997, 3.88649 ], [ 11.55108, 3.886431 ], [ 11.551159, 3.886367 ], [ 11.55134, 3.886215 ], [ 11.551409, 3.886115 ], [ 11.551483, 3.886009 ], [ 11.551554, 3.885858 ], [ 11.551613, 3.885711 ], [ 11.55165, 3.885475 ], [ 11.55167, 3.885231 ], [ 11.551637, 3.884879 ], [ 11.551618, 3.884779 ], [ 11.551607, 3.884725 ], [ 11.551549, 3.884539 ], [ 11.551513, 3.884348 ], [ 11.551457, 3.88411 ], [ 11.55139, 3.883861 ], [ 11.551258, 3.883365 ], [ 11.551234, 3.883243 ], [ 11.551157, 3.882848 ], [ 11.551041, 3.882288 ], [ 11.55096, 3.881914 ], [ 11.550897, 3.881631 ], [ 11.550871, 3.881513 ], [ 11.55083, 3.881338 ], [ 11.550743, 3.881031 ], [ 11.550672, 3.880779 ], [ 11.550639, 3.880666 ], [ 11.550564, 3.880458 ], [ 11.55048, 3.88022 ], [ 11.550387, 3.88004 ] ] } },
{ "type": "Feature", "properties": { "nom": "Boulevard du Cinquantenaire", "classe": "primary" }, "geometry": { "type": "LineString", "coordinates": [ [ 11.536691, 3.886319 ], [ 11.536766, 3.886336 ], [ 11.537142, 3.886445 ], [ 11.537459, 3.886523 ], [ 11.538189, 3.886713 ], [ 11.538562, 3.886814 ], [ 11.539547, 3.887048 ], [ 11.540289, 3.887254 ], [ 11.540945, 3.887399 ], [ 11.541146, 3.887443 ], [ 11.541583, 3.887527 ], [ 11.541858, 3.887574 ], [ 11.54241, 3.887642 ], [ 11.543286, 3.887739 ], [ 11.543671, 3.887788 ], [ 11.544029, 3.887852 ], [ 11.544259, 3.887904 ], [ 11.544716, 3.888102 ], [ 11.544869, 3.888162 ] ] } },
{ "type": "Feature", "properties": { "nom": "Avenue du 27 août 1940", "classe": "secondary" }, "geometry": { "type": "LineString", "coordinates": [ [ 11.507731, 3.879954 ], [ 11.507297, 3.880407 ], [ 11.506328, 3.881422 ], [ 11.506229, 3.881524 ], [ 11.505927, 3.881835 ], [ 11.505653, 3.882116 ], [ 11.505406, 3.882376 ], [ 11.505195, 3.882587 ], [ 11.504786, 3.883006 ], [ 11.504392, 3.883409 ], [ 11.504083, 3.883676 ] ] } },
{ "type": "Feature", "properties": { "nom": "Rue Joseph Essono Balla", "classe": "secondary" }, "geometry": { "type": "LineString", "coordinates": [ [ 11.524109, 3.871494 ], [ 11.524055, 3.872313 ], [ 11.524067, 3.872831 ], [ 11.524093, 3.873207 ], [ 11.52415, 3.873807 ], [ 11.524198, 3.874117 ], [ 11.52431, 3.874559 ], [ 11.524429, 3.874945 ], [ 11.524527, 3.875202 ], [ 11.524585, 3.875362 ], [ 11.524695, 3.875614 ], [ 11.524873, 3.876021 ], [ 11.524901, 3.876159 ], [ 11.524896, 3.876284 ], [ 11.524862, 3.876534 ], [ 11.524795, 3.876808 ], [ 11.524747, 3.877097 ], [ 11.524714, 3.877263 ], [ 11.524675, 3.877433 ], [ 11.524596, 3.877807 ], [ 11.524578, 3.877887 ], [ 11.524541, 3.878144 ], [ 11.524522, 3.878231 ], [ 11.5245, 3.878314 ], [ 11.524454, 3.878549 ], [ 11.524431, 3.87868 ], [ 11.524327, 3.879125 ], [ 11.524311, 3.879205 ], [ 11.524233, 3.879558 ], [ 11.524158, 3.879804 ], [ 11.524057, 3.880142 ], [ 11.523893, 3.880675 ], [ 11.523789, 3.880997 ], [ 11.523699, 3.881327 ], [ 11.52366, 3.881728 ], [ 11.523664, 3.881867 ], [ 11.523668, 3.882131 ], [ 11.523614, 3.882205 ], [ 11.523564, 3.882266 ], [ 11.523512, 3.882312 ], [ 11.523419, 3.882379 ] ] } },
{ "type": "Feature", "properties": { "nom": "", "classe": "secondary" }, "geometry": { "type": "LineString", "coordinates": [ [ 11.529347, 3.873618 ], [ 11.529037, 3.873553 ] ] } },
{ "type": "Feature", "properties": { "nom": "Rue de Nguele Mendouga", "classe": "tertiary" }, "geometry": { "type": "LineString", "coordinates": [ [ 11.503924, 3.871076 ], [ 11.503894, 3.871048 ], [ 11.503828, 3.870999 ], [ 11.503276, 3.870588 ], [ 11.502513, 3.870061 ], [ 11.502448, 3.87003 ], [ 11.502368, 3.869992 ], [ 11.500604, 3.870398 ], [ 11.500401, 3.870458 ], [ 11.499968, 3.870674 ], [ 11.499713, 3.87075 ], [ 11.499584, 3.870745 ], [ 11.499473, 3.870726 ], [ 11.499363, 3.870685 ], [ 11.499093, 3.870539 ], [ 11.498879, 3.870419 ], [ 11.498703, 3.870303 ], [ 11.498563, 3.870193 ], [ 11.498493, 3.870111 ], [ 11.498443, 3.870035 ] ] } },
{ "type": "Feature", "properties": { "nom": "Rue 8.720", "classe": "secondary" }, "geometry": { "type": "LineString", "coordinates": [ [ 11.492371, 3.802395 ], [ 11.492313, 3.802411 ], [ 11.492194, 3.802459 ], [ 11.492031, 3.802539 ], [ 11.491943, 3.802588 ], [ 11.491512, 3.802852 ], [ 11.491101, 3.803104 ], [ 11.490463, 3.803502 ], [ 11.490132, 3.803768 ], [ 11.490066, 3.803821 ], [ 11.48973, 3.804102 ], [ 11.489663, 3.804144 ], [ 11.489606, 3.804166 ], [ 11.489551, 3.804181 ], [ 11.489479, 3.804191 ], [ 11.489235, 3.804202 ], [ 11.489201, 3.8042 ], [ 11.489141, 3.804192 ], [ 11.48909, 3.804178 ], [ 11.48876, 3.804053 ], [ 11.488666, 3.804021 ], [ 11.488483, 3.803976 ], [ 11.488382, 3.803966 ], [ 11.488274, 3.803978 ], [ 11.488171, 3.804 ], [ 11.488096, 3.80403 ], [ 11.488037, 3.804061 ], [ 11.487985, 3.804092 ], [ 11.487949, 3.804124 ], [ 11.48793, 3.804146 ], [ 11.487888, 3.804195 ], [ 11.487842, 3.804268 ], [ 11.487811, 3.804347 ], [ 11.487805, 3.804423 ], [ 11.487805, 3.804524 ], [ 11.487858, 3.804708 ] ] } },
{ "type": "Feature", "properties": { "nom": "Rue André Amougou", "classe": "primary" }, "geometry": { "type": "LineString", "coordinates": [ [ 11.544947, 3.845076 ], [ 11.545054, 3.845095 ], [ 11.545246, 3.845131 ], [ 11.545847, 3.845237 ], [ 11.546063, 3.845275 ], [ 11.546223, 3.845292 ], [ 11.54636, 3.845288 ], [ 11.546508, 3.845268 ], [ 11.546672, 3.845224 ], [ 11.546817, 3.845163 ], [ 11.546946, 3.845093 ], [ 11.547069, 3.84501 ], [ 11.547135, 3.84496 ], [ 11.54729, 3.844796 ], [ 11.547399, 3.844641 ], [ 11.547517, 3.844453 ], [ 11.54765, 3.844209 ], [ 11.547766, 3.843999 ], [ 11.547853, 3.843855 ], [ 11.547887, 3.843798 ], [ 11.548069, 3.843488 ], [ 11.548173, 3.843343 ], [ 11.548293, 3.843201 ], [ 11.54846, 3.843038 ], [ 11.548678, 3.842895 ], [ 11.548806, 3.842821 ], [ 11.548952, 3.84274 ], [ 11.549642, 3.84241 ], [ 11.54981, 3.842323 ], [ 11.549903, 3.842266 ], [ 11.550022, 3.842174 ], [ 11.550186, 3.842015 ], [ 11.550347, 3.841821 ], [ 11.550453, 3.841655 ], [ 11.550522, 3.841515 ], [ 11.550567, 3.841397 ], [ 11.550627, 3.841289 ], [ 11.550703, 3.841222 ], [ 11.55083, 3.841164 ], [ 11.550982, 3.841126 ], [ 11.551063, 3.841114 ], [ 11.551123, 3.841108 ], [ 11.551192, 3.841103 ] ] } },
{ "type": "Feature", "properties": { "nom": "", "classe": "secondary" }, "geometry": { "type": "LineString", "coordinates": [ [ 11.479283, 3.962285 ], [ 11.479587, 3.961683 ], [ 11.479659, 3.961575 ], [ 11.480131, 3.961069 ], [ 11.480206, 3.961003 ], [ 11.480671, 3.960717 ], [ 11.48072, 3.960691 ], [ 11.48079, 3.960663 ], [ 11.481473, 3.960493 ], [ 11.48217, 3.960319 ], [ 11.482254, 3.960307 ], [ 11.482337, 3.960315 ], [ 11.482833, 3.960406 ], [ 11.483081, 3.960477 ], [ 11.484207, 3.960866 ], [ 11.484402, 3.960926 ], [ 11.484618, 3.96097 ], [ 11.484775, 3.960985 ], [ 11.485714, 3.961016 ], [ 11.485903, 3.961008 ], [ 11.486461, 3.960938 ], [ 11.486591, 3.960926 ], [ 11.486843, 3.960922 ], [ 11.487141, 3.960877 ], [ 11.487253, 3.960843 ], [ 11.488117, 3.96067 ], [ 11.48842, 3.960609 ], [ 11.488588, 3.960549 ], [ 11.488771, 3.960452 ], [ 11.488955, 3.960309 ], [ 11.489269, 3.959979 ], [ 11.489767, 3.959466 ], [ 11.490066, 3.959132 ], [ 11.490302, 3.958869 ], [ 11.490503, 3.958665 ], [ 11.490748, 3.958504 ], [ 11.49092, 3.958427 ], [ 11.491217, 3.958282 ], [ 11.49156, 3.958153 ], [ 11.491994, 3.958044 ], [ 11.492412, 3.958012 ], [ 11.492649, 3.958024 ], [ 11.492849, 3.958023 ], [ 11.493191, 3.958031 ], [ 11.493375, 3.957975 ], [ 11.493519, 3.957903 ], [ 11.49364, 3.957829 ], [ 11.493938, 3.957561 ], [ 11.49459, 3.956945 ], [ 11.494685, 3.956843 ], [ 11.495289, 3.956285 ], [ 11.495408, 3.956173 ], [ 11.496057, 3.955543 ], [ 11.496272, 3.955294 ], [ 11.496675, 3.954851 ], [ 11.496954, 3.954579 ], [ 11.497288, 3.954346 ], [ 11.497354, 3.954312 ], [ 11.497431, 3.954293 ] ] } },
{ "type": "Feature", "properties": { "nom": "Rue Simekoa Angoula", "classe": "tertiary" }, "geometry": { "type": "LineString", "coordinates": [ [ 11.51189, 3.875702 ], [ 11.51099, 3.875732 ], [ 11.510791, 3.875763 ], [ 11.51053, 3.875835 ], [ 11.510227, 3.875905 ], [ 11.509321, 3.876179 ], [ 11.50816, 3.876519 ], [ 11.50796, 3.876576 ], [ 11.507903, 3.876593 ], [ 11.506996, 3.876741 ], [ 11.506156, 3.876891 ], [ 11.505896, 3.876902 ], [ 11.50584, 3.876901 ], [ 11.505779, 3.876905 ], [ 11.505687, 3.876916 ], [ 11.5056, 3.876929 ], [ 11.505435, 3.876952 ], [ 11.504979, 3.877058 ], [ 11.504827, 3.877105 ], [ 11.50467, 3.877188 ], [ 11.504485, 3.877309 ], [ 11.5043, 3.877442 ], [ 11.503994, 3.877726 ], [ 11.503765, 3.877945 ], [ 11.50355, 3.878172 ], [ 11.503324, 3.878401 ], [ 11.502934, 3.878759 ], [ 11.502854, 3.878812 ], [ 11.502764, 3.878856 ], [ 11.502643, 3.878889 ], [ 11.501927, 3.879039 ] ] } },
{ "type": "Feature", "properties": { "nom": "Boulevard Sultan Njoya Ibrahim", "classe": "tertiary" }, "geometry": { "type": "LineString", "coordinates": [ [ 11.499141, 3.872991 ], [ 11.499139, 3.87302 ], [ 11.49943, 3.873783 ], [ 11.499617, 3.874189 ], [ 11.49976, 3.874468 ], [ 11.499791, 3.874524 ], [ 11.49991, 3.874899 ], [ 11.500086, 3.875254 ], [ 11.500249, 3.875597 ], [ 11.50051, 3.876095 ], [ 11.500793, 3.876725 ], [ 11.501008, 3.877214 ], [ 11.501331, 3.877833 ], [ 11.501487, 3.878143 ], [ 11.501752, 3.878671 ], [ 11.501927, 3.879039 ], [ 11.502009, 3.879236 ], [ 11.502064, 3.879434 ], [ 11.502103, 3.879636 ], [ 11.502114, 3.87982 ], [ 11.502111, 3.880004 ], [ 11.50213, 3.880477 ], [ 11.502165, 3.880866 ], [ 11.502188, 3.881034 ], [ 11.502247, 3.881263 ], [ 11.502409, 3.881557 ], [ 11.502804, 3.882146 ], [ 11.503022, 3.882446 ], [ 11.503233, 3.882744 ], [ 11.503505, 3.883084 ] ] } },
{ "type": "Feature", "properties": { "nom": "", "classe": "secondary" }, "geometry": { "type": "LineString", "coordinates": [ [ 11.521528, 3.958647 ], [ 11.521532, 3.958663 ], [ 11.521551, 3.958795 ], [ 11.521598, 3.959208 ], [ 11.521605, 3.959285 ], [ 11.521605, 3.959448 ], [ 11.521626, 3.96001 ], [ 11.521645, 3.960521 ], [ 11.52165, 3.960663 ], [ 11.521659, 3.960905 ], [ 11.521673, 3.961181 ], [ 11.521698, 3.961504 ], [ 11.521735, 3.962018 ], [ 11.521767, 3.962177 ], [ 11.521816, 3.962314 ], [ 11.521862, 3.962409 ], [ 11.521925, 3.962556 ], [ 11.522159, 3.96303 ], [ 11.522276, 3.963313 ], [ 11.522287, 3.963413 ], [ 11.522274, 3.963532 ], [ 11.522234, 3.963621 ], [ 11.522121, 3.963725 ], [ 11.521932, 3.963911 ], [ 11.521586, 3.964209 ], [ 11.521531, 3.964278 ], [ 11.5215, 3.964327 ], [ 11.521388, 3.964599 ], [ 11.521299, 3.964847 ], [ 11.521274, 3.965031 ], [ 11.521261, 3.965178 ], [ 11.521249, 3.965597 ], [ 11.521239, 3.965762 ], [ 11.521229, 3.966016 ], [ 11.521186, 3.966295 ], [ 11.521114, 3.966552 ], [ 11.521033, 3.966772 ], [ 11.520954, 3.966955 ], [ 11.520892, 3.967103 ], [ 11.520795, 3.967337 ], [ 11.520765, 3.967405 ], [ 11.520654, 3.967614 ], [ 11.520437, 3.968004 ], [ 11.520368, 3.968128 ], [ 11.520206, 3.96841 ], [ 11.520073, 3.968658 ], [ 11.519943, 3.968901 ], [ 11.519671, 3.969489 ], [ 11.519433, 3.970089 ], [ 11.519236, 3.970575 ], [ 11.519203, 3.970671 ], [ 11.519133, 3.970944 ], [ 11.519097, 3.971105 ], [ 11.51908, 3.971293 ], [ 11.51907, 3.971533 ], [ 11.519065, 3.971822 ], [ 11.519062, 3.971977 ], [ 11.519055, 3.972245 ], [ 11.519054, 3.97228 ], [ 11.519045, 3.972421 ], [ 11.519026, 3.97256 ], [ 11.518999, 3.972657 ], [ 11.518927, 3.973102 ], [ 11.518857, 3.973382 ], [ 11.518735, 3.973712 ], [ 11.518645, 3.973902 ], [ 11.518531, 3.974135 ], [ 11.518321, 3.974571 ], [ 11.517857, 3.975418 ], [ 11.517768, 3.975597 ], [ 11.517585, 3.975999 ], [ 11.517522, 3.976216 ], [ 11.517424, 3.976675 ], [ 11.517399, 3.976855 ], [ 11.517381, 3.977044 ], [ 11.517365, 3.97729 ], [ 11.517388, 3.977592 ], [ 11.517372, 3.978168 ], [ 11.517364, 3.97837 ], [ 11.517385, 3.978902 ], [ 11.517376, 3.979321 ], [ 11.51736, 3.979722 ], [ 11.517286, 3.98043 ], [ 11.517084, 3.982479 ], [ 11.516985, 3.983549 ], [ 11.516937, 3.984197 ], [ 11.516981, 3.984396 ], [ 11.517045, 3.984593 ], [ 11.517141, 3.98485 ], [ 11.517345, 3.984968 ], [ 11.517498, 3.985163 ], [ 11.517692, 3.985374 ], [ 11.517808, 3.985541 ], [ 11.517949, 3.985719 ], [ 11.518065, 3.985927 ], [ 11.518161, 3.986182 ], [ 11.518204, 3.986345 ], [ 11.518335, 3.986846 ], [ 11.51837, 3.987038 ], [ 11.518443, 3.987436 ], [ 11.518506, 3.987869 ], [ 11.518484, 3.988237 ], [ 11.518429, 3.988523 ], [ 11.518356, 3.988859 ], [ 11.518221, 3.989528 ], [ 11.518135, 3.989816 ] ] } },
{ "type": "Feature", "properties": { "nom": "Rue 1.271", "classe": "tertiary" }, "geometry": { "type": "LineString", "coordinates": [ [ 11.533713, 3.871216 ], [ 11.534209, 3.871758 ], [ 11.534894, 3.872361 ], [ 11.535741, 3.873127 ], [ 11.53638, 3.873684 ], [ 11.536811, 3.87402 ], [ 11.53758, 3.874571 ], [ 11.537679, 3.874632 ], [ 11.537863, 3.874681 ], [ 11.538065, 3.874707 ], [ 11.539109, 3.874791 ], [ 11.540456, 3.874913 ], [ 11.54089, 3.875054 ], [ 11.542165, 3.875507 ], [ 11.5437, 3.876058 ], [ 11.544094, 3.8762 ], [ 11.545505, 3.876797 ], [ 11.545905, 3.877033 ], [ 11.546248, 3.877274 ], [ 11.547331, 3.878107 ], [ 11.548438, 3.878946 ] ] } },
{ "type": "Feature", "properties": { "nom": "Rue 5.008", "classe": "secondary" }, "geometry": { "type": "LineString", "coordinates": [ [ 11.566826, 3.891295 ], [ 11.566683, 3.891268 ], [ 11.566517, 3.891252 ], [ 11.566363, 3.891246 ], [ 11.566096, 3.891256 ], [ 11.565793, 3.891263 ], [ 11.565523, 3.891271 ], [ 11.565283, 3.891267 ], [ 11.565103, 3.891247 ], [ 11.564974, 3.89121 ], [ 11.564823, 3.891147 ], [ 11.564635, 3.891026 ], [ 11.564517, 3.890908 ], [ 11.564388, 3.89075 ], [ 11.564096, 3.890367 ], [ 11.56394, 3.890164 ], [ 11.563751, 3.88995 ], [ 11.563503, 3.889682 ], [ 11.563317, 3.889497 ], [ 11.563186, 3.889344 ], [ 11.563057, 3.889194 ], [ 11.562931, 3.889073 ], [ 11.562742, 3.888924 ], [ 11.562599, 3.888831 ], [ 11.562456, 3.888753 ], [ 11.562299, 3.888675 ], [ 11.561904, 3.888453 ], [ 11.561741, 3.88835 ], [ 11.561597, 3.888234 ], [ 11.561392, 3.888057 ], [ 11.561174, 3.887868 ], [ 11.560991, 3.887708 ], [ 11.560805, 3.887548 ], [ 11.560573, 3.887369 ], [ 11.560468, 3.887286 ], [ 11.560357, 3.887209 ], [ 11.560097, 3.887041 ], [ 11.559955, 3.886958 ], [ 11.559844, 3.886898 ], [ 11.559755, 3.886841 ], [ 11.55964, 3.886773 ], [ 11.559504, 3.886655 ], [ 11.559332, 3.886481 ], [ 11.559026, 3.886202 ], [ 11.558884, 3.886072 ], [ 11.558742, 3.88595 ], [ 11.558605, 3.885863 ], [ 11.558533, 3.885821 ], [ 11.55848, 3.8858 ], [ 11.558398, 3.885771 ], [ 11.557774, 3.885511 ], [ 11.557353, 3.88535 ], [ 11.55719, 3.885286 ], [ 11.55705, 3.88522 ], [ 11.556937, 3.885156 ], [ 11.556867, 3.885084 ], [ 11.556822, 3.885018 ], [ 11.556785, 3.884941 ], [ 11.556747, 3.884861 ], [ 11.556721, 3.884761 ] ] } },
{ "type": "Feature", "properties": { "nom": "Rue 1.413", "classe": "tertiary" }, "geometry": { "type": "LineString", "coordinates": [ [ 11.538894, 3.884487 ], [ 11.539257, 3.884339 ], [ 11.539811, 3.884023 ], [ 11.540389, 3.883714 ], [ 11.540472, 3.883677 ], [ 11.540616, 3.88367 ], [ 11.540828, 3.883684 ], [ 11.541023, 3.883717 ], [ 11.541179, 3.883761 ], [ 11.541275, 3.883805 ], [ 11.541419, 3.883901 ], [ 11.541579, 3.884036 ], [ 11.54172, 3.884186 ], [ 11.541887, 3.884371 ], [ 11.542058, 3.884559 ], [ 11.542374, 3.884955 ], [ 11.54253, 3.885151 ], [ 11.542673, 3.885338 ], [ 11.542864, 3.885584 ], [ 11.54301, 3.885785 ], [ 11.543375, 3.886279 ], [ 11.543469, 3.886408 ], [ 11.543527, 3.886477 ], [ 11.54359, 3.886526 ], [ 11.543666, 3.886576 ], [ 11.543769, 3.886618 ], [ 11.543879, 3.886657 ], [ 11.544022, 3.88669 ], [ 11.544221, 3.886721 ], [ 11.544664, 3.886785 ], [ 11.545775, 3.88686 ], [ 11.54632, 3.887153 ], [ 11.54646, 3.887263 ], [ 11.546617, 3.887411 ] ] } },
{ "type": "Feature", "properties": { "nom": "", "classe": "primary" }, "geometry": { "type": "LineString", "coordinates": [ [ 11.545274, 3.888204 ], [ 11.545313, 3.888233 ], [ 11.545341, 3.888273 ], [ 11.545354, 3.888319 ], [ 11.545353, 3.888364 ], [ 11.545339, 3.888406 ], [ 11.545314, 3.888442 ], [ 11.545276, 3.888471 ], [ 11.545231, 3.888486 ], [ 11.545184, 3.888487 ], [ 11.545139, 3.888474 ], [ 11.545115, 3.888459 ], [ 11.545094, 3.888441 ], [ 11.545076, 3.888418 ], [ 11.545064, 3.888393 ], [ 11.545056, 3.888366 ], [ 11.545053, 3.888338 ], [ 11.545056, 3.88831 ], [ 11.545073, 3.888263 ], [ 11.545105, 3.888224 ], [ 11.545148, 3.888197 ], [ 11.545187, 3.888188 ], [ 11.545227, 3.888189 ], [ 11.545274, 3.888204 ] ] } },
{ "type": "Feature", "properties": { "nom": "Rue 5.328", "classe": "secondary" }, "geometry": { "type": "LineString", "coordinates": [ [ 11.56878, 3.898043 ], [ 11.568788, 3.898004 ], [ 11.568797, 3.897895 ], [ 11.568797, 3.897857 ], [ 11.568768, 3.89763 ], [ 11.568684, 3.897379 ], [ 11.568679, 3.897365 ], [ 11.568586, 3.897133 ], [ 11.568478, 3.896864 ], [ 11.568446, 3.896777 ], [ 11.568372, 3.896577 ], [ 11.568277, 3.896375 ], [ 11.568071, 3.896005 ], [ 11.567935, 3.895785 ], [ 11.567883, 3.895694 ], [ 11.567799, 3.895536 ], [ 11.567642, 3.895285 ], [ 11.56754, 3.895094 ], [ 11.56723, 3.894546 ], [ 11.56716, 3.894399 ], [ 11.567027, 3.89402 ] ] } },
{ "type": "Feature", "properties": { "nom": "", "classe": "tertiary" }, "geometry": { "type": "LineString", "coordinates": [ [ 11.576197, 3.88657 ], [ 11.575396, 3.887975 ], [ 11.575276, 3.888195 ], [ 11.575231, 3.888295 ], [ 11.575003, 3.888852 ], [ 11.574943, 3.888992 ], [ 11.574888, 3.889094 ], [ 11.574833, 3.889197 ], [ 11.574597, 3.889502 ], [ 11.574424, 3.889682 ], [ 11.574329, 3.889781 ], [ 11.57396, 3.890274 ], [ 11.573803, 3.890479 ], [ 11.573713, 3.890601 ], [ 11.573631, 3.890712 ], [ 11.573556, 3.890854 ], [ 11.573511, 3.890986 ], [ 11.573478, 3.891124 ], [ 11.573474, 3.891224 ], [ 11.573492, 3.891289 ], [ 11.573522, 3.891362 ], [ 11.573616, 3.891519 ], [ 11.573698, 3.891611 ], [ 11.573823, 3.891748 ], [ 11.573976, 3.89186 ], [ 11.574085, 3.891956 ], [ 11.574381, 3.89225 ], [ 11.574535, 3.892472 ], [ 11.574687, 3.89269 ], [ 11.574746, 3.892817 ], [ 11.574921, 3.893385 ], [ 11.575086, 3.893875 ], [ 11.575094, 3.893887 ], [ 11.575226, 3.894301 ], [ 11.57544, 3.894806 ], [ 11.575461, 3.894842 ], [ 11.575573, 3.895018 ], [ 11.575891, 3.895225 ], [ 11.576183, 3.895378 ], [ 11.576706, 3.895598 ], [ 11.576917, 3.89568 ], [ 11.577236, 3.895787 ], [ 11.57742, 3.895854 ], [ 11.577583, 3.895912 ], [ 11.577657, 3.895936 ], [ 11.578003, 3.896045 ], [ 11.578268, 3.896129 ], [ 11.578501, 3.896202 ], [ 11.578672, 3.89627 ], [ 11.578807, 3.896322 ], [ 11.579005, 3.896442 ], [ 11.579138, 3.896562 ], [ 11.57947, 3.896861 ], [ 11.579648, 3.897067 ], [ 11.579766, 3.89717 ], [ 11.579931, 3.897277 ], [ 11.579996, 3.897306 ], [ 11.580187, 3.897392 ], [ 11.58041, 3.897464 ], [ 11.580448, 3.897477 ], [ 11.580697, 3.897532 ], [ 11.580746, 3.897542 ], [ 11.580941, 3.897581 ], [ 11.580984, 3.897587 ], [ 11.581177, 3.897615 ], [ 11.581674, 3.897686 ], [ 11.581724, 3.897681 ], [ 11.582172, 3.897766 ], [ 11.582319, 3.897796 ], [ 11.582617, 3.897903 ], [ 11.582746, 3.897962 ], [ 11.583106, 3.898126 ], [ 11.583177, 3.898167 ], [ 11.583346, 3.898282 ], [ 11.583416, 3.898315 ], [ 11.583467, 3.898389 ], [ 11.583657, 3.89842 ], [ 11.583815, 3.898389 ], [ 11.583862, 3.898386 ], [ 11.584084, 3.898337 ], [ 11.584282, 3.898276 ], [ 11.584611, 3.898201 ], [ 11.584629, 3.898196 ], [ 11.584918, 3.898132 ], [ 11.584971, 3.898133 ], [ 11.585145, 3.898136 ], [ 11.585184, 3.898137 ], [ 11.585315, 3.898173 ], [ 11.585359, 3.898216 ], [ 11.585491, 3.898407 ], [ 11.585667, 3.898651 ], [ 11.585718, 3.898715 ], [ 11.585818, 3.898858 ], [ 11.58587, 3.898933 ], [ 11.585958, 3.89907 ], [ 11.586055, 3.899216 ], [ 11.586113, 3.899333 ], [ 11.58619, 3.899509 ], [ 11.586245, 3.899659 ], [ 11.586293, 3.899857 ], [ 11.586311, 3.899926 ], [ 11.58636, 3.900107 ], [ 11.586421, 3.90032 ], [ 11.586484, 3.900514 ], [ 11.5865, 3.900567 ], [ 11.586534, 3.900685 ], [ 11.5866, 3.900816 ], [ 11.586684, 3.900938 ], [ 11.586864, 3.90117 ], [ 11.587191, 3.901491 ], [ 11.587388, 3.901713 ], [ 11.587548, 3.901883 ], [ 11.58763, 3.90197 ], [ 11.587662, 3.902 ], [ 11.587851, 3.90219 ], [ 11.587958, 3.902283 ], [ 11.5881, 3.902415 ], [ 11.588308, 3.902603 ], [ 11.58849, 3.902775 ], [ 11.588707, 3.903021 ], [ 11.588808, 3.903124 ], [ 11.589131, 3.903415 ], [ 11.589213, 3.903457 ], [ 11.589337, 3.90352 ], [ 11.58955, 3.90362 ], [ 11.589703, 3.903682 ], [ 11.58972, 3.903689 ], [ 11.589901, 3.903759 ], [ 11.58996, 3.903782 ], [ 11.590098, 3.903836 ], [ 11.590135, 3.903849 ], [ 11.590358, 3.903932 ], [ 11.590516, 3.903955 ], [ 11.590557, 3.90396 ], [ 11.590647, 3.903954 ], [ 11.590693, 3.903943 ], [ 11.590755, 3.903934 ], [ 11.59095, 3.903885 ], [ 11.591084, 3.903857 ], [ 11.591376, 3.90378 ], [ 11.591466, 3.903757 ], [ 11.591749, 3.903697 ], [ 11.591943, 3.903637 ], [ 11.59226, 3.903576 ], [ 11.592601, 3.903477 ], [ 11.592725, 3.903431 ], [ 11.592782, 3.903409 ], [ 11.593092, 3.903334 ], [ 11.593285, 3.903287 ], [ 11.593516, 3.903229 ], [ 11.594007, 3.903068 ], [ 11.594374, 3.902948 ], [ 11.59461, 3.902891 ], [ 11.595039, 3.902779 ], [ 11.595176, 3.902766 ], [ 11.595458, 3.902747 ], [ 11.595817, 3.902819 ], [ 11.596012, 3.902836 ], [ 11.59626, 3.9029 ], [ 11.596676, 3.902991 ], [ 11.596778, 3.903014 ], [ 11.596938, 3.903068 ], [ 11.597046, 3.903084 ], [ 11.597107, 3.903094 ], [ 11.597301, 3.903129 ], [ 11.597361, 3.903142 ], [ 11.597578, 3.903219 ], [ 11.597775, 3.903309 ], [ 11.597955, 3.903399 ], [ 11.598124, 3.90349 ] ] } },
{ "type": "Feature", "properties": { "nom": "", "classe": "tertiary" }, "geometry": { "type": "LineString", "coordinates": [ [ 11.573856, 3.907961 ], [ 11.574071, 3.907864 ], [ 11.574288, 3.907801 ], [ 11.574583, 3.907729 ], [ 11.574886, 3.907659 ], [ 11.575302, 3.907537 ], [ 11.575426, 3.907494 ], [ 11.575581, 3.907413 ], [ 11.57571, 3.907338 ], [ 11.575851, 3.907254 ], [ 11.57609, 3.907049 ], [ 11.576132, 3.907011 ], [ 11.576311, 3.906846 ], [ 11.576342, 3.906819 ], [ 11.576436, 3.906713 ], [ 11.576469, 3.906676 ], [ 11.57661, 3.90652 ], [ 11.576649, 3.906475 ], [ 11.577053, 3.906026 ], [ 11.577165, 3.905905 ], [ 11.577206, 3.905861 ], [ 11.577761, 3.905305 ], [ 11.57801, 3.905058 ], [ 11.578253, 3.904872 ], [ 11.578923, 3.904556 ], [ 11.579331, 3.904392 ], [ 11.579413, 3.904359 ], [ 11.579565, 3.904312 ], [ 11.579762, 3.904279 ], [ 11.579996, 3.904271 ], [ 11.580725, 3.90435 ], [ 11.581268, 3.904397 ], [ 11.58192, 3.904467 ], [ 11.582374, 3.904518 ], [ 11.582795, 3.904566 ], [ 11.583255, 3.904604 ], [ 11.58347, 3.904628 ], [ 11.583663, 3.904647 ], [ 11.583774, 3.904628 ], [ 11.583849, 3.904595 ], [ 11.58391, 3.904558 ], [ 11.583972, 3.904505 ], [ 11.584266, 3.904226 ], [ 11.584401, 3.904092 ], [ 11.584562, 3.903928 ], [ 11.585203, 3.903234 ], [ 11.585233, 3.903191 ], [ 11.585242, 3.903153 ] ] } },
{ "type": "Feature", "properties": { "nom": "Rue 5.089", "classe": "tertiary" }, "geometry": { "type": "LineString", "coordinates": [ [ 11.566683, 3.891268 ], [ 11.566688, 3.891222 ], [ 11.566667, 3.889895 ], [ 11.566667, 3.889768 ], [ 11.56667, 3.889616 ], [ 11.566688, 3.88951 ], [ 11.566734, 3.889303 ], [ 11.566758, 3.889046 ], [ 11.566767, 3.888486 ], [ 11.566759, 3.887898 ], [ 11.566739, 3.887231 ], [ 11.566757, 3.886946 ], [ 11.566798, 3.886783 ], [ 11.566961, 3.886241 ], [ 11.567272, 3.88512 ], [ 11.567295, 3.884986 ], [ 11.567321, 3.88482 ], [ 11.567361, 3.884334 ] ] } },
{ "type": "Feature", "properties": { "nom": "Rue Etoundi Ekono Damien", "classe": "tertiary" }, "geometry": { "type": "LineString", "coordinates": [ [ 11.598356, 3.96948 ], [ 11.59873, 3.969199 ], [ 11.598818, 3.969146 ], [ 11.598921, 3.969097 ], [ 11.599025, 3.969044 ], [ 11.599032, 3.96904 ], [ 11.599306, 3.968943 ], [ 11.599368, 3.968921 ], [ 11.599792, 3.968852 ], [ 11.59998, 3.968861 ] ] } },
{ "type": "Feature", "properties": { "nom": "", "classe": "primary" }, "geometry": { "type": "LineString", "coordinates": [ [ 11.598604, 3.809534 ], [ 11.597589, 3.809869 ], [ 11.597374, 3.809938 ], [ 11.596638, 3.810174 ], [ 11.595975, 3.810402 ], [ 11.594538, 3.810877 ], [ 11.59285, 3.811451 ], [ 11.590908, 3.81211 ], [ 11.590772, 3.812157 ], [ 11.589652, 3.812561 ], [ 11.589123, 3.812748 ], [ 11.588455, 3.812984 ], [ 11.588138, 3.813097 ], [ 11.587729, 3.813241 ], [ 11.587609, 3.813284 ], [ 11.586374, 3.813722 ], [ 11.585854, 3.813912 ], [ 11.585665, 3.813968 ], [ 11.585449, 3.814033 ], [ 11.58508, 3.814128 ], [ 11.584492, 3.814243 ], [ 11.584066, 3.814306 ], [ 11.583572, 3.814333 ], [ 11.583419, 3.814335 ], [ 11.583054, 3.81434 ], [ 11.582707, 3.814324 ], [ 11.582525, 3.814308 ], [ 11.582116, 3.814273 ], [ 11.580805, 3.814152 ], [ 11.58027, 3.814103 ], [ 11.579807, 3.81406 ], [ 11.579574, 3.814039 ], [ 11.579465, 3.814029 ], [ 11.578668, 3.813964 ], [ 11.578321, 3.81396 ], [ 11.577917, 3.813969 ], [ 11.577538, 3.814012 ], [ 11.577154, 3.814082 ], [ 11.576984, 3.81412 ], [ 11.576613, 3.814247 ], [ 11.576215, 3.814393 ] ] } },
{ "type": "Feature", "properties": { "nom": "", "classe": "tertiary" }, "geometry": { "type": "LineString", "coordinates": [ [ 11.576542, 3.885867 ], [ 11.576849, 3.88581 ], [ 11.577035, 3.885823 ], [ 11.577186, 3.885863 ], [ 11.577356, 3.885976 ], [ 11.577495, 3.886109 ], [ 11.577534, 3.886157 ], [ 11.577815, 3.886505 ], [ 11.577873, 3.886645 ], [ 11.577895, 3.886782 ], [ 11.577843, 3.887548 ], [ 11.577847, 3.8877 ], [ 11.577942, 3.887966 ], [ 11.578059, 3.888158 ], [ 11.578219, 3.888381 ], [ 11.578369, 3.888535 ], [ 11.578717, 3.888881 ], [ 11.578958, 3.889007 ], [ 11.579198, 3.889051 ], [ 11.579303, 3.889077 ], [ 11.58011, 3.889277 ], [ 11.58019, 3.889297 ], [ 11.580329, 3.889333 ], [ 11.580557, 3.889393 ], [ 11.580837, 3.889468 ], [ 11.580947, 3.889486 ], [ 11.581233, 3.889552 ], [ 11.581582, 3.889652 ], [ 11.581681, 3.889673 ], [ 11.581772, 3.889703 ], [ 11.582057, 3.889866 ], [ 11.582351, 3.890036 ], [ 11.582457, 3.890114 ], [ 11.582623, 3.890234 ], [ 11.582801, 3.890326 ], [ 11.582867, 3.890313 ], [ 11.58314, 3.89046 ], [ 11.583246, 3.890485 ], [ 11.583359, 3.890495 ], [ 11.583464, 3.890495 ], [ 11.583682, 3.890431 ], [ 11.583824, 3.890377 ], [ 11.58398, 3.890315 ], [ 11.584183, 3.890239 ], [ 11.584361, 3.890175 ], [ 11.58486, 3.889983 ], [ 11.584896, 3.889966 ], [ 11.584921, 3.889954 ], [ 11.585156, 3.889844 ], [ 11.585406, 3.889727 ], [ 11.585718, 3.889584 ], [ 11.585919, 3.88951 ], [ 11.586048, 3.889456 ], [ 11.586065, 3.889447 ], [ 11.586275, 3.889379 ], [ 11.586641, 3.889268 ], [ 11.586799, 3.889244 ], [ 11.587082, 3.8892 ], [ 11.587148, 3.88919 ], [ 11.587248, 3.889179 ], [ 11.587376, 3.889177 ], [ 11.587502, 3.889194 ], [ 11.587625, 3.889219 ], [ 11.587701, 3.889244 ], [ 11.587797, 3.889276 ], [ 11.587976, 3.889353 ], [ 11.588324, 3.889555 ], [ 11.588463, 3.88964 ], [ 11.588608, 3.88974 ], [ 11.588983, 3.890001 ], [ 11.589231, 3.890168 ], [ 11.589365, 3.890253 ], [ 11.589479, 3.890312 ] ] } },
{ "type": "Feature", "properties": { "nom": "Rue 4.561", "classe": "secondary" }, "geometry": { "type": "LineString", "coordinates": [ [ 11.57439, 3.857913 ], [ 11.572473, 3.857352 ], [ 11.572092, 3.857242 ], [ 11.571646, 3.857115 ], [ 11.571328, 3.857023 ], [ 11.570325, 3.856758 ], [ 11.569983, 3.856676 ], [ 11.569836, 3.856626 ], [ 11.569776, 3.856622 ], [ 11.569729, 3.856622 ], [ 11.569632, 3.856633 ], [ 11.569564, 3.856653 ], [ 11.56951, 3.856681 ], [ 11.569477, 3.856713 ], [ 11.569454, 3.856751 ], [ 11.569295, 3.857045 ], [ 11.569213, 3.857223 ], [ 11.569143, 3.857374 ], [ 11.569073, 3.857524 ], [ 11.568985, 3.857709 ], [ 11.568836, 3.858021 ], [ 11.568595, 3.858464 ], [ 11.568541, 3.858534 ], [ 11.568475, 3.858619 ], [ 11.568335, 3.858753 ], [ 11.568273, 3.858801 ], [ 11.568208, 3.858836 ], [ 11.568127, 3.858849 ], [ 11.56804, 3.858848 ], [ 11.567826, 3.858834 ], [ 11.567614, 3.858795 ], [ 11.567447, 3.858753 ], [ 11.567356, 3.858724 ], [ 11.567269, 3.858688 ], [ 11.567185, 3.858649 ], [ 11.567105, 3.858596 ], [ 11.566959, 3.858436 ], [ 11.56684, 3.858306 ], [ 11.566715, 3.858167 ], [ 11.566586, 3.858025 ], [ 11.566258, 3.857705 ], [ 11.566214, 3.857684 ], [ 11.566163, 3.85768 ], [ 11.566108, 3.857681 ], [ 11.566061, 3.857692 ], [ 11.56593, 3.857762 ], [ 11.565809, 3.857842 ], [ 11.565667, 3.857936 ], [ 11.565565, 3.857999 ], [ 11.565489, 3.858046 ], [ 11.565304, 3.858182 ], [ 11.565216, 3.858246 ], [ 11.565146, 3.858296 ], [ 11.565084, 3.858342 ], [ 11.56493, 3.858451 ], [ 11.564727, 3.858595 ], [ 11.564633, 3.858662 ], [ 11.564577, 3.858707 ], [ 11.564471, 3.858791 ], [ 11.564398, 3.858844 ], [ 11.564315, 3.858902 ], [ 11.564194, 3.858988 ], [ 11.564053, 3.859072 ], [ 11.563855, 3.859189 ], [ 11.563723, 3.859266 ], [ 11.563584, 3.859346 ], [ 11.563449, 3.859408 ], [ 11.563299, 3.859478 ], [ 11.5631, 3.859556 ], [ 11.562945, 3.859618 ], [ 11.562821, 3.859654 ], [ 11.562633, 3.859698 ], [ 11.562404, 3.859745 ], [ 11.562257, 3.859775 ], [ 11.562129, 3.859788 ], [ 11.561844, 3.859812 ], [ 11.561701, 3.859824 ], [ 11.561582, 3.85983 ], [ 11.561481, 3.859837 ], [ 11.561367, 3.859845 ], [ 11.561258, 3.859853 ], [ 11.561033, 3.859869 ], [ 11.560769, 3.859883 ], [ 11.560166, 3.859856 ], [ 11.559857, 3.859817 ], [ 11.559532, 3.859761 ], [ 11.559252, 3.859731 ], [ 11.559035, 3.859709 ], [ 11.558833, 3.859688 ], [ 11.558719, 3.859676 ], [ 11.55851, 3.859655 ], [ 11.55831, 3.859633 ], [ 11.558207, 3.859619 ], [ 11.558143, 3.85961 ], [ 11.5579, 3.859576 ], [ 11.55768, 3.859555 ], [ 11.55747, 3.859544 ], [ 11.557218, 3.859542 ], [ 11.556957, 3.859551 ], [ 11.556853, 3.859564 ], [ 11.556764, 3.859576 ], [ 11.556627, 3.859623 ], [ 11.556534, 3.859664 ], [ 11.556375, 3.859762 ], [ 11.556296, 3.859825 ], [ 11.556227, 3.859899 ], [ 11.556118, 3.860078 ], [ 11.556075, 3.860156 ], [ 11.55598, 3.860354 ], [ 11.555919, 3.860499 ], [ 11.555769, 3.860891 ], [ 11.555702, 3.861066 ], [ 11.555652, 3.861226 ], [ 11.555597, 3.861402 ], [ 11.555487, 3.861718 ], [ 11.555448, 3.861816 ], [ 11.555408, 3.861917 ], [ 11.555321, 3.862121 ], [ 11.555117, 3.862465 ], [ 11.554986, 3.862627 ], [ 11.554853, 3.862764 ], [ 11.554726, 3.862877 ], [ 11.554527, 3.863053 ], [ 11.554357, 3.863207 ], [ 11.554171, 3.863374 ], [ 11.554024, 3.863537 ], [ 11.553953, 3.863626 ], [ 11.553893, 3.863702 ], [ 11.553835, 3.863778 ], [ 11.553781, 3.863857 ], [ 11.553678, 3.864039 ], [ 11.553629, 3.864137 ], [ 11.553596, 3.864231 ], [ 11.553572, 3.86431 ], [ 11.553551, 3.864397 ], [ 11.553539, 3.86446 ], [ 11.553536, 3.864515 ], [ 11.553535, 3.864621 ], [ 11.553543, 3.864772 ], [ 11.553549, 3.864889 ], [ 11.553562, 3.865129 ], [ 11.553563, 3.865233 ], [ 11.553574, 3.865786 ], [ 11.553576, 3.865914 ], [ 11.553576, 3.866007 ], [ 11.553575, 3.866096 ], [ 11.553503, 3.866958 ], [ 11.553355, 3.868262 ], [ 11.553339, 3.86839 ], [ 11.553313, 3.868595 ], [ 11.553292, 3.868765 ], [ 11.553252, 3.868975 ], [ 11.55324, 3.869011 ], [ 11.553231, 3.869033 ] ] } },
{ "type": "Feature", "properties": { "nom": "", "classe": "tertiary" }, "geometry": { "type": "LineString", "coordinates": [ [ 11.589929, 3.861275 ], [ 11.589368, 3.860594 ], [ 11.589126, 3.86028 ], [ 11.588957, 3.86006 ], [ 11.588851, 3.859922 ], [ 11.588548, 3.859564 ], [ 11.588282, 3.859268 ], [ 11.588166, 3.859126 ], [ 11.587839, 3.858671 ], [ 11.587771, 3.85856 ], [ 11.587643, 3.858331 ], [ 11.587473, 3.858026 ], [ 11.587346, 3.857766 ], [ 11.587321, 3.857671 ], [ 11.58732, 3.857608 ], [ 11.587323, 3.857546 ], [ 11.58737, 3.857267 ], [ 11.587449, 3.856835 ], [ 11.587471, 3.856656 ], [ 11.587484, 3.856476 ], [ 11.587487, 3.856396 ], [ 11.587502, 3.855941 ], [ 11.587503, 3.855713 ], [ 11.587506, 3.855117 ], [ 11.587508, 3.855062 ], [ 11.587511, 3.854999 ], [ 11.587513, 3.854934 ], [ 11.58752, 3.854844 ], [ 11.587535, 3.854753 ], [ 11.587603, 3.854405 ], [ 11.587616, 3.85433 ], [ 11.58768, 3.853974 ], [ 11.587781, 3.85339 ], [ 11.587862, 3.853041 ], [ 11.58793, 3.852741 ], [ 11.587977, 3.852498 ], [ 11.588118, 3.85202 ], [ 11.588163, 3.851875 ], [ 11.588228, 3.851724 ], [ 11.588312, 3.85157 ], [ 11.588419, 3.851383 ], [ 11.588698, 3.850865 ], [ 11.588721, 3.850823 ], [ 11.588909, 3.850507 ], [ 11.589137, 3.850158 ], [ 11.589352, 3.849901 ], [ 11.589598, 3.849586 ], [ 11.589855, 3.849242 ], [ 11.59003, 3.849006 ], [ 11.590358, 3.848577 ], [ 11.590501, 3.848385 ], [ 11.590623, 3.848221 ], [ 11.590752, 3.848045 ], [ 11.590818, 3.847939 ], [ 11.590875, 3.847823 ], [ 11.590917, 3.847688 ], [ 11.590939, 3.847547 ], [ 11.590957, 3.847368 ], [ 11.590974, 3.847214 ], [ 11.590999, 3.84705 ], [ 11.591035, 3.846912 ], [ 11.591079, 3.84679 ], [ 11.591132, 3.846721 ], [ 11.591221, 3.846653 ], [ 11.591307, 3.846605 ], [ 11.591558, 3.846484 ], [ 11.591847, 3.846348 ], [ 11.592057, 3.846263 ], [ 11.592284, 3.84618 ], [ 11.592522, 3.846124 ], [ 11.59271, 3.846068 ], [ 11.592857, 3.84602 ], [ 11.593009, 3.845966 ], [ 11.593481, 3.845757 ], [ 11.593992, 3.845542 ], [ 11.594039, 3.845521 ], [ 11.594514, 3.84534 ], [ 11.595023, 3.84515 ], [ 11.595228, 3.845067 ], [ 11.595317, 3.845028 ], [ 11.595396, 3.84499 ], [ 11.595479, 3.844949 ], [ 11.595577, 3.844873 ], [ 11.595643, 3.844817 ], [ 11.595758, 3.84469 ], [ 11.596179, 3.844004 ], [ 11.596272, 3.843893 ], [ 11.59644, 3.843663 ], [ 11.596556, 3.843517 ], [ 11.596666, 3.843379 ], [ 11.596828, 3.843163 ], [ 11.596963, 3.842977 ], [ 11.597145, 3.842714 ], [ 11.597267, 3.842559 ], [ 11.597374, 3.842433 ], [ 11.597441, 3.842369 ], [ 11.597507, 3.842332 ], [ 11.59765, 3.8422 ], [ 11.597785, 3.842072 ], [ 11.597865, 3.842001 ], [ 11.597933, 3.84194 ], [ 11.598026, 3.841821 ], [ 11.598132, 3.841695 ], [ 11.598281, 3.841525 ], [ 11.598456, 3.841356 ], [ 11.598615, 3.841205 ], [ 11.59877, 3.841077 ], [ 11.598902, 3.84098 ], [ 11.599006, 3.840923 ], [ 11.599115, 3.840879 ], [ 11.59921, 3.840849 ], [ 11.599368, 3.840821 ], [ 11.599545, 3.84082 ], [ 11.599717, 3.840842 ], [ 11.599887, 3.84089 ] ] } },
{ "type": "Feature", "properties": { "nom": "", "classe": "secondary" }, "geometry": { "type": "LineString", "coordinates": [ [ 11.524978, 3.90168 ], [ 11.525039, 3.901695 ], [ 11.525096, 3.901705 ], [ 11.525168, 3.90172 ], [ 11.525211, 3.901738 ], [ 11.525245, 3.901764 ], [ 11.525275, 3.901799 ], [ 11.525344, 3.901915 ] ] } },
{ "type": "Feature", "properties": { "nom": "Rue 1.897", "classe": "secondary" }, "geometry": { "type": "LineString", "coordinates": [ [ 11.526095, 3.903671 ], [ 11.526086, 3.903619 ], [ 11.526041, 3.903458 ], [ 11.526021, 3.903388 ], [ 11.525883, 3.902947 ], [ 11.525863, 3.902897 ], [ 11.525822, 3.902793 ], [ 11.525693, 3.90247 ], [ 11.525677, 3.90243 ], [ 11.52562, 3.902309 ], [ 11.5256, 3.902267 ], [ 11.525525, 3.902145 ], [ 11.525376, 3.901952 ], [ 11.525344, 3.901915 ] ] } },
{ "type": "Feature", "properties": { "nom": "Rue 8.253", "classe": "trunk" }, "geometry": { "type": "LineString", "coordinates": [ [ 11.529466, 3.808463 ], [ 11.529485, 3.808421 ], [ 11.529515, 3.808384 ], [ 11.529573, 3.808284 ], [ 11.529671, 3.808154 ], [ 11.529708, 3.808104 ], [ 11.529747, 3.80805 ], [ 11.529822, 3.807946 ], [ 11.529894, 3.80784 ], [ 11.529967, 3.807734 ], [ 11.530042, 3.80763 ], [ 11.53006, 3.807606 ], [ 11.530121, 3.807528 ], [ 11.530329, 3.807241 ], [ 11.530401, 3.807134 ], [ 11.53046, 3.807035 ], [ 11.530496, 3.806975 ], [ 11.530524, 3.80691 ], [ 11.530576, 3.806792 ], [ 11.530618, 3.80667 ], [ 11.530652, 3.806546 ], [ 11.530682, 3.80643 ], [ 11.53071, 3.806278 ], [ 11.530726, 3.806167 ], [ 11.530742, 3.80604 ], [ 11.530764, 3.805912 ], [ 11.530783, 3.805791 ], [ 11.530823, 3.805532 ], [ 11.530836, 3.805403 ], [ 11.53085, 3.805276 ], [ 11.530862, 3.805147 ], [ 11.530867, 3.805019 ], [ 11.530862, 3.80489 ], [ 11.530848, 3.804762 ], [ 11.530823, 3.804636 ], [ 11.530786, 3.804512 ], [ 11.530748, 3.80439 ], [ 11.530721, 3.804308 ], [ 11.530708, 3.804267 ], [ 11.530665, 3.804146 ], [ 11.530622, 3.804025 ], [ 11.530576, 3.803905 ], [ 11.530528, 3.803786 ], [ 11.530475, 3.803652 ], [ 11.530429, 3.803548 ], [ 11.530401, 3.803469 ], [ 11.530384, 3.803428 ], [ 11.53034, 3.803307 ], [ 11.530295, 3.803186 ], [ 11.530252, 3.803065 ], [ 11.530217, 3.802968 ], [ 11.530208, 3.802944 ], [ 11.530161, 3.802824 ], [ 11.530108, 3.802707 ], [ 11.53005, 3.802592 ], [ 11.529988, 3.802479 ], [ 11.52992, 3.802371 ], [ 11.529842, 3.802268 ], [ 11.529759, 3.80217 ], [ 11.529694, 3.802103 ], [ 11.529669, 3.802078 ], [ 11.529573, 3.801993 ], [ 11.529474, 3.801911 ], [ 11.529398, 3.801848 ], [ 11.529375, 3.801829 ], [ 11.529275, 3.801749 ], [ 11.529223, 3.801712 ], [ 11.529175, 3.801668 ], [ 11.529074, 3.801589 ], [ 11.52897, 3.801514 ], [ 11.528862, 3.801444 ], [ 11.528753, 3.801378 ], [ 11.528643, 3.801312 ], [ 11.528531, 3.801248 ], [ 11.528416, 3.801191 ], [ 11.528327, 3.801149 ], [ 11.52818, 3.801092 ], [ 11.528058, 3.801053 ], [ 11.527933, 3.801023 ], [ 11.527807, 3.800998 ], [ 11.527668, 3.80098 ], [ 11.527553, 3.800964 ], [ 11.527426, 3.80095 ], [ 11.527339, 3.800942 ], [ 11.527298, 3.800942 ], [ 11.527169, 3.800946 ], [ 11.527041, 3.800954 ], [ 11.52693, 3.80096 ], [ 11.52658, 3.800979 ], [ 11.52631, 3.801012 ], [ 11.525928, 3.801024 ], [ 11.525775, 3.801035 ], [ 11.525644, 3.801042 ], [ 11.525262, 3.801065 ], [ 11.525004, 3.801077 ], [ 11.524916, 3.801079 ], [ 11.524748, 3.801067 ], [ 11.52462, 3.801055 ], [ 11.524492, 3.801043 ], [ 11.524366, 3.801022 ], [ 11.524243, 3.800989 ], [ 11.524193, 3.800972 ], [ 11.524104, 3.800944 ], [ 11.524024, 3.800911 ], [ 11.523907, 3.800863 ], [ 11.523805, 3.800821 ], [ 11.523715, 3.80078 ], [ 11.523612, 3.800725 ], [ 11.523538, 3.800682 ], [ 11.523442, 3.800626 ], [ 11.523328, 3.800549 ], [ 11.523223, 3.800472 ], [ 11.523121, 3.800385 ], [ 11.523026, 3.800295 ], [ 11.522915, 3.800171 ], [ 11.522801, 3.800036 ] ] } },
{ "type": "Feature", "properties": { "nom": "", "classe": "tertiary" }, "geometry": { "type": "LineString", "coordinates": [ [ 11.481013, 3.896991 ], [ 11.480984, 3.896965 ], [ 11.480946, 3.89692 ], [ 11.480791, 3.896719 ], [ 11.480624, 3.89652 ], [ 11.480498, 3.896354 ], [ 11.480087, 3.895824 ], [ 11.479957, 3.895642 ], [ 11.479738, 3.895404 ], [ 11.479694, 3.895376 ], [ 11.479635, 3.895336 ], [ 11.479608, 3.895307 ], [ 11.479532, 3.895282 ], [ 11.479407, 3.895253 ], [ 11.479059, 3.895154 ], [ 11.478803, 3.895143 ], [ 11.478658, 3.895133 ], [ 11.478518, 3.895142 ], [ 11.478444, 3.89515 ], [ 11.478386, 3.89516 ], [ 11.478305, 3.89517 ], [ 11.478238, 3.895197 ], [ 11.478134, 3.895255 ], [ 11.478005, 3.895316 ], [ 11.477856, 3.895398 ], [ 11.477807, 3.895425 ], [ 11.477763, 3.895435 ], [ 11.477724, 3.895431 ], [ 11.477667, 3.895411 ], [ 11.477545, 3.895349 ], [ 11.477372, 3.895238 ], [ 11.477267, 3.895158 ], [ 11.477163, 3.895059 ] ] } },
{ "type": "Feature", "properties": { "nom": "", "classe": "tertiary" }, "geometry": { "type": "LineString", "coordinates": [ [ 11.511709, 3.861994 ], [ 11.511701, 3.86202 ], [ 11.511683, 3.862039 ], [ 11.511658, 3.86205 ], [ 11.511632, 3.862048 ], [ 11.511594, 3.86202 ], [ 11.511587, 3.861998 ], [ 11.511588, 3.861975 ], [ 11.511597, 3.861955 ], [ 11.511613, 3.861938 ], [ 11.511639, 3.861928 ], [ 11.511667, 3.86193 ], [ 11.511691, 3.861944 ], [ 11.511706, 3.861967 ], [ 11.511709, 3.861994 ] ] } },
{ "type": "Feature", "properties": { "nom": "Rue 1.560", "classe": "secondary" }, "geometry": { "type": "LineString", "coordinates": [ [ 11.530021, 3.907113 ], [ 11.530146, 3.90719 ], [ 11.530168, 3.907196 ], [ 11.530211, 3.90721 ], [ 11.530339, 3.907238 ], [ 11.5305, 3.907274 ], [ 11.531048, 3.907342 ], [ 11.531886, 3.907465 ], [ 11.533895, 3.907762 ], [ 11.534149, 3.907799 ], [ 11.53446, 3.907843 ], [ 11.535385, 3.907987 ], [ 11.535601, 3.908028 ], [ 11.536115, 3.908125 ], [ 11.536886, 3.908309 ], [ 11.53701, 3.908336 ] ] } },
{ "type": "Feature", "properties": { "nom": "Rue 1.640", "classe": "tertiary" }, "geometry": { "type": "LineString", "coordinates": [ [ 11.545816, 3.902719 ], [ 11.545668, 3.902629 ], [ 11.544908, 3.902846 ], [ 11.544194, 3.903039 ], [ 11.543493, 3.903237 ], [ 11.542688, 3.903306 ], [ 11.541868, 3.903395 ], [ 11.541623, 3.903448 ], [ 11.541393, 3.903531 ], [ 11.541191, 3.903627 ], [ 11.54062, 3.904031 ], [ 11.540496, 3.904146 ], [ 11.540324, 3.904347 ], [ 11.540148, 3.904579 ], [ 11.539822, 3.905069 ], [ 11.539112, 3.905955 ], [ 11.538453, 3.906683 ], [ 11.538242, 3.906928 ], [ 11.537993, 3.90723 ], [ 11.537898, 3.907367 ], [ 11.537819, 3.907512 ], [ 11.537758, 3.907638 ], [ 11.537711, 3.907756 ], [ 11.537676, 3.907882 ], [ 11.537648, 3.908032 ], [ 11.537625, 3.908171 ], [ 11.537609, 3.908266 ] ] } },
{ "type": "Feature", "properties": { "nom": "Rue 5.769", "classe": "secondary" }, "geometry": { "type": "LineString", "coordinates": [ [ 11.520413, 3.915475 ], [ 11.520498, 3.915533 ], [ 11.520553, 3.915562 ], [ 11.520611, 3.915598 ], [ 11.520701, 3.91566 ], [ 11.520759, 3.9157 ] ] } },
{ "type": "Feature", "properties": { "nom": "Rue 6.017", "classe": "tertiary" }, "geometry": { "type": "LineString", "coordinates": [ [ 11.501829, 3.910365 ], [ 11.50191, 3.910359 ], [ 11.501992, 3.91038 ], [ 11.502064, 3.910426 ], [ 11.502092, 3.910455 ], [ 11.502139, 3.910538 ], [ 11.502152, 3.910633 ], [ 11.50214, 3.910704 ], [ 11.502109, 3.910769 ], [ 11.502075, 3.91081 ], [ 11.501978, 3.910871 ], [ 11.501864, 3.910887 ], [ 11.501787, 3.910868 ], [ 11.501719, 3.910828 ], [ 11.501666, 3.910769 ], [ 11.501636, 3.910707 ], [ 11.501622, 3.910639 ], [ 11.501627, 3.910569 ], [ 11.501651, 3.910503 ], [ 11.50169, 3.910445 ], [ 11.501753, 3.910394 ], [ 11.501829, 3.910365 ] ] } },
{ "type": "Feature", "properties": { "nom": "Place de Djoungolo", "classe": "secondary" }, "geometry": { "type": "LineString", "coordinates": [ [ 11.516701, 3.881535 ], [ 11.516625, 3.881572 ], [ 11.516542, 3.881591 ], [ 11.516457, 3.881593 ], [ 11.516356, 3.88157 ], [ 11.516265, 3.881522 ], [ 11.516189, 3.881451 ], [ 11.516122, 3.881335 ], [ 11.516099, 3.881203 ], [ 11.516115, 3.881088 ], [ 11.516165, 3.880984 ], [ 11.516242, 3.880898 ], [ 11.516309, 3.880853 ], [ 11.516383, 3.880823 ], [ 11.516462, 3.880809 ], [ 11.516542, 3.880811 ], [ 11.516656, 3.880843 ], [ 11.516727, 3.880884 ], [ 11.516787, 3.880939 ], [ 11.516869, 3.881083 ], [ 11.516885, 3.881156 ], [ 11.516886, 3.88123 ], [ 11.516874, 3.881304 ], [ 11.516822, 3.881418 ], [ 11.516768, 3.881483 ], [ 11.516701, 3.881535 ] ] } },
{ "type": "Feature", "properties": { "nom": "Rue 1.034", "classe": "secondary" }, "geometry": { "type": "LineString", "coordinates": [ [ 11.51515, 3.881158 ], [ 11.515315, 3.881202 ], [ 11.515401, 3.88123 ], [ 11.515738, 3.88135 ], [ 11.515839, 3.881381 ] ] } },
{ "type": "Feature", "properties": { "nom": "Rue Etongo Ndzengue Célestin", "classe": "tertiary" }, "geometry": { "type": "LineString", "coordinates": [ [ 11.595231, 3.975659 ], [ 11.595148, 3.975745 ], [ 11.595138, 3.975757 ], [ 11.594718, 3.97625 ], [ 11.594451, 3.97658 ], [ 11.594413, 3.976632 ], [ 11.594216, 3.976888 ], [ 11.594045, 3.977123 ], [ 11.593943, 3.977251 ], [ 11.593835, 3.977378 ], [ 11.593508, 3.977747 ], [ 11.59322, 3.978075 ], [ 11.593129, 3.97818 ] ] } },
{ "type": "Feature", "properties": { "nom": "", "classe": "tertiary" }, "geometry": { "type": "LineString", "coordinates": [ [ 11.593482, 3.966049 ], [ 11.59339, 3.966026 ], [ 11.593258, 3.965984 ], [ 11.59259, 3.965787 ], [ 11.592135, 3.965623 ], [ 11.591555, 3.965489 ], [ 11.591424, 3.965448 ], [ 11.591234, 3.965391 ], [ 11.591118, 3.965363 ], [ 11.591076, 3.965331 ], [ 11.591034, 3.965272 ] ] } },
{ "type": "Feature", "properties": { "nom": "", "classe": "tertiary" }, "geometry": { "type": "LineString", "coordinates": [ [ 11.59052, 3.965225 ], [ 11.590429, 3.965196 ], [ 11.590348, 3.96517 ], [ 11.590144, 3.965097 ], [ 11.58996, 3.965027 ], [ 11.589755, 3.964948 ], [ 11.589599, 3.964893 ], [ 11.589276, 3.964781 ], [ 11.588827, 3.964627 ], [ 11.58862, 3.964545 ], [ 11.588407, 3.964446 ], [ 11.588209, 3.96435 ], [ 11.588104, 3.964289 ], [ 11.58805, 3.964228 ], [ 11.588017, 3.964166 ], [ 11.588005, 3.964129 ], [ 11.587998, 3.964069 ], [ 11.58799, 3.963987 ], [ 11.587979, 3.963904 ], [ 11.587966, 3.963808 ], [ 11.587926, 3.963669 ], [ 11.587905, 3.96365 ], [ 11.587871, 3.963639 ], [ 11.587722, 3.963633 ], [ 11.587435, 3.963624 ], [ 11.587257, 3.96361 ], [ 11.587137, 3.96359 ], [ 11.587013, 3.963551 ], [ 11.586963, 3.96352 ], [ 11.586681, 3.963439 ], [ 11.586378, 3.963345 ], [ 11.586085, 3.96326 ], [ 11.585811, 3.963179 ], [ 11.585565, 3.963112 ], [ 11.585289, 3.963054 ], [ 11.58507, 3.963009 ], [ 11.584967, 3.962933 ], [ 11.584849, 3.962826 ], [ 11.584482, 3.962498 ], [ 11.584013, 3.962113 ], [ 11.583838, 3.961951 ] ] } },
{ "type": "Feature", "properties": { "nom": "", "classe": "primary" }, "geometry": { "type": "LineString", "coordinates": [ [ 11.512592, 3.867284 ], [ 11.51247, 3.867526 ] ] } },
{ "type": "Feature", "properties": { "nom": "Rue 6.525", "classe": "primary" }, "geometry": { "type": "LineString", "coordinates": [ [ 11.452109, 3.873566 ], [ 11.45213, 3.873463 ] ] } },
{ "type": "Feature", "properties": { "nom": "Avenue de Biyeme Assi", "classe": "primary" }, "geometry": { "type": "LineString", "coordinates": [ [ 11.498757, 3.845165 ], [ 11.498699, 3.845121 ], [ 11.498282, 3.844838 ], [ 11.498218, 3.84481 ], [ 11.498086, 3.844756 ], [ 11.497902, 3.844707 ], [ 11.497819, 3.844686 ], [ 11.497619, 3.844647 ], [ 11.497379, 3.844642 ], [ 11.497152, 3.844665 ], [ 11.496952, 3.844715 ], [ 11.49678, 3.844782 ], [ 11.496614, 3.844855 ], [ 11.49634, 3.844992 ], [ 11.496211, 3.845085 ], [ 11.496065, 3.84519 ], [ 11.495769, 3.845397 ], [ 11.495433, 3.845642 ], [ 11.495102, 3.845884 ], [ 11.494884, 3.846036 ], [ 11.494831, 3.846109 ], [ 11.494694, 3.846168 ], [ 11.494608, 3.846208 ], [ 11.494542, 3.846226 ], [ 11.494472, 3.846236 ], [ 11.494397, 3.846233 ], [ 11.494309, 3.846215 ], [ 11.493942, 3.846105 ], [ 11.493784, 3.846051 ], [ 11.493551, 3.845972 ], [ 11.493308, 3.845897 ], [ 11.493144, 3.845842 ], [ 11.493099, 3.845818 ], [ 11.493059, 3.845793 ], [ 11.492696, 3.845409 ], [ 11.492273, 3.844938 ], [ 11.492154, 3.844813 ], [ 11.492046, 3.844686 ], [ 11.491898, 3.844511 ], [ 11.491757, 3.84436 ], [ 11.491648, 3.844244 ], [ 11.491627, 3.844219 ] ] } },
{ "type": "Feature", "properties": { "nom": "", "classe": "secondary" }, "geometry": { "type": "LineString", "coordinates": [ [ 11.496555, 3.847292 ], [ 11.49651, 3.84737 ], [ 11.496375, 3.847669 ], [ 11.496244, 3.847954 ], [ 11.496146, 3.848143 ], [ 11.496038, 3.848315 ], [ 11.495916, 3.848483 ], [ 11.495771, 3.84867 ], [ 11.495679, 3.848757 ], [ 11.495594, 3.848851 ], [ 11.495423, 3.849007 ], [ 11.495257, 3.849159 ], [ 11.495116, 3.849288 ], [ 11.495012, 3.849371 ], [ 11.494877, 3.849461 ], [ 11.494717, 3.84954 ], [ 11.494542, 3.849614 ], [ 11.494481, 3.84964 ], [ 11.49437, 3.849689 ], [ 11.494229, 3.849746 ], [ 11.494184, 3.849764 ], [ 11.494082, 3.849812 ], [ 11.493906, 3.849907 ], [ 11.493777, 3.850009 ], [ 11.493768, 3.850019 ], [ 11.493715, 3.850067 ] ] } },
{ "type": "Feature", "properties": { "nom": "Avenue de Mvolye", "classe": "secondary" }, "geometry": { "type": "LineString", "coordinates": [ [ 11.486372, 3.849616 ], [ 11.486331, 3.849325 ], [ 11.486273, 3.849102 ], [ 11.486237, 3.848913 ], [ 11.486216, 3.848746 ], [ 11.486214, 3.84867 ], [ 11.486216, 3.848587 ], [ 11.486221, 3.848438 ], [ 11.486224, 3.848336 ], [ 11.486273, 3.848059 ], [ 11.486363, 3.84758 ], [ 11.486397, 3.847397 ], [ 11.486425, 3.847227 ], [ 11.486452, 3.847039 ], [ 11.486483, 3.846815 ], [ 11.486517, 3.846558 ], [ 11.486527, 3.846373 ], [ 11.486537, 3.846173 ], [ 11.486542, 3.845683 ], [ 11.486559, 3.845279 ], [ 11.486559, 3.845179 ], [ 11.486588, 3.84477 ], [ 11.486623, 3.844296 ], [ 11.486657, 3.843942 ], [ 11.48668, 3.843706 ], [ 11.486686, 3.84359 ], [ 11.486733, 3.843138 ], [ 11.48676, 3.842876 ], [ 11.486771, 3.842757 ], [ 11.486852, 3.842579 ], [ 11.487028, 3.842381 ], [ 11.487248, 3.842182 ], [ 11.48734, 3.842092 ], [ 11.487512, 3.841905 ], [ 11.487638, 3.841776 ], [ 11.487737, 3.841688 ], [ 11.487866, 3.841572 ], [ 11.487951, 3.841494 ], [ 11.48808, 3.841381 ], [ 11.488257, 3.841225 ], [ 11.488419, 3.841087 ], [ 11.488622, 3.840913 ], [ 11.489232, 3.840354 ], [ 11.489435, 3.840159 ], [ 11.489608, 3.840002 ], [ 11.489826, 3.839816 ], [ 11.489963, 3.839726 ], [ 11.490118, 3.83967 ], [ 11.490323, 3.83965 ], [ 11.490528, 3.839672 ], [ 11.490695, 3.839744 ] ] } },
{ "type": "Feature", "properties": { "nom": "Rue 2.011", "classe": "tertiary" }, "geometry": { "type": "LineString", "coordinates": [ [ 11.511311, 3.874995 ], [ 11.511295, 3.874904 ], [ 11.51128, 3.874733 ], [ 11.511233, 3.874452 ], [ 11.511149, 3.873938 ], [ 11.511139, 3.873868 ], [ 11.511118, 3.873792 ], [ 11.511114, 3.873781 ], [ 11.511107, 3.873761 ], [ 11.511084, 3.873729 ], [ 11.511025, 3.873677 ], [ 11.510957, 3.873646 ], [ 11.510726, 3.873587 ], [ 11.510311, 3.873512 ], [ 11.510012, 3.873458 ], [ 11.509766, 3.87343 ], [ 11.509177, 3.873391 ], [ 11.508902, 3.873365 ], [ 11.50866, 3.873343 ], [ 11.508476, 3.873321 ], [ 11.508303, 3.873284 ], [ 11.50808, 3.873225 ], [ 11.507767, 3.873113 ], [ 11.507438, 3.872969 ], [ 11.507246, 3.872863 ], [ 11.507037, 3.87273 ], [ 11.506823, 3.872581 ], [ 11.50661, 3.872429 ], [ 11.506215, 3.872165 ], [ 11.505982, 3.871993 ], [ 11.50574, 3.871812 ] ] } },
{ "type": "Feature", "properties": { "nom": "Rue Joseph Ayissi", "classe": "secondary" }, "geometry": { "type": "LineString", "coordinates": [ [ 11.525537, 3.855365 ], [ 11.525407, 3.855333 ], [ 11.525289, 3.855276 ], [ 11.52518, 3.855196 ], [ 11.525061, 3.855097 ], [ 11.524882, 3.854915 ], [ 11.524625, 3.854602 ], [ 11.524437, 3.854331 ], [ 11.524378, 3.854245 ], [ 11.524241, 3.854015 ], [ 11.524122, 3.853731 ], [ 11.523912, 3.853234 ], [ 11.52375, 3.852868 ], [ 11.523588, 3.852626 ], [ 11.523398, 3.852423 ], [ 11.523, 3.852084 ], [ 11.522407, 3.851558 ], [ 11.52218, 3.851356 ], [ 11.522087, 3.851293 ], [ 11.522026, 3.851234 ], [ 11.521932, 3.851144 ] ] } },
{ "type": "Feature", "properties": { "nom": "", "classe": "secondary" }, "geometry": { "type": "LineString", "coordinates": [ [ 11.538941, 3.884919 ], [ 11.538936, 3.884952 ], [ 11.538924, 3.884982 ], [ 11.538906, 3.88501 ], [ 11.538879, 3.885035 ], [ 11.538847, 3.885054 ], [ 11.538812, 3.885064 ], [ 11.538775, 3.885066 ], [ 11.538738, 3.885059 ], [ 11.538705, 3.885043 ], [ 11.538668, 3.885012 ], [ 11.53864, 3.884963 ], [ 11.538631, 3.884908 ], [ 11.538643, 3.884853 ], [ 11.538673, 3.884806 ], [ 11.538718, 3.884772 ], [ 11.538773, 3.884757 ], [ 11.538812, 3.884759 ], [ 11.53885, 3.884771 ], [ 11.538884, 3.884792 ], [ 11.538911, 3.88482 ], [ 11.53893, 3.884855 ], [ 11.538939, 3.884887 ], [ 11.538941, 3.884919 ] ] } },
{ "type": "Feature", "properties": { "nom": "", "classe": "secondary" }, "geometry": { "type": "LineString", "coordinates": [ [ 11.538668, 3.885012 ], [ 11.538549, 3.884986 ], [ 11.538453, 3.884978 ], [ 11.538326, 3.884994 ] ] } },
{ "type": "Feature", "properties": { "nom": "", "classe": "secondary" }, "geometry": { "type": "LineString", "coordinates": [ [ 11.538773, 3.884757 ], [ 11.538839, 3.884627 ], [ 11.538895, 3.884516 ] ] } },
{ "type": "Feature", "properties": { "nom": "Avenue Marc Vivien Foe", "classe": "secondary" }, "geometry": { "type": "LineString", "coordinates": [ [ 11.539791, 3.877617 ], [ 11.539766, 3.877678 ], [ 11.539687, 3.877935 ], [ 11.539663, 3.878046 ], [ 11.539646, 3.878147 ], [ 11.539629, 3.878271 ], [ 11.539604, 3.878481 ], [ 11.539585, 3.878726 ], [ 11.539562, 3.878922 ], [ 11.539387, 3.879503 ], [ 11.539152, 3.880303 ], [ 11.538953, 3.880983 ], [ 11.538897, 3.881279 ], [ 11.53886, 3.881547 ], [ 11.538834, 3.881788 ], [ 11.538816, 3.882019 ], [ 11.538838, 3.88349 ], [ 11.53885, 3.883796 ], [ 11.53887, 3.884167 ], [ 11.538894, 3.884487 ], [ 11.538895, 3.884516 ] ] } },
{ "type": "Feature", "properties": { "nom": "Rue 1.319", "classe": "tertiary" }, "geometry": { "type": "LineString", "coordinates": [ [ 11.544189, 3.870045 ], [ 11.543601, 3.870365 ], [ 11.543409, 3.870479 ], [ 11.543104, 3.870667 ], [ 11.542534, 3.870979 ], [ 11.542486, 3.871008 ], [ 11.542013, 3.87127 ], [ 11.541705, 3.871436 ] ] } },
{ "type": "Feature", "properties": { "nom": "Rue 4.762", "classe": "primary" }, "geometry": { "type": "LineString", "coordinates": [ [ 11.548767, 3.864586 ], [ 11.54897, 3.8648 ], [ 11.549157, 3.865008 ], [ 11.549313, 3.865182 ], [ 11.549432, 3.865313 ], [ 11.549501, 3.865386 ], [ 11.549591, 3.865446 ], [ 11.549798, 3.865556 ], [ 11.550036, 3.865682 ], [ 11.550225, 3.865782 ], [ 11.550367, 3.865857 ], [ 11.550445, 3.865898 ], [ 11.550659, 3.866013 ], [ 11.550881, 3.866133 ], [ 11.551218, 3.866315 ], [ 11.551458, 3.866447 ], [ 11.551695, 3.866578 ], [ 11.551802, 3.866647 ], [ 11.551909, 3.866729 ], [ 11.551964, 3.866778 ] ] } },
{ "type": "Feature", "properties": { "nom": "Rue 4.086", "classe": "tertiary" }, "geometry": { "type": "LineString", "coordinates": [ [ 11.52934, 3.853739 ], [ 11.5299, 3.854404 ], [ 11.530125, 3.854658 ], [ 11.530668, 3.855209 ], [ 11.531058, 3.855558 ], [ 11.532067, 3.855798 ], [ 11.533616, 3.856161 ], [ 11.53399, 3.856254 ], [ 11.534213, 3.856318 ], [ 11.534865, 3.856473 ], [ 11.535026, 3.856511 ], [ 11.536, 3.856743 ], [ 11.536746, 3.856926 ], [ 11.537137, 3.857037 ], [ 11.537393, 3.857104 ], [ 11.537762, 3.857261 ], [ 11.53833, 3.857539 ], [ 11.53845, 3.857603 ], [ 11.538766, 3.857782 ], [ 11.539126, 3.857999 ], [ 11.539525, 3.85822 ], [ 11.539765, 3.858382 ], [ 11.539824, 3.858421 ], [ 11.53992, 3.85859 ], [ 11.540007, 3.858727 ], [ 11.540313, 3.859183 ], [ 11.540369, 3.859316 ], [ 11.540401, 3.859449 ], [ 11.540431, 3.859719 ], [ 11.54043, 3.859879 ], [ 11.540413, 3.860029 ], [ 11.540143, 3.861078 ], [ 11.539975, 3.861743 ], [ 11.539815, 3.862393 ], [ 11.539527, 3.86346 ], [ 11.539492, 3.86365 ], [ 11.539437, 3.863953 ], [ 11.539264, 3.864591 ] ] } },
{ "type": "Feature", "properties": { "nom": "Rue 4.098", "classe": "secondary" }, "geometry": { "type": "LineString", "coordinates": [ [ 11.530342, 3.858177 ], [ 11.530349, 3.858176 ], [ 11.531182, 3.858412 ], [ 11.531397, 3.858415 ], [ 11.531527, 3.858429 ], [ 11.531687, 3.858421 ], [ 11.532136, 3.858367 ], [ 11.532357, 3.858349 ], [ 11.532485, 3.858355 ], [ 11.532641, 3.858381 ], [ 11.533403, 3.858634 ], [ 11.533677, 3.858732 ], [ 11.533971, 3.858817 ], [ 11.534569, 3.85893 ], [ 11.535173, 3.859161 ], [ 11.535406, 3.859273 ], [ 11.535591, 3.859361 ], [ 11.535786, 3.859455 ], [ 11.536133, 3.859644 ], [ 11.536398, 3.859811 ], [ 11.536508, 3.859909 ], [ 11.536602, 3.860009 ], [ 11.536722, 3.860172 ], [ 11.536799, 3.860295 ], [ 11.536862, 3.860413 ], [ 11.537101, 3.860883 ], [ 11.537175, 3.861028 ], [ 11.53746, 3.861526 ], [ 11.538006, 3.86234 ], [ 11.538048, 3.862416 ], [ 11.53808, 3.862487 ], [ 11.538146, 3.862649 ], [ 11.538432, 3.863665 ], [ 11.538505, 3.863864 ], [ 11.538584, 3.864053 ], [ 11.538666, 3.864192 ], [ 11.538754, 3.864329 ], [ 11.539062, 3.864773 ], [ 11.53919, 3.864942 ], [ 11.539599, 3.865499 ], [ 11.540358, 3.866532 ] ] } },
{ "type": "Feature", "properties": { "nom": "Rue 4.119", "classe": "tertiary" }, "geometry": { "type": "LineString", "coordinates": [ [ 11.535357, 3.865302 ], [ 11.535419, 3.865157 ], [ 11.535452, 3.865061 ], [ 11.535479, 3.864946 ], [ 11.535495, 3.864809 ], [ 11.535514, 3.864742 ], [ 11.535553, 3.864511 ], [ 11.535558, 3.864443 ], [ 11.53557, 3.864326 ], [ 11.535634, 3.863824 ], [ 11.535643, 3.863706 ], [ 11.535696, 3.863402 ], [ 11.535737, 3.863295 ], [ 11.535798, 3.863197 ], [ 11.536421, 3.862517 ], [ 11.536701, 3.862236 ], [ 11.536912, 3.862041 ], [ 11.537056, 3.861911 ], [ 11.53746, 3.861526 ], [ 11.537673, 3.861333 ], [ 11.538121, 3.860994 ], [ 11.538478, 3.860777 ], [ 11.538611, 3.860719 ], [ 11.538706, 3.86072 ], [ 11.538791, 3.860727 ], [ 11.539122, 3.860808 ], [ 11.53983, 3.860996 ], [ 11.540143, 3.861078 ] ] } },
{ "type": "Feature", "properties": { "nom": "Rue 4.509", "classe": "tertiary" }, "geometry": { "type": "LineString", "coordinates": [ [ 11.547669, 3.861826 ], [ 11.547639, 3.861765 ], [ 11.547617, 3.861669 ], [ 11.547612, 3.861591 ], [ 11.547614, 3.861459 ], [ 11.547629, 3.861323 ], [ 11.547653, 3.861187 ], [ 11.547692, 3.860974 ], [ 11.547784, 3.860527 ], [ 11.547822, 3.860346 ], [ 11.547846, 3.860262 ], [ 11.547871, 3.860177 ], [ 11.547952, 3.859926 ], [ 11.548138, 3.859438 ], [ 11.548258, 3.859136 ], [ 11.548296, 3.859042 ], [ 11.548335, 3.8589 ], [ 11.548358, 3.85876 ], [ 11.548374, 3.858569 ], [ 11.548359, 3.858364 ], [ 11.548325, 3.858177 ], [ 11.54807, 3.857267 ], [ 11.54803, 3.857144 ], [ 11.547743, 3.856276 ], [ 11.547722, 3.85621 ], [ 11.547632, 3.855869 ], [ 11.547587, 3.855423 ], [ 11.547575, 3.855352 ] ] } },
{ "type": "Feature", "properties": { "nom": "Rue 4.804", "classe": "primary" }, "geometry": { "type": "LineString", "coordinates": [ [ 11.570433, 3.864719 ], [ 11.570412, 3.864746 ], [ 11.570389, 3.864764 ], [ 11.570349, 3.864785 ], [ 11.570319, 3.8648 ], [ 11.569735, 3.865018 ], [ 11.569305, 3.865194 ], [ 11.568884, 3.865362 ], [ 11.568366, 3.865583 ], [ 11.567727, 3.865855 ], [ 11.566739, 3.866242 ], [ 11.566296, 3.866418 ], [ 11.56563, 3.866687 ], [ 11.565128, 3.866891 ], [ 11.56469, 3.867059 ], [ 11.564213, 3.867253 ], [ 11.563763, 3.867432 ], [ 11.563312, 3.867625 ], [ 11.562563, 3.867938 ], [ 11.562088, 3.868109 ], [ 11.561609, 3.868304 ], [ 11.56027, 3.868857 ], [ 11.560144, 3.868909 ], [ 11.560078, 3.868946 ], [ 11.560038, 3.868967 ], [ 11.559985, 3.868991 ], [ 11.559953, 3.869002 ], [ 11.55992, 3.868997 ], [ 11.559876, 3.868979 ], [ 11.559789, 3.868948 ], [ 11.559327, 3.868735 ], [ 11.559189, 3.868692 ], [ 11.559083, 3.868667 ], [ 11.55898, 3.868654 ], [ 11.558801, 3.868652 ], [ 11.558622, 3.868665 ], [ 11.55845, 3.868689 ], [ 11.558141, 3.868767 ], [ 11.557676, 3.868907 ], [ 11.557247, 3.869051 ], [ 11.55681, 3.869199 ], [ 11.556342, 3.869344 ], [ 11.555936, 3.869447 ], [ 11.555782, 3.86948 ], [ 11.555326, 3.869575 ], [ 11.555025, 3.869606 ], [ 11.554706, 3.869627 ], [ 11.554342, 3.86963 ], [ 11.554126, 3.869613 ], [ 11.553884, 3.869581 ], [ 11.553786, 3.86956 ], [ 11.553719, 3.869542 ], [ 11.553465, 3.869456 ], [ 11.553219, 3.869366 ], [ 11.553141, 3.869333 ], [ 11.553071, 3.869321 ], [ 11.55293, 3.86933 ] ] } },
{ "type": "Feature", "properties": { "nom": "Rue 4.104", "classe": "tertiary" }, "geometry": { "type": "LineString", "coordinates": [ [ 11.53065, 3.861066 ], [ 11.531183, 3.861165 ], [ 11.531632, 3.861261 ], [ 11.532092, 3.861372 ], [ 11.532172, 3.861399 ], [ 11.532235, 3.861424 ], [ 11.532583, 3.861587 ], [ 11.533195, 3.861884 ], [ 11.533318, 3.861934 ] ] } },
{ "type": "Feature", "properties": { "nom": "Rue de Kondengui", "classe": "secondary" }, "geometry": { "type": "LineString", "coordinates": [ [ 11.52972, 3.853287 ], [ 11.52997, 3.853075 ], [ 11.530121, 3.852926 ], [ 11.530203, 3.852875 ], [ 11.53048, 3.852646 ], [ 11.530763, 3.852419 ], [ 11.530852, 3.852349 ], [ 11.531085, 3.852166 ], [ 11.531148, 3.852116 ], [ 11.531512, 3.851824 ], [ 11.531673, 3.851708 ], [ 11.531847, 3.851594 ], [ 11.531921, 3.851553 ], [ 11.532018, 3.851516 ], [ 11.532126, 3.851497 ], [ 11.53241, 3.851506 ], [ 11.532591, 3.851531 ], [ 11.532783, 3.851563 ], [ 11.53323, 3.851685 ], [ 11.53355, 3.851759 ], [ 11.533916, 3.851855 ], [ 11.534277, 3.851951 ], [ 11.534825, 3.852083 ], [ 11.535226, 3.852206 ], [ 11.535374, 3.852263 ], [ 11.535745, 3.852416 ], [ 11.535853, 3.852459 ], [ 11.536141, 3.852585 ], [ 11.536315, 3.852646 ], [ 11.536443, 3.852678 ], [ 11.537125, 3.852833 ], [ 11.537821, 3.853062 ], [ 11.538549, 3.853402 ], [ 11.538816, 3.853524 ], [ 11.539227, 3.853697 ], [ 11.539937, 3.853974 ], [ 11.540378, 3.854152 ], [ 11.540865, 3.854393 ], [ 11.541079, 3.854508 ], [ 11.541246, 3.854616 ], [ 11.541389, 3.854753 ], [ 11.541574, 3.854954 ], [ 11.541745, 3.855203 ], [ 11.542556, 3.856406 ], [ 11.542811, 3.856817 ], [ 11.542967, 3.85707 ], [ 11.543062, 3.857205 ], [ 11.543438, 3.85776 ], [ 11.543695, 3.858144 ], [ 11.544072, 3.858718 ], [ 11.544301, 3.859105 ], [ 11.544361, 3.859237 ], [ 11.544409, 3.859378 ], [ 11.544437, 3.859491 ], [ 11.544466, 3.85969 ], [ 11.544471, 3.859721 ], [ 11.54457, 3.860397 ], [ 11.544666, 3.861115 ], [ 11.544699, 3.861347 ], [ 11.544725, 3.861553 ], [ 11.544739, 3.861617 ], [ 11.544754, 3.861672 ], [ 11.544825, 3.861845 ], [ 11.54487, 3.861934 ], [ 11.544926, 3.862039 ], [ 11.545091, 3.862258 ], [ 11.545354, 3.86264 ], [ 11.545635, 3.863012 ], [ 11.545773, 3.863197 ], [ 11.545821, 3.863272 ], [ 11.545853, 3.863354 ], [ 11.545876, 3.863428 ], [ 11.545899, 3.863497 ], [ 11.545919, 3.863634 ] ] } },
{ "type": "Feature", "properties": { "nom": "Rue 1.250", "classe": "tertiary" }, "geometry": { "type": "LineString", "coordinates": [ [ 11.529657, 3.862173 ], [ 11.530777, 3.862889 ], [ 11.531847, 3.863471 ], [ 11.532798, 3.863992 ], [ 11.53321, 3.864247 ], [ 11.533622, 3.864612 ], [ 11.533683, 3.864689 ], [ 11.533738, 3.864777 ], [ 11.533802, 3.864899 ], [ 11.533886, 3.865088 ] ] } },
{ "type": "Feature", "properties": { "nom": "Rue 1.255", "classe": "tertiary" }, "geometry": { "type": "LineString", "coordinates": [ [ 11.530777, 3.862889 ], [ 11.530572, 3.8632 ], [ 11.529481, 3.864332 ], [ 11.529354, 3.864537 ] ] } },
{ "type": "Feature", "properties": { "nom": "Rue 4.060", "classe": "tertiary" }, "geometry": { "type": "LineString", "coordinates": [ [ 11.538144, 3.85011 ], [ 11.538826, 3.850629 ], [ 11.539199, 3.850899 ], [ 11.540013, 3.851504 ], [ 11.540226, 3.851663 ], [ 11.540673, 3.852036 ], [ 11.540816, 3.852169 ], [ 11.541071, 3.8523 ], [ 11.541465, 3.852488 ], [ 11.542205, 3.852917 ], [ 11.542635, 3.853145 ], [ 11.543084, 3.853414 ], [ 11.543163, 3.853466 ], [ 11.543298, 3.853575 ], [ 11.543348, 3.853641 ], [ 11.543403, 3.853731 ], [ 11.54351, 3.853986 ], [ 11.543653, 3.854432 ], [ 11.544132, 3.855925 ] ] } },
{ "type": "Feature", "properties": { "nom": "Rue 4.077", "classe": "secondary" }, "geometry": { "type": "LineString", "coordinates": [ [ 11.537125, 3.852833 ], [ 11.537291, 3.852364 ], [ 11.53748, 3.851823 ], [ 11.537629, 3.851442 ], [ 11.537767, 3.851096 ], [ 11.537983, 3.85055 ], [ 11.538144, 3.85011 ] ] } },
{ "type": "Feature", "properties": { "nom": "Rue 8.751", "classe": "secondary" }, "geometry": { "type": "LineString", "coordinates": [ [ 11.541526, 3.84444 ], [ 11.541541, 3.844383 ], [ 11.541554, 3.844304 ], [ 11.541557, 3.844234 ], [ 11.541557, 3.844232 ], [ 11.541558, 3.844164 ], [ 11.54154, 3.843796 ], [ 11.541523, 3.843354 ], [ 11.541499, 3.842982 ], [ 11.541489, 3.842675 ], [ 11.541472, 3.842357 ], [ 11.541451, 3.842097 ], [ 11.541448, 3.842061 ], [ 11.541455, 3.841755 ], [ 11.541455, 3.84167 ], [ 11.54146, 3.841593 ], [ 11.54147, 3.841422 ], [ 11.541496, 3.84122 ], [ 11.541548, 3.841016 ], [ 11.541652, 3.840693 ], [ 11.541714, 3.840514 ], [ 11.541783, 3.840313 ], [ 11.541809, 3.84024 ], [ 11.54198, 3.839761 ], [ 11.542033, 3.839602 ], [ 11.542054, 3.839492 ], [ 11.542105, 3.839231 ], [ 11.542141, 3.838987 ], [ 11.542147, 3.838762 ], [ 11.542129, 3.838194 ], [ 11.542135, 3.837439 ], [ 11.542126, 3.837154 ], [ 11.542102, 3.836861 ], [ 11.542055, 3.836592 ], [ 11.542019, 3.836389 ], [ 11.54196, 3.836132 ], [ 11.541914, 3.835964 ], [ 11.541857, 3.835792 ], [ 11.541842, 3.835757 ], [ 11.541761, 3.835576 ], [ 11.541678, 3.835424 ], [ 11.541567, 3.835225 ], [ 11.541522, 3.83516 ], [ 11.541452, 3.835055 ], [ 11.541257, 3.834725 ], [ 11.541154, 3.834552 ], [ 11.541108, 3.834468 ], [ 11.541088, 3.83443 ], [ 11.540811, 3.833999 ], [ 11.540548, 3.833306 ], [ 11.540335, 3.832766 ] ] } },
{ "type": "Feature", "properties": { "nom": "Rue 8.005", "classe": "tertiary" }, "geometry": { "type": "LineString", "coordinates": [ [ 11.526295, 3.845896 ], [ 11.52631, 3.845785 ], [ 11.526329, 3.845678 ], [ 11.526328, 3.845557 ], [ 11.526306, 3.845441 ], [ 11.526262, 3.845308 ], [ 11.526205, 3.845221 ], [ 11.526083, 3.845073 ], [ 11.52585, 3.844825 ], [ 11.525706, 3.844664 ], [ 11.525506, 3.844436 ], [ 11.525108, 3.844058 ], [ 11.524651, 3.8436 ], [ 11.524293, 3.8432 ], [ 11.52416, 3.843018 ], [ 11.524123, 3.842915 ], [ 11.524113, 3.842115 ], [ 11.523955, 3.841614 ], [ 11.523887, 3.841145 ], [ 11.523858, 3.840366 ], [ 11.523888, 3.839685 ], [ 11.523895, 3.839559 ], [ 11.523907, 3.8394 ], [ 11.523876, 3.839063 ], [ 11.523831, 3.838904 ], [ 11.523414, 3.838083 ], [ 11.523315, 3.837964 ], [ 11.523069, 3.837874 ], [ 11.522863, 3.837802 ], [ 11.52249, 3.837715 ], [ 11.522014, 3.837598 ], [ 11.521827, 3.837533 ], [ 11.52174, 3.837472 ], [ 11.52161, 3.837343 ], [ 11.521218, 3.836681 ], [ 11.520816, 3.83624 ], [ 11.52012, 3.836293 ], [ 11.519371, 3.836432 ], [ 11.518832, 3.836586 ], [ 11.518368, 3.836854 ], [ 11.518234, 3.83678 ] ] } },
{ "type": "Feature", "properties": { "nom": "Rue 4.024", "classe": "tertiary" }, "geometry": { "type": "LineString", "coordinates": [ [ 11.523, 3.852084 ], [ 11.52313, 3.851962 ], [ 11.52323, 3.851875 ], [ 11.523288, 3.851844 ], [ 11.523495, 3.85176 ], [ 11.524212, 3.851527 ], [ 11.524315, 3.851516 ], [ 11.524403, 3.851543 ], [ 11.52488, 3.85178 ], [ 11.525152, 3.851926 ], [ 11.525997, 3.852371 ], [ 11.526406, 3.852589 ], [ 11.526636, 3.852711 ], [ 11.527543, 3.853194 ], [ 11.527855, 3.85334 ], [ 11.528149, 3.853431 ], [ 11.52837, 3.853486 ], [ 11.528599, 3.853535 ], [ 11.528926, 3.853587 ], [ 11.529095, 3.853621 ], [ 11.529223, 3.853671 ], [ 11.52934, 3.853739 ] ] } },
{ "type": "Feature", "properties": { "nom": "Rue 8.032", "classe": "tertiary" }, "geometry": { "type": "LineString", "coordinates": [ [ 11.519982, 3.843129 ], [ 11.520465, 3.842837 ], [ 11.520713, 3.842702 ], [ 11.52086, 3.842646 ], [ 11.520946, 3.842624 ], [ 11.520991, 3.842613 ], [ 11.521118, 3.842604 ], [ 11.521216, 3.842618 ], [ 11.521293, 3.842665 ], [ 11.521371, 3.842748 ], [ 11.521474, 3.842908 ], [ 11.521575, 3.843043 ], [ 11.521692, 3.8432 ], [ 11.521856, 3.843362 ], [ 11.522029, 3.843503 ], [ 11.522085, 3.843523 ], [ 11.522167, 3.84352 ], [ 11.522246, 3.843498 ], [ 11.522675, 3.843302 ], [ 11.522771, 3.843267 ], [ 11.522872, 3.843258 ], [ 11.522962, 3.843325 ], [ 11.523182, 3.843545 ], [ 11.523313, 3.843656 ], [ 11.52344, 3.84371 ], [ 11.523618, 3.843746 ], [ 11.523794, 3.843773 ], [ 11.523935, 3.843805 ], [ 11.524057, 3.843832 ], [ 11.524185, 3.843849 ], [ 11.524273, 3.843857 ], [ 11.524363, 3.843856 ], [ 11.52444, 3.843855 ], [ 11.524521, 3.843854 ], [ 11.524589, 3.84386 ], [ 11.524661, 3.843881 ], [ 11.524794, 3.843939 ], [ 11.524987, 3.844029 ], [ 11.525029, 3.84404 ], [ 11.525108, 3.844058 ] ] } },
{ "type": "Feature", "properties": { "nom": "Rue 3.004", "classe": "secondary" }, "geometry": { "type": "LineString", "coordinates": [ [ 11.514475, 3.864031 ], [ 11.514448, 3.864045 ], [ 11.514418, 3.864048 ], [ 11.514381, 3.864039 ], [ 11.514351, 3.864018 ], [ 11.514333, 3.863986 ], [ 11.514327, 3.86395 ], [ 11.514341, 3.863906 ], [ 11.514374, 3.863873 ], [ 11.514419, 3.863861 ], [ 11.514465, 3.863872 ], [ 11.514494, 3.863895 ], [ 11.514511, 3.863928 ], [ 11.514515, 3.863965 ], [ 11.514512, 3.86398 ], [ 11.514498, 3.864009 ], [ 11.514475, 3.864031 ] ] } },
{ "type": "Feature", "properties": { "nom": "Rue 1.055", "classe": "tertiary" }, "geometry": { "type": "LineString", "coordinates": [ [ 11.517703, 3.86757 ], [ 11.517797, 3.867655 ], [ 11.517874, 3.867821 ], [ 11.518027, 3.869061 ], [ 11.518068, 3.869203 ], [ 11.518118, 3.869309 ], [ 11.518186, 3.86941 ], [ 11.518291, 3.869513 ], [ 11.518712, 3.869705 ], [ 11.518791, 3.869746 ] ] } },
{ "type": "Feature", "properties": { "nom": "Rue 3.012", "classe": "secondary" }, "geometry": { "type": "LineString", "coordinates": [ [ 11.516761, 3.861771 ], [ 11.516881, 3.861855 ], [ 11.517037, 3.861914 ], [ 11.517168, 3.861947 ], [ 11.517318, 3.861959 ], [ 11.517478, 3.86194 ], [ 11.517877, 3.861873 ] ] } },
{ "type": "Feature", "properties": { "nom": "", "classe": "secondary" }, "geometry": { "type": "LineString", "coordinates": [ [ 11.54312, 3.71171 ], [ 11.5431, 3.711608 ], [ 11.5431, 3.711523 ], [ 11.54312, 3.711396 ], [ 11.543491, 3.710291 ], [ 11.543545, 3.710023 ], [ 11.543538, 3.709901 ], [ 11.543512, 3.709791 ], [ 11.543454, 3.709656 ], [ 11.543338, 3.709488 ], [ 11.543161, 3.709306 ], [ 11.543103, 3.709254 ], [ 11.542923, 3.709133 ], [ 11.5427, 3.709029 ], [ 11.54249, 3.708969 ], [ 11.542243, 3.708954 ], [ 11.541735, 3.709036 ], [ 11.541366, 3.709108 ], [ 11.540883, 3.70921 ], [ 11.540485, 3.709291 ], [ 11.539144, 3.709485 ], [ 11.538591, 3.709607 ], [ 11.537408, 3.709833 ], [ 11.536675, 3.709984 ], [ 11.536428, 3.710039 ], [ 11.536158, 3.710116 ], [ 11.535831, 3.710252 ], [ 11.535462, 3.710453 ], [ 11.535005, 3.710704 ], [ 11.534557, 3.710881 ], [ 11.53449, 3.710905 ], [ 11.534371, 3.710947 ] ] } },
{ "type": "Feature", "properties": { "nom": "", "classe": "secondary" }, "geometry": { "type": "LineString", "coordinates": [ [ 11.54323, 3.711979 ], [ 11.543651, 3.712927 ], [ 11.543818, 3.713255 ], [ 11.543898, 3.713359 ], [ 11.543987, 3.713434 ], [ 11.544258, 3.713605 ], [ 11.544398, 3.713664 ], [ 11.544598, 3.713659 ], [ 11.544833, 3.713588 ], [ 11.544911, 3.713497 ], [ 11.545011, 3.713322 ], [ 11.54537, 3.712661 ], [ 11.545483, 3.712489 ], [ 11.545585, 3.712385 ], [ 11.545734, 3.712296 ], [ 11.545884, 3.712239 ], [ 11.54612, 3.712167 ], [ 11.546418, 3.712028 ], [ 11.546611, 3.711915 ], [ 11.546702, 3.711825 ], [ 11.546748, 3.711746 ], [ 11.546782, 3.711668 ], [ 11.546853, 3.71142 ], [ 11.546949, 3.711208 ], [ 11.547078, 3.710949 ], [ 11.54722, 3.710679 ], [ 11.547393, 3.710388 ], [ 11.54758, 3.710113 ], [ 11.547676, 3.709978 ], [ 11.547737, 3.709827 ], [ 11.547786, 3.709608 ], [ 11.547812, 3.709469 ], [ 11.547821, 3.709285 ], [ 11.547834, 3.708652 ], [ 11.547853, 3.708225 ], [ 11.547883, 3.708047 ], [ 11.54796, 3.707764 ], [ 11.548133, 3.707339 ], [ 11.548216, 3.707108 ], [ 11.548282, 3.706909 ], [ 11.548372, 3.706631 ], [ 11.548701, 3.705816 ], [ 11.548987, 3.705046 ], [ 11.549128, 3.704728 ], [ 11.549317, 3.704346 ], [ 11.549745, 3.703574 ], [ 11.54989, 3.703325 ], [ 11.549957, 3.703237 ], [ 11.55011, 3.703063 ], [ 11.550391, 3.702782 ], [ 11.550735, 3.702506 ], [ 11.550992, 3.702329 ], [ 11.551276, 3.702161 ], [ 11.552446, 3.701638 ], [ 11.553342, 3.701237 ], [ 11.553546, 3.701133 ], [ 11.554023, 3.700828 ], [ 11.554307, 3.700673 ], [ 11.554639, 3.700535 ], [ 11.55476, 3.700502 ], [ 11.555027, 3.700427 ], [ 11.555386, 3.700356 ], [ 11.556054, 3.700296 ], [ 11.556249, 3.700258 ], [ 11.55645, 3.700201 ], [ 11.556676, 3.700108 ], [ 11.55688, 3.699985 ], [ 11.557201, 3.699742 ], [ 11.557854, 3.699347 ], [ 11.557973, 3.699297 ] ] } },
{ "type": "Feature", "properties": { "nom": "Rue 4.413", "classe": "tertiary" }, "geometry": { "type": "LineString", "coordinates": [ [ 11.561547, 3.825549 ], [ 11.56161, 3.825656 ], [ 11.561827, 3.825944 ], [ 11.561976, 3.826157 ], [ 11.562263, 3.826612 ], [ 11.56264, 3.827144 ], [ 11.562724, 3.827228 ], [ 11.562982, 3.827385 ], [ 11.56318, 3.827472 ], [ 11.563682, 3.827643 ], [ 11.563949, 3.827693 ], [ 11.564165, 3.827705 ], [ 11.564295, 3.827691 ], [ 11.564536, 3.827665 ], [ 11.564952, 3.827596 ], [ 11.565377, 3.827468 ], [ 11.565743, 3.827334 ], [ 11.565893, 3.827291 ], [ 11.566226, 3.827197 ], [ 11.566297, 3.827182 ], [ 11.566349, 3.827239 ], [ 11.566389, 3.827302 ], [ 11.566422, 3.827394 ], [ 11.566451, 3.827533 ], [ 11.566501, 3.828003 ], [ 11.566503, 3.828279 ], [ 11.566533, 3.828411 ], [ 11.56667, 3.828783 ], [ 11.566764, 3.828999 ], [ 11.567075, 3.829467 ], [ 11.567321, 3.829751 ], [ 11.567387, 3.829833 ], [ 11.567486, 3.829956 ], [ 11.567627, 3.830214 ], [ 11.567924, 3.830661 ], [ 11.568078, 3.830939 ], [ 11.568136, 3.831041 ], [ 11.568351, 3.831442 ], [ 11.568485, 3.831761 ], [ 11.568629, 3.832069 ], [ 11.568817, 3.832417 ], [ 11.568935, 3.832587 ], [ 11.569132, 3.832839 ], [ 11.569612, 3.83338 ], [ 11.569949, 3.833699 ], [ 11.570197, 3.833918 ], [ 11.570612, 3.834207 ], [ 11.570712, 3.834263 ], [ 11.57084, 3.834322 ], [ 11.571071, 3.834405 ], [ 11.571447, 3.834506 ], [ 11.571947, 3.834634 ], [ 11.572007, 3.834646 ], [ 11.572588, 3.834778 ], [ 11.573279, 3.834949 ], [ 11.574026, 3.835121 ], [ 11.574697, 3.83527 ], [ 11.575162, 3.835329 ], [ 11.575212, 3.83539 ], [ 11.575471, 3.835689 ], [ 11.575513, 3.835738 ], [ 11.575774, 3.836041 ], [ 11.575855, 3.836137 ], [ 11.57593, 3.83625 ], [ 11.576154, 3.836483 ], [ 11.576337, 3.836663 ], [ 11.576436, 3.83676 ], [ 11.576671, 3.836991 ], [ 11.576697, 3.837035 ], [ 11.577045, 3.836972 ], [ 11.577566, 3.83686 ], [ 11.57777, 3.836799 ], [ 11.578115, 3.836697 ], [ 11.578602, 3.836539 ], [ 11.578874, 3.836425 ], [ 11.578946, 3.836398 ], [ 11.579123, 3.836336 ], [ 11.579407, 3.83623 ], [ 11.579734, 3.836154 ], [ 11.579831, 3.836152 ], [ 11.579933, 3.836175 ], [ 11.580032, 3.836233 ], [ 11.580156, 3.836308 ], [ 11.580284, 3.836393 ] ] } },
{ "type": "Feature", "properties": { "nom": "", "classe": "tertiary" }, "geometry": { "type": "LineString", "coordinates": [ [ 11.570019, 3.816119 ], [ 11.570464, 3.816487 ], [ 11.570879, 3.816779 ], [ 11.570977, 3.816839 ], [ 11.571287, 3.817029 ], [ 11.571542, 3.817178 ], [ 11.571978, 3.817456 ], [ 11.572297, 3.817677 ], [ 11.572466, 3.817856 ], [ 11.572599, 3.818025 ], [ 11.572681, 3.818196 ], [ 11.572693, 3.818346 ], [ 11.572676, 3.818765 ], [ 11.572652, 3.819166 ], [ 11.572671, 3.81952 ], [ 11.572682, 3.819581 ], [ 11.572811, 3.820008 ], [ 11.572942, 3.82045 ], [ 11.57298, 3.820535 ], [ 11.573085, 3.820644 ], [ 11.573455, 3.820918 ], [ 11.57418, 3.821457 ], [ 11.5743, 3.821557 ], [ 11.57474, 3.821962 ], [ 11.574837, 3.822051 ], [ 11.574901, 3.822105 ], [ 11.575751, 3.822821 ], [ 11.576214, 3.823183 ], [ 11.576351, 3.82329 ], [ 11.576424, 3.823341 ], [ 11.576566, 3.823439 ], [ 11.576782, 3.823626 ], [ 11.577073, 3.82392 ], [ 11.577234, 3.824081 ], [ 11.577443, 3.82429 ], [ 11.577817, 3.824611 ], [ 11.578308, 3.825009 ], [ 11.578447, 3.825217 ], [ 11.578531, 3.825396 ], [ 11.578631, 3.825643 ], [ 11.579092, 3.826774 ], [ 11.579239, 3.827134 ], [ 11.579337, 3.827376 ], [ 11.579401, 3.827622 ], [ 11.579404, 3.827817 ], [ 11.579402, 3.827979 ], [ 11.579398, 3.828031 ], [ 11.579325, 3.82884 ], [ 11.579282, 3.828904 ], [ 11.579224, 3.828965 ], [ 11.579119, 3.829011 ], [ 11.57879, 3.829142 ], [ 11.578108, 3.829381 ], [ 11.5776, 3.82956 ], [ 11.576481, 3.829953 ], [ 11.576344, 3.830046 ], [ 11.576277, 3.830142 ], [ 11.576277, 3.830263 ], [ 11.576309, 3.830421 ], [ 11.576371, 3.830579 ], [ 11.576476, 3.830709 ], [ 11.576717, 3.830955 ], [ 11.576851, 3.831058 ], [ 11.577065, 3.831387 ], [ 11.57713, 3.831512 ], [ 11.577175, 3.831631 ], [ 11.577167, 3.831869 ], [ 11.577098, 3.832166 ], [ 11.576912, 3.832674 ], [ 11.576781, 3.832945 ], [ 11.576588, 3.833283 ], [ 11.576451, 3.833507 ], [ 11.576216, 3.833864 ], [ 11.575896, 3.83424 ], [ 11.575298, 3.834949 ], [ 11.57517, 3.835133 ], [ 11.575145, 3.835217 ], [ 11.575162, 3.835329 ] ] } },
{ "type": "Feature", "properties": { "nom": "", "classe": "tertiary" }, "geometry": { "type": "LineString", "coordinates": [ [ 11.580284, 3.836393 ], [ 11.580372, 3.836464 ], [ 11.580539, 3.836588 ], [ 11.58068, 3.836716 ], [ 11.580795, 3.836821 ], [ 11.580841, 3.836899 ], [ 11.580908, 3.837049 ], [ 11.580971, 3.837179 ], [ 11.581034, 3.83728 ], [ 11.581111, 3.837366 ], [ 11.581199, 3.837453 ], [ 11.581302, 3.837532 ], [ 11.581346, 3.837557 ], [ 11.581725, 3.837828 ], [ 11.582145, 3.838113 ], [ 11.582303, 3.838211 ], [ 11.582377, 3.838257 ], [ 11.582487, 3.838315 ], [ 11.58253, 3.838337 ], [ 11.582842, 3.838456 ], [ 11.583911, 3.838775 ], [ 11.584126, 3.83881 ], [ 11.584315, 3.83884 ], [ 11.584745, 3.838855 ], [ 11.584889, 3.838849 ], [ 11.585048, 3.838839 ], [ 11.585142, 3.838821 ], [ 11.585668, 3.838662 ], [ 11.58588, 3.838589 ], [ 11.586132, 3.838487 ], [ 11.586246, 3.8384 ], [ 11.58635, 3.838316 ], [ 11.586429, 3.838216 ], [ 11.586447, 3.838193 ], [ 11.586565, 3.83804 ], [ 11.586643, 3.837949 ], [ 11.586725, 3.837845 ], [ 11.586837, 3.837645 ], [ 11.586936, 3.83737 ], [ 11.586979, 3.837275 ], [ 11.587038, 3.83707 ], [ 11.587051, 3.837017 ], [ 11.587085, 3.836857 ], [ 11.58711, 3.836669 ], [ 11.587091, 3.836365 ], [ 11.587068, 3.836254 ], [ 11.587048, 3.836075 ], [ 11.587034, 3.835973 ], [ 11.587022, 3.835893 ], [ 11.587019, 3.83576 ], [ 11.58702, 3.835606 ], [ 11.587038, 3.835427 ], [ 11.5871, 3.835011 ], [ 11.587126, 3.834872 ], [ 11.587155, 3.834709 ], [ 11.587191, 3.834563 ], [ 11.58722, 3.834458 ], [ 11.587262, 3.834334 ], [ 11.587321, 3.834192 ], [ 11.587398, 3.834014 ], [ 11.587555, 3.833705 ], [ 11.587596, 3.833619 ], [ 11.587777, 3.833352 ], [ 11.587892, 3.833195 ], [ 11.588011, 3.833083 ], [ 11.588218, 3.832847 ], [ 11.588325, 3.832701 ], [ 11.58837, 3.832631 ], [ 11.58843, 3.832513 ], [ 11.588506, 3.832301 ], [ 11.588593, 3.832088 ], [ 11.588719, 3.831777 ], [ 11.588795, 3.831742 ], [ 11.588907, 3.831746 ], [ 11.589064, 3.831787 ], [ 11.589189, 3.831819 ], [ 11.589234, 3.831834 ], [ 11.589723, 3.832032 ], [ 11.589884, 3.832104 ], [ 11.590315, 3.832222 ], [ 11.590726, 3.832289 ], [ 11.590905, 3.832396 ], [ 11.591024, 3.832491 ], [ 11.59115, 3.832637 ], [ 11.591319, 3.832889 ], [ 11.591437, 3.833091 ], [ 11.591549, 3.833274 ], [ 11.591748, 3.833543 ], [ 11.591978, 3.833782 ], [ 11.592204, 3.833986 ], [ 11.59237, 3.834115 ], [ 11.592403, 3.83414 ], [ 11.592882, 3.834519 ], [ 11.59311, 3.834719 ], [ 11.593322, 3.834941 ], [ 11.593498, 3.835133 ], [ 11.593561, 3.835222 ], [ 11.59369, 3.835337 ], [ 11.593846, 3.835483 ], [ 11.594036, 3.835626 ], [ 11.594229, 3.835752 ], [ 11.594447, 3.835877 ], [ 11.594605, 3.835933 ], [ 11.594749, 3.835953 ], [ 11.595159, 3.835964 ], [ 11.595273, 3.83596 ], [ 11.595481, 3.835932 ], [ 11.595686, 3.835901 ], [ 11.595849, 3.835883 ], [ 11.595994, 3.835889 ], [ 11.596134, 3.835927 ], [ 11.596275, 3.835982 ], [ 11.59639, 3.836028 ], [ 11.596426, 3.836049 ], [ 11.596882, 3.836265 ], [ 11.597278, 3.83646 ], [ 11.597355, 3.83652 ], [ 11.5974, 3.836603 ], [ 11.597436, 3.836724 ], [ 11.597445, 3.836825 ], [ 11.597424, 3.837025 ], [ 11.597413, 3.837156 ], [ 11.597384, 3.8373 ], [ 11.597333, 3.83745 ], [ 11.597261, 3.837589 ], [ 11.59718, 3.837675 ], [ 11.597087, 3.837732 ], [ 11.59692, 3.83781 ], [ 11.596756, 3.837874 ], [ 11.596602, 3.837934 ], [ 11.596548, 3.837972 ], [ 11.596511, 3.838012 ], [ 11.596455, 3.838087 ], [ 11.596381, 3.838223 ], [ 11.596344, 3.838294 ], [ 11.596208, 3.83862 ], [ 11.596067, 3.838919 ], [ 11.595932, 3.839212 ], [ 11.595896, 3.839316 ], [ 11.595867, 3.839414 ], [ 11.595849, 3.839481 ], [ 11.595869, 3.839613 ], [ 11.595899, 3.839738 ], [ 11.595913, 3.839796 ], [ 11.59597, 3.839999 ], [ 11.596018, 3.840196 ], [ 11.596159, 3.840632 ], [ 11.596292, 3.840957 ], [ 11.596478, 3.841264 ], [ 11.596591, 3.84143 ], [ 11.596697, 3.84157 ], [ 11.596878, 3.841782 ], [ 11.597173, 3.842068 ], [ 11.597339, 3.842218 ], [ 11.597425, 3.842284 ], [ 11.597507, 3.842332 ] ] } },
{ "type": "Feature", "properties": { "nom": "Rue Métondo", "classe": "tertiary" }, "geometry": { "type": "LineString", "coordinates": [ [ 11.592805, 3.98252 ], [ 11.592455, 3.9827 ], [ 11.592358, 3.982744 ], [ 11.59204, 3.982902 ], [ 11.591829, 3.982993 ], [ 11.591622, 3.983069 ], [ 11.591386, 3.983155 ], [ 11.591016, 3.98328 ], [ 11.589785, 3.983708 ] ] } },
{ "type": "Feature", "properties": { "nom": "", "classe": "secondary" }, "geometry": { "type": "LineString", "coordinates": [ [ 11.520855, 3.862311 ], [ 11.520785, 3.862245 ], [ 11.52052, 3.861932 ] ] } },
{ "type": "Feature", "properties": { "nom": "", "classe": "primary" }, "geometry": { "type": "LineString", "coordinates": [ [ 11.512224, 3.867685 ], [ 11.511888, 3.86787 ] ] } },
{ "type": "Feature", "properties": { "nom": "", "classe": "tertiary" }, "geometry": { "type": "LineString", "coordinates": [ [ 11.436891, 3.812987 ], [ 11.436545, 3.812859 ], [ 11.436257, 3.812744 ], [ 11.435899, 3.812594 ], [ 11.435698, 3.812499 ], [ 11.435481, 3.812402 ], [ 11.435124, 3.812145 ], [ 11.434815, 3.811916 ], [ 11.43456, 3.811702 ], [ 11.434447, 3.811575 ], [ 11.434324, 3.811456 ], [ 11.433941, 3.811155 ], [ 11.433742, 3.811037 ], [ 11.43371, 3.810897 ], [ 11.433617, 3.810852 ], [ 11.433528, 3.810822 ], [ 11.433376, 3.81086 ], [ 11.433239, 3.810773 ], [ 11.433125, 3.810776 ], [ 11.433029, 3.810791 ], [ 11.432739, 3.810725 ], [ 11.432289, 3.810704 ], [ 11.432026, 3.810718 ], [ 11.431936, 3.810773 ], [ 11.431805, 3.810812 ], [ 11.431688, 3.810842 ], [ 11.431549, 3.810948 ], [ 11.431403, 3.811054 ], [ 11.431062, 3.81127 ], [ 11.430779, 3.811454 ], [ 11.430476, 3.811687 ], [ 11.430426, 3.811688 ], [ 11.430376, 3.81174 ], [ 11.429949, 3.81185 ], [ 11.429723, 3.811835 ], [ 11.429594, 3.811826 ], [ 11.42929, 3.811864 ], [ 11.429111, 3.811886 ], [ 11.428983, 3.811894 ], [ 11.428927, 3.811897 ], [ 11.428859, 3.811902 ], [ 11.428606, 3.811934 ], [ 11.428464, 3.811957 ], [ 11.428017, 3.812031 ], [ 11.427865, 3.812057 ], [ 11.427631, 3.812094 ], [ 11.427325, 3.812126 ], [ 11.427071, 3.812133 ], [ 11.426511, 3.812134 ], [ 11.426145, 3.812141 ], [ 11.425682, 3.812148 ], [ 11.425297, 3.81214 ], [ 11.425054, 3.812125 ], [ 11.424919, 3.812113 ], [ 11.424413, 3.812034 ], [ 11.424219, 3.812009 ], [ 11.423986, 3.81197 ], [ 11.423676, 3.811919 ], [ 11.423269, 3.811879 ], [ 11.422988, 3.811841 ], [ 11.422702, 3.811809 ], [ 11.422285, 3.811796 ], [ 11.42186, 3.811769 ], [ 11.421798, 3.811764 ], [ 11.42109, 3.811709 ], [ 11.420794, 3.811669 ], [ 11.420607, 3.811625 ], [ 11.420473, 3.811572 ], [ 11.420355, 3.811498 ], [ 11.420111, 3.811309 ], [ 11.419876, 3.811108 ], [ 11.41976, 3.810978 ], [ 11.419689, 3.810879 ], [ 11.419667, 3.810823 ], [ 11.419619, 3.810716 ], [ 11.419573, 3.810612 ], [ 11.419536, 3.810511 ], [ 11.419351, 3.810075 ], [ 11.419187, 3.809726 ], [ 11.419021, 3.809417 ], [ 11.418897, 3.809237 ], [ 11.418798, 3.809126 ], [ 11.418429, 3.808691 ], [ 11.41834, 3.808586 ], [ 11.418212, 3.808444 ], [ 11.418098, 3.808342 ], [ 11.417755, 3.808086 ], [ 11.417635, 3.807997 ], [ 11.417398, 3.807824 ], [ 11.41725, 3.807726 ], [ 11.417158, 3.807672 ], [ 11.416862, 3.807522 ], [ 11.41655, 3.807381 ], [ 11.416342, 3.807292 ], [ 11.415871, 3.80709 ], [ 11.415719, 3.807024 ], [ 11.415475, 3.806869 ], [ 11.415377, 3.806787 ], [ 11.415305, 3.806708 ], [ 11.4152, 3.806576 ], [ 11.414869, 3.80597 ], [ 11.414824, 3.805872 ], [ 11.414646, 3.805481 ], [ 11.414458, 3.804977 ], [ 11.414312, 3.804706 ], [ 11.414269, 3.804552 ], [ 11.414218, 3.804251 ], [ 11.414142, 3.803816 ], [ 11.414128, 3.803744 ], [ 11.414022, 3.8034 ], [ 11.413915, 3.803093 ], [ 11.413817, 3.802907 ], [ 11.41373, 3.802789 ], [ 11.413604, 3.802627 ], [ 11.413475, 3.802531 ], [ 11.413304, 3.802461 ], [ 11.413089, 3.802365 ], [ 11.412842, 3.802306 ], [ 11.412547, 3.802258 ], [ 11.412048, 3.802231 ], [ 11.411287, 3.802102 ], [ 11.410224, 3.801894 ], [ 11.409173, 3.801701 ], [ 11.40861, 3.801588 ], [ 11.408379, 3.80153 ], [ 11.408116, 3.801407 ], [ 11.407934, 3.801278 ], [ 11.407832, 3.801214 ], [ 11.407727, 3.801174 ], [ 11.407671, 3.801101 ], [ 11.407515, 3.800973 ], [ 11.40729, 3.800759 ], [ 11.407151, 3.80062 ], [ 11.407065, 3.800513 ], [ 11.407014, 3.800454 ], [ 11.407, 3.800416 ], [ 11.406908, 3.800252 ], [ 11.406807, 3.799993 ], [ 11.406775, 3.799742 ], [ 11.406738, 3.799442 ], [ 11.406748, 3.799292 ], [ 11.406763, 3.799245 ], [ 11.406732, 3.799062 ], [ 11.406995, 3.79843 ], [ 11.407124, 3.797911 ], [ 11.407236, 3.797446 ], [ 11.407365, 3.796851 ], [ 11.407408, 3.796573 ], [ 11.407435, 3.796338 ], [ 11.40743, 3.796279 ], [ 11.407451, 3.796134 ], [ 11.407084, 3.79583 ], [ 11.406946, 3.795698 ], [ 11.406648, 3.795458 ], [ 11.406511, 3.795239 ], [ 11.406292, 3.795204 ], [ 11.406106, 3.79505 ], [ 11.405987, 3.79493 ], [ 11.405901, 3.794809 ], [ 11.40575, 3.794597 ], [ 11.405663, 3.794476 ], [ 11.405564, 3.794316 ], [ 11.405437, 3.794107 ], [ 11.405328, 3.7939 ], [ 11.405133, 3.793443 ], [ 11.404994, 3.792849 ], [ 11.404851, 3.792379 ], [ 11.404743, 3.79213 ], [ 11.404584, 3.791862 ], [ 11.404323, 3.791506 ], [ 11.404038, 3.791153 ], [ 11.403327, 3.790134 ], [ 11.402997, 3.789621 ], [ 11.402639, 3.78911 ], [ 11.402382, 3.788808 ], [ 11.402115, 3.788516 ], [ 11.401803, 3.788577 ], [ 11.40162, 3.788631 ], [ 11.401488, 3.788712 ], [ 11.400998, 3.788984 ], [ 11.400625, 3.789218 ], [ 11.400337, 3.789441 ], [ 11.400093, 3.789694 ], [ 11.399858, 3.790002 ], [ 11.399677, 3.790229 ], [ 11.399626, 3.790238 ] ] } },
{ "type": "Feature", "properties": { "nom": "", "classe": "tertiary" }, "geometry": { "type": "LineString", "coordinates": [ [ 11.399522, 3.789973 ], [ 11.399348, 3.789904 ], [ 11.399329, 3.789842 ], [ 11.399332, 3.78979 ], [ 11.399353, 3.789687 ], [ 11.399399, 3.789598 ], [ 11.399502, 3.789477 ], [ 11.399875, 3.789067 ], [ 11.400397, 3.788614 ], [ 11.400929, 3.788133 ], [ 11.401556, 3.787574 ], [ 11.40203, 3.787113 ], [ 11.402242, 3.786945 ], [ 11.402262, 3.786938 ], [ 11.402316, 3.786952 ], [ 11.402403, 3.78696 ], [ 11.402581, 3.787007 ], [ 11.402926, 3.787147 ], [ 11.403261, 3.787282 ], [ 11.40346, 3.787383 ], [ 11.403645, 3.787502 ], [ 11.403802, 3.787633 ], [ 11.404013, 3.787807 ], [ 11.40411, 3.787865 ], [ 11.404243, 3.787927 ], [ 11.404997, 3.788209 ], [ 11.405253, 3.788317 ], [ 11.405411, 3.78839 ] ] } },
{ "type": "Feature", "properties": { "nom": "", "classe": "tertiary" }, "geometry": { "type": "LineString", "coordinates": [ [ 11.402262, 3.786938 ], [ 11.402265, 3.786848 ], [ 11.402292, 3.786685 ], [ 11.402309, 3.786502 ], [ 11.40232, 3.786083 ], [ 11.402336, 3.78579 ], [ 11.402343, 3.78571 ], [ 11.402359, 3.785556 ], [ 11.402394, 3.785363 ], [ 11.402509, 3.784792 ], [ 11.402599, 3.784317 ], [ 11.402634, 3.784108 ], [ 11.402658, 3.783917 ], [ 11.402662, 3.783859 ], [ 11.402725, 3.783352 ], [ 11.402773, 3.782811 ], [ 11.402789, 3.78273 ], [ 11.402928, 3.781851 ], [ 11.402934, 3.781619 ], [ 11.40293, 3.781497 ], [ 11.402934, 3.781369 ], [ 11.402922, 3.781282 ], [ 11.402894, 3.781136 ], [ 11.402847, 3.780902 ], [ 11.402784, 3.780504 ], [ 11.402779, 3.780378 ], [ 11.402822, 3.780278 ], [ 11.402894, 3.780193 ], [ 11.403028, 3.780079 ], [ 11.403275, 3.779902 ], [ 11.403434, 3.779776 ], [ 11.403551, 3.779689 ], [ 11.403704, 3.779537 ], [ 11.40394, 3.779255 ], [ 11.404257, 3.778931 ], [ 11.40444, 3.778753 ], [ 11.404589, 3.778544 ], [ 11.404774, 3.778363 ], [ 11.40501, 3.778142 ], [ 11.405181, 3.777974 ], [ 11.405463, 3.777753 ], [ 11.405722, 3.777543 ], [ 11.405888, 3.77737 ], [ 11.406003, 3.777227 ], [ 11.406166, 3.776949 ], [ 11.406496, 3.77641 ], [ 11.407247, 3.775157 ], [ 11.407558, 3.774772 ], [ 11.407753, 3.774687 ], [ 11.408002, 3.77457 ], [ 11.408404, 3.774275 ], [ 11.408606, 3.774062 ], [ 11.408801, 3.773806 ], [ 11.40891, 3.773487 ], [ 11.408985, 3.773075 ], [ 11.408915, 3.772673 ], [ 11.408608, 3.770989 ], [ 11.408529, 3.770778 ], [ 11.408302, 3.770555 ], [ 11.40795, 3.770286 ], [ 11.407617, 3.770013 ], [ 11.407462, 3.769703 ], [ 11.40737, 3.769445 ], [ 11.407215, 3.769253 ], [ 11.406897, 3.76903 ], [ 11.406822, 3.768901 ], [ 11.406754, 3.768696 ], [ 11.406807, 3.768466 ], [ 11.406918, 3.768232 ] ] } },
{ "type": "Feature", "properties": { "nom": "", "classe": "tertiary" }, "geometry": { "type": "LineString", "coordinates": [ [ 11.399875, 3.789067 ], [ 11.39973, 3.788863 ], [ 11.399626, 3.788698 ], [ 11.399548, 3.788552 ], [ 11.399441, 3.788319 ], [ 11.399325, 3.788015 ], [ 11.39924, 3.787801 ], [ 11.399111, 3.787536 ], [ 11.399014, 3.787391 ], [ 11.398946, 3.787318 ], [ 11.398878, 3.78726 ], [ 11.398485, 3.786987 ], [ 11.398439, 3.786952 ], [ 11.398188, 3.786707 ], [ 11.398164, 3.786697 ], [ 11.398075, 3.786557 ], [ 11.397991, 3.786394 ], [ 11.397956, 3.786363 ], [ 11.397858, 3.786121 ], [ 11.397764, 3.785918 ], [ 11.397672, 3.78577 ], [ 11.397318, 3.785134 ], [ 11.397247, 3.785003 ], [ 11.397044, 3.78467 ], [ 11.396838, 3.784444 ], [ 11.396771, 3.78432 ], [ 11.396593, 3.784243 ], [ 11.396398, 3.784198 ], [ 11.396172, 3.784099 ], [ 11.395829, 3.784008 ], [ 11.395523, 3.783887 ], [ 11.395317, 3.783815 ], [ 11.395207, 3.783727 ], [ 11.395062, 3.783636 ], [ 11.394936, 3.783566 ], [ 11.394882, 3.783535 ], [ 11.394748, 3.783307 ], [ 11.394448, 3.782983 ], [ 11.394154, 3.782825 ], [ 11.393954, 3.782715 ], [ 11.393324, 3.782418 ], [ 11.393284, 3.782223 ], [ 11.393327, 3.781674 ], [ 11.393396, 3.781203 ], [ 11.393933, 3.779832 ], [ 11.394048, 3.779351 ], [ 11.394252, 3.778987 ], [ 11.394391, 3.778805 ], [ 11.39467, 3.778599 ], [ 11.395038, 3.7782 ], [ 11.395217, 3.777842 ], [ 11.395274, 3.777729 ], [ 11.395344, 3.777392 ], [ 11.395401, 3.777275 ], [ 11.395354, 3.777119 ], [ 11.395311, 3.776864 ], [ 11.395292, 3.776752 ], [ 11.395247, 3.776484 ], [ 11.395177, 3.775786 ], [ 11.395247, 3.775465 ], [ 11.395263, 3.775272 ], [ 11.395236, 3.77494 ], [ 11.395022, 3.774635 ], [ 11.394523, 3.77395 ], [ 11.39441, 3.773666 ], [ 11.394333, 3.773443 ], [ 11.394356, 3.773126 ], [ 11.394437, 3.772799 ], [ 11.394482, 3.772594 ], [ 11.39448, 3.77251 ], [ 11.394434, 3.772312 ], [ 11.39441, 3.77191 ], [ 11.394228, 3.771664 ], [ 11.394126, 3.771509 ], [ 11.393793, 3.771241 ], [ 11.393605, 3.771118 ], [ 11.393396, 3.770915 ], [ 11.393251, 3.770797 ], [ 11.392962, 3.770455 ], [ 11.392533, 3.769994 ], [ 11.392254, 3.76963 ], [ 11.392114, 3.769277 ], [ 11.391985, 3.768763 ], [ 11.391835, 3.768436 ], [ 11.391696, 3.768099 ], [ 11.391572, 3.7678 ], [ 11.391497, 3.767296 ], [ 11.391406, 3.766831 ], [ 11.39095, 3.766033 ], [ 11.390467, 3.76553 ] ] } },
{ "type": "Feature", "properties": { "nom": "", "classe": "tertiary" }, "geometry": { "type": "LineString", "coordinates": [ [ 11.407415, 3.789319 ], [ 11.408062, 3.789598 ], [ 11.408666, 3.789892 ], [ 11.409066, 3.790111 ], [ 11.409379, 3.790248 ], [ 11.409687, 3.79037 ], [ 11.409901, 3.790437 ], [ 11.409986, 3.790465 ] ] } },
{ "type": "Feature", "properties": { "nom": "", "classe": "tertiary" }, "geometry": { "type": "LineString", "coordinates": [ [ 11.557393, 3.798524 ], [ 11.557591, 3.798345 ], [ 11.557769, 3.798202 ], [ 11.558032, 3.798022 ], [ 11.55839, 3.797789 ], [ 11.558435, 3.797757 ], [ 11.558694, 3.797579 ], [ 11.558749, 3.797541 ], [ 11.558913, 3.797446 ], [ 11.559104, 3.797387 ], [ 11.559296, 3.797369 ], [ 11.55957, 3.797343 ], [ 11.560163, 3.797286 ], [ 11.56019, 3.797283 ], [ 11.560324, 3.797287 ], [ 11.560407, 3.79729 ], [ 11.560669, 3.797404 ], [ 11.560852, 3.797566 ], [ 11.561147, 3.797772 ], [ 11.561354, 3.797915 ], [ 11.561538, 3.79805 ] ] } },
{ "type": "Feature", "properties": { "nom": "", "classe": "tertiary" }, "geometry": { "type": "LineString", "coordinates": [ [ 11.561718, 3.816946 ], [ 11.561682, 3.816606 ], [ 11.561685, 3.816487 ], [ 11.561729, 3.816339 ], [ 11.561792, 3.816224 ], [ 11.561915, 3.816115 ], [ 11.562146, 3.815995 ], [ 11.562398, 3.815908 ], [ 11.563003, 3.815698 ], [ 11.563908, 3.81536 ], [ 11.5642, 3.815249 ], [ 11.564352, 3.815195 ], [ 11.564427, 3.815129 ], [ 11.564455, 3.815043 ], [ 11.564455, 3.814914 ], [ 11.563663, 3.813362 ], [ 11.563564, 3.813141 ], [ 11.563511, 3.812885 ], [ 11.563493, 3.812674 ], [ 11.563525, 3.8125 ], [ 11.563667, 3.812102 ], [ 11.563771, 3.811833 ], [ 11.563789, 3.811674 ], [ 11.56379, 3.811578 ], [ 11.563804, 3.811295 ], [ 11.5638, 3.811225 ], [ 11.56378, 3.810869 ], [ 11.563756, 3.810393 ], [ 11.563753, 3.810335 ], [ 11.563737, 3.810265 ], [ 11.563715, 3.810173 ], [ 11.563659, 3.809991 ], [ 11.563556, 3.80975 ], [ 11.563401, 3.809487 ], [ 11.563249, 3.809236 ], [ 11.563018, 3.808972 ], [ 11.562531, 3.808481 ], [ 11.56238, 3.808324 ], [ 11.562162, 3.808133 ], [ 11.561778, 3.807781 ], [ 11.561765, 3.80777 ], [ 11.561686, 3.807704 ], [ 11.561294, 3.807354 ], [ 11.561138, 3.807201 ], [ 11.561041, 3.807107 ], [ 11.560859, 3.806845 ], [ 11.560789, 3.806709 ], [ 11.560734, 3.806602 ], [ 11.560656, 3.806449 ], [ 11.560503, 3.806103 ], [ 11.560301, 3.805739 ], [ 11.560278, 3.805704 ], [ 11.5602, 3.805618 ], [ 11.560184, 3.805598 ], [ 11.560161, 3.805569 ], [ 11.559973, 3.805308 ], [ 11.559599, 3.804922 ], [ 11.559356, 3.80466 ], [ 11.559306, 3.804631 ], [ 11.559164, 3.804508 ], [ 11.558744, 3.804145 ], [ 11.558413, 3.80386 ], [ 11.558151, 3.803633 ], [ 11.557991, 3.803495 ], [ 11.557972, 3.803479 ], [ 11.557613, 3.803183 ] ] } },
{ "type": "Feature", "properties": { "nom": "Rue 8.253", "classe": "trunk" }, "geometry": { "type": "LineString", "coordinates": [ [ 11.52283, 3.799995 ], [ 11.522984, 3.800177 ], [ 11.523189, 3.800371 ], [ 11.523304, 3.800468 ], [ 11.523426, 3.800554 ], [ 11.523543, 3.80063 ], [ 11.523682, 3.800708 ], [ 11.523891, 3.80081 ], [ 11.524069, 3.800879 ], [ 11.524207, 3.800931 ], [ 11.524462, 3.801004 ], [ 11.524814, 3.801036 ], [ 11.524863, 3.801036 ], [ 11.525151, 3.801032 ], [ 11.525264, 3.801023 ], [ 11.525921, 3.800993 ], [ 11.52623, 3.800965 ], [ 11.526386, 3.80096 ], [ 11.527126, 3.800908 ], [ 11.527343, 3.800906 ], [ 11.527517, 3.800922 ], [ 11.527672, 3.800948 ], [ 11.527812, 3.800965 ], [ 11.528024, 3.801003 ], [ 11.528349, 3.801104 ], [ 11.528661, 3.801284 ], [ 11.52895, 3.801451 ], [ 11.529326, 3.80174 ], [ 11.529622, 3.801985 ], [ 11.529868, 3.802224 ], [ 11.529915, 3.802276 ], [ 11.53001, 3.802418 ], [ 11.530121, 3.802613 ], [ 11.530234, 3.802871 ], [ 11.530456, 3.803447 ], [ 11.530641, 3.803935 ], [ 11.530748, 3.804219 ], [ 11.530805, 3.804412 ], [ 11.530875, 3.804652 ], [ 11.530919, 3.804951 ], [ 11.5309, 3.805256 ], [ 11.530869, 3.805478 ], [ 11.530818, 3.805832 ], [ 11.530748, 3.806257 ], [ 11.53071, 3.80648 ], [ 11.530694, 3.806555 ], [ 11.530597, 3.806848 ], [ 11.530575, 3.806893 ], [ 11.530497, 3.807048 ], [ 11.530474, 3.807096 ], [ 11.530363, 3.807279 ], [ 11.529865, 3.807966 ], [ 11.529623, 3.808301 ], [ 11.529466, 3.808463 ] ] } },
{ "type": "Feature", "properties": { "nom": "Rue 8.253", "classe": "trunk" }, "geometry": { "type": "LineString", "coordinates": [ [ 11.526179, 3.815964 ], [ 11.526331, 3.815704 ], [ 11.526434, 3.815488 ], [ 11.526499, 3.81529 ], [ 11.526529, 3.815122 ], [ 11.526538, 3.814661 ], [ 11.526516, 3.814191 ], [ 11.526514, 3.813681 ], [ 11.526514, 3.813464 ], [ 11.526536, 3.813269 ], [ 11.526572, 3.813084 ], [ 11.52665, 3.812818 ], [ 11.526726, 3.812608 ], [ 11.527005, 3.811879 ], [ 11.527099, 3.811638 ], [ 11.527195, 3.811473 ], [ 11.527327, 3.811283 ], [ 11.52756, 3.811036 ], [ 11.527736, 3.810854 ], [ 11.527977, 3.810559 ], [ 11.528098, 3.8104 ], [ 11.528149, 3.810326 ], [ 11.528264, 3.810159 ], [ 11.528456, 3.809787 ], [ 11.528537, 3.809588 ], [ 11.52861, 3.809435 ], [ 11.528802, 3.809164 ], [ 11.528931, 3.809016 ], [ 11.529224, 3.808712 ], [ 11.529369, 3.808566 ], [ 11.529466, 3.808463 ] ] } },
{ "type": "Feature", "properties": { "nom": "Rue 8.162", "classe": "trunk" }, "geometry": { "type": "LineString", "coordinates": [ [ 11.522327, 3.820821 ], [ 11.522372, 3.820749 ], [ 11.522418, 3.820675 ], [ 11.522647, 3.820266 ], [ 11.522877, 3.819815 ], [ 11.52307, 3.819372 ], [ 11.523194, 3.819113 ], [ 11.523332, 3.818834 ], [ 11.52345, 3.818627 ], [ 11.523566, 3.818419 ], [ 11.523642, 3.81832 ], [ 11.523711, 3.818234 ] ] } },
{ "type": "Feature", "properties": { "nom": "", "classe": "trunk" }, "geometry": { "type": "LineString", "coordinates": [ [ 11.526276, 3.816545 ], [ 11.525986, 3.816359 ] ] } },
{ "type": "Feature", "properties": { "nom": "", "classe": "trunk" }, "geometry": { "type": "LineString", "coordinates": [ [ 11.525943, 3.816358 ], [ 11.525824, 3.816425 ], [ 11.525632, 3.816535 ] ] } },
{ "type": "Feature", "properties": { "nom": "Rue 8.253", "classe": "trunk" }, "geometry": { "type": "LineString", "coordinates": [ [ 11.525968, 3.816129 ], [ 11.526179, 3.815964 ] ] } },
{ "type": "Feature", "properties": { "nom": "Rue 8.795", "classe": "trunk" }, "geometry": { "type": "LineString", "coordinates": [ [ 11.526276, 3.816545 ], [ 11.52637, 3.816627 ], [ 11.526521, 3.816768 ], [ 11.526707, 3.816924 ], [ 11.526889, 3.817077 ], [ 11.527069, 3.81724 ], [ 11.52731, 3.817456 ], [ 11.527524, 3.817645 ], [ 11.5278, 3.81792 ], [ 11.528014, 3.81815 ], [ 11.528188, 3.818345 ], [ 11.52832, 3.818511 ], [ 11.528633, 3.81893 ], [ 11.528917, 3.819336 ], [ 11.529147, 3.819706 ], [ 11.529363, 3.820055 ], [ 11.529513, 3.820283 ], [ 11.529758, 3.820637 ], [ 11.530627, 3.821985 ], [ 11.5308, 3.822247 ], [ 11.530909, 3.822429 ], [ 11.531191, 3.822819 ], [ 11.5315, 3.823209 ], [ 11.531681, 3.823412 ], [ 11.53189, 3.823632 ], [ 11.532082, 3.823816 ], [ 11.532231, 3.823944 ], [ 11.532395, 3.824074 ], [ 11.532606, 3.824237 ], [ 11.532847, 3.824405 ], [ 11.533193, 3.82461 ], [ 11.533553, 3.8248 ], [ 11.533859, 3.824941 ], [ 11.53425, 3.825086 ], [ 11.534558, 3.82518 ], [ 11.534881, 3.825264 ], [ 11.53516, 3.825324 ], [ 11.53541, 3.82537 ], [ 11.535758, 3.82541 ], [ 11.536064, 3.825426 ], [ 11.536424, 3.825421 ] ] } },
{ "type": "Feature", "properties": { "nom": "", "classe": "trunk" }, "geometry": { "type": "LineString", "coordinates": [ [ 11.526179, 3.815964 ], [ 11.526074, 3.8162 ] ] } },
{ "type": "Feature", "properties": { "nom": "Tropicana Carrefour", "classe": "trunk" }, "geometry": { "type": "LineString", "coordinates": [ [ 11.525856, 3.816276 ], [ 11.525852, 3.816234 ], [ 11.525854, 3.816222 ], [ 11.525871, 3.816181 ], [ 11.525903, 3.816149 ], [ 11.525944, 3.816132 ], [ 11.525968, 3.816129 ], [ 11.526012, 3.816138 ], [ 11.526049, 3.816163 ], [ 11.526074, 3.8162 ], [ 11.526083, 3.816256 ], [ 11.526067, 3.816304 ], [ 11.526033, 3.81634 ], [ 11.525986, 3.816359 ], [ 11.525943, 3.816358 ], [ 11.525904, 3.816342 ], [ 11.525874, 3.816313 ], [ 11.525856, 3.816276 ] ] } },
{ "type": "Feature", "properties": { "nom": "", "classe": "trunk" }, "geometry": { "type": "LineString", "coordinates": [ [ 11.525684, 3.815986 ], [ 11.525944, 3.816132 ] ] } },
{ "type": "Feature", "properties": { "nom": "Rue 7.031", "classe": "secondary" }, "geometry": { "type": "LineString", "coordinates": [ [ 11.480093, 3.852793 ], [ 11.480222, 3.852729 ], [ 11.480297, 3.8527 ], [ 11.480387, 3.852657 ], [ 11.480572, 3.852608 ], [ 11.480639, 3.852595 ], [ 11.480719, 3.85258 ], [ 11.480826, 3.852552 ], [ 11.480921, 3.852504 ], [ 11.480963, 3.852447 ], [ 11.480992, 3.852363 ], [ 11.481006, 3.852294 ], [ 11.481014, 3.852141 ], [ 11.481014, 3.851891 ], [ 11.481015, 3.851669 ], [ 11.481026, 3.851426 ], [ 11.481036, 3.850989 ], [ 11.481038, 3.850861 ], [ 11.481041, 3.850621 ], [ 11.481051, 3.85047 ], [ 11.481071, 3.850313 ], [ 11.481098, 3.850212 ], [ 11.481128, 3.850151 ], [ 11.481168, 3.850109 ], [ 11.481227, 3.850059 ], [ 11.481402, 3.849973 ], [ 11.481566, 3.84989 ], [ 11.481803, 3.849778 ], [ 11.481901, 3.849703 ], [ 11.482011, 3.8496 ], [ 11.482101, 3.849473 ], [ 11.482184, 3.849312 ], [ 11.482237, 3.849188 ], [ 11.482286, 3.849023 ], [ 11.482327, 3.848853 ], [ 11.482347, 3.84875 ], [ 11.482365, 3.848648 ] ] } },
{ "type": "Feature", "properties": { "nom": "Ekié Carrefour Six Morts", "classe": "trunk" }, "geometry": { "type": "LineString", "coordinates": [ [ 11.536673, 3.825353 ], [ 11.536696, 3.825344 ], [ 11.53672, 3.825343 ], [ 11.53675, 3.825353 ], [ 11.536773, 3.825374 ], [ 11.536785, 3.825397 ], [ 11.536788, 3.825422 ], [ 11.536782, 3.825448 ], [ 11.53678, 3.825454 ], [ 11.536765, 3.825473 ], [ 11.536745, 3.825487 ], [ 11.536721, 3.825494 ], [ 11.536697, 3.825493 ], [ 11.536672, 3.825484 ], [ 11.536653, 3.825467 ], [ 11.536638, 3.825438 ], [ 11.536637, 3.825406 ], [ 11.536649, 3.825376 ], [ 11.536654, 3.825369 ], [ 11.536673, 3.825353 ] ] } },
{ "type": "Feature", "properties": { "nom": "Avenue de Mvolye", "classe": "tertiary" }, "geometry": { "type": "LineString", "coordinates": [ [ 11.496049, 3.839903 ], [ 11.496172, 3.839843 ], [ 11.496228, 3.839823 ], [ 11.496277, 3.839808 ], [ 11.496453, 3.83976 ], [ 11.496589, 3.839731 ], [ 11.496763, 3.839696 ], [ 11.497044, 3.839638 ], [ 11.497299, 3.839593 ], [ 11.497358, 3.839582 ], [ 11.497738, 3.839509 ], [ 11.498097, 3.839447 ], [ 11.498286, 3.83942 ], [ 11.498474, 3.839389 ], [ 11.498736, 3.839339 ], [ 11.499094, 3.839264 ], [ 11.499122, 3.839258 ], [ 11.499274, 3.839224 ], [ 11.499408, 3.839193 ], [ 11.499593, 3.839151 ], [ 11.499787, 3.839099 ], [ 11.499896, 3.839057 ], [ 11.500003, 3.838975 ], [ 11.500073, 3.838897 ], [ 11.500156, 3.838759 ], [ 11.500176, 3.838686 ], [ 11.50019, 3.838609 ], [ 11.500194, 3.838459 ], [ 11.500159, 3.838302 ], [ 11.500093, 3.838074 ], [ 11.500027, 3.837897 ], [ 11.499995, 3.837799 ] ] } },
{ "type": "Feature", "properties": { "nom": "Avenue de Nsimeyong", "classe": "secondary" }, "geometry": { "type": "LineString", "coordinates": [ [ 11.487473, 3.829617 ], [ 11.487554, 3.829668 ], [ 11.487599, 3.829715 ], [ 11.487823, 3.830001 ], [ 11.488095, 3.83035 ], [ 11.488105, 3.830363 ], [ 11.488266, 3.830569 ], [ 11.488354, 3.830687 ], [ 11.488612, 3.831026 ], [ 11.488767, 3.831224 ], [ 11.489106, 3.831629 ], [ 11.489143, 3.83167 ], [ 11.489265, 3.8318 ], [ 11.489375, 3.831918 ], [ 11.489535, 3.832089 ], [ 11.489724, 3.83229 ], [ 11.489935, 3.832528 ], [ 11.490059, 3.832667 ], [ 11.490212, 3.832827 ], [ 11.490309, 3.832929 ], [ 11.490585, 3.833244 ], [ 11.490667, 3.833348 ], [ 11.490882, 3.833581 ], [ 11.491366, 3.834104 ], [ 11.491715, 3.834484 ], [ 11.49197, 3.834762 ], [ 11.49211, 3.834894 ], [ 11.492241, 3.834995 ], [ 11.492293, 3.835032 ], [ 11.492377, 3.835084 ], [ 11.492485, 3.835139 ], [ 11.492619, 3.835189 ], [ 11.492771, 3.835242 ], [ 11.493021, 3.83532 ], [ 11.493162, 3.835343 ], [ 11.493294, 3.835364 ], [ 11.4934, 3.835371 ], [ 11.493488, 3.83537 ], [ 11.49355, 3.835367 ], [ 11.493632, 3.835364 ], [ 11.493935, 3.835351 ], [ 11.494302, 3.835341 ], [ 11.494497, 3.835336 ], [ 11.494669, 3.835328 ], [ 11.494747, 3.835328 ], [ 11.494906, 3.835335 ], [ 11.494984, 3.835345 ] ] } },
{ "type": "Feature", "properties": { "nom": "Rue Ombga Damase", "classe": "secondary" }, "geometry": { "type": "LineString", "coordinates": [ [ 11.494669, 3.835403 ], [ 11.494669, 3.835328 ], [ 11.494662, 3.835254 ], [ 11.494651, 3.835179 ], [ 11.494633, 3.835128 ], [ 11.494347, 3.834615 ], [ 11.494013, 3.833961 ], [ 11.493966, 3.833899 ], [ 11.493866, 3.833767 ], [ 11.493653, 3.833467 ], [ 11.49345, 3.833182 ], [ 11.493324, 3.832956 ], [ 11.493217, 3.832715 ], [ 11.49319, 3.832577 ], [ 11.49318, 3.832438 ], [ 11.493182, 3.832331 ], [ 11.493194, 3.832221 ], [ 11.493225, 3.83199 ], [ 11.49327, 3.831816 ], [ 11.493312, 3.831641 ], [ 11.493325, 3.831508 ], [ 11.493322, 3.831376 ], [ 11.493277, 3.831081 ], [ 11.493223, 3.830822 ], [ 11.493198, 3.830703 ], [ 11.492999, 3.829762 ], [ 11.492971, 3.829601 ], [ 11.4929, 3.829222 ], [ 11.492887, 3.829153 ], [ 11.492881, 3.829131 ], [ 11.492816, 3.828819 ], [ 11.492787, 3.828696 ], [ 11.492777, 3.828648 ], [ 11.492627, 3.827953 ], [ 11.492598, 3.827807 ], [ 11.492487, 3.827265 ], [ 11.492411, 3.826898 ], [ 11.492321, 3.826565 ], [ 11.492272, 3.826469 ], [ 11.492209, 3.826392 ], [ 11.4921, 3.826286 ], [ 11.491981, 3.826206 ], [ 11.491902, 3.826158 ], [ 11.491638, 3.825996 ], [ 11.491618, 3.825984 ], [ 11.491516, 3.82592 ], [ 11.491316, 3.825798 ], [ 11.491165, 3.825659 ], [ 11.49105, 3.82551 ], [ 11.490942, 3.825323 ], [ 11.490741, 3.824734 ], [ 11.490586, 3.824285 ], [ 11.490575, 3.824267 ], [ 11.490536, 3.824203 ], [ 11.490457, 3.824075 ], [ 11.49031, 3.823885 ], [ 11.489757, 3.823264 ], [ 11.489651, 3.82314 ], [ 11.489561, 3.823035 ], [ 11.489314, 3.822758 ], [ 11.489155, 3.822574 ], [ 11.489079, 3.822423 ], [ 11.489057, 3.822339 ], [ 11.489043, 3.82226 ], [ 11.489033, 3.822152 ], [ 11.48905, 3.822035 ], [ 11.489115, 3.821823 ], [ 11.4892, 3.821599 ], [ 11.489278, 3.8214 ], [ 11.489579, 3.820687 ], [ 11.489709, 3.820367 ], [ 11.489809, 3.820135 ], [ 11.489863, 3.819985 ], [ 11.489914, 3.819823 ], [ 11.489949, 3.81966 ], [ 11.489972, 3.819445 ], [ 11.489955, 3.81915 ], [ 11.489931, 3.819004 ], [ 11.489848, 3.818734 ], [ 11.489717, 3.818417 ], [ 11.489622, 3.818163 ], [ 11.489592, 3.818083 ], [ 11.48951, 3.817797 ], [ 11.489449, 3.817503 ], [ 11.489345, 3.817059 ], [ 11.489242, 3.816665 ], [ 11.489215, 3.816543 ], [ 11.489209, 3.816475 ], [ 11.489199, 3.816398 ], [ 11.489191, 3.816336 ] ] } },
{ "type": "Feature", "properties": { "nom": "Rue 8.655", "classe": "tertiary" }, "geometry": { "type": "LineString", "coordinates": [ [ 11.508345, 3.821849 ], [ 11.508147, 3.821597 ], [ 11.507967, 3.821354 ], [ 11.507822, 3.82118 ], [ 11.507622, 3.820941 ], [ 11.507387, 3.820658 ], [ 11.507182, 3.820449 ], [ 11.506799, 3.820067 ], [ 11.50669, 3.819968 ], [ 11.506536, 3.819825 ], [ 11.506024, 3.819378 ], [ 11.50597, 3.819324 ], [ 11.505681, 3.819 ], [ 11.505662, 3.818978 ], [ 11.505513, 3.818799 ], [ 11.505392, 3.818654 ], [ 11.505205, 3.81842 ], [ 11.505024, 3.818169 ], [ 11.504906, 3.81798 ], [ 11.50481, 3.817797 ], [ 11.504668, 3.817444 ], [ 11.504548, 3.817105 ], [ 11.504519, 3.817021 ], [ 11.504454, 3.816833 ], [ 11.504255, 3.816315 ], [ 11.503947, 3.81554 ], [ 11.50383, 3.815265 ], [ 11.503498, 3.814536 ], [ 11.503414, 3.814342 ], [ 11.503268, 3.813875 ], [ 11.503191, 3.813667 ], [ 11.50304, 3.813238 ], [ 11.502887, 3.812827 ], [ 11.502804, 3.812549 ], [ 11.502775, 3.812359 ], [ 11.502764, 3.812171 ], [ 11.502761, 3.811894 ], [ 11.502738, 3.811463 ], [ 11.502678, 3.811126 ], [ 11.502584, 3.810868 ], [ 11.502437, 3.810552 ], [ 11.502223, 3.810163 ], [ 11.502076, 3.809882 ], [ 11.501841, 3.809454 ], [ 11.501575, 3.809034 ], [ 11.501153, 3.808429 ], [ 11.501083, 3.808314 ], [ 11.500928, 3.808022 ], [ 11.500816, 3.807791 ], [ 11.500635, 3.807452 ], [ 11.500552, 3.807305 ], [ 11.500474, 3.807186 ], [ 11.500367, 3.807057 ], [ 11.500201, 3.806888 ], [ 11.5, 3.806705 ], [ 11.499693, 3.806426 ], [ 11.49935, 3.806116 ], [ 11.499113, 3.805884 ], [ 11.498775, 3.805556 ], [ 11.498722, 3.805506 ], [ 11.498171, 3.804982 ], [ 11.49797, 3.804779 ], [ 11.497591, 3.804421 ], [ 11.497487, 3.80431 ], [ 11.497324, 3.804121 ], [ 11.497255, 3.804019 ], [ 11.49705, 3.803744 ], [ 11.497021, 3.803704 ], [ 11.496919, 3.803564 ], [ 11.496811, 3.803401 ], [ 11.496703, 3.803212 ], [ 11.496636, 3.803073 ], [ 11.496437, 3.802651 ], [ 11.496349, 3.802462 ], [ 11.496294, 3.802328 ], [ 11.49609, 3.801833 ] ] } },
{ "type": "Feature", "properties": { "nom": "Rue Martin Abega Atangana", "classe": "secondary" }, "geometry": { "type": "LineString", "coordinates": [ [ 11.506486, 3.834987 ], [ 11.506177, 3.833802 ], [ 11.506126, 3.833484 ], [ 11.506124, 3.833438 ], [ 11.506097, 3.833053 ], [ 11.506077, 3.832837 ], [ 11.506058, 3.832652 ], [ 11.506026, 3.832471 ], [ 11.505978, 3.832293 ], [ 11.505909, 3.832119 ], [ 11.50577, 3.831824 ], [ 11.505558, 3.83145 ], [ 11.505275, 3.830933 ], [ 11.505105, 3.830618 ], [ 11.504936, 3.830329 ], [ 11.504699, 3.829875 ], [ 11.504524, 3.829574 ], [ 11.504405, 3.829357 ], [ 11.504346, 3.829246 ], [ 11.504276, 3.829115 ], [ 11.50425, 3.829063 ], [ 11.50419, 3.828941 ], [ 11.504141, 3.828805 ], [ 11.504108, 3.828682 ], [ 11.50408, 3.82855 ], [ 11.504069, 3.828426 ], [ 11.504048, 3.828233 ], [ 11.504037, 3.828065 ], [ 11.504035, 3.827946 ], [ 11.504035, 3.827855 ] ] } },
{ "type": "Feature", "properties": { "nom": "", "classe": "secondary" }, "geometry": { "type": "LineString", "coordinates": [ [ 11.504043, 3.827456 ], [ 11.504035, 3.827855 ] ] } },
{ "type": "Feature", "properties": { "nom": "", "classe": "primary" }, "geometry": { "type": "LineString", "coordinates": [ [ 11.511997, 3.837585 ], [ 11.512054, 3.837496 ], [ 11.512181, 3.837293 ] ] } },
{ "type": "Feature", "properties": { "nom": "Rue Abbé Tobie Atangana", "classe": "secondary" }, "geometry": { "type": "LineString", "coordinates": [ [ 11.498474, 3.840769 ], [ 11.498655, 3.840895 ], [ 11.498954, 3.841104 ], [ 11.499096, 3.841203 ], [ 11.499601, 3.841541 ], [ 11.500225, 3.841954 ], [ 11.500606, 3.842192 ], [ 11.500727, 3.842261 ], [ 11.500775, 3.842307 ], [ 11.500825, 3.842353 ], [ 11.500877, 3.842404 ], [ 11.500923, 3.842475 ], [ 11.500949, 3.842536 ], [ 11.500967, 3.842605 ], [ 11.500976, 3.842682 ], [ 11.500978, 3.842756 ], [ 11.500973, 3.842837 ], [ 11.500953, 3.842955 ], [ 11.500912, 3.843134 ], [ 11.500883, 3.843279 ], [ 11.500864, 3.843398 ], [ 11.500863, 3.843472 ], [ 11.500862, 3.843516 ], [ 11.500876, 3.843613 ], [ 11.500905, 3.843719 ], [ 11.500932, 3.843791 ], [ 11.500957, 3.843846 ] ] } },
{ "type": "Feature", "properties": { "nom": "Route de Kribi", "classe": "secondary" }, "geometry": { "type": "LineString", "coordinates": [ [ 11.484425, 3.848372 ], [ 11.483668, 3.84816 ], [ 11.482947, 3.847967 ], [ 11.482613, 3.847889 ], [ 11.482499, 3.847871 ], [ 11.48182, 3.847713 ], [ 11.481555, 3.847645 ], [ 11.481458, 3.847626 ], [ 11.481173, 3.84757 ], [ 11.480847, 3.847465 ], [ 11.48073, 3.847425 ], [ 11.480537, 3.847343 ], [ 11.480417, 3.847289 ], [ 11.480277, 3.847213 ], [ 11.480088, 3.847092 ], [ 11.479789, 3.846872 ], [ 11.479647, 3.846769 ], [ 11.479328, 3.846513 ], [ 11.479181, 3.846396 ], [ 11.479102, 3.846313 ], [ 11.479049, 3.846208 ], [ 11.479042, 3.846129 ], [ 11.479049, 3.846038 ], [ 11.479054, 3.845955 ], [ 11.479052, 3.84576 ], [ 11.479041, 3.845577 ], [ 11.479026, 3.845324 ], [ 11.479016, 3.845139 ], [ 11.479003, 3.844935 ], [ 11.478998, 3.844582 ], [ 11.478992, 3.8445 ], [ 11.478954, 3.844216 ], [ 11.478899, 3.843945 ], [ 11.478867, 3.843794 ], [ 11.478799, 3.843564 ], [ 11.478761, 3.843462 ], [ 11.478711, 3.843354 ], [ 11.478642, 3.84327 ], [ 11.478521, 3.843146 ], [ 11.47837, 3.84299 ], [ 11.478248, 3.842904 ], [ 11.478022, 3.842755 ], [ 11.477652, 3.842537 ], [ 11.477558, 3.842479 ], [ 11.477457, 3.842398 ], [ 11.477401, 3.842351 ], [ 11.477352, 3.842283 ], [ 11.477308, 3.842197 ], [ 11.477279, 3.842127 ], [ 11.477236, 3.841985 ], [ 11.477216, 3.841891 ], [ 11.477216, 3.841711 ], [ 11.47723, 3.84165 ], [ 11.477246, 3.841544 ], [ 11.47726, 3.841451 ], [ 11.4773, 3.841302 ], [ 11.477352, 3.841091 ], [ 11.477377, 3.841024 ], [ 11.477421, 3.840967 ] ] } },
{ "type": "Feature", "properties": { "nom": "Rue 4.014", "classe": "secondary" }, "geometry": { "type": "LineString", "coordinates": [ [ 11.516655, 3.848662 ], [ 11.516541, 3.848676 ], [ 11.516443, 3.848657 ], [ 11.516329, 3.84865 ] ] } },
{ "type": "Feature", "properties": { "nom": "Rue 3.010", "classe": "secondary" }, "geometry": { "type": "LineString", "coordinates": [ [ 11.517877, 3.861873 ], [ 11.517023, 3.862571 ], [ 11.516943, 3.862622 ], [ 11.516894, 3.862647 ], [ 11.51647, 3.862829 ], [ 11.515813, 3.863108 ], [ 11.51502, 3.863389 ] ] } },
{ "type": "Feature", "properties": { "nom": "Rue Many Ewondo", "classe": "primary" }, "geometry": { "type": "LineString", "coordinates": [ [ 11.521425, 3.86134 ], [ 11.522115, 3.861205 ], [ 11.522291, 3.861198 ], [ 11.522482, 3.861216 ], [ 11.522705, 3.861265 ], [ 11.523105, 3.861414 ] ] } },
{ "type": "Feature", "properties": { "nom": "Ancienne Route de Douala", "classe": "primary" }, "geometry": { "type": "LineString", "coordinates": [ [ 11.461694, 3.872863 ], [ 11.462224, 3.872727 ], [ 11.462528, 3.872624 ], [ 11.463255, 3.872348 ], [ 11.463475, 3.872268 ], [ 11.464318, 3.87196 ], [ 11.464506, 3.871885 ], [ 11.464899, 3.871745 ], [ 11.465406, 3.87155 ], [ 11.465697, 3.871453 ], [ 11.465845, 3.871411 ], [ 11.465994, 3.87138 ], [ 11.4663, 3.871324 ], [ 11.466481, 3.871302 ], [ 11.466741, 3.871298 ], [ 11.466932, 3.871307 ], [ 11.467113, 3.871319 ], [ 11.467461, 3.87138 ], [ 11.468065, 3.871504 ], [ 11.468434, 3.871596 ], [ 11.468729, 3.871678 ], [ 11.468814, 3.871708 ], [ 11.469067, 3.871767 ], [ 11.469314, 3.871819 ], [ 11.47053, 3.872085 ], [ 11.470892, 3.872162 ], [ 11.471069, 3.872184 ], [ 11.471303, 3.872197 ], [ 11.471616, 3.872188 ], [ 11.4718, 3.872165 ], [ 11.471965, 3.872134 ], [ 11.472413, 3.872035 ], [ 11.473242, 3.871808 ], [ 11.473679, 3.871677 ], [ 11.474077, 3.871571 ], [ 11.475086, 3.871317 ], [ 11.475583, 3.87119 ], [ 11.47676, 3.870895 ], [ 11.477076, 3.870816 ], [ 11.477395, 3.870736 ], [ 11.477767, 3.870646 ], [ 11.478499, 3.870451 ], [ 11.478907, 3.870336 ], [ 11.479724, 3.870139 ], [ 11.47989, 3.870111 ], [ 11.480344, 3.870061 ], [ 11.480374, 3.870058 ], [ 11.480562, 3.870047 ], [ 11.481016, 3.870029 ], [ 11.481134, 3.870034 ], [ 11.481285, 3.870048 ], [ 11.4814, 3.870059 ], [ 11.481804, 3.870116 ], [ 11.481968, 3.870139 ], [ 11.482137, 3.870162 ], [ 11.482537, 3.870179 ], [ 11.482985, 3.870182 ], [ 11.483311, 3.870168 ], [ 11.483576, 3.870155 ], [ 11.483876, 3.870106 ], [ 11.484058, 3.870069 ], [ 11.484241, 3.870016 ] ] } },
{ "type": "Feature", "properties": { "nom": "Rue 2.356", "classe": "tertiary" }, "geometry": { "type": "LineString", "coordinates": [ [ 11.502111, 3.880004 ], [ 11.501999, 3.880049 ], [ 11.501864, 3.880074 ], [ 11.501602, 3.880089 ], [ 11.500996, 3.880067 ], [ 11.50086, 3.880067 ] ] } },
{ "type": "Feature", "properties": { "nom": "", "classe": "secondary" }, "geometry": { "type": "LineString", "coordinates": [ [ 11.485186, 3.87023 ], [ 11.485187, 3.870261 ], [ 11.485074, 3.870383 ], [ 11.485005, 3.870438 ], [ 11.484933, 3.870483 ], [ 11.484779, 3.87058 ], [ 11.484526, 3.870724 ], [ 11.484504, 3.870736 ], [ 11.484388, 3.870799 ], [ 11.484349, 3.870827 ], [ 11.484302, 3.870876 ], [ 11.484276, 3.870924 ], [ 11.484261, 3.871009 ], [ 11.48426, 3.871099 ], [ 11.484263, 3.87117 ], [ 11.484262, 3.871293 ] ] } },
{ "type": "Feature", "properties": { "nom": "", "classe": "secondary" }, "geometry": { "type": "LineString", "coordinates": [ [ 11.485159, 3.870055 ], [ 11.485112, 3.870029 ], [ 11.485067, 3.869928 ], [ 11.485041, 3.869856 ], [ 11.485036, 3.869782 ] ] } },
{ "type": "Feature", "properties": { "nom": "", "classe": "secondary" }, "geometry": { "type": "LineString", "coordinates": [ [ 11.485206, 3.86975 ], [ 11.485198, 3.869863 ], [ 11.48518, 3.869945 ], [ 11.485152, 3.870027 ], [ 11.485159, 3.870055 ] ] } },
{ "type": "Feature", "properties": { "nom": "", "classe": "tertiary" }, "geometry": { "type": "LineString", "coordinates": [ [ 11.445724, 3.746692 ], [ 11.445962, 3.74638 ], [ 11.446134, 3.746122 ], [ 11.446384, 3.745693 ], [ 11.446726, 3.745254 ], [ 11.446983, 3.74493 ], [ 11.44769, 3.744319 ], [ 11.44818, 3.743942 ], [ 11.448609, 3.743434 ], [ 11.448822, 3.743113 ], [ 11.449182, 3.742857 ], [ 11.44948, 3.742976 ], [ 11.449815, 3.743166 ], [ 11.450142, 3.743366 ], [ 11.450674, 3.743662 ], [ 11.451106, 3.743825 ], [ 11.451822, 3.743992 ], [ 11.452581, 3.744087 ], [ 11.453988, 3.74428 ], [ 11.454348, 3.744374 ] ] } },
{ "type": "Feature", "properties": { "nom": "", "classe": "trunk" }, "geometry": { "type": "LineString", "coordinates": [ [ 11.53604, 3.720694 ], [ 11.536315, 3.720709 ], [ 11.536579, 3.720692 ], [ 11.536709, 3.720661 ] ] } },
{ "type": "Feature", "properties": { "nom": "", "classe": "trunk" }, "geometry": { "type": "LineString", "coordinates": [ [ 11.537399, 3.721481 ], [ 11.53726, 3.721264 ], [ 11.537192, 3.721184 ], [ 11.537145, 3.721138 ], [ 11.537058, 3.721084 ] ] } },
{ "type": "Feature", "properties": { "nom": "", "classe": "tertiary" }, "geometry": { "type": "LineString", "coordinates": [ [ 11.496765, 3.695124 ], [ 11.496837, 3.695521 ], [ 11.496856, 3.695816 ], [ 11.496822, 3.696124 ], [ 11.496777, 3.69635 ], [ 11.496766, 3.696658 ], [ 11.496849, 3.697109 ], [ 11.497041, 3.697644 ], [ 11.497145, 3.697993 ], [ 11.497166, 3.698118 ], [ 11.497151, 3.698241 ], [ 11.497111, 3.698351 ], [ 11.496895, 3.698705 ], [ 11.496723, 3.699073 ], [ 11.496327, 3.69973 ], [ 11.496058, 3.70018 ], [ 11.495775, 3.700588 ], [ 11.49568, 3.700788 ], [ 11.495561, 3.701034 ], [ 11.495445, 3.701276 ], [ 11.495273, 3.701723 ], [ 11.495138, 3.702046 ], [ 11.495065, 3.702362 ], [ 11.494953, 3.702597 ], [ 11.494817, 3.70291 ], [ 11.494769, 3.703021 ], [ 11.494687, 3.703206 ], [ 11.494549, 3.703586 ], [ 11.49452, 3.703764 ], [ 11.494501, 3.703915 ], [ 11.494494, 3.704149 ], [ 11.49458, 3.704745 ], [ 11.494717, 3.705195 ], [ 11.494888, 3.705917 ], [ 11.495012, 3.706303 ], [ 11.495179, 3.706652 ], [ 11.495319, 3.706892 ], [ 11.495512, 3.707137 ], [ 11.495674, 3.707478 ], [ 11.495784, 3.707929 ], [ 11.495851, 3.70837 ], [ 11.495854, 3.70874 ], [ 11.4958, 3.709425 ], [ 11.495768, 3.710118 ], [ 11.49566, 3.710961 ], [ 11.495588, 3.711264 ], [ 11.495493, 3.711507 ], [ 11.495401, 3.711664 ], [ 11.495277, 3.711873 ], [ 11.495041, 3.712292 ], [ 11.494935, 3.712446 ], [ 11.494658, 3.712795 ], [ 11.494412, 3.713116 ], [ 11.494017, 3.713664 ], [ 11.493846, 3.713918 ], [ 11.49375, 3.714113 ], [ 11.493633, 3.714397 ], [ 11.493594, 3.714575 ], [ 11.493581, 3.714742 ], [ 11.493551, 3.714996 ], [ 11.493464, 3.715354 ], [ 11.49339, 3.715686 ], [ 11.493346, 3.715981 ], [ 11.493291, 3.716452 ], [ 11.493286, 3.71659 ], [ 11.493307, 3.716723 ], [ 11.493469, 3.717116 ], [ 11.493567, 3.717277 ], [ 11.493761, 3.717611 ], [ 11.494042, 3.71797 ], [ 11.494414, 3.718387 ], [ 11.494717, 3.718695 ], [ 11.494829, 3.718873 ] ] } },
{ "type": "Feature", "properties": { "nom": "", "classe": "tertiary" }, "geometry": { "type": "LineString", "coordinates": [ [ 11.467597, 3.755047 ], [ 11.467368, 3.755138 ], [ 11.467284, 3.755177 ], [ 11.467242, 3.755202 ], [ 11.46718, 3.755247 ], [ 11.466944, 3.755442 ], [ 11.466665, 3.755673 ], [ 11.466519, 3.755798 ], [ 11.466285, 3.756022 ], [ 11.465979, 3.756312 ], [ 11.465948, 3.756334 ], [ 11.465901, 3.756357 ], [ 11.465817, 3.756396 ], [ 11.465597, 3.756534 ], [ 11.465513, 3.756604 ], [ 11.465261, 3.756848 ], [ 11.465189, 3.756915 ], [ 11.465108, 3.756987 ], [ 11.465033, 3.757044 ], [ 11.464949, 3.757111 ], [ 11.464865, 3.757171 ], [ 11.4645, 3.757458 ], [ 11.464401, 3.757515 ], [ 11.464338, 3.757541 ], [ 11.46424, 3.757573 ], [ 11.464158, 3.757597 ], [ 11.464085, 3.757608 ], [ 11.464008, 3.757605 ], [ 11.463941, 3.757596 ], [ 11.463786, 3.757566 ], [ 11.463612, 3.757531 ], [ 11.463403, 3.757481 ], [ 11.463266, 3.75744 ], [ 11.463175, 3.757406 ], [ 11.463107, 3.757376 ], [ 11.463056, 3.757343 ], [ 11.462882, 3.757219 ], [ 11.462784, 3.757142 ], [ 11.462675, 3.757035 ], [ 11.462562, 3.756922 ], [ 11.462414, 3.756764 ], [ 11.462296, 3.756662 ], [ 11.462251, 3.756626 ], [ 11.462139, 3.756552 ], [ 11.461817, 3.756346 ], [ 11.461642, 3.756255 ], [ 11.46153, 3.756204 ], [ 11.46143, 3.756168 ], [ 11.461324, 3.756138 ], [ 11.461261, 3.75613 ], [ 11.461157, 3.756136 ], [ 11.461094, 3.756148 ], [ 11.460998, 3.756182 ], [ 11.460875, 3.756274 ], [ 11.46066, 3.756382 ], [ 11.460524, 3.756473 ], [ 11.460379, 3.756549 ], [ 11.46028, 3.756653 ], [ 11.460198, 3.756739 ], [ 11.460045, 3.756914 ], [ 11.459782, 3.75723 ], [ 11.459666, 3.757377 ], [ 11.459609, 3.757469 ], [ 11.459556, 3.757531 ], [ 11.459466, 3.757668 ], [ 11.459417, 3.757731 ], [ 11.459368, 3.757813 ], [ 11.459344, 3.757846 ], [ 11.459292, 3.757888 ], [ 11.459214, 3.757941 ], [ 11.459118, 3.758009 ], [ 11.459024, 3.75805 ], [ 11.458669, 3.758188 ], [ 11.45854, 3.75823 ], [ 11.458371, 3.758271 ], [ 11.458311, 3.758291 ], [ 11.458151, 3.758293 ], [ 11.458014, 3.758291 ], [ 11.457679, 3.758267 ], [ 11.456375, 3.75804 ], [ 11.456218, 3.758009 ], [ 11.456168, 3.757992 ], [ 11.456129, 3.75797 ], [ 11.456099, 3.757947 ], [ 11.45589, 3.757745 ], [ 11.455573, 3.757381 ], [ 11.455418, 3.757174 ], [ 11.455279, 3.756944 ], [ 11.455129, 3.756721 ], [ 11.454975, 3.756567 ], [ 11.454816, 3.756447 ], [ 11.454752, 3.756372 ], [ 11.454741, 3.756286 ], [ 11.454744, 3.756114 ], [ 11.454773, 3.755802 ], [ 11.454736, 3.755594 ], [ 11.454737, 3.755367 ], [ 11.454733, 3.755128 ], [ 11.454748, 3.755013 ], [ 11.454764, 3.754896 ], [ 11.454821, 3.754544 ], [ 11.454827, 3.754305 ], [ 11.454844, 3.754015 ], [ 11.454816, 3.75367 ], [ 11.454794, 3.753412 ], [ 11.454712, 3.753264 ], [ 11.454621, 3.753095 ], [ 11.454492, 3.752937 ], [ 11.454281, 3.752759 ], [ 11.454076, 3.752601 ], [ 11.45385, 3.752455 ], [ 11.453652, 3.752352 ], [ 11.453212, 3.752244 ], [ 11.452704, 3.752128 ], [ 11.452536, 3.752062 ], [ 11.45236, 3.75196 ], [ 11.451845, 3.75168 ] ] } },
{ "type": "Feature", "properties": { "nom": "", "classe": "tertiary" }, "geometry": { "type": "LineString", "coordinates": [ [ 11.535791, 3.748328 ], [ 11.535937, 3.748264 ], [ 11.536197, 3.748215 ], [ 11.536839, 3.748148 ], [ 11.536928, 3.748141 ], [ 11.537525, 3.748092 ], [ 11.537726, 3.748075 ], [ 11.538368, 3.74803 ], [ 11.538694, 3.74802 ], [ 11.538819, 3.748023 ], [ 11.539221, 3.748033 ], [ 11.53951, 3.748048 ], [ 11.539976, 3.748069 ], [ 11.54067, 3.748109 ], [ 11.540934, 3.748172 ], [ 11.541045, 3.748193 ], [ 11.541515, 3.74837 ], [ 11.541892, 3.748649 ], [ 11.542206, 3.748909 ], [ 11.542338, 3.749019 ], [ 11.542521, 3.749192 ], [ 11.542613, 3.749278 ], [ 11.542628, 3.749292 ], [ 11.543124, 3.749842 ], [ 11.543437, 3.75019 ], [ 11.543607, 3.75038 ], [ 11.543834, 3.750621 ], [ 11.54398, 3.750775 ], [ 11.544439, 3.751181 ], [ 11.544737, 3.75144 ], [ 11.544867, 3.751535 ], [ 11.544992, 3.751595 ], [ 11.545204, 3.751832 ], [ 11.545362, 3.752049 ], [ 11.545381, 3.752075 ], [ 11.545425, 3.752194 ], [ 11.545432, 3.752213 ], [ 11.545481, 3.752425 ], [ 11.545497, 3.752531 ], [ 11.545525, 3.752731 ], [ 11.545575, 3.752967 ], [ 11.545628, 3.753216 ], [ 11.545648, 3.753311 ], [ 11.545759, 3.753932 ], [ 11.545766, 3.753957 ], [ 11.545862, 3.754323 ], [ 11.545873, 3.754379 ], [ 11.546001, 3.754728 ], [ 11.546049, 3.754821 ], [ 11.546214, 3.755041 ], [ 11.546499, 3.755328 ], [ 11.546526, 3.755355 ], [ 11.546612, 3.755444 ], [ 11.546823, 3.755662 ], [ 11.546993, 3.75584 ], [ 11.547162, 3.756093 ], [ 11.547264, 3.756306 ], [ 11.547327, 3.756437 ], [ 11.547507, 3.756795 ], [ 11.547623, 3.757085 ], [ 11.547879, 3.75772 ], [ 11.548006, 3.758013 ], [ 11.548025, 3.758059 ], [ 11.548409, 3.758874 ], [ 11.548547, 3.759157 ], [ 11.54861, 3.759283 ], [ 11.548662, 3.759442 ], [ 11.54883, 3.759648 ], [ 11.549029, 3.759994 ], [ 11.549296, 3.760498 ], [ 11.549303, 3.760503 ], [ 11.549561, 3.76096 ], [ 11.54985, 3.76146 ], [ 11.549895, 3.761532 ], [ 11.550288, 3.762158 ], [ 11.550576, 3.762512 ], [ 11.550788, 3.762776 ], [ 11.550923, 3.762905 ], [ 11.551469, 3.76343 ], [ 11.551543, 3.763516 ], [ 11.551744, 3.763739 ], [ 11.551995, 3.764019 ], [ 11.552265, 3.764362 ], [ 11.552532, 3.764693 ], [ 11.552795, 3.765032 ], [ 11.552935, 3.765175 ], [ 11.55327, 3.765476 ], [ 11.553327, 3.765527 ], [ 11.553945, 3.765973 ], [ 11.554358, 3.76621 ], [ 11.554899, 3.76648 ], [ 11.555078, 3.766571 ], [ 11.555371, 3.76672 ], [ 11.555706, 3.766899 ], [ 11.556175, 3.767139 ], [ 11.556346, 3.767227 ], [ 11.556631, 3.76737 ], [ 11.556708, 3.767409 ], [ 11.556897, 3.767488 ], [ 11.557154, 3.76753 ], [ 11.557667, 3.767526 ], [ 11.557895, 3.767524 ], [ 11.558056, 3.767522 ], [ 11.558379, 3.767509 ], [ 11.558736, 3.767494 ], [ 11.559039, 3.767513 ], [ 11.559237, 3.767556 ], [ 11.55937, 3.767597 ], [ 11.559449, 3.767622 ], [ 11.559936, 3.767854 ], [ 11.5604, 3.768062 ], [ 11.560457, 3.768107 ], [ 11.56062, 3.768237 ], [ 11.560824, 3.768418 ], [ 11.561029, 3.768755 ], [ 11.561178, 3.768922 ], [ 11.561415, 3.769363 ], [ 11.561756, 3.769945 ], [ 11.561985, 3.770418 ], [ 11.56206, 3.77054 ], [ 11.56226, 3.770833 ], [ 11.562503, 3.771022 ], [ 11.562845, 3.77122 ], [ 11.563135, 3.771387 ], [ 11.563271, 3.77143 ], [ 11.563459, 3.771439 ], [ 11.564021, 3.771451 ], [ 11.56422, 3.771478 ], [ 11.564511, 3.771544 ], [ 11.564936, 3.771651 ], [ 11.565035, 3.771679 ], [ 11.565276, 3.771749 ], [ 11.56544, 3.771835 ], [ 11.565472, 3.771859 ], [ 11.565632, 3.771979 ], [ 11.565848, 3.77221 ], [ 11.565912, 3.772278 ], [ 11.566095, 3.772445 ], [ 11.566139, 3.772485 ], [ 11.566329, 3.772609 ], [ 11.56651, 3.772644 ], [ 11.566607, 3.772663 ], [ 11.566835, 3.772658 ], [ 11.567055, 3.772621 ], [ 11.567272, 3.772567 ], [ 11.567671, 3.772468 ], [ 11.567885, 3.772431 ], [ 11.567993, 3.772422 ], [ 11.568189, 3.772404 ], [ 11.568457, 3.772386 ], [ 11.568751, 3.772367 ], [ 11.569053, 3.772325 ], [ 11.569392, 3.772224 ], [ 11.569816, 3.772047 ], [ 11.570272, 3.771823 ], [ 11.570474, 3.771712 ], [ 11.570858, 3.771501 ], [ 11.571098, 3.771405 ], [ 11.571451, 3.771326 ], [ 11.571907, 3.771271 ], [ 11.572297, 3.771211 ], [ 11.572583, 3.771156 ], [ 11.57272, 3.771129 ], [ 11.574007, 3.770877 ], [ 11.574413, 3.770778 ], [ 11.57477, 3.770636 ], [ 11.575001, 3.770489 ], [ 11.575172, 3.770306 ], [ 11.575329, 3.770073 ], [ 11.575548, 3.769733 ], [ 11.575837, 3.76925 ], [ 11.576032, 3.768944 ], [ 11.576237, 3.768687 ], [ 11.57648, 3.768406 ], [ 11.576709, 3.768168 ], [ 11.576963, 3.767943 ], [ 11.577244, 3.767695 ], [ 11.577475, 3.767473 ], [ 11.577773, 3.767154 ], [ 11.577971, 3.766935 ], [ 11.578359, 3.766488 ], [ 11.578514, 3.766354 ], [ 11.578758, 3.76621 ], [ 11.579035, 3.766104 ], [ 11.579275, 3.766042 ], [ 11.579487, 3.766028 ], [ 11.5797, 3.766052 ], [ 11.579929, 3.766125 ], [ 11.580794, 3.766428 ], [ 11.581669, 3.766721 ], [ 11.582024, 3.766863 ], [ 11.582334, 3.767023 ], [ 11.582583, 3.767176 ], [ 11.582731, 3.767255 ], [ 11.583071, 3.767374 ], [ 11.583478, 3.767488 ], [ 11.584415, 3.767684 ], [ 11.584776, 3.767781 ], [ 11.585004, 3.767872 ], [ 11.585626, 3.76828 ], [ 11.585919, 3.768447 ], [ 11.586258, 3.768696 ], [ 11.586498, 3.76891 ], [ 11.586987, 3.769459 ], [ 11.5873, 3.769807 ], [ 11.587819, 3.770362 ], [ 11.588378, 3.770983 ], [ 11.588683, 3.771311 ], [ 11.589404, 3.772155 ], [ 11.58962, 3.772455 ], [ 11.589737, 3.772627 ], [ 11.589793, 3.772707 ], [ 11.589954, 3.773035 ], [ 11.590135, 3.773456 ], [ 11.590213, 3.773757 ], [ 11.590301, 3.774381 ], [ 11.590351, 3.774909 ], [ 11.590434, 3.775873 ], [ 11.590489, 3.776619 ], [ 11.590561, 3.776867 ], [ 11.590617, 3.776946 ], [ 11.59068, 3.777036 ], [ 11.590854, 3.777216 ], [ 11.591003, 3.777291 ], [ 11.591153, 3.77731 ], [ 11.591388, 3.777289 ], [ 11.591573, 3.77724 ], [ 11.592314, 3.776947 ], [ 11.593036, 3.776683 ], [ 11.593635, 3.776482 ], [ 11.594042, 3.776381 ], [ 11.594461, 3.776314 ], [ 11.595045, 3.776253 ], [ 11.595408, 3.776197 ], [ 11.595725, 3.776112 ], [ 11.595998, 3.776003 ], [ 11.596366, 3.775838 ], [ 11.596725, 3.775637 ], [ 11.59729, 3.77522 ], [ 11.597995, 3.774691 ], [ 11.598381, 3.774329 ], [ 11.598769, 3.774021 ], [ 11.599285, 3.773642 ] ] } },
{ "type": "Feature", "properties": { "nom": "", "classe": "secondary" }, "geometry": { "type": "LineString", "coordinates": [ [ 11.473615, 3.76197 ], [ 11.47398, 3.761997 ], [ 11.474181, 3.76201 ], [ 11.474407, 3.762014 ], [ 11.474803, 3.762013 ], [ 11.475251, 3.762005 ], [ 11.475794, 3.761972 ], [ 11.476332, 3.761934 ], [ 11.476477, 3.76193 ], [ 11.476612, 3.761819 ], [ 11.476724, 3.761684 ], [ 11.476917, 3.761376 ], [ 11.477072, 3.761086 ], [ 11.477198, 3.760816 ], [ 11.477315, 3.760529 ], [ 11.47737, 3.760342 ], [ 11.477498, 3.759913 ], [ 11.477596, 3.759562 ], [ 11.477715, 3.759091 ], [ 11.47776, 3.758973 ], [ 11.47784, 3.758609 ], [ 11.47792, 3.758308 ], [ 11.477974, 3.758034 ], [ 11.477999, 3.757806 ], [ 11.478002, 3.757768 ], [ 11.478012, 3.757653 ], [ 11.478026, 3.757488 ], [ 11.478064, 3.756853 ], [ 11.478048, 3.756476 ], [ 11.478043, 3.756372 ], [ 11.47798, 3.755847 ], [ 11.477923, 3.755381 ], [ 11.477923, 3.75515 ], [ 11.477944, 3.754906 ], [ 11.477995, 3.754595 ], [ 11.478049, 3.754327 ], [ 11.478148, 3.754021 ], [ 11.478228, 3.753715 ], [ 11.478294, 3.753392 ], [ 11.478342, 3.753014 ], [ 11.47836, 3.752867 ], [ 11.478371, 3.752613 ], [ 11.478384, 3.752545 ], [ 11.478436, 3.752273 ], [ 11.478591, 3.751939 ], [ 11.478747, 3.751615 ], [ 11.479007, 3.751208 ], [ 11.479121, 3.751041 ], [ 11.479341, 3.750812 ], [ 11.479637, 3.750564 ], [ 11.480032, 3.75033 ], [ 11.480282, 3.750176 ], [ 11.480567, 3.750005 ], [ 11.480901, 3.749799 ], [ 11.481049, 3.749705 ], [ 11.48116, 3.749626 ], [ 11.481392, 3.749451 ], [ 11.481539, 3.749321 ], [ 11.481888, 3.748948 ], [ 11.482777, 3.748065 ], [ 11.483141, 3.747696 ], [ 11.483172, 3.747667 ], [ 11.483228, 3.747628 ], [ 11.483312, 3.747587 ], [ 11.483696, 3.74743 ], [ 11.483787, 3.747407 ], [ 11.483891, 3.747385 ], [ 11.484067, 3.747353 ], [ 11.484395, 3.747291 ], [ 11.484438, 3.747281 ], [ 11.484528, 3.74725 ], [ 11.484611, 3.747208 ], [ 11.484688, 3.747149 ], [ 11.485137, 3.746643 ], [ 11.485255, 3.746508 ], [ 11.485287, 3.746479 ], [ 11.485375, 3.746405 ], [ 11.485481, 3.746348 ], [ 11.485639, 3.746274 ], [ 11.485755, 3.746232 ], [ 11.485878, 3.746203 ], [ 11.486211, 3.746124 ], [ 11.486688, 3.74601 ], [ 11.487511, 3.745768 ], [ 11.488322, 3.745526 ], [ 11.489102, 3.74532 ], [ 11.489509, 3.745187 ], [ 11.489889, 3.745033 ], [ 11.489968, 3.744987 ], [ 11.490035, 3.744937 ], [ 11.490108, 3.744872 ], [ 11.490201, 3.744776 ], [ 11.490273, 3.744686 ], [ 11.490436, 3.744343 ], [ 11.490449, 3.744316 ], [ 11.490639, 3.743936 ], [ 11.490821, 3.743461 ], [ 11.490939, 3.743155 ], [ 11.490972, 3.743031 ], [ 11.490987, 3.742937 ], [ 11.491072, 3.742706 ], [ 11.49111, 3.742567 ], [ 11.491165, 3.742227 ], [ 11.491251, 3.74196 ], [ 11.491278, 3.741723 ], [ 11.491307, 3.741618 ], [ 11.491373, 3.741207 ], [ 11.491482, 3.740555 ], [ 11.491572, 3.740101 ], [ 11.491586, 3.740037 ], [ 11.491613, 3.740006 ], [ 11.491625, 3.739951 ], [ 11.491644, 3.739901 ], [ 11.491835, 3.739517 ], [ 11.491906, 3.739374 ], [ 11.492063, 3.73911 ], [ 11.49217, 3.738898 ], [ 11.492244, 3.738734 ], [ 11.492302, 3.738558 ], [ 11.492376, 3.738336 ], [ 11.492386, 3.738298 ], [ 11.492415, 3.738156 ], [ 11.492473, 3.737893 ], [ 11.492588, 3.737418 ], [ 11.492615, 3.737276 ], [ 11.492689, 3.736876 ], [ 11.492737, 3.736612 ], [ 11.492778, 3.736394 ], [ 11.492826, 3.736158 ], [ 11.492878, 3.735877 ], [ 11.493015, 3.735366 ], [ 11.49318, 3.734892 ], [ 11.493427, 3.734376 ], [ 11.493734, 3.733901 ], [ 11.493799, 3.733766 ], [ 11.493786, 3.733659 ], [ 11.493724, 3.733459 ], [ 11.493681, 3.733365 ], [ 11.49359, 3.733221 ], [ 11.493341, 3.732867 ], [ 11.493249, 3.732728 ], [ 11.49314, 3.732578 ], [ 11.49303, 3.732412 ], [ 11.49292, 3.732299 ], [ 11.492798, 3.73222 ], [ 11.49258, 3.732101 ], [ 11.49243, 3.732026 ], [ 11.492294, 3.73196 ], [ 11.492011, 3.731874 ], [ 11.491714, 3.731792 ], [ 11.49135, 3.73169 ], [ 11.490609, 3.731511 ], [ 11.490129, 3.731397 ], [ 11.48962, 3.731262 ], [ 11.489184, 3.731166 ], [ 11.488805, 3.731086 ], [ 11.488526, 3.731006 ], [ 11.488294, 3.730874 ], [ 11.48821, 3.73081 ], [ 11.488176, 3.730732 ], [ 11.488087, 3.730486 ], [ 11.487986, 3.73002 ], [ 11.487857, 3.729555 ], [ 11.487919, 3.72913 ], [ 11.487945, 3.728877 ], [ 11.488007, 3.728601 ], [ 11.48809, 3.728427 ], [ 11.488229, 3.728279 ], [ 11.488421, 3.728146 ], [ 11.488589, 3.728047 ], [ 11.488989, 3.727844 ], [ 11.489245, 3.727702 ], [ 11.489417, 3.727546 ], [ 11.489498, 3.727441 ], [ 11.489667, 3.727213 ], [ 11.489807, 3.726984 ], [ 11.489921, 3.726728 ], [ 11.49002, 3.726504 ], [ 11.490066, 3.726394 ], [ 11.490082, 3.726248 ], [ 11.490066, 3.726089 ], [ 11.490035, 3.725894 ], [ 11.490009, 3.725648 ], [ 11.489972, 3.725243 ], [ 11.489983, 3.72512 ], [ 11.490039, 3.724865 ], [ 11.490147, 3.724504 ], [ 11.490258, 3.724193 ], [ 11.490353, 3.723959 ], [ 11.490487, 3.723686 ], [ 11.490618, 3.723421 ], [ 11.49082, 3.722954 ], [ 11.490963, 3.722675 ], [ 11.491082, 3.722485 ], [ 11.491357, 3.72229 ], [ 11.49154, 3.722169 ], [ 11.491615, 3.72212 ], [ 11.491915, 3.721916 ], [ 11.492265, 3.721647 ], [ 11.492608, 3.721221 ], [ 11.492859, 3.720851 ], [ 11.493031, 3.720641 ], [ 11.493567, 3.720111 ], [ 11.493958, 3.719763 ], [ 11.494288, 3.719438 ], [ 11.49468, 3.718995 ], [ 11.494765, 3.718914 ], [ 11.494829, 3.718873 ], [ 11.494933, 3.718919 ], [ 11.495386, 3.719156 ], [ 11.495681, 3.719299 ], [ 11.496208, 3.719499 ], [ 11.496633, 3.719666 ], [ 11.496923, 3.719787 ], [ 11.497075, 3.719852 ], [ 11.497319, 3.719946 ], [ 11.497429, 3.719989 ], [ 11.497592, 3.720058 ], [ 11.498124, 3.720262 ], [ 11.499126, 3.720747 ], [ 11.499699, 3.721025 ], [ 11.49977, 3.72106 ], [ 11.500029, 3.721176 ], [ 11.500191, 3.721249 ], [ 11.500581, 3.721448 ], [ 11.500945, 3.721722 ], [ 11.501092, 3.721844 ], [ 11.501134, 3.721906 ], [ 11.501218, 3.721901 ], [ 11.501361, 3.721915 ], [ 11.50175, 3.721885 ], [ 11.502087, 3.72175 ], [ 11.502413, 3.721659 ], [ 11.502533, 3.721626 ], [ 11.503134, 3.721396 ], [ 11.503562, 3.721238 ], [ 11.503892, 3.721064 ], [ 11.504205, 3.720863 ], [ 11.504405, 3.720713 ], [ 11.50457, 3.720629 ], [ 11.504752, 3.720584 ], [ 11.504919, 3.720579 ], [ 11.505667, 3.720676 ], [ 11.506119, 3.72075 ], [ 11.506359, 3.720767 ], [ 11.506498, 3.72075 ], [ 11.506722, 3.720658 ], [ 11.507351, 3.720232 ], [ 11.507772, 3.719959 ], [ 11.508404, 3.719738 ], [ 11.508516, 3.719682 ], [ 11.508653, 3.719618 ], [ 11.508917, 3.719451 ], [ 11.509234, 3.719244 ], [ 11.509615, 3.719111 ], [ 11.509858, 3.719055 ], [ 11.510017, 3.718899 ], [ 11.510314, 3.718639 ], [ 11.510546, 3.718339 ], [ 11.511017, 3.71768 ], [ 11.511136, 3.717485 ], [ 11.511334, 3.717159 ], [ 11.511428, 3.71698 ], [ 11.51148, 3.716842 ], [ 11.511508, 3.716672 ], [ 11.511538, 3.716331 ], [ 11.511568, 3.716048 ], [ 11.511635, 3.715781 ], [ 11.511758, 3.715461 ], [ 11.511868, 3.715295 ], [ 11.511898, 3.71525 ], [ 11.512081, 3.71505 ], [ 11.512277, 3.71487 ], [ 11.512568, 3.714664 ], [ 11.512814, 3.714552 ], [ 11.513111, 3.714462 ], [ 11.513617, 3.71439 ], [ 11.513641, 3.714389 ], [ 11.513999, 3.714371 ], [ 11.514234, 3.714399 ], [ 11.51444, 3.714469 ], [ 11.514646, 3.714664 ], [ 11.515032, 3.715107 ], [ 11.515325, 3.715469 ], [ 11.515557, 3.715717 ], [ 11.515835, 3.716057 ], [ 11.515974, 3.716227 ], [ 11.516077, 3.716338 ], [ 11.516206, 3.716474 ], [ 11.516402, 3.716634 ], [ 11.516538, 3.716733 ], [ 11.516638, 3.716798 ], [ 11.516818, 3.716883 ], [ 11.516885, 3.716906 ], [ 11.516993, 3.716918 ], [ 11.51709, 3.716909 ], [ 11.517257, 3.716889 ], [ 11.51744, 3.716845 ], [ 11.517553, 3.716804 ], [ 11.518031, 3.716581 ], [ 11.518482, 3.716312 ], [ 11.518895, 3.716082 ], [ 11.519061, 3.716017 ], [ 11.519365, 3.715942 ], [ 11.519551, 3.71591 ], [ 11.519653, 3.715906 ], [ 11.519683, 3.715893 ], [ 11.51993, 3.715902 ], [ 11.520184, 3.715945 ], [ 11.520388, 3.716029 ], [ 11.520559, 3.716159 ], [ 11.520689, 3.71627 ], [ 11.520844, 3.716441 ], [ 11.520947, 3.716573 ], [ 11.521056, 3.716734 ], [ 11.521151, 3.716929 ], [ 11.521213, 3.717122 ], [ 11.521259, 3.717328 ], [ 11.521242, 3.717678 ], [ 11.521221, 3.71799 ], [ 11.52128, 3.718211 ], [ 11.521399, 3.718381 ], [ 11.52165, 3.718596 ], [ 11.52192, 3.718846 ], [ 11.522055, 3.718933 ], [ 11.522281, 3.719003 ], [ 11.522539, 3.719012 ], [ 11.522881, 3.718948 ], [ 11.523376, 3.718808 ], [ 11.523738, 3.718706 ], [ 11.524134, 3.718669 ], [ 11.524704, 3.718669 ], [ 11.524988, 3.718726 ], [ 11.525021, 3.718739 ], [ 11.52538, 3.718877 ], [ 11.525723, 3.719019 ], [ 11.525943, 3.719069 ], [ 11.526357, 3.719087 ], [ 11.526566, 3.719082 ], [ 11.526825, 3.719075 ], [ 11.527393, 3.719062 ], [ 11.527884, 3.719037 ], [ 11.528421, 3.718972 ], [ 11.528826, 3.718918 ], [ 11.529055, 3.718881 ], [ 11.529677, 3.718798 ], [ 11.529877, 3.718747 ], [ 11.530095, 3.718642 ], [ 11.530331, 3.718466 ], [ 11.530666, 3.7182 ], [ 11.5309, 3.718015 ], [ 11.531333, 3.717675 ], [ 11.531782, 3.717308 ], [ 11.532295, 3.716858 ], [ 11.532592, 3.716598 ], [ 11.5328, 3.716464 ], [ 11.533048, 3.716356 ], [ 11.53329, 3.716284 ], [ 11.533447, 3.716251 ], [ 11.533607, 3.716233 ] ] } },
{ "type": "Feature", "properties": { "nom": "", "classe": "tertiary" }, "geometry": { "type": "LineString", "coordinates": [ [ 11.434361, 3.726217 ], [ 11.43416, 3.726486 ], [ 11.434026, 3.726908 ], [ 11.43394, 3.727418 ], [ 11.433933, 3.727886 ], [ 11.433945, 3.728281 ], [ 11.433987, 3.728694 ], [ 11.434016, 3.728844 ], [ 11.434247, 3.730051 ], [ 11.43445, 3.73083 ], [ 11.434443, 3.731164 ], [ 11.434173, 3.73168 ], [ 11.433992, 3.731866 ], [ 11.433536, 3.732095 ], [ 11.433277, 3.732247 ], [ 11.43312, 3.732374 ], [ 11.433025, 3.732559 ], [ 11.432927, 3.732936 ], [ 11.432857, 3.733254 ], [ 11.432791, 3.734364 ], [ 11.432648, 3.734628 ], [ 11.432144, 3.735044 ], [ 11.431968, 3.735265 ], [ 11.431756, 3.735625 ], [ 11.431682, 3.73576 ], [ 11.431673, 3.73593 ], [ 11.431706, 3.73606 ], [ 11.431804, 3.736276 ], [ 11.431845, 3.736546 ], [ 11.431789, 3.736836 ], [ 11.431686, 3.737109 ], [ 11.431656, 3.737274 ], [ 11.431656, 3.737386 ], [ 11.43177, 3.737853 ], [ 11.431777, 3.738202 ], [ 11.431815, 3.739579 ], [ 11.431776, 3.740461 ], [ 11.432088, 3.741277 ], [ 11.432202, 3.741992 ], [ 11.432473, 3.743241 ], [ 11.432307, 3.743584 ] ] } },
{ "type": "Feature", "properties": { "nom": "", "classe": "tertiary" }, "geometry": { "type": "LineString", "coordinates": [ [ 11.405499, 3.756668 ], [ 11.405954, 3.756555 ], [ 11.406431, 3.756406 ], [ 11.406598, 3.756353 ], [ 11.407124, 3.756091 ], [ 11.407708, 3.755704 ], [ 11.407959, 3.755565 ], [ 11.408213, 3.755503 ], [ 11.408446, 3.755452 ], [ 11.408722, 3.755396 ], [ 11.410219, 3.755121 ], [ 11.411142, 3.754966 ], [ 11.412005, 3.754777 ], [ 11.412826, 3.754911 ], [ 11.414039, 3.75506 ], [ 11.415042, 3.75512 ], [ 11.415503, 3.755093 ], [ 11.416058, 3.755094 ], [ 11.416448, 3.755003 ], [ 11.4173, 3.754661 ], [ 11.417895, 3.754405 ], [ 11.418689, 3.754045 ], [ 11.419531, 3.753623 ], [ 11.419905, 3.753425 ], [ 11.420613, 3.753048 ], [ 11.421056, 3.752757 ], [ 11.421461, 3.752377 ], [ 11.421965, 3.751616 ], [ 11.422304, 3.751148 ], [ 11.422845, 3.750606 ], [ 11.423286, 3.750279 ], [ 11.42373, 3.750033 ], [ 11.42404, 3.750051 ], [ 11.424236, 3.750143 ], [ 11.424426, 3.750236 ], [ 11.424747, 3.750392 ], [ 11.425115, 3.750506 ], [ 11.425666, 3.750452 ], [ 11.426103, 3.750172 ], [ 11.426621, 3.7497 ], [ 11.42696, 3.749462 ], [ 11.427145, 3.749079 ], [ 11.427224, 3.748741 ], [ 11.42733, 3.748024 ], [ 11.427492, 3.74754 ], [ 11.427655, 3.747169 ], [ 11.42783, 3.746816 ], [ 11.428004, 3.746624 ], [ 11.428422, 3.746343 ], [ 11.428863, 3.745965 ], [ 11.429429, 3.745648 ], [ 11.430021, 3.745364 ], [ 11.430279, 3.745239 ], [ 11.430502, 3.745082 ], [ 11.430948, 3.744736 ], [ 11.431595, 3.744236 ], [ 11.432037, 3.743839 ], [ 11.432199, 3.743677 ], [ 11.432307, 3.743584 ], [ 11.432463, 3.743622 ], [ 11.433014, 3.743589 ], [ 11.433564, 3.743485 ], [ 11.434043, 3.743322 ], [ 11.434327, 3.743149 ], [ 11.434469, 3.743066 ], [ 11.434612, 3.74297 ], [ 11.435311, 3.742359 ], [ 11.435564, 3.742138 ], [ 11.435865, 3.742015 ], [ 11.436182, 3.741997 ], [ 11.436369, 3.742069 ], [ 11.436726, 3.742379 ], [ 11.436984, 3.74273 ], [ 11.437164, 3.74303 ], [ 11.437272, 3.74315 ], [ 11.437409, 3.743228 ], [ 11.437608, 3.743274 ], [ 11.438023, 3.743377 ], [ 11.438316, 3.743469 ], [ 11.438565, 3.743593 ], [ 11.438741, 3.743845 ], [ 11.439016, 3.744249 ], [ 11.439337, 3.744632 ], [ 11.43968, 3.744867 ], [ 11.440237, 3.745181 ], [ 11.440848, 3.745406 ], [ 11.441197, 3.745494 ], [ 11.44162, 3.745629 ], [ 11.442025, 3.745662 ], [ 11.442417, 3.745756 ], [ 11.442967, 3.745946 ], [ 11.443437, 3.745971 ], [ 11.443723, 3.746055 ], [ 11.444198, 3.746172 ], [ 11.444637, 3.746385 ], [ 11.445155, 3.746677 ], [ 11.445338, 3.746737 ], [ 11.44553, 3.746739 ], [ 11.445724, 3.746692 ], [ 11.445759, 3.746702 ], [ 11.445911, 3.746835 ], [ 11.445975, 3.74692 ], [ 11.446164, 3.74717 ], [ 11.446378, 3.747366 ], [ 11.446606, 3.747457 ], [ 11.447079, 3.747644 ], [ 11.447444, 3.74783 ], [ 11.447871, 3.748365 ], [ 11.448199, 3.748728 ], [ 11.44868, 3.749132 ], [ 11.449383, 3.749717 ], [ 11.449791, 3.74999 ], [ 11.450337, 3.75035 ], [ 11.450768, 3.750662 ], [ 11.451361, 3.751148 ], [ 11.451725, 3.751446 ], [ 11.451845, 3.75168 ] ] } },
{ "type": "Feature", "properties": { "nom": "Rue 3.725", "classe": "tertiary" }, "geometry": { "type": "LineString", "coordinates": [ [ 11.509284, 3.856247 ], [ 11.50912, 3.856093 ], [ 11.508911, 3.855848 ], [ 11.508092, 3.854928 ], [ 11.507747, 3.854504 ], [ 11.507636, 3.854361 ], [ 11.506152, 3.852569 ], [ 11.505393, 3.85183 ], [ 11.504849, 3.851138 ], [ 11.50462, 3.850936 ], [ 11.504321, 3.850693 ], [ 11.503959, 3.8504 ], [ 11.503752, 3.85023 ], [ 11.503612, 3.850097 ], [ 11.503439, 3.849903 ], [ 11.503258, 3.849689 ], [ 11.502495, 3.848815 ], [ 11.502258, 3.848563 ] ] } },
{ "type": "Feature", "properties": { "nom": "Avenue d'Etoug-Ebé", "classe": "primary" }, "geometry": { "type": "LineString", "coordinates": [ [ 11.477421, 3.840967 ], [ 11.477503, 3.841028 ], [ 11.477621, 3.841114 ], [ 11.477931, 3.841314 ], [ 11.478203, 3.841489 ], [ 11.47839, 3.841614 ], [ 11.47904, 3.842092 ], [ 11.479245, 3.842243 ], [ 11.479312, 3.842283 ], [ 11.479563, 3.842433 ], [ 11.479656, 3.84246 ], [ 11.479758, 3.842467 ], [ 11.47998, 3.842433 ], [ 11.480141, 3.842389 ], [ 11.480314, 3.842344 ], [ 11.480414, 3.842261 ], [ 11.48052, 3.842154 ], [ 11.480639, 3.842001 ], [ 11.480885, 3.841622 ], [ 11.48106, 3.841353 ], [ 11.481201, 3.841104 ], [ 11.481252, 3.840969 ], [ 11.481288, 3.840875 ], [ 11.481305, 3.840739 ], [ 11.481304, 3.840626 ], [ 11.481292, 3.840539 ], [ 11.481277, 3.84045 ], [ 11.481274, 3.840431 ], [ 11.481241, 3.840297 ], [ 11.48117, 3.840066 ], [ 11.481077, 3.839733 ], [ 11.481053, 3.839574 ], [ 11.481055, 3.839466 ], [ 11.481058, 3.839364 ], [ 11.481072, 3.839251 ], [ 11.481109, 3.839115 ], [ 11.481163, 3.839007 ], [ 11.481223, 3.838924 ], [ 11.481287, 3.838858 ], [ 11.481413, 3.83874 ], [ 11.481732, 3.838441 ], [ 11.482025, 3.838179 ], [ 11.482425, 3.837821 ], [ 11.482633, 3.837626 ], [ 11.48296, 3.83732 ], [ 11.483263, 3.837035 ], [ 11.483546, 3.836769 ], [ 11.483727, 3.836606 ], [ 11.48389, 3.83646 ] ] } },
{ "type": "Feature", "properties": { "nom": "", "classe": "primary" }, "geometry": { "type": "LineString", "coordinates": [ [ 11.420009, 3.789068 ], [ 11.420103, 3.789098 ], [ 11.420219, 3.789157 ], [ 11.420494, 3.789314 ], [ 11.420735, 3.789444 ], [ 11.421152, 3.789674 ] ] } },
{ "type": "Feature", "properties": { "nom": "Rue 2.700", "classe": "primary" }, "geometry": { "type": "LineString", "coordinates": [ [ 11.499141, 3.872991 ], [ 11.499013, 3.872981 ], [ 11.49895, 3.872965 ], [ 11.498863, 3.872937 ], [ 11.498294, 3.872758 ], [ 11.498092, 3.872666 ], [ 11.497803, 3.872521 ], [ 11.497612, 3.872439 ], [ 11.497232, 3.872252 ], [ 11.49699, 3.87215 ], [ 11.496724, 3.87206 ], [ 11.496382, 3.871983 ], [ 11.496202, 3.871921 ], [ 11.496064, 3.87187 ], [ 11.495814, 3.871775 ], [ 11.495473, 3.87168 ], [ 11.495323, 3.871638 ], [ 11.495226, 3.871615 ], [ 11.495165, 3.871595 ], [ 11.494799, 3.871556 ], [ 11.494556, 3.871621 ], [ 11.494368, 3.871672 ], [ 11.494064, 3.871758 ], [ 11.493785, 3.871855 ], [ 11.493497, 3.871947 ], [ 11.493316, 3.871986 ], [ 11.493163, 3.872002 ], [ 11.492999, 3.87201 ], [ 11.492552, 3.871988 ], [ 11.492266, 3.871948 ], [ 11.492128, 3.871923 ], [ 11.491038, 3.871735 ] ] } },
{ "type": "Feature", "properties": { "nom": "Rue 2.397", "classe": "secondary" }, "geometry": { "type": "LineString", "coordinates": [ [ 11.492026, 3.887127 ], [ 11.49201, 3.886907 ], [ 11.492002, 3.886649 ], [ 11.492003, 3.8864 ], [ 11.492052, 3.885922 ], [ 11.492072, 3.885731 ], [ 11.492075, 3.885033 ], [ 11.492014, 3.884484 ], [ 11.491985, 3.884095 ], [ 11.491972, 3.88391 ], [ 11.491973, 3.883703 ], [ 11.491989, 3.883465 ], [ 11.492023, 3.88323 ], [ 11.492091, 3.882883 ], [ 11.492102, 3.882826 ] ] } },
{ "type": "Feature", "properties": { "nom": "Carrefour Trois Statues", "classe": "primary" }, "geometry": { "type": "LineString", "coordinates": [ [ 11.513746, 3.844702 ], [ 11.513749, 3.84473 ], [ 11.513744, 3.844758 ], [ 11.513725, 3.84478 ], [ 11.513701, 3.844794 ], [ 11.513678, 3.844798 ], [ 11.513654, 3.844795 ], [ 11.513634, 3.844785 ], [ 11.513618, 3.844769 ], [ 11.513607, 3.844749 ], [ 11.513603, 3.844725 ], [ 11.513608, 3.8447 ], [ 11.513621, 3.844678 ], [ 11.51364, 3.844662 ], [ 11.51366, 3.844654 ], [ 11.513682, 3.844653 ], [ 11.51371, 3.84466 ], [ 11.513732, 3.844678 ], [ 11.513746, 3.844702 ] ] } },
{ "type": "Feature", "properties": { "nom": "Rue Albert Ateba Ebé", "classe": "trunk" }, "geometry": { "type": "LineString", "coordinates": [ [ 11.517881, 3.882969 ], [ 11.517864, 3.882957 ], [ 11.517511, 3.882668 ], [ 11.517382, 3.88254 ], [ 11.517128, 3.882292 ], [ 11.516962, 3.882104 ], [ 11.516785, 3.881866 ], [ 11.516655, 3.881667 ] ] } },
{ "type": "Feature", "properties": { "nom": "Rue 1.070", "classe": "secondary" }, "geometry": { "type": "LineString", "coordinates": [ [ 11.519374, 3.883816 ], [ 11.519528, 3.883761 ], [ 11.519622, 3.883734 ], [ 11.519728, 3.883682 ], [ 11.519897, 3.883568 ], [ 11.520303, 3.883381 ], [ 11.520524, 3.883299 ], [ 11.520719, 3.883265 ], [ 11.520921, 3.883253 ], [ 11.520982, 3.883256 ], [ 11.521043, 3.883295 ] ] } },
{ "type": "Feature", "properties": { "nom": "Avenue Konrad Adenauer", "classe": "trunk" }, "geometry": { "type": "LineString", "coordinates": [ [ 11.514796, 3.871998 ], [ 11.51489, 3.873387 ], [ 11.514907, 3.87359 ], [ 11.514933, 3.873892 ], [ 11.515012, 3.874788 ], [ 11.515018, 3.874818 ], [ 11.515043, 3.874957 ], [ 11.515076, 3.875113 ], [ 11.515118, 3.875327 ] ] } },
{ "type": "Feature", "properties": { "nom": "Rue de Djoungolo", "classe": "tertiary" }, "geometry": { "type": "LineString", "coordinates": [ [ 11.516792, 3.880715 ], [ 11.516816, 3.880672 ], [ 11.516853, 3.880622 ], [ 11.51694, 3.880559 ], [ 11.517494, 3.88034 ], [ 11.518101, 3.880026 ], [ 11.51828, 3.879924 ], [ 11.518426, 3.879847 ], [ 11.518571, 3.879761 ], [ 11.518686, 3.879683 ], [ 11.518781, 3.879611 ], [ 11.518905, 3.879499 ], [ 11.519018, 3.879379 ], [ 11.519115, 3.879256 ], [ 11.519209, 3.879125 ], [ 11.519394, 3.87887 ], [ 11.519539, 3.878625 ], [ 11.519619, 3.878424 ], [ 11.519751, 3.878079 ], [ 11.519909, 3.87774 ], [ 11.520046, 3.877479 ], [ 11.520222, 3.877224 ], [ 11.520549, 3.876783 ], [ 11.521156, 3.875974 ], [ 11.52182, 3.875209 ], [ 11.521854, 3.875203 ], [ 11.521987, 3.875023 ], [ 11.522111, 3.874883 ], [ 11.522191, 3.874751 ], [ 11.522216, 3.874697 ], [ 11.522232, 3.874634 ], [ 11.522284, 3.874379 ], [ 11.522318, 3.874197 ], [ 11.522381, 3.873895 ], [ 11.522435, 3.873766 ], [ 11.522511, 3.873647 ], [ 11.522567, 3.873572 ], [ 11.522667, 3.873476 ], [ 11.522784, 3.873396 ], [ 11.522922, 3.873331 ], [ 11.523002, 3.873301 ], [ 11.523097, 3.873274 ], [ 11.523259, 3.873246 ], [ 11.523441, 3.873234 ], [ 11.523689, 3.87322 ], [ 11.523928, 3.873211 ], [ 11.524093, 3.873207 ] ] } },
{ "type": "Feature", "properties": { "nom": "Rue Onambélé Nkou", "classe": "secondary" }, "geometry": { "type": "LineString", "coordinates": [ [ 11.517207, 3.881231 ], [ 11.517292, 3.881282 ], [ 11.517547, 3.881441 ], [ 11.517959, 3.881704 ], [ 11.517998, 3.881727 ], [ 11.518338, 3.881912 ], [ 11.518755, 3.882143 ], [ 11.5192, 3.88239 ], [ 11.519652, 3.882658 ], [ 11.520204, 3.883021 ], [ 11.520309, 3.883084 ], [ 11.520363, 3.883115 ], [ 11.520379, 3.883128 ], [ 11.520465, 3.883201 ], [ 11.520501, 3.883256 ], [ 11.520524, 3.883299 ], [ 11.520542, 3.883394 ] ] } },
{ "type": "Feature", "properties": { "nom": "Rue 1.032", "classe": "secondary" }, "geometry": { "type": "LineString", "coordinates": [ [ 11.517864, 3.882957 ], [ 11.517809, 3.88294 ], [ 11.517754, 3.882921 ], [ 11.517686, 3.882881 ], [ 11.517566, 3.882793 ], [ 11.517436, 3.882703 ], [ 11.517341, 3.882647 ], [ 11.517021, 3.882436 ], [ 11.516608, 3.882174 ], [ 11.516511, 3.882111 ], [ 11.516022, 3.881804 ], [ 11.515837, 3.881685 ], [ 11.515264, 3.881323 ], [ 11.51519, 3.881232 ], [ 11.51515, 3.881158 ] ] } },
{ "type": "Feature", "properties": { "nom": "", "classe": "secondary" }, "geometry": { "type": "LineString", "coordinates": [ [ 11.516189, 3.881451 ], [ 11.515955, 3.881411 ], [ 11.515839, 3.881381 ] ] } },
{ "type": "Feature", "properties": { "nom": "", "classe": "secondary" }, "geometry": { "type": "LineString", "coordinates": [ [ 11.513138, 3.866277 ], [ 11.513176, 3.866137 ], [ 11.513228, 3.865971 ] ] } },
{ "type": "Feature", "properties": { "nom": "", "classe": "primary" }, "geometry": { "type": "LineString", "coordinates": [ [ 11.513134, 3.866601 ], [ 11.513041, 3.866696 ], [ 11.512918, 3.866831 ] ] } },
{ "type": "Feature", "properties": { "nom": "Rue Joseph Omgba Nsi", "classe": "secondary" }, "geometry": { "type": "LineString", "coordinates": [ [ 11.524109, 3.871494 ], [ 11.524843, 3.871744 ], [ 11.525173, 3.871846 ], [ 11.525294, 3.871879 ], [ 11.525568, 3.871962 ], [ 11.525872, 3.872079 ], [ 11.525917, 3.872101 ] ] } },
{ "type": "Feature", "properties": { "nom": "Rue Joseph Omgba Nsi", "classe": "secondary" }, "geometry": { "type": "LineString", "coordinates": [ [ 11.526927, 3.873115 ], [ 11.527622, 3.873278 ] ] } },
{ "type": "Feature", "properties": { "nom": "Rue Mgr. René Graffin", "classe": "secondary" }, "geometry": { "type": "LineString", "coordinates": [ [ 11.525974, 3.867889 ], [ 11.525557, 3.868105 ] ] } },
{ "type": "Feature", "properties": { "nom": "Boulevard du 20 Mai 1972", "classe": "trunk" }, "geometry": { "type": "LineString", "coordinates": [ [ 11.520289, 3.861651 ], [ 11.520077, 3.861844 ], [ 11.519933, 3.861971 ], [ 11.518984, 3.862846 ], [ 11.518937, 3.862888 ], [ 11.517663, 3.864011 ], [ 11.515747, 3.865684 ], [ 11.51571, 3.865751 ], [ 11.515691, 3.865878 ] ] } },
{ "type": "Feature", "properties": { "nom": "Rue Martin Tabi Essomba", "classe": "primary" }, "geometry": { "type": "LineString", "coordinates": [ [ 11.535034, 3.865267 ], [ 11.534812, 3.865242 ], [ 11.533886, 3.865088 ], [ 11.533229, 3.865018 ], [ 11.533071, 3.865023 ], [ 11.532275, 3.865123 ], [ 11.531182, 3.865279 ], [ 11.530985, 3.865285 ], [ 11.530784, 3.865248 ], [ 11.530599, 3.865191 ], [ 11.529969, 3.864868 ], [ 11.529354, 3.864537 ], [ 11.528474, 3.864098 ], [ 11.528354, 3.864038 ] ] } },
{ "type": "Feature", "properties": { "nom": "Rue Martin Tabi Essomba", "classe": "primary" }, "geometry": { "type": "LineString", "coordinates": [ [ 11.526925, 3.863287 ], [ 11.527888, 3.86376 ], [ 11.528243, 3.863933 ] ] } },
{ "type": "Feature", "properties": { "nom": "Boulevard de l' OUA", "classe": "trunk" }, "geometry": { "type": "LineString", "coordinates": [ [ 11.514103, 3.840027 ], [ 11.514111, 3.840061 ], [ 11.514191, 3.840298 ], [ 11.5143, 3.840539 ], [ 11.514578, 3.84107 ], [ 11.514631, 3.841172 ], [ 11.514707, 3.84133 ], [ 11.515241, 3.842306 ], [ 11.515488, 3.842682 ], [ 11.51625, 3.843682 ], [ 11.516826, 3.844391 ], [ 11.516948, 3.844559 ], [ 11.517004, 3.844637 ] ] } },
{ "type": "Feature", "properties": { "nom": "Rue André Amougou", "classe": "primary" }, "geometry": { "type": "LineString", "coordinates": [ [ 11.531789, 3.842643 ], [ 11.531993, 3.842667 ], [ 11.532298, 3.842722 ], [ 11.532472, 3.842756 ], [ 11.532746, 3.842801 ], [ 11.532829, 3.842817 ], [ 11.532889, 3.842829 ], [ 11.533012, 3.842851 ], [ 11.533084, 3.842865 ], [ 11.533214, 3.84289 ], [ 11.533513, 3.842949 ], [ 11.533625, 3.842971 ], [ 11.534007, 3.843044 ], [ 11.534107, 3.843063 ], [ 11.534608, 3.843162 ], [ 11.534868, 3.843202 ], [ 11.535259, 3.843272 ], [ 11.535478, 3.843312 ], [ 11.535769, 3.84337 ], [ 11.535923, 3.843401 ], [ 11.536332, 3.843477 ], [ 11.53653, 3.843514 ] ] } },
{ "type": "Feature", "properties": { "nom": "", "classe": "secondary" }, "geometry": { "type": "LineString", "coordinates": [ [ 11.501536, 3.844397 ], [ 11.501646, 3.844527 ], [ 11.501753, 3.844644 ], [ 11.501831, 3.84473 ], [ 11.501882, 3.844807 ], [ 11.50197, 3.84494 ] ] } },
{ "type": "Feature", "properties": { "nom": "", "classe": "primary" }, "geometry": { "type": "LineString", "coordinates": [ [ 11.501233, 3.844441 ], [ 11.501124, 3.844515 ], [ 11.501093, 3.844541 ], [ 11.501062, 3.844573 ], [ 11.501018, 3.84464 ], [ 11.500969, 3.844721 ] ] } },
{ "type": "Feature", "properties": { "nom": "Rue Abbé Tobie Atangana", "classe": "primary" }, "geometry": { "type": "LineString", "coordinates": [ [ 11.502309, 3.844235 ], [ 11.502134, 3.844282 ], [ 11.501975, 3.844308 ], [ 11.501792, 3.844327 ], [ 11.501563, 3.844342 ] ] } },
{ "type": "Feature", "properties": { "nom": "", "classe": "primary" }, "geometry": { "type": "LineString", "coordinates": [ [ 11.500917, 3.84471 ], [ 11.500964, 3.844635 ], [ 11.501007, 3.844564 ], [ 11.501036, 3.844506 ], [ 11.501118, 3.844329 ] ] } },
{ "type": "Feature", "properties": { "nom": "Rue Abbé Tobie Atangana", "classe": "secondary" }, "geometry": { "type": "LineString", "coordinates": [ [ 11.500957, 3.843846 ], [ 11.501073, 3.843967 ], [ 11.501134, 3.844007 ], [ 11.501233, 3.844051 ] ] } },
{ "type": "Feature", "properties": { "nom": "", "classe": "secondary" }, "geometry": { "type": "LineString", "coordinates": [ [ 11.501108, 3.844252 ], [ 11.501024, 3.844028 ], [ 11.500957, 3.843846 ] ] } },
{ "type": "Feature", "properties": { "nom": "Rue 1.001", "classe": "trunk" }, "geometry": { "type": "LineString", "coordinates": [ [ 11.522081, 3.857972 ], [ 11.522079, 3.858062 ], [ 11.522077, 3.85812 ] ] } },
{ "type": "Feature", "properties": { "nom": "Rue 1.001", "classe": "trunk" }, "geometry": { "type": "LineString", "coordinates": [ [ 11.522077, 3.85812 ], [ 11.522068, 3.858271 ], [ 11.522052, 3.858427 ], [ 11.522032, 3.858585 ], [ 11.521952, 3.858959 ], [ 11.521795, 3.859624 ], [ 11.521631, 3.860285 ] ] } },
{ "type": "Feature", "properties": { "nom": "Rue Martin Tabi Essomba", "classe": "primary" }, "geometry": { "type": "LineString", "coordinates": [ [ 11.535034, 3.865267 ], [ 11.53518, 3.865283 ] ] } },
{ "type": "Feature", "properties": { "nom": "Rue Martin Tabi Essomba", "classe": "primary" }, "geometry": { "type": "LineString", "coordinates": [ [ 11.535357, 3.865302 ], [ 11.535442, 3.865316 ], [ 11.535555, 3.865339 ], [ 11.535666, 3.865366 ], [ 11.535773, 3.865411 ], [ 11.536973, 3.866109 ], [ 11.537137, 3.866193 ], [ 11.537312, 3.866266 ], [ 11.537665, 3.866367 ], [ 11.53775, 3.866413 ], [ 11.538, 3.866454 ], [ 11.538198, 3.8665 ], [ 11.53842, 3.866551 ], [ 11.538648, 3.86662 ], [ 11.538823, 3.86666 ], [ 11.539244, 3.86677 ], [ 11.539363, 3.866797 ], [ 11.539469, 3.86681 ], [ 11.53962, 3.866812 ], [ 11.539659, 3.866806 ], [ 11.539735, 3.866788 ], [ 11.539807, 3.866771 ], [ 11.539893, 3.866746 ], [ 11.539979, 3.866713 ], [ 11.540133, 3.866641 ], [ 11.540235, 3.866593 ], [ 11.540358, 3.866532 ], [ 11.540536, 3.86644 ], [ 11.541576, 3.865905 ], [ 11.541757, 3.865812 ], [ 11.541827, 3.865732 ], [ 11.542002, 3.865645 ], [ 11.542317, 3.865461 ], [ 11.542437, 3.865374 ], [ 11.542622, 3.865242 ], [ 11.542762, 3.865121 ], [ 11.54296, 3.864903 ], [ 11.543098, 3.86475 ], [ 11.54325, 3.864611 ], [ 11.543304, 3.864562 ], [ 11.543492, 3.864406 ], [ 11.543638, 3.864284 ], [ 11.543851, 3.864079 ], [ 11.543949, 3.864021 ], [ 11.543997, 3.864 ], [ 11.544176, 3.863933 ], [ 11.544437, 3.863835 ], [ 11.544759, 3.863735 ], [ 11.544931, 3.863697 ], [ 11.544969, 3.863691 ], [ 11.545036, 3.863677 ], [ 11.545445, 3.863638 ], [ 11.545919, 3.863634 ], [ 11.546212, 3.863675 ], [ 11.546276, 3.863684 ], [ 11.546461, 3.863709 ], [ 11.546634, 3.863737 ], [ 11.546976, 3.863767 ], [ 11.547271, 3.86384 ], [ 11.547852, 3.863965 ], [ 11.548346, 3.864124 ], [ 11.548464, 3.864186 ], [ 11.548574, 3.864264 ] ] } },
{ "type": "Feature", "properties": { "nom": "Boulevard Saint Jean Paul II", "classe": "secondary" }, "geometry": { "type": "LineString", "coordinates": [ [ 11.502235, 3.887205 ], [ 11.502023, 3.887198 ], [ 11.50183, 3.887198 ], [ 11.501576, 3.887218 ], [ 11.501551, 3.887222 ], [ 11.501348, 3.887253 ], [ 11.501131, 3.887315 ] ] } },
{ "type": "Feature", "properties": { "nom": "Boulevard Saint Jean Paul II", "classe": "secondary" }, "geometry": { "type": "LineString", "coordinates": [ [ 11.501131, 3.887315 ], [ 11.500993, 3.887381 ], [ 11.500931, 3.887405 ], [ 11.50067, 3.887555 ], [ 11.500328, 3.887791 ], [ 11.50004, 3.888003 ], [ 11.499859, 3.888169 ], [ 11.49971, 3.888328 ], [ 11.49956, 3.888532 ], [ 11.499447, 3.888702 ], [ 11.499316, 3.888961 ], [ 11.499273, 3.889058 ], [ 11.499096, 3.88954 ], [ 11.499029, 3.889768 ], [ 11.498985, 3.88996 ], [ 11.498919, 3.890448 ], [ 11.498877, 3.890674 ], [ 11.498877, 3.890805 ], [ 11.498863, 3.891039 ], [ 11.498871, 3.891342 ], [ 11.498894, 3.891567 ], [ 11.498931, 3.891742 ], [ 11.498987, 3.892036 ], [ 11.499061, 3.892266 ], [ 11.499148, 3.892482 ], [ 11.499255, 3.89272 ], [ 11.499393, 3.892962 ], [ 11.499565, 3.893238 ], [ 11.499757, 3.893492 ], [ 11.499986, 3.893788 ], [ 11.500437, 3.894355 ], [ 11.500702, 3.894693 ], [ 11.500921, 3.894978 ], [ 11.501017, 3.895076 ], [ 11.501066, 3.895119 ], [ 11.501154, 3.895213 ], [ 11.501293, 3.895352 ], [ 11.501435, 3.895494 ], [ 11.501786, 3.895826 ], [ 11.502147, 3.896153 ], [ 11.50239, 3.896371 ], [ 11.502537, 3.896501 ], [ 11.503976, 3.897772 ], [ 11.50431, 3.898077 ], [ 11.504501, 3.898268 ], [ 11.504575, 3.898329 ], [ 11.504665, 3.898396 ], [ 11.504751, 3.898442 ], [ 11.504822, 3.898468 ], [ 11.504932, 3.89849 ] ] } },
{ "type": "Feature", "properties": { "nom": "Boulevard de Sa Sainteté le Pape Jean-Paul II", "classe": "secondary" }, "geometry": { "type": "LineString", "coordinates": [ [ 11.500993, 3.887381 ], [ 11.501071, 3.887189 ], [ 11.501209, 3.887004 ], [ 11.501323, 3.88681 ], [ 11.501415, 3.886596 ], [ 11.501465, 3.88642 ] ] } },
{ "type": "Feature", "properties": { "nom": "", "classe": "secondary" }, "geometry": { "type": "LineString", "coordinates": [ [ 11.501071, 3.887189 ], [ 11.501243, 3.887124 ], [ 11.501704, 3.887081 ], [ 11.501965, 3.887072 ], [ 11.502106, 3.887092 ], [ 11.502237, 3.887124 ], [ 11.502438, 3.887195 ] ] } },
{ "type": "Feature", "properties": { "nom": "Rue 1.064", "classe": "secondary" }, "geometry": { "type": "LineString", "coordinates": [ [ 11.523894, 3.882362 ], [ 11.52402, 3.882382 ], [ 11.524078, 3.882395 ], [ 11.524235, 3.882447 ], [ 11.524389, 3.882511 ], [ 11.524615, 3.882621 ], [ 11.524801, 3.882728 ], [ 11.525012, 3.882865 ], [ 11.525426, 3.883204 ], [ 11.525791, 3.883538 ], [ 11.525988, 3.883715 ], [ 11.526194, 3.883877 ], [ 11.526326, 3.883959 ], [ 11.526489, 3.884035 ], [ 11.526684, 3.884102 ], [ 11.526856, 3.884137 ], [ 11.527133, 3.884142 ], [ 11.527385, 3.884132 ], [ 11.527672, 3.884128 ], [ 11.527908, 3.884125 ], [ 11.528083, 3.884154 ], [ 11.528251, 3.884202 ], [ 11.528552, 3.884346 ], [ 11.528631, 3.884382 ], [ 11.528854, 3.884486 ], [ 11.52899, 3.884564 ], [ 11.529046, 3.884602 ], [ 11.529215, 3.884744 ], [ 11.529535, 3.884982 ], [ 11.529685, 3.885073 ], [ 11.529843, 3.885162 ], [ 11.530018, 3.885254 ], [ 11.530166, 3.885327 ], [ 11.530286, 3.885387 ], [ 11.530331, 3.885409 ], [ 11.530348, 3.885424 ], [ 11.530357, 3.885437 ] ] } },
{ "type": "Feature", "properties": { "nom": "Rue 4.929", "classe": "primary" }, "geometry": { "type": "LineString", "coordinates": [ [ 11.586255, 3.862416 ], [ 11.5857, 3.862453 ], [ 11.585539, 3.862454 ], [ 11.585357, 3.862445 ], [ 11.584952, 3.862405 ], [ 11.584632, 3.862349 ], [ 11.584529, 3.862325 ], [ 11.584214, 3.862225 ], [ 11.584101, 3.862189 ], [ 11.583895, 3.862112 ], [ 11.583727, 3.862055 ], [ 11.583462, 3.861978 ], [ 11.583239, 3.86193 ], [ 11.58299, 3.861915 ], [ 11.5827, 3.861943 ], [ 11.582413, 3.862003 ], [ 11.582322, 3.862025 ], [ 11.582035, 3.862075 ], [ 11.581905, 3.862091 ], [ 11.58171, 3.862089 ], [ 11.58154, 3.862066 ], [ 11.581371, 3.862015 ], [ 11.581264, 3.861973 ], [ 11.581154, 3.861917 ], [ 11.581043, 3.861847 ], [ 11.580818, 3.861632 ], [ 11.58057, 3.86136 ], [ 11.580249, 3.860982 ], [ 11.580023, 3.860721 ], [ 11.579741, 3.860445 ], [ 11.579458, 3.860221 ], [ 11.579264, 3.860111 ], [ 11.579096, 3.860037 ], [ 11.578912, 3.859983 ], [ 11.578749, 3.859953 ], [ 11.578432, 3.859945 ], [ 11.578115, 3.859923 ], [ 11.577984, 3.85989 ], [ 11.577868, 3.859844 ], [ 11.577696, 3.859751 ], [ 11.577452, 3.859583 ], [ 11.576871, 3.859098 ], [ 11.57667, 3.858936 ], [ 11.5765, 3.858793 ], [ 11.576401, 3.858712 ], [ 11.576305, 3.858643 ], [ 11.576173, 3.858566 ], [ 11.576015, 3.8585 ], [ 11.575702, 3.858371 ], [ 11.575509, 3.858303 ], [ 11.575419, 3.858275 ], [ 11.575328, 3.858258 ], [ 11.575232, 3.858249 ], [ 11.575152, 3.858251 ], [ 11.575045, 3.858262 ], [ 11.574936, 3.858291 ] ] } },
{ "type": "Feature", "properties": { "nom": "Rue du Vatican", "classe": "tertiary" }, "geometry": { "type": "LineString", "coordinates": [ [ 11.501932, 3.911404 ], [ 11.501892, 3.911309 ], [ 11.501666, 3.910769 ] ] } },
{ "type": "Feature", "properties": { "nom": "Route du Mont-Fébé", "classe": "tertiary" }, "geometry": { "type": "LineString", "coordinates": [ [ 11.504638, 3.899627 ], [ 11.504619, 3.899652 ], [ 11.50454, 3.899763 ], [ 11.504489, 3.899857 ] ] } },
{ "type": "Feature", "properties": { "nom": "Route du Mont-Fébé", "classe": "tertiary" }, "geometry": { "type": "LineString", "coordinates": [ [ 11.501932, 3.911404 ], [ 11.502035, 3.912253 ], [ 11.502164, 3.91352 ], [ 11.502166, 3.913597 ], [ 11.502162, 3.913657 ], [ 11.502153, 3.913712 ], [ 11.502124, 3.913787 ], [ 11.502077, 3.913874 ], [ 11.502029, 3.913944 ], [ 11.501906, 3.914101 ], [ 11.501727, 3.914286 ], [ 11.501557, 3.914438 ], [ 11.501408, 3.914537 ], [ 11.501229, 3.91463 ], [ 11.50116, 3.914659 ], [ 11.501022, 3.914702 ], [ 11.500927, 3.914717 ], [ 11.500844, 3.914727 ], [ 11.500742, 3.91473 ], [ 11.50068, 3.914729 ] ] } },
{ "type": "Feature", "properties": { "nom": "", "classe": "tertiary" }, "geometry": { "type": "LineString", "coordinates": [ [ 11.50169, 3.910445 ], [ 11.501756, 3.910257 ], [ 11.501788, 3.910202 ], [ 11.501916, 3.909979 ] ] } },
{ "type": "Feature", "properties": { "nom": "", "classe": "tertiary" }, "geometry": { "type": "LineString", "coordinates": [ [ 11.505017, 3.899387 ], [ 11.50494, 3.899431 ], [ 11.504819, 3.899498 ], [ 11.504638, 3.899627 ] ] } },
{ "type": "Feature", "properties": { "nom": "Route du Mont-Fébé", "classe": "tertiary" }, "geometry": { "type": "LineString", "coordinates": [ [ 11.501916, 3.909979 ], [ 11.50196, 3.909828 ], [ 11.502046, 3.909382 ], [ 11.502146, 3.908652 ], [ 11.5024, 3.907154 ], [ 11.502517, 3.906545 ], [ 11.502659, 3.905815 ], [ 11.502767, 3.905397 ], [ 11.502885, 3.905038 ], [ 11.503053, 3.904662 ], [ 11.50325, 3.904309 ], [ 11.503576, 3.903768 ], [ 11.504279, 3.902616 ], [ 11.504393, 3.902423 ], [ 11.504483, 3.902251 ], [ 11.504567, 3.902002 ], [ 11.504623, 3.901605 ], [ 11.504612, 3.901255 ], [ 11.504427, 3.900247 ], [ 11.504403, 3.900068 ], [ 11.504405, 3.899855 ] ] } },
{ "type": "Feature", "properties": { "nom": "Rue 3.054", "classe": "tertiary" }, "geometry": { "type": "LineString", "coordinates": [ [ 11.509905, 3.862052 ], [ 11.510128, 3.861765 ], [ 11.510215, 3.861601 ], [ 11.51023, 3.861542 ], [ 11.510242, 3.861455 ], [ 11.510239, 3.861409 ], [ 11.510228, 3.861331 ], [ 11.5102, 3.861279 ], [ 11.510173, 3.861241 ], [ 11.510111, 3.861203 ], [ 11.510019, 3.861177 ], [ 11.509125, 3.8613 ], [ 11.508907, 3.861309 ], [ 11.508586, 3.861288 ], [ 11.507676, 3.86113 ], [ 11.507387, 3.861128 ], [ 11.507184, 3.861139 ], [ 11.507125, 3.861145 ], [ 11.506685, 3.861186 ], [ 11.506065, 3.861252 ], [ 11.505472, 3.861315 ], [ 11.505321, 3.861302 ] ] } },
{ "type": "Feature", "properties": { "nom": "Avenue de Biyeme Assi", "classe": "primary" }, "geometry": { "type": "LineString", "coordinates": [ [ 11.48594, 3.837995 ], [ 11.485863, 3.837905 ] ] } },
{ "type": "Feature", "properties": { "nom": "Place Ahmadou Ahidjo", "classe": "trunk" }, "geometry": { "type": "LineString", "coordinates": [ [ 11.520234, 3.861591 ], [ 11.520804, 3.86115 ] ] } },
{ "type": "Feature", "properties": { "nom": "", "classe": "tertiary" }, "geometry": { "type": "LineString", "coordinates": [ [ 11.390096, 3.885749 ], [ 11.390118, 3.886007 ], [ 11.390124, 3.886075 ], [ 11.39011, 3.886584 ], [ 11.390086, 3.887418 ], [ 11.390219, 3.888517 ], [ 11.390301, 3.88919 ], [ 11.390437, 3.890141 ], [ 11.390477, 3.890314 ], [ 11.390751, 3.890662 ], [ 11.391863, 3.891152 ], [ 11.392044, 3.891199 ], [ 11.392258, 3.891237 ], [ 11.39256, 3.89126 ], [ 11.393167, 3.891238 ], [ 11.395116, 3.891165 ], [ 11.395558, 3.891144 ], [ 11.395847, 3.891185 ], [ 11.396121, 3.891256 ], [ 11.396626, 3.891524 ], [ 11.397199, 3.892134 ], [ 11.397248, 3.892369 ], [ 11.396577, 3.893252 ], [ 11.395842, 3.894438 ], [ 11.395756, 3.894633 ], [ 11.39559, 3.895057 ], [ 11.395665, 3.895297 ], [ 11.396256, 3.895865 ], [ 11.397951, 3.896924 ], [ 11.398578, 3.897417 ], [ 11.399442, 3.898407 ], [ 11.39987, 3.898912 ], [ 11.40062, 3.899788 ], [ 11.400735, 3.899889 ], [ 11.400797, 3.899926 ], [ 11.400909, 3.899982 ], [ 11.401086, 3.900017 ], [ 11.401263, 3.900028 ], [ 11.401451, 3.900009 ], [ 11.402185, 3.899967 ], [ 11.403325, 3.899975 ], [ 11.40401, 3.899926 ], [ 11.404083, 3.899906 ], [ 11.404564, 3.899772 ], [ 11.405191, 3.899561 ], [ 11.405373, 3.899457 ], [ 11.405476, 3.899398 ], [ 11.405916, 3.899056 ], [ 11.406251, 3.898803 ], [ 11.406568, 3.898756 ], [ 11.406967, 3.898788 ], [ 11.407374, 3.898967 ], [ 11.408385, 3.899821 ], [ 11.409623, 3.900845 ], [ 11.410951, 3.90169 ], [ 11.411823, 3.902165 ], [ 11.412578, 3.90259 ], [ 11.412908, 3.902771 ], [ 11.413116, 3.902883 ], [ 11.413265, 3.902943 ], [ 11.413322, 3.902966 ], [ 11.413568, 3.903054 ], [ 11.413876, 3.903145 ], [ 11.414129, 3.903188 ], [ 11.414552, 3.903194 ], [ 11.41544, 3.90304 ] ] } },
{ "type": "Feature", "properties": { "nom": "", "classe": "tertiary" }, "geometry": { "type": "LineString", "coordinates": [ [ 11.411426, 3.87817 ], [ 11.411375, 3.878568 ], [ 11.411314, 3.878778 ], [ 11.411227, 3.878925 ], [ 11.41102, 3.879173 ], [ 11.410846, 3.879434 ], [ 11.410821, 3.879718 ], [ 11.410838, 3.880115 ], [ 11.411024, 3.880823 ], [ 11.411047, 3.880911 ], [ 11.411152, 3.88131 ], [ 11.411187, 3.881479 ], [ 11.411477, 3.882867 ], [ 11.411572, 3.883573 ], [ 11.411579, 3.883631 ], [ 11.411573, 3.883724 ], [ 11.411563, 3.883854 ], [ 11.411525, 3.884017 ], [ 11.411449, 3.884346 ], [ 11.41129, 3.884972 ], [ 11.41127, 3.885143 ], [ 11.411331, 3.885342 ], [ 11.411535, 3.885484 ], [ 11.411584, 3.885514 ], [ 11.411901, 3.885708 ], [ 11.412516, 3.885895 ], [ 11.413087, 3.88609 ], [ 11.413221, 3.886175 ], [ 11.413404, 3.886431 ], [ 11.413425, 3.886634 ], [ 11.413384, 3.886789 ], [ 11.413306, 3.886907 ], [ 11.412976, 3.887146 ], [ 11.412752, 3.887374 ], [ 11.412581, 3.887634 ], [ 11.412145, 3.888516 ], [ 11.411461, 3.889646 ], [ 11.411249, 3.889918 ], [ 11.411055, 3.890137 ], [ 11.410767, 3.890372 ], [ 11.410528, 3.890528 ], [ 11.410283, 3.890692 ], [ 11.410133, 3.890793 ], [ 11.409823, 3.891003 ], [ 11.409545, 3.891246 ], [ 11.409351, 3.891414 ], [ 11.408679, 3.891967 ], [ 11.40773, 3.892657 ], [ 11.407363, 3.893035 ], [ 11.407173, 3.893406 ], [ 11.406944, 3.893958 ], [ 11.406695, 3.894538 ], [ 11.40657, 3.894922 ], [ 11.406516, 3.895485 ], [ 11.406412, 3.896447 ], [ 11.406076, 3.89786 ], [ 11.406076, 3.898112 ], [ 11.406161, 3.898437 ], [ 11.406251, 3.898803 ] ] } },
{ "type": "Feature", "properties": { "nom": "", "classe": "tertiary" }, "geometry": { "type": "LineString", "coordinates": [ [ 11.435996, 3.789834 ], [ 11.435917, 3.789994 ], [ 11.43587, 3.790047 ], [ 11.435805, 3.790091 ], [ 11.435727, 3.790127 ], [ 11.435649, 3.790137 ], [ 11.435335, 3.790139 ], [ 11.435329, 3.79038 ], [ 11.435326, 3.790494 ], [ 11.435338, 3.790587 ], [ 11.435393, 3.79081 ], [ 11.435424, 3.791052 ], [ 11.435443, 3.791269 ], [ 11.435456, 3.791808 ], [ 11.435468, 3.791978 ], [ 11.435487, 3.792089 ], [ 11.435539, 3.792245 ], [ 11.435632, 3.79246 ], [ 11.43572, 3.792706 ], [ 11.435764, 3.792895 ], [ 11.435862, 3.793285 ], [ 11.436001, 3.793784 ], [ 11.436056, 3.793921 ], [ 11.436113, 3.794041 ], [ 11.436223, 3.794234 ], [ 11.436416, 3.794541 ], [ 11.436865, 3.795256 ], [ 11.437146, 3.795834 ], [ 11.437219, 3.795946 ], [ 11.437295, 3.796032 ], [ 11.437392, 3.796118 ], [ 11.437536, 3.796231 ], [ 11.437673, 3.796316 ], [ 11.437816, 3.796382 ], [ 11.438007, 3.796465 ], [ 11.438099, 3.796522 ], [ 11.43819, 3.796616 ], [ 11.438382, 3.796866 ], [ 11.438479, 3.797007 ], [ 11.438956, 3.797732 ], [ 11.439062, 3.797909 ], [ 11.439226, 3.798256 ], [ 11.439405, 3.798651 ], [ 11.439426, 3.798778 ], [ 11.439423, 3.798946 ], [ 11.439399, 3.799189 ], [ 11.439389, 3.799413 ], [ 11.439377, 3.799529 ], [ 11.439215, 3.800222 ], [ 11.439125, 3.800598 ], [ 11.439108, 3.800672 ], [ 11.438958, 3.801162 ], [ 11.438841, 3.801282 ], [ 11.438878, 3.801564 ], [ 11.438899, 3.802182 ], [ 11.438932, 3.802494 ], [ 11.438937, 3.80265 ], [ 11.43897, 3.803026 ], [ 11.438983, 3.803361 ], [ 11.438979, 3.803807 ], [ 11.438986, 3.803987 ], [ 11.439007, 3.804243 ], [ 11.439102, 3.804666 ], [ 11.439176, 3.804886 ], [ 11.439275, 3.805126 ], [ 11.439404, 3.80528 ], [ 11.439633, 3.805504 ], [ 11.439737, 3.805584 ], [ 11.439878, 3.805679 ], [ 11.440158, 3.805834 ], [ 11.440339, 3.805924 ], [ 11.440541, 3.806039 ], [ 11.440701, 3.806148 ], [ 11.440835, 3.806248 ], [ 11.440988, 3.806372 ], [ 11.441141, 3.806475 ], [ 11.441295, 3.806553 ], [ 11.441463, 3.806623 ], [ 11.441637, 3.806666 ], [ 11.441966, 3.806751 ], [ 11.442302, 3.806836 ], [ 11.442345, 3.806851 ] ] } },
{ "type": "Feature", "properties": { "nom": "", "classe": "tertiary" }, "geometry": { "type": "LineString", "coordinates": [ [ 11.461608, 3.822747 ], [ 11.461251, 3.822742 ], [ 11.461109, 3.822712 ], [ 11.460937, 3.822665 ], [ 11.460807, 3.822617 ], [ 11.46071, 3.822579 ], [ 11.460603, 3.822536 ], [ 11.460484, 3.822517 ], [ 11.460406, 3.822497 ], [ 11.460209, 3.822422 ], [ 11.45993, 3.822683 ], [ 11.459868, 3.822738 ], [ 11.459599, 3.822924 ], [ 11.459523, 3.822952 ], [ 11.459452, 3.822948 ], [ 11.459337, 3.822913 ], [ 11.459173, 3.822882 ], [ 11.459045, 3.822866 ], [ 11.458762, 3.822872 ], [ 11.458632, 3.822894 ], [ 11.458156, 3.822975 ], [ 11.458024, 3.822991 ], [ 11.457943, 3.823004 ], [ 11.457701, 3.823009 ], [ 11.457249, 3.822964 ], [ 11.457132, 3.822999 ], [ 11.457009, 3.822964 ], [ 11.456909, 3.822975 ], [ 11.456732, 3.822954 ], [ 11.456601, 3.822952 ], [ 11.456305, 3.822933 ], [ 11.456162, 3.822933 ], [ 11.455974, 3.822852 ], [ 11.455925, 3.82279 ], [ 11.455838, 3.822744 ], [ 11.455602, 3.822632 ], [ 11.455389, 3.822439 ], [ 11.455257, 3.822372 ], [ 11.455099, 3.822291 ], [ 11.454898, 3.822211 ], [ 11.454745, 3.82214 ], [ 11.454598, 3.822041 ], [ 11.454497, 3.821962 ], [ 11.454203, 3.821733 ], [ 11.454128, 3.82167 ], [ 11.454013, 3.821541 ], [ 11.45394, 3.821448 ], [ 11.453767, 3.821299 ], [ 11.45371, 3.821206 ], [ 11.45359, 3.821106 ], [ 11.453428, 3.821072 ], [ 11.453359, 3.820918 ], [ 11.453045, 3.820649 ], [ 11.452935, 3.820597 ], [ 11.452772, 3.820569 ], [ 11.452603, 3.820523 ], [ 11.452495, 3.820494 ], [ 11.452391, 3.820468 ], [ 11.452055, 3.820403 ], [ 11.451848, 3.820356 ], [ 11.451716, 3.820314 ], [ 11.451347, 3.820194 ], [ 11.451247, 3.820163 ], [ 11.451175, 3.820151 ], [ 11.450738, 3.820106 ], [ 11.450277, 3.820057 ], [ 11.450046, 3.820033 ], [ 11.449866, 3.820014 ], [ 11.449559, 3.820003 ], [ 11.449385, 3.819962 ], [ 11.44907, 3.819925 ], [ 11.448961, 3.819917 ], [ 11.448855, 3.81992 ], [ 11.448357, 3.819962 ], [ 11.447718, 3.820016 ], [ 11.447514, 3.820025 ], [ 11.447199, 3.820054 ], [ 11.446912, 3.820075 ], [ 11.446826, 3.820082 ], [ 11.446598, 3.820087 ], [ 11.446487, 3.820077 ], [ 11.446386, 3.820068 ], [ 11.446126, 3.82002 ], [ 11.445925, 3.819953 ], [ 11.445713, 3.819806 ], [ 11.445604, 3.819708 ], [ 11.445479, 3.819572 ], [ 11.445447, 3.819538 ], [ 11.445236, 3.819272 ], [ 11.44508, 3.819074 ], [ 11.445015, 3.81896 ], [ 11.444954, 3.818784 ], [ 11.444911, 3.818612 ], [ 11.444898, 3.818516 ], [ 11.444865, 3.818275 ], [ 11.444865, 3.818168 ], [ 11.444893, 3.81808 ], [ 11.445038, 3.817826 ], [ 11.445099, 3.817752 ], [ 11.445646, 3.817366 ], [ 11.445708, 3.817318 ], [ 11.445792, 3.817197 ], [ 11.445973, 3.816825 ], [ 11.446039, 3.816653 ], [ 11.446219, 3.816295 ], [ 11.446243, 3.816248 ], [ 11.446307, 3.816137 ], [ 11.446374, 3.816042 ], [ 11.446495, 3.815912 ], [ 11.446679, 3.815753 ], [ 11.446741, 3.815699 ], [ 11.447268, 3.815215 ], [ 11.447491, 3.81501 ], [ 11.448041, 3.814472 ], [ 11.44839, 3.813635 ], [ 11.44843, 3.813442 ], [ 11.448441, 3.813348 ], [ 11.448475, 3.813254 ], [ 11.448548, 3.813145 ], [ 11.448618, 3.813024 ], [ 11.448697, 3.812847 ], [ 11.448891, 3.812414 ], [ 11.448947, 3.812248 ], [ 11.449055, 3.811871 ], [ 11.449068, 3.811776 ], [ 11.449092, 3.811611 ], [ 11.449119, 3.81152 ], [ 11.449194, 3.811411 ], [ 11.449272, 3.811327 ], [ 11.449818, 3.810966 ], [ 11.449866, 3.810985 ], [ 11.450676, 3.811274 ], [ 11.450967, 3.811378 ], [ 11.451184, 3.811402 ], [ 11.451906, 3.811416 ], [ 11.452496, 3.811451 ], [ 11.452693, 3.811488 ], [ 11.45278, 3.811484 ], [ 11.452862, 3.811459 ], [ 11.453006, 3.811386 ], [ 11.453718, 3.810891 ], [ 11.453806, 3.810814 ], [ 11.454071, 3.810525 ], [ 11.454276, 3.810258 ], [ 11.454375, 3.810179 ], [ 11.454461, 3.810119 ], [ 11.454657, 3.810054 ], [ 11.454883, 3.809982 ], [ 11.455071, 3.809961 ], [ 11.455849, 3.809933 ], [ 11.456015, 3.809922 ], [ 11.456196, 3.809917 ], [ 11.456364, 3.809896 ], [ 11.456661, 3.809853 ], [ 11.45682, 3.809833 ], [ 11.457513, 3.809802 ], [ 11.457627, 3.809782 ], [ 11.457756, 3.809734 ], [ 11.458384, 3.809391 ], [ 11.458996, 3.808999 ], [ 11.459395, 3.808805 ], [ 11.46008, 3.808418 ], [ 11.460494, 3.808222 ], [ 11.460585, 3.80819 ], [ 11.460673, 3.80816 ], [ 11.460851, 3.808117 ], [ 11.461064, 3.808056 ], [ 11.461385, 3.808001 ], [ 11.461534, 3.807981 ], [ 11.461659, 3.807968 ], [ 11.46196, 3.807962 ], [ 11.462385, 3.807959 ], [ 11.462718, 3.807915 ], [ 11.463226, 3.807941 ], [ 11.463954, 3.808063 ], [ 11.464068, 3.80808 ], [ 11.46429, 3.808114 ], [ 11.464591, 3.80821 ] ] } },
{ "type": "Feature", "properties": { "nom": "", "classe": "tertiary" }, "geometry": { "type": "LineString", "coordinates": [ [ 11.513284, 3.891919 ], [ 11.513292, 3.891997 ], [ 11.51329, 3.892061 ], [ 11.513282, 3.89213 ], [ 11.513251, 3.892225 ] ] } },
{ "type": "Feature", "properties": { "nom": "", "classe": "tertiary" }, "geometry": { "type": "LineString", "coordinates": [ [ 11.575246, 3.944605 ], [ 11.57518, 3.944604 ], [ 11.574982, 3.944609 ], [ 11.574307, 3.944712 ], [ 11.573894, 3.944817 ], [ 11.573719, 3.944872 ], [ 11.573476, 3.944973 ], [ 11.573261, 3.945076 ], [ 11.57302, 3.945203 ], [ 11.572814, 3.945333 ], [ 11.572509, 3.945556 ], [ 11.572438, 3.945607 ], [ 11.57207, 3.945871 ], [ 11.571802, 3.946067 ], [ 11.571646, 3.946211 ], [ 11.571511, 3.946335 ], [ 11.571331, 3.946592 ], [ 11.571297, 3.946655 ], [ 11.571213, 3.94681 ], [ 11.571101, 3.947091 ], [ 11.571032, 3.94735 ], [ 11.570997, 3.94768 ], [ 11.570965, 3.947964 ], [ 11.570941, 3.948106 ], [ 11.570822, 3.94854 ], [ 11.570733, 3.948691 ], [ 11.570685, 3.948771 ], [ 11.570552, 3.948964 ], [ 11.570516, 3.949016 ], [ 11.570473, 3.94906 ], [ 11.570229, 3.94931 ], [ 11.570155, 3.949387 ], [ 11.569878, 3.949561 ], [ 11.569777, 3.94961 ], [ 11.569652, 3.94967 ], [ 11.569401, 3.949769 ], [ 11.569224, 3.949839 ], [ 11.569153, 3.94987 ], [ 11.569095, 3.949885 ], [ 11.569037, 3.949904 ], [ 11.568581, 3.950077 ], [ 11.568136, 3.950246 ], [ 11.567987, 3.950319 ], [ 11.567809, 3.95046 ], [ 11.567669, 3.950615 ], [ 11.567621, 3.950693 ], [ 11.567588, 3.95074 ], [ 11.567477, 3.950903 ], [ 11.567233, 3.951218 ], [ 11.566967, 3.951503 ], [ 11.56688, 3.951606 ], [ 11.566562, 3.952018 ], [ 11.566391, 3.952251 ], [ 11.566321, 3.952331 ], [ 11.566196, 3.952692 ], [ 11.566126, 3.952814 ], [ 11.566048, 3.952927 ], [ 11.565916, 3.953089 ], [ 11.565824, 3.953192 ] ] } },
{ "type": "Feature", "properties": { "nom": "Carrefour Messamendongo", "classe": "trunk" }, "geometry": { "type": "LineString", "coordinates": [ [ 11.5224, 3.79925 ], [ 11.522445, 3.799379 ], [ 11.522432, 3.799455 ], [ 11.522412, 3.799484 ], [ 11.52239, 3.799503 ], [ 11.522351, 3.799513 ], [ 11.522334, 3.799512 ], [ 11.522273, 3.799451 ], [ 11.522225, 3.799385 ], [ 11.522198, 3.799323 ], [ 11.522209, 3.79924 ], [ 11.522265, 3.799195 ], [ 11.522322, 3.799191 ], [ 11.522358, 3.799208 ], [ 11.5224, 3.79925 ] ] } },
{ "type": "Feature", "properties": { "nom": "Yaoundé-Mbalmayo", "classe": "trunk" }, "geometry": { "type": "LineString", "coordinates": [ [ 11.522255, 3.798457 ], [ 11.522303, 3.798684 ], [ 11.522348, 3.798942 ], [ 11.5224, 3.79925 ] ] } },
{ "type": "Feature", "properties": { "nom": "Rue 8.250", "classe": "trunk" }, "geometry": { "type": "LineString", "coordinates": [ [ 11.522255, 3.798457 ], [ 11.522266, 3.798112 ], [ 11.52228, 3.797654 ], [ 11.52229, 3.797467 ], [ 11.522305, 3.797151 ], [ 11.522315, 3.796961 ], [ 11.522325, 3.796759 ], [ 11.522334, 3.796617 ], [ 11.522343, 3.796486 ], [ 11.522356, 3.796308 ], [ 11.522369, 3.795971 ], [ 11.522381, 3.795678 ], [ 11.522387, 3.795489 ], [ 11.522394, 3.79523 ], [ 11.522403, 3.795029 ], [ 11.522413, 3.794804 ], [ 11.522417, 3.794656 ], [ 11.522421, 3.794457 ], [ 11.522422, 3.794322 ], [ 11.522444, 3.793839 ], [ 11.522454, 3.793598 ], [ 11.522462, 3.793449 ], [ 11.522471, 3.793294 ], [ 11.522484, 3.792995 ], [ 11.522505, 3.792565 ], [ 11.522533, 3.792237 ], [ 11.522537, 3.792151 ], [ 11.52255, 3.79204 ], [ 11.522578, 3.791912 ], [ 11.5226, 3.791825 ], [ 11.522644, 3.791694 ], [ 11.522704, 3.791524 ], [ 11.522812, 3.791285 ], [ 11.523056, 3.790801 ], [ 11.523305, 3.790306 ], [ 11.52376, 3.789369 ], [ 11.523846, 3.789191 ], [ 11.523926, 3.789027 ], [ 11.523985, 3.78884 ], [ 11.524031, 3.788689 ], [ 11.524104, 3.788393 ], [ 11.524327, 3.787498 ], [ 11.524352, 3.787383 ], [ 11.524407, 3.787167 ], [ 11.524465, 3.78686 ], [ 11.524563, 3.786427 ], [ 11.524661, 3.785925 ], [ 11.524709, 3.785695 ], [ 11.524814, 3.785165 ], [ 11.524908, 3.78474 ], [ 11.525004, 3.784216 ], [ 11.525027, 3.784083 ], [ 11.525194, 3.783265 ], [ 11.525225, 3.783113 ], [ 11.525355, 3.782535 ], [ 11.52538, 3.782422 ], [ 11.525495, 3.782001 ], [ 11.525579, 3.781761 ], [ 11.525725, 3.781419 ], [ 11.525778, 3.781316 ], [ 11.525795, 3.781278 ], [ 11.525877, 3.78109 ], [ 11.525936, 3.780955 ], [ 11.525997, 3.780815 ], [ 11.526192, 3.780396 ], [ 11.526214, 3.78035 ], [ 11.526459, 3.780024 ], [ 11.526621, 3.779874 ], [ 11.526738, 3.779766 ], [ 11.526882, 3.779633 ], [ 11.526948, 3.779589 ], [ 11.527423, 3.77928 ], [ 11.52765, 3.779122 ], [ 11.527817, 3.779021 ], [ 11.528713, 3.778477 ], [ 11.528755, 3.778453 ], [ 11.529025, 3.778278 ], [ 11.529125, 3.778203 ], [ 11.52941, 3.777976 ], [ 11.529937, 3.777457 ], [ 11.530783, 3.776514 ] ] } },
{ "type": "Feature", "properties": { "nom": "", "classe": "tertiary" }, "geometry": { "type": "LineString", "coordinates": [ [ 11.522334, 3.799512 ], [ 11.522299, 3.799637 ], [ 11.522274, 3.799695 ], [ 11.522247, 3.799769 ], [ 11.522204, 3.799881 ] ] } },
{ "type": "Feature", "properties": { "nom": "Rue 1.571", "classe": "secondary" }, "geometry": { "type": "LineString", "coordinates": [ [ 11.53701, 3.908336 ], [ 11.536652, 3.909464 ], [ 11.536437, 3.910351 ], [ 11.536381, 3.910501 ], [ 11.53635, 3.910572 ], [ 11.536307, 3.910656 ], [ 11.536241, 3.910775 ], [ 11.536109, 3.910918 ], [ 11.535781, 3.911274 ], [ 11.53565, 3.911412 ], [ 11.535557, 3.9115 ] ] } },
{ "type": "Feature", "properties": { "nom": "Rue d'Oyom-Abang", "classe": "secondary" }, "geometry": { "type": "LineString", "coordinates": [ [ 11.485735, 3.870824 ], [ 11.485587, 3.870851 ], [ 11.485435, 3.870889 ], [ 11.485208, 3.87096 ], [ 11.485004, 3.871029 ], [ 11.484262, 3.871293 ], [ 11.484077, 3.871346 ], [ 11.483697, 3.871454 ], [ 11.483373, 3.871552 ], [ 11.483111, 3.87163 ], [ 11.482984, 3.871665 ], [ 11.482864, 3.871677 ], [ 11.482688, 3.871683 ], [ 11.481943, 3.871683 ], [ 11.481709, 3.871693 ], [ 11.481533, 3.871717 ], [ 11.481458, 3.871726 ], [ 11.481029, 3.871856 ], [ 11.4809, 3.871909 ], [ 11.48082, 3.871947 ], [ 11.480499, 3.87209 ], [ 11.480163, 3.872307 ], [ 11.479709, 3.872621 ], [ 11.47932, 3.872966 ], [ 11.479176, 3.873086 ], [ 11.478897, 3.87327 ], [ 11.478656, 3.873415 ], [ 11.478381, 3.873551 ], [ 11.478084, 3.873683 ], [ 11.477683, 3.873855 ], [ 11.477446, 3.873957 ], [ 11.47722, 3.874054 ], [ 11.47632, 3.87445 ], [ 11.475355, 3.874894 ], [ 11.475281, 3.874928 ], [ 11.474859, 3.87511 ], [ 11.474647, 3.875204 ], [ 11.474554, 3.875241 ], [ 11.474294, 3.87536 ], [ 11.47394, 3.875528 ], [ 11.47389, 3.875552 ] ] } },
{ "type": "Feature", "properties": { "nom": "Rue 6.321", "classe": "tertiary" }, "geometry": { "type": "LineString", "coordinates": [ [ 11.465309, 3.881923 ], [ 11.465338, 3.881885 ], [ 11.465383, 3.881842 ], [ 11.465494, 3.881784 ], [ 11.465633, 3.881665 ], [ 11.465675, 3.881609 ], [ 11.465724, 3.881522 ], [ 11.465827, 3.881293 ], [ 11.465841, 3.881245 ], [ 11.465827, 3.881211 ], [ 11.465809, 3.881181 ], [ 11.46576, 3.881139 ], [ 11.46562, 3.881021 ], [ 11.465493, 3.880898 ], [ 11.465145, 3.880568 ], [ 11.46472, 3.880141 ], [ 11.464604, 3.880018 ], [ 11.464525, 3.879925 ], [ 11.464317, 3.879767 ], [ 11.464232, 3.879694 ], [ 11.464168, 3.879611 ], [ 11.464107, 3.879511 ], [ 11.463992, 3.879349 ], [ 11.463861, 3.879185 ], [ 11.46375, 3.879045 ], [ 11.463716, 3.878987 ], [ 11.46358, 3.87875 ], [ 11.46351, 3.878644 ], [ 11.463448, 3.878554 ], [ 11.463352, 3.878448 ], [ 11.463159, 3.878222 ], [ 11.462986, 3.878041 ], [ 11.462896, 3.877936 ], [ 11.462839, 3.877869 ], [ 11.462789, 3.877801 ], [ 11.462738, 3.877694 ], [ 11.462686, 3.877568 ], [ 11.462647, 3.877413 ], [ 11.462612, 3.877264 ] ] } },
{ "type": "Feature", "properties": { "nom": "", "classe": "tertiary" }, "geometry": { "type": "LineString", "coordinates": [ [ 11.471151, 3.892228 ], [ 11.47124, 3.892351 ], [ 11.471345, 3.892506 ], [ 11.471524, 3.892775 ], [ 11.471651, 3.89298 ], [ 11.471768, 3.893197 ], [ 11.471839, 3.89333 ], [ 11.472004, 3.893709 ], [ 11.472224, 3.894096 ], [ 11.472442, 3.894499 ], [ 11.472547, 3.894699 ], [ 11.472631, 3.894829 ], [ 11.472719, 3.894969 ], [ 11.473028, 3.894825 ], [ 11.473093, 3.894795 ], [ 11.47333, 3.894674 ], [ 11.473426, 3.894635 ], [ 11.473497, 3.894615 ], [ 11.473534, 3.89463 ], [ 11.473617, 3.894708 ], [ 11.473738, 3.894851 ], [ 11.473885, 3.895059 ], [ 11.474056, 3.895314 ], [ 11.474124, 3.895415 ], [ 11.47419, 3.895498 ], [ 11.474394, 3.895678 ], [ 11.474532, 3.895801 ], [ 11.474626, 3.895859 ], [ 11.47471, 3.895906 ], [ 11.47476, 3.895915 ], [ 11.474821, 3.895915 ], [ 11.474889, 3.895899 ], [ 11.474919, 3.895874 ], [ 11.475024, 3.895688 ], [ 11.475155, 3.895419 ], [ 11.475232, 3.89531 ], [ 11.475311, 3.895205 ], [ 11.475533, 3.894982 ], [ 11.475751, 3.894835 ], [ 11.47585, 3.894778 ] ] } },
{ "type": "Feature", "properties": { "nom": "", "classe": "tertiary" }, "geometry": { "type": "LineString", "coordinates": [ [ 11.474564, 3.87531 ], [ 11.474464, 3.875424 ], [ 11.474218, 3.875662 ], [ 11.474153, 3.875726 ], [ 11.473958, 3.875889 ], [ 11.473908, 3.875929 ] ] } },
{ "type": "Feature", "properties": { "nom": "Rue 6.284", "classe": "tertiary" }, "geometry": { "type": "LineString", "coordinates": [ [ 11.471591, 3.880216 ], [ 11.471564, 3.880226 ], [ 11.471324, 3.880316 ], [ 11.47109, 3.880408 ], [ 11.470998, 3.880444 ], [ 11.470844, 3.880489 ], [ 11.470763, 3.880508 ], [ 11.470517, 3.880546 ], [ 11.470423, 3.880561 ], [ 11.47016, 3.880603 ], [ 11.469695, 3.880711 ], [ 11.469508, 3.880781 ], [ 11.469239, 3.880898 ], [ 11.468899, 3.88115 ], [ 11.468526, 3.881427 ], [ 11.468434, 3.881513 ], [ 11.468339, 3.881632 ], [ 11.468189, 3.881927 ], [ 11.468105, 3.882085 ], [ 11.46805, 3.882203 ], [ 11.467924, 3.882476 ], [ 11.467788, 3.882688 ], [ 11.467621, 3.88287 ], [ 11.467454, 3.88298 ], [ 11.467305, 3.883006 ], [ 11.467066, 3.883063 ], [ 11.466865, 3.883131 ], [ 11.466826, 3.883146 ], [ 11.466734, 3.883189 ], [ 11.46658, 3.883271 ], [ 11.466244, 3.88347 ], [ 11.465952, 3.883643 ], [ 11.465736, 3.88382 ], [ 11.465567, 3.883939 ], [ 11.465287, 3.884185 ], [ 11.465112, 3.884313 ], [ 11.465021, 3.884387 ], [ 11.464817, 3.884546 ], [ 11.464524, 3.884766 ], [ 11.464403, 3.884851 ], [ 11.464076, 3.885077 ], [ 11.463804, 3.885274 ], [ 11.463633, 3.885381 ], [ 11.463411, 3.885492 ], [ 11.463346, 3.885522 ], [ 11.462942, 3.885676 ], [ 11.462802, 3.885721 ], [ 11.462685, 3.885764 ], [ 11.462512, 3.885812 ], [ 11.462316, 3.885865 ], [ 11.462173, 3.885911 ], [ 11.461995, 3.885965 ], [ 11.461799, 3.886018 ], [ 11.461595, 3.886075 ], [ 11.461236, 3.886203 ], [ 11.461185, 3.886217 ], [ 11.460926, 3.886325 ], [ 11.460722, 3.886366 ], [ 11.460596, 3.886411 ], [ 11.460181, 3.886542 ], [ 11.459872, 3.886631 ], [ 11.45962, 3.88671 ], [ 11.459372, 3.886807 ], [ 11.459143, 3.886931 ], [ 11.458917, 3.88707 ], [ 11.458467, 3.887432 ], [ 11.458062, 3.887782 ], [ 11.457999, 3.887825 ], [ 11.457524, 3.888229 ], [ 11.457339, 3.888365 ], [ 11.457123, 3.888521 ], [ 11.456914, 3.888704 ] ] } },
{ "type": "Feature", "properties": { "nom": "Rue 6.288", "classe": "tertiary" }, "geometry": { "type": "LineString", "coordinates": [ [ 11.454629, 3.876606 ], [ 11.45467, 3.87666 ], [ 11.454728, 3.876702 ], [ 11.454783, 3.87673 ], [ 11.455187, 3.876839 ], [ 11.455579, 3.876934 ], [ 11.455656, 3.876969 ], [ 11.455708, 3.877017 ], [ 11.455746, 3.877083 ], [ 11.455769, 3.877257 ], [ 11.455765, 3.877468 ], [ 11.455748, 3.877683 ], [ 11.455745, 3.877799 ], [ 11.455767, 3.877916 ], [ 11.455807, 3.878 ], [ 11.455883, 3.878092 ], [ 11.456012, 3.878229 ], [ 11.456172, 3.878305 ], [ 11.456267, 3.878324 ], [ 11.456845, 3.878296 ], [ 11.456936, 3.87829 ], [ 11.457027, 3.87828 ], [ 11.457147, 3.87827 ], [ 11.457388, 3.878245 ], [ 11.457531, 3.878217 ], [ 11.457684, 3.878176 ], [ 11.457858, 3.878107 ], [ 11.457896, 3.878078 ], [ 11.457928, 3.87805 ], [ 11.457964, 3.877996 ], [ 11.457987, 3.877948 ], [ 11.458008, 3.877851 ], [ 11.45802, 3.877737 ], [ 11.45806, 3.877601 ], [ 11.458079, 3.877536 ], [ 11.458104, 3.877483 ], [ 11.458135, 3.877441 ], [ 11.458262, 3.877338 ], [ 11.458372, 3.877271 ], [ 11.458562, 3.877193 ], [ 11.458723, 3.877142 ], [ 11.458874, 3.877112 ], [ 11.459134, 3.877104 ], [ 11.459273, 3.877112 ], [ 11.45944, 3.877126 ], [ 11.459865, 3.877171 ], [ 11.460143, 3.8772 ], [ 11.460389, 3.877213 ], [ 11.460661, 3.877208 ], [ 11.460788, 3.877208 ], [ 11.460864, 3.877212 ], [ 11.461082, 3.877202 ], [ 11.461444, 3.877224 ], [ 11.461543, 3.877226 ], [ 11.461783, 3.877235 ], [ 11.461953, 3.877227 ], [ 11.462093, 3.87721 ], [ 11.462407, 3.877199 ], [ 11.462518, 3.877205 ], [ 11.462562, 3.877226 ], [ 11.462612, 3.877264 ] ] } },
{ "type": "Feature", "properties": { "nom": "Rue 6.525", "classe": "primary" }, "geometry": { "type": "LineString", "coordinates": [ [ 11.452155, 3.873338 ], [ 11.452178, 3.87323 ], [ 11.452194, 3.873111 ], [ 11.452195, 3.873001 ], [ 11.452174, 3.872894 ], [ 11.452144, 3.872818 ], [ 11.452093, 3.872744 ], [ 11.452, 3.872662 ], [ 11.451898, 3.872608 ], [ 11.451802, 3.872587 ], [ 11.451705, 3.872588 ], [ 11.451593, 3.872607 ], [ 11.451528, 3.872635 ], [ 11.451446, 3.872691 ], [ 11.45139, 3.872742 ], [ 11.451328, 3.872822 ], [ 11.451283, 3.872899 ], [ 11.451251, 3.872984 ], [ 11.451224, 3.87311 ], [ 11.451212, 3.873233 ], [ 11.451364, 3.873366 ], [ 11.451459, 3.87343 ], [ 11.451582, 3.873483 ], [ 11.451689, 3.873536 ], [ 11.451821, 3.873598 ] ] } },
{ "type": "Feature", "properties": { "nom": "", "classe": "primary" }, "geometry": { "type": "LineString", "coordinates": [ [ 11.451176, 3.873943 ], [ 11.45116, 3.873598 ], [ 11.451171, 3.873469 ], [ 11.451184, 3.873367 ], [ 11.451212, 3.873233 ] ] } },
{ "type": "Feature", "properties": { "nom": "Rue 6.545", "classe": "tertiary" }, "geometry": { "type": "LineString", "coordinates": [ [ 11.459831, 3.862087 ], [ 11.459812, 3.862001 ], [ 11.459797, 3.861896 ], [ 11.459773, 3.861756 ], [ 11.459766, 3.861678 ], [ 11.459749, 3.861593 ], [ 11.459707, 3.861428 ], [ 11.459634, 3.861211 ], [ 11.459557, 3.861017 ], [ 11.459494, 3.860847 ], [ 11.459474, 3.860778 ], [ 11.459444, 3.860677 ], [ 11.45943, 3.860602 ], [ 11.459425, 3.860549 ], [ 11.459427, 3.860463 ], [ 11.459432, 3.860367 ], [ 11.459466, 3.860202 ], [ 11.459516, 3.859999 ], [ 11.459562, 3.859805 ], [ 11.459581, 3.859712 ], [ 11.459598, 3.859619 ], [ 11.459628, 3.859363 ], [ 11.459646, 3.859227 ], [ 11.459642, 3.85912 ], [ 11.459642, 3.858956 ], [ 11.459652, 3.85885 ], [ 11.459658, 3.858768 ], [ 11.459671, 3.858716 ], [ 11.459689, 3.858661 ], [ 11.459715, 3.858598 ], [ 11.459733, 3.858533 ], [ 11.459767, 3.858387 ], [ 11.459781, 3.858325 ], [ 11.459791, 3.858259 ], [ 11.459799, 3.858216 ], [ 11.459803, 3.858198 ], [ 11.459807, 3.858177 ], [ 11.459815, 3.858129 ], [ 11.459821, 3.858066 ], [ 11.459819, 3.857978 ], [ 11.459796, 3.85784 ], [ 11.459777, 3.857722 ], [ 11.459764, 3.857644 ], [ 11.459746, 3.85754 ], [ 11.459729, 3.857452 ], [ 11.459715, 3.857313 ], [ 11.459713, 3.857289 ], [ 11.459711, 3.857276 ], [ 11.459709, 3.857251 ], [ 11.459701, 3.857214 ], [ 11.459692, 3.857164 ], [ 11.459687, 3.857068 ], [ 11.4597, 3.856965 ], [ 11.459712, 3.85686 ], [ 11.459722, 3.856783 ], [ 11.459742, 3.856622 ], [ 11.45976, 3.856507 ], [ 11.459767, 3.856391 ], [ 11.459769, 3.85627 ], [ 11.459764, 3.856224 ], [ 11.459745, 3.856177 ], [ 11.459688, 3.856032 ], [ 11.459596, 3.855793 ], [ 11.459543, 3.855668 ], [ 11.459504, 3.855541 ], [ 11.459438, 3.855226 ], [ 11.459373, 3.854834 ], [ 11.459305, 3.854569 ], [ 11.45923, 3.854269 ], [ 11.459214, 3.854165 ], [ 11.459208, 3.854 ], [ 11.459238, 3.853597 ], [ 11.45925, 3.853461 ], [ 11.459298, 3.85321 ], [ 11.459323, 3.852944 ], [ 11.459425, 3.852625 ], [ 11.459524, 3.852425 ], [ 11.459609, 3.852252 ], [ 11.459684, 3.852129 ], [ 11.459812, 3.851949 ], [ 11.459896, 3.851807 ], [ 11.460004, 3.851667 ], [ 11.460088, 3.851586 ], [ 11.460269, 3.851424 ], [ 11.46054, 3.851234 ], [ 11.460594, 3.851205 ], [ 11.460639, 3.851181 ], [ 11.460842, 3.851074 ], [ 11.460994, 3.85103 ], [ 11.461035, 3.851018 ] ] } },
{ "type": "Feature", "properties": { "nom": "Rue 6.449", "classe": "tertiary" }, "geometry": { "type": "LineString", "coordinates": [ [ 11.460992, 3.874585 ], [ 11.460962, 3.874653 ], [ 11.460948, 3.874686 ], [ 11.46086, 3.874841 ], [ 11.460848, 3.874876 ], [ 11.46084, 3.874915 ], [ 11.460829, 3.875017 ], [ 11.460841, 3.875124 ], [ 11.460868, 3.875319 ], [ 11.460878, 3.875411 ], [ 11.460892, 3.875489 ], [ 11.460952, 3.875907 ], [ 11.460983, 3.876206 ], [ 11.461, 3.876386 ], [ 11.461015, 3.876566 ], [ 11.461032, 3.876713 ], [ 11.461054, 3.876896 ], [ 11.461068, 3.877033 ], [ 11.461082, 3.877202 ] ] } },
{ "type": "Feature", "properties": { "nom": "", "classe": "primary" }, "geometry": { "type": "LineString", "coordinates": [ [ 11.444968, 3.918937 ], [ 11.444797, 3.918514 ], [ 11.444551, 3.917987 ], [ 11.444435, 3.917693 ], [ 11.444377, 3.917518 ], [ 11.444346, 3.917356 ], [ 11.444333, 3.917204 ], [ 11.444331, 3.917015 ], [ 11.444371, 3.916735 ], [ 11.444403, 3.916517 ], [ 11.444433, 3.916301 ], [ 11.444533, 3.915736 ], [ 11.444622, 3.915292 ], [ 11.444712, 3.914919 ], [ 11.444903, 3.914279 ], [ 11.444998, 3.914001 ], [ 11.445479, 3.912484 ], [ 11.445548, 3.912265 ], [ 11.445574, 3.912204 ], [ 11.445742, 3.911788 ], [ 11.445856, 3.911503 ], [ 11.446116, 3.91094 ], [ 11.446488, 3.91009 ], [ 11.446695, 3.909618 ], [ 11.447124, 3.90864 ], [ 11.447263, 3.908321 ], [ 11.447373, 3.908016 ], [ 11.447448, 3.907668 ], [ 11.447491, 3.907248 ], [ 11.447502, 3.907052 ], [ 11.447523, 3.906649 ], [ 11.447566, 3.906068 ], [ 11.447595, 3.905753 ], [ 11.447631, 3.905539 ], [ 11.44766, 3.905455 ], [ 11.447714, 3.905351 ], [ 11.447927, 3.904992 ], [ 11.448143, 3.904663 ], [ 11.448657, 3.903911 ], [ 11.44886, 3.903592 ] ] } },
{ "type": "Feature", "properties": { "nom": "Ancienne Route de Douala", "classe": "trunk" }, "geometry": { "type": "LineString", "coordinates": [ [ 11.390336, 3.860776 ], [ 11.390703, 3.860995 ], [ 11.390902, 3.861124 ], [ 11.391076, 3.861212 ], [ 11.391237, 3.861257 ], [ 11.391401, 3.861305 ], [ 11.391519, 3.861316 ], [ 11.39169, 3.861305 ], [ 11.391881, 3.861303 ], [ 11.392227, 3.861236 ], [ 11.392613, 3.861164 ], [ 11.39282, 3.861132 ], [ 11.393592, 3.860984 ], [ 11.393935, 3.860923 ], [ 11.394544, 3.860819 ], [ 11.394725, 3.860781 ], [ 11.394995, 3.860725 ], [ 11.395268, 3.860669 ], [ 11.395969, 3.860543 ], [ 11.396408, 3.860473 ], [ 11.396543, 3.860487 ], [ 11.396784, 3.860484 ], [ 11.396867, 3.860492 ], [ 11.397001, 3.860543 ], [ 11.397355, 3.860519 ], [ 11.39794, 3.860607 ], [ 11.398358, 3.860647 ], [ 11.398846, 3.860717 ], [ 11.399176, 3.86077 ], [ 11.399498, 3.860784 ], [ 11.399831, 3.860819 ], [ 11.400684, 3.860942 ], [ 11.400957, 3.860971 ], [ 11.401065, 3.860986 ], [ 11.401198, 3.861009 ], [ 11.401298, 3.861042 ], [ 11.401428, 3.861104 ], [ 11.401541, 3.861181 ], [ 11.40164, 3.861298 ], [ 11.40173, 3.861415 ], [ 11.401926, 3.86168 ], [ 11.402054, 3.861785 ], [ 11.40237, 3.862129 ], [ 11.402454, 3.86225 ], [ 11.402761, 3.862567 ], [ 11.403039, 3.862878 ], [ 11.403319, 3.863226 ], [ 11.403799, 3.86377 ], [ 11.404248, 3.8643 ], [ 11.404656, 3.864784 ], [ 11.405074, 3.865278 ], [ 11.405665, 3.866053 ], [ 11.406814, 3.867345 ], [ 11.407269, 3.867897 ], [ 11.407666, 3.868342 ], [ 11.407746, 3.868461 ], [ 11.407888, 3.86867 ], [ 11.407943, 3.868742 ], [ 11.408085, 3.868928 ], [ 11.408258, 3.869133 ], [ 11.408407, 3.869309 ], [ 11.408565, 3.869519 ], [ 11.408791, 3.869812 ], [ 11.409001, 3.870092 ], [ 11.409421, 3.870664 ], [ 11.409642, 3.870937 ] ] } },
{ "type": "Feature", "properties": { "nom": "Rue 7.147", "classe": "tertiary" }, "geometry": { "type": "LineString", "coordinates": [ [ 11.464645, 3.846729 ], [ 11.464606, 3.846806 ] ] } },
{ "type": "Feature", "properties": { "nom": "Rue 7.936", "classe": "tertiary" }, "geometry": { "type": "LineString", "coordinates": [ [ 11.463258, 3.822999 ], [ 11.463145, 3.822841 ] ] } },
{ "type": "Feature", "properties": { "nom": "Rue 8.251", "classe": "trunk" }, "geometry": { "type": "LineString", "coordinates": [ [ 11.508263, 3.802165 ], [ 11.508049, 3.802201 ], [ 11.507881, 3.802247 ], [ 11.507716, 3.802321 ], [ 11.507562, 3.802428 ], [ 11.507494, 3.802494 ] ] } },
{ "type": "Feature", "properties": { "nom": "", "classe": "secondary" }, "geometry": { "type": "LineString", "coordinates": [ [ 11.598843, 3.861922 ], [ 11.599059, 3.861887 ], [ 11.599173, 3.861894 ], [ 11.599279, 3.861917 ], [ 11.599486, 3.861979 ], [ 11.599686, 3.862044 ], [ 11.599881, 3.862107 ] ] } },
{ "type": "Feature", "properties": { "nom": "Rue 7.959", "classe": "tertiary" }, "geometry": { "type": "LineString", "coordinates": [ [ 11.48457, 3.802915 ], [ 11.484225, 3.803054 ], [ 11.483512, 3.803368 ], [ 11.483408, 3.803428 ], [ 11.483319, 3.803482 ], [ 11.483125, 3.803615 ], [ 11.482737, 3.803986 ], [ 11.481982, 3.804836 ], [ 11.48184, 3.805084 ], [ 11.481648, 3.805483 ], [ 11.481584, 3.80571 ], [ 11.481558, 3.805899 ], [ 11.481555, 3.806058 ], [ 11.481655, 3.80626 ], [ 11.481793, 3.806566 ], [ 11.481898, 3.806761 ], [ 11.481907, 3.806823 ], [ 11.481903, 3.8069 ], [ 11.481837, 3.807035 ], [ 11.481728, 3.807266 ], [ 11.481672, 3.807456 ], [ 11.48162, 3.807641 ], [ 11.481522, 3.807691 ], [ 11.481378, 3.807725 ], [ 11.481272, 3.807725 ], [ 11.481172, 3.807705 ], [ 11.480895, 3.80762 ], [ 11.480764, 3.807575 ], [ 11.480645, 3.807534 ], [ 11.48049, 3.80746 ], [ 11.479874, 3.807136 ], [ 11.479855, 3.807352 ], [ 11.479871, 3.807529 ], [ 11.479958, 3.807958 ], [ 11.479994, 3.808183 ], [ 11.48001, 3.80831 ], [ 11.480027, 3.808414 ], [ 11.48012, 3.808782 ], [ 11.480182, 3.808975 ], [ 11.480215, 3.809098 ], [ 11.480257, 3.809336 ], [ 11.480268, 3.809453 ], [ 11.480261, 3.809719 ], [ 11.480237, 3.809831 ], [ 11.480165, 3.810086 ], [ 11.479978, 3.810512 ], [ 11.47995, 3.810575 ], [ 11.47982, 3.810826 ], [ 11.4797, 3.811046 ], [ 11.479525, 3.811357 ], [ 11.479417, 3.811529 ], [ 11.478941, 3.811976 ], [ 11.47844, 3.81237 ], [ 11.478135, 3.812614 ], [ 11.477995, 3.812727 ], [ 11.477868, 3.812837 ], [ 11.477699, 3.812951 ], [ 11.477534, 3.813043 ], [ 11.47736, 3.813122 ], [ 11.477182, 3.813202 ], [ 11.476997, 3.813301 ], [ 11.476858, 3.813393 ], [ 11.476727, 3.813496 ], [ 11.47606, 3.814138 ], [ 11.475678, 3.814579 ], [ 11.475515, 3.814765 ] ] } },
{ "type": "Feature", "properties": { "nom": "Rue 7.933", "classe": "tertiary" }, "geometry": { "type": "LineString", "coordinates": [ [ 11.477445, 3.797515 ], [ 11.477476, 3.797694 ], [ 11.477517, 3.797858 ], [ 11.477587, 3.798052 ], [ 11.477711, 3.798313 ], [ 11.477805, 3.798491 ], [ 11.477919, 3.798714 ], [ 11.478026, 3.798924 ], [ 11.478139, 3.799167 ], [ 11.478291, 3.799548 ], [ 11.478312, 3.799663 ], [ 11.478323, 3.799786 ], [ 11.478308, 3.799911 ], [ 11.478284, 3.800016 ], [ 11.478174, 3.800319 ], [ 11.477901, 3.800669 ], [ 11.477691, 3.800948 ], [ 11.477533, 3.801176 ], [ 11.47742, 3.801315 ], [ 11.477337, 3.801404 ], [ 11.477258, 3.801479 ], [ 11.477053, 3.801631 ], [ 11.476706, 3.801865 ], [ 11.476589, 3.802003 ], [ 11.476419, 3.802184 ], [ 11.476279, 3.802306 ], [ 11.476165, 3.802394 ], [ 11.47598, 3.80252 ], [ 11.475506, 3.802813 ], [ 11.475247, 3.802973 ], [ 11.474829, 3.803248 ], [ 11.474207, 3.803662 ], [ 11.474023, 3.803791 ], [ 11.473975, 3.803826 ], [ 11.473647, 3.804064 ], [ 11.473578, 3.804123 ], [ 11.473439, 3.804244 ], [ 11.47312, 3.804558 ], [ 11.473046, 3.80464 ], [ 11.472794, 3.804919 ], [ 11.472493, 3.805262 ], [ 11.472365, 3.805407 ], [ 11.472212, 3.805614 ], [ 11.472043, 3.805901 ], [ 11.471984, 3.806034 ], [ 11.471937, 3.806151 ], [ 11.47189, 3.806289 ], [ 11.47187, 3.80643 ], [ 11.471884, 3.806622 ], [ 11.471908, 3.806845 ], [ 11.472008, 3.807421 ], [ 11.472037, 3.807519 ], [ 11.472085, 3.807672 ], [ 11.472221, 3.808045 ], [ 11.472335, 3.808172 ], [ 11.472437, 3.808301 ], [ 11.472664, 3.808567 ], [ 11.472791, 3.808707 ], [ 11.472924, 3.808847 ], [ 11.472986, 3.808908 ], [ 11.473217, 3.809166 ], [ 11.473315, 3.809296 ], [ 11.473378, 3.809427 ], [ 11.473379, 3.809501 ], [ 11.473351, 3.809629 ], [ 11.473277, 3.809814 ], [ 11.473197, 3.810016 ], [ 11.473156, 3.810094 ], [ 11.473109, 3.810175 ], [ 11.472983, 3.810374 ], [ 11.472728, 3.810753 ], [ 11.472523, 3.811098 ], [ 11.472431, 3.81133 ], [ 11.472348, 3.811581 ], [ 11.472291, 3.811775 ], [ 11.47217, 3.812476 ], [ 11.472506, 3.812802 ], [ 11.47346, 3.813397 ], [ 11.474114, 3.813775 ], [ 11.4746, 3.813995 ], [ 11.474889, 3.814109 ], [ 11.475041, 3.814195 ], [ 11.475168, 3.814299 ], [ 11.475288, 3.814443 ], [ 11.475456, 3.81469 ], [ 11.475515, 3.814765 ] ] } },
{ "type": "Feature", "properties": { "nom": "Rue 7.015", "classe": "secondary" }, "geometry": { "type": "LineString", "coordinates": [ [ 11.486403, 3.859609 ], [ 11.48629, 3.859524 ], [ 11.4861, 3.859416 ], [ 11.4859, 3.859306 ], [ 11.485635, 3.85916 ], [ 11.48544, 3.859058 ], [ 11.485222, 3.858945 ], [ 11.485021, 3.858843 ], [ 11.484739, 3.8587 ], [ 11.48454, 3.858588 ], [ 11.484319, 3.858464 ], [ 11.484066, 3.858335 ], [ 11.483823, 3.858211 ], [ 11.483604, 3.858098 ], [ 11.483334, 3.857958 ], [ 11.483068, 3.857811 ], [ 11.482856, 3.857694 ], [ 11.482539, 3.857516 ], [ 11.481962, 3.857184 ], [ 11.481878, 3.857136 ], [ 11.481724, 3.857029 ], [ 11.481654, 3.856949 ], [ 11.481607, 3.856868 ], [ 11.481477, 3.856578 ], [ 11.48136, 3.856304 ], [ 11.481249, 3.856049 ], [ 11.480908, 3.855201 ], [ 11.480786, 3.854897 ], [ 11.480638, 3.854503 ], [ 11.480567, 3.854312 ], [ 11.480454, 3.854033 ], [ 11.480315, 3.85375 ], [ 11.480265, 3.853656 ], [ 11.480189, 3.853506 ], [ 11.480127, 3.853348 ], [ 11.480102, 3.853282 ], [ 11.480082, 3.853201 ], [ 11.480074, 3.853112 ], [ 11.480068, 3.853032 ], [ 11.480069, 3.852943 ], [ 11.480093, 3.852793 ] ] } },
{ "type": "Feature", "properties": { "nom": "Rue 7.925", "classe": "tertiary" }, "geometry": { "type": "LineString", "coordinates": [ [ 11.472175, 3.821685 ], [ 11.47254, 3.821413 ], [ 11.472836, 3.821184 ], [ 11.472937, 3.8211 ], [ 11.473247, 3.820729 ], [ 11.47355, 3.820236 ], [ 11.47372, 3.819959 ], [ 11.473993, 3.819524 ], [ 11.474131, 3.819304 ], [ 11.474437, 3.818817 ], [ 11.474835, 3.818155 ], [ 11.474896, 3.818031 ], [ 11.474928, 3.817953 ], [ 11.47503, 3.817588 ], [ 11.475069, 3.817389 ], [ 11.475129, 3.81674 ], [ 11.475186, 3.816391 ], [ 11.475236, 3.816184 ], [ 11.475377, 3.815773 ], [ 11.475442, 3.815565 ], [ 11.475477, 3.815452 ], [ 11.475496, 3.81533 ], [ 11.475506, 3.815128 ], [ 11.475515, 3.814765 ] ] } },
{ "type": "Feature", "properties": { "nom": "Rue 7.147", "classe": "tertiary" }, "geometry": { "type": "LineString", "coordinates": [ [ 11.465332, 3.843619 ], [ 11.465388, 3.84419 ], [ 11.465396, 3.844319 ], [ 11.465431, 3.844837 ], [ 11.465464, 3.845282 ], [ 11.465483, 3.845568 ], [ 11.465495, 3.84597 ] ] } },
{ "type": "Feature", "properties": { "nom": "Rue 7.031", "classe": "secondary" }, "geometry": { "type": "LineString", "coordinates": [ [ 11.482417, 3.848645 ], [ 11.482391, 3.848779 ], [ 11.48228, 3.849195 ], [ 11.482235, 3.849303 ], [ 11.482167, 3.849444 ], [ 11.482073, 3.849585 ], [ 11.481974, 3.8497 ], [ 11.481877, 3.849785 ], [ 11.4817, 3.849891 ], [ 11.48155, 3.849969 ], [ 11.481245, 3.850111 ], [ 11.481172, 3.850168 ], [ 11.48113, 3.850295 ], [ 11.481109, 3.850455 ], [ 11.48109, 3.85094 ], [ 11.481078, 3.851413 ], [ 11.48105, 3.852135 ], [ 11.481048, 3.852326 ], [ 11.481009, 3.852482 ], [ 11.480982, 3.852523 ], [ 11.480949, 3.852557 ], [ 11.480918, 3.852576 ], [ 11.480785, 3.852619 ], [ 11.4805, 3.852699 ], [ 11.480385, 3.852734 ], [ 11.480285, 3.852761 ], [ 11.480123, 3.852836 ] ] } },
{ "type": "Feature", "properties": { "nom": "Rue 7.763", "classe": "tertiary" }, "geometry": { "type": "LineString", "coordinates": [ [ 11.464851, 3.84222 ], [ 11.464875, 3.842285 ], [ 11.464946, 3.842456 ], [ 11.465156, 3.843025 ], [ 11.465263, 3.843306 ], [ 11.465332, 3.843508 ], [ 11.465332, 3.843619 ] ] } },
{ "type": "Feature", "properties": { "nom": "Rue 8.439", "classe": "tertiary" }, "geometry": { "type": "LineString", "coordinates": [ [ 11.51334, 3.793904 ], [ 11.513357, 3.793835 ], [ 11.513384, 3.793728 ], [ 11.513411, 3.793635 ], [ 11.513428, 3.793578 ], [ 11.513463, 3.79349 ], [ 11.513511, 3.793409 ], [ 11.513571, 3.79334 ], [ 11.513923, 3.793016 ], [ 11.514123, 3.792791 ], [ 11.514219, 3.792678 ], [ 11.514382, 3.792461 ], [ 11.514433, 3.792379 ], [ 11.514551, 3.792149 ], [ 11.514681, 3.791894 ], [ 11.514776, 3.791707 ], [ 11.514909, 3.791409 ], [ 11.514966, 3.79129 ], [ 11.515012, 3.791168 ], [ 11.515065, 3.791056 ], [ 11.515124, 3.790941 ], [ 11.515299, 3.79067 ], [ 11.515431, 3.79048 ], [ 11.515625, 3.790239 ], [ 11.51576, 3.790069 ], [ 11.515821, 3.789998 ], [ 11.516032, 3.789754 ], [ 11.516134, 3.789623 ], [ 11.516232, 3.789491 ], [ 11.516291, 3.789404 ], [ 11.516344, 3.789316 ], [ 11.516418, 3.789186 ], [ 11.516491, 3.789053 ], [ 11.516603, 3.788868 ], [ 11.516692, 3.788684 ], [ 11.516801, 3.788473 ], [ 11.516883, 3.78832 ], [ 11.516922, 3.788245 ], [ 11.516965, 3.788172 ], [ 11.517003, 3.788114 ], [ 11.51714, 3.787912 ], [ 11.51724, 3.787765 ], [ 11.517389, 3.787531 ], [ 11.517512, 3.787338 ], [ 11.51761, 3.787207 ], [ 11.517682, 3.787115 ], [ 11.517799, 3.786966 ], [ 11.517906, 3.786824 ], [ 11.518031, 3.786709 ], [ 11.518171, 3.7866 ], [ 11.518374, 3.786481 ], [ 11.518552, 3.786397 ], [ 11.518663, 3.786339 ], [ 11.518773, 3.786297 ], [ 11.518967, 3.786246 ], [ 11.51924, 3.786213 ] ] } },
{ "type": "Feature", "properties": { "nom": "", "classe": "tertiary" }, "geometry": { "type": "LineString", "coordinates": [ [ 11.537759, 3.801508 ], [ 11.537605, 3.801515 ], [ 11.537456, 3.801539 ], [ 11.537371, 3.80156 ], [ 11.537116, 3.801588 ], [ 11.536998, 3.801588 ], [ 11.536953, 3.80158 ], [ 11.536919, 3.801573 ], [ 11.536851, 3.801553 ] ] } },
{ "type": "Feature", "properties": { "nom": "", "classe": "tertiary" }, "geometry": { "type": "LineString", "coordinates": [ [ 11.536851, 3.801553 ], [ 11.536647, 3.801458 ], [ 11.536511, 3.801389 ], [ 11.536489, 3.801378 ], [ 11.536339, 3.801304 ], [ 11.536078, 3.801231 ], [ 11.535844, 3.801194 ], [ 11.535662, 3.801175 ], [ 11.535422, 3.801156 ], [ 11.535232, 3.801159 ], [ 11.535106, 3.801171 ], [ 11.534956, 3.801185 ], [ 11.534852, 3.801201 ], [ 11.534753, 3.801228 ], [ 11.534598, 3.801296 ], [ 11.534286, 3.801447 ], [ 11.534225, 3.801469 ], [ 11.533934, 3.801554 ] ] } },
{ "type": "Feature", "properties": { "nom": "", "classe": "tertiary" }, "geometry": { "type": "LineString", "coordinates": [ [ 11.534484, 3.800422 ], [ 11.534364, 3.80073 ], [ 11.534174, 3.8011 ], [ 11.533934, 3.801554 ] ] } },
{ "type": "Feature", "properties": { "nom": "", "classe": "tertiary" }, "geometry": { "type": "LineString", "coordinates": [ [ 11.533934, 3.801554 ], [ 11.533891, 3.80159 ], [ 11.533574, 3.801779 ], [ 11.533324, 3.801882 ], [ 11.532939, 3.802006 ] ] } },
{ "type": "Feature", "properties": { "nom": "", "classe": "tertiary" }, "geometry": { "type": "LineString", "coordinates": [ [ 11.534498, 3.799588 ], [ 11.534526, 3.799864 ], [ 11.534541, 3.800106 ], [ 11.534484, 3.800422 ] ] } },
{ "type": "Feature", "properties": { "nom": "Rue 8.377", "classe": "tertiary" }, "geometry": { "type": "LineString", "coordinates": [ [ 11.5122, 3.802993 ], [ 11.512388, 3.802676 ], [ 11.512593, 3.802299 ], [ 11.512876, 3.801746 ], [ 11.512985, 3.801547 ], [ 11.513187, 3.80118 ], [ 11.513217, 3.801129 ], [ 11.513371, 3.800804 ], [ 11.51345, 3.800638 ], [ 11.513506, 3.800514 ], [ 11.513583, 3.800328 ], [ 11.513679, 3.800113 ], [ 11.513734, 3.79999 ], [ 11.513777, 3.799892 ], [ 11.513847, 3.799733 ], [ 11.513945, 3.799522 ], [ 11.513998, 3.799329 ], [ 11.514045, 3.79911 ], [ 11.514056, 3.799046 ], [ 11.514075, 3.798917 ], [ 11.514101, 3.798754 ], [ 11.514118, 3.798573 ], [ 11.514128, 3.798425 ], [ 11.514128, 3.798211 ], [ 11.514126, 3.797988 ], [ 11.514129, 3.797881 ], [ 11.514157, 3.797731 ], [ 11.514186, 3.797623 ], [ 11.51424, 3.797483 ], [ 11.514306, 3.797339 ], [ 11.514398, 3.797133 ], [ 11.514454, 3.797025 ], [ 11.514567, 3.79677 ], [ 11.514827, 3.796183 ], [ 11.514891, 3.796026 ], [ 11.514986, 3.795816 ], [ 11.515093, 3.795566 ] ] } },
{ "type": "Feature", "properties": { "nom": "", "classe": "tertiary" }, "geometry": { "type": "LineString", "coordinates": [ [ 11.544288, 3.786826 ], [ 11.543712, 3.786909 ], [ 11.543463, 3.786945 ], [ 11.543092, 3.787068 ], [ 11.54288, 3.787229 ], [ 11.542791, 3.787376 ], [ 11.542689, 3.787564 ], [ 11.54255, 3.787906 ], [ 11.542381, 3.788375 ], [ 11.542302, 3.788587 ], [ 11.542119, 3.789083 ], [ 11.542027, 3.78935 ], [ 11.541938, 3.789667 ], [ 11.541628, 3.79076 ], [ 11.541571, 3.79105 ], [ 11.541492, 3.791404 ], [ 11.541368, 3.791587 ], [ 11.541258, 3.791764 ], [ 11.541123, 3.79195 ], [ 11.540988, 3.792109 ], [ 11.540782, 3.792354 ], [ 11.540617, 3.792573 ], [ 11.540472, 3.792763 ], [ 11.540128, 3.793264 ], [ 11.539964, 3.793523 ], [ 11.539861, 3.793731 ], [ 11.539793, 3.793926 ], [ 11.539763, 3.793993 ], [ 11.539577, 3.794389 ], [ 11.539481, 3.794578 ], [ 11.539315, 3.79487 ], [ 11.539182, 3.795113 ], [ 11.539032, 3.795371 ], [ 11.538898, 3.795547 ], [ 11.538728, 3.795793 ], [ 11.538494, 3.796074 ], [ 11.538413, 3.796179 ], [ 11.538166, 3.796427 ], [ 11.538053, 3.796536 ], [ 11.537825, 3.79676 ], [ 11.537743, 3.796835 ], [ 11.537468, 3.797078 ], [ 11.537131, 3.797353 ], [ 11.536973, 3.797452 ] ] } },
{ "type": "Feature", "properties": { "nom": "", "classe": "tertiary" }, "geometry": { "type": "LineString", "coordinates": [ [ 11.532939, 3.802006 ], [ 11.53216, 3.802366 ], [ 11.531781, 3.802538 ], [ 11.531748, 3.802552 ], [ 11.531168, 3.802892 ], [ 11.530854, 3.803107 ], [ 11.530819, 3.803147 ], [ 11.530763, 3.80326 ], [ 11.530723, 3.803299 ], [ 11.53068, 3.803329 ], [ 11.530456, 3.803447 ], [ 11.530401, 3.803469 ] ] } },
{ "type": "Feature", "properties": { "nom": "", "classe": "trunk" }, "geometry": { "type": "LineString", "coordinates": [ [ 11.468772, 3.786046 ], [ 11.468612, 3.785927 ] ] } },
{ "type": "Feature", "properties": { "nom": "", "classe": "trunk" }, "geometry": { "type": "LineString", "coordinates": [ [ 11.468612, 3.785927 ], [ 11.468538, 3.785867 ], [ 11.468359, 3.785735 ], [ 11.467893, 3.785442 ], [ 11.467558, 3.785259 ], [ 11.467439, 3.785199 ], [ 11.46709, 3.785038 ], [ 11.466634, 3.784848 ], [ 11.466438, 3.784778 ], [ 11.46617, 3.784706 ], [ 11.46563, 3.784558 ], [ 11.465414, 3.784509 ], [ 11.465188, 3.784469 ], [ 11.464743, 3.78441 ], [ 11.464396, 3.784378 ], [ 11.464059, 3.78437 ], [ 11.46338, 3.784389 ], [ 11.462773, 3.784426 ], [ 11.462717, 3.784429 ], [ 11.461378, 3.784547 ], [ 11.460999, 3.784582 ], [ 11.460168, 3.784661 ], [ 11.45922, 3.784746 ], [ 11.456877, 3.784955 ], [ 11.456229, 3.785018 ] ] } },
{ "type": "Feature", "properties": { "nom": "", "classe": "trunk" }, "geometry": { "type": "LineString", "coordinates": [ [ 11.519011, 3.923122 ], [ 11.518996, 3.922834 ], [ 11.518987, 3.922212 ], [ 11.518999, 3.921972 ], [ 11.51902, 3.92172 ], [ 11.519046, 3.921539 ], [ 11.519079, 3.921322 ], [ 11.519098, 3.921242 ], [ 11.519203, 3.920786 ], [ 11.519384, 3.920008 ], [ 11.519444, 3.919747 ], [ 11.51948, 3.919591 ], [ 11.519581, 3.919158 ], [ 11.519612, 3.919023 ] ] } },
{ "type": "Feature", "properties": { "nom": "", "classe": "trunk" }, "geometry": { "type": "LineString", "coordinates": [ [ 11.520127, 3.929759 ], [ 11.520186, 3.929192 ], [ 11.520205, 3.928939 ], [ 11.520218, 3.928769 ], [ 11.520242, 3.928325 ], [ 11.520253, 3.928124 ], [ 11.520262, 3.927806 ], [ 11.520252, 3.927539 ], [ 11.520224, 3.927267 ], [ 11.520184, 3.927018 ], [ 11.520107, 3.926798 ], [ 11.520007, 3.926571 ], [ 11.519808, 3.926186 ], [ 11.519789, 3.926148 ], [ 11.519549, 3.925692 ], [ 11.519467, 3.925508 ], [ 11.519413, 3.925387 ], [ 11.519334, 3.925173 ], [ 11.519313, 3.925106 ], [ 11.519268, 3.924963 ], [ 11.519216, 3.924773 ], [ 11.519172, 3.924504 ], [ 11.519106, 3.924023 ], [ 11.519051, 3.923453 ], [ 11.519011, 3.923122 ] ] } },
{ "type": "Feature", "properties": { "nom": "", "classe": "trunk" }, "geometry": { "type": "LineString", "coordinates": [ [ 11.526499, 3.949522 ], [ 11.526415, 3.949315 ], [ 11.526253, 3.948968 ], [ 11.526072, 3.948675 ], [ 11.525899, 3.948449 ], [ 11.525726, 3.948271 ], [ 11.5256, 3.94817 ], [ 11.52548, 3.948087 ], [ 11.525443, 3.948061 ], [ 11.525252, 3.94795 ], [ 11.525045, 3.947827 ], [ 11.522823, 3.946467 ], [ 11.522099, 3.945933 ], [ 11.52176, 3.945664 ], [ 11.52124, 3.94521 ], [ 11.520306, 3.944208 ], [ 11.51955, 3.943328 ] ] } },
{ "type": "Feature", "properties": { "nom": "", "classe": "trunk" }, "geometry": { "type": "LineString", "coordinates": [ [ 11.520053, 3.930755 ], [ 11.520127, 3.929759 ] ] } },
{ "type": "Feature", "properties": { "nom": "", "classe": "trunk" }, "geometry": { "type": "LineString", "coordinates": [ [ 11.516815, 3.937871 ], [ 11.516845, 3.937407 ], [ 11.516886, 3.937174 ], [ 11.51698, 3.93676 ], [ 11.51714, 3.936349 ], [ 11.517286, 3.936053 ], [ 11.517457, 3.935769 ], [ 11.51777, 3.935373 ], [ 11.51807, 3.935065 ], [ 11.518701, 3.934433 ], [ 11.519153, 3.93398 ], [ 11.519392, 3.933669 ], [ 11.519446, 3.933579 ], [ 11.519594, 3.933326 ], [ 11.519685, 3.933135 ], [ 11.519763, 3.932943 ], [ 11.519879, 3.932556 ], [ 11.519925, 3.932283 ], [ 11.519967, 3.931943 ], [ 11.519972, 3.931871 ], [ 11.519987, 3.931663 ] ] } },
{ "type": "Feature", "properties": { "nom": "Rue 5.760", "classe": "secondary" }, "geometry": { "type": "LineString", "coordinates": [ [ 11.522494, 3.916431 ], [ 11.522127, 3.916531 ], [ 11.521985, 3.916565 ], [ 11.521745, 3.916622 ], [ 11.521627, 3.916654 ], [ 11.521377, 3.916722 ], [ 11.521116, 3.916815 ], [ 11.520879, 3.916903 ], [ 11.520699, 3.916996 ], [ 11.520573, 3.917097 ], [ 11.520427, 3.917214 ], [ 11.520314, 3.917316 ], [ 11.520128, 3.917483 ], [ 11.520051, 3.917544 ] ] } },
{ "type": "Feature", "properties": { "nom": "Rue 5.767", "classe": "trunk" }, "geometry": { "type": "LineString", "coordinates": [ [ 11.519612, 3.919023 ], [ 11.51992, 3.917603 ] ] } },
{ "type": "Feature", "properties": { "nom": "", "classe": "trunk" }, "geometry": { "type": "LineString", "coordinates": [ [ 11.535415, 3.958181 ], [ 11.535272, 3.958117 ], [ 11.534969, 3.957884 ], [ 11.534051, 3.957127 ], [ 11.533841, 3.956961 ], [ 11.533409, 3.956579 ], [ 11.533069, 3.956322 ], [ 11.532737, 3.95604 ], [ 11.532572, 3.955905 ], [ 11.531957, 3.955424 ], [ 11.531841, 3.955338 ], [ 11.531427, 3.955001 ], [ 11.531287, 3.954885 ], [ 11.530815, 3.954496 ], [ 11.53067, 3.954378 ], [ 11.529987, 3.953831 ], [ 11.529719, 3.953611 ], [ 11.529261, 3.953223 ], [ 11.528983, 3.952983 ], [ 11.528722, 3.952779 ], [ 11.527949, 3.952174 ], [ 11.52772, 3.951935 ], [ 11.527593, 3.951783 ], [ 11.527466, 3.951622 ], [ 11.527228, 3.951271 ], [ 11.527122, 3.951082 ], [ 11.526998, 3.95077 ], [ 11.526811, 3.950307 ], [ 11.526499, 3.949522 ] ] } },
{ "type": "Feature", "properties": { "nom": "Rue 6.500", "classe": "tertiary" }, "geometry": { "type": "LineString", "coordinates": [ [ 11.458596, 3.864352 ], [ 11.458825, 3.864199 ], [ 11.45909, 3.864067 ], [ 11.459384, 3.864 ], [ 11.460043, 3.863817 ], [ 11.460309, 3.863745 ], [ 11.460353, 3.863711 ] ] } },
{ "type": "Feature", "properties": { "nom": "Rue 6.617", "classe": "tertiary" }, "geometry": { "type": "LineString", "coordinates": [ [ 11.428549, 3.87473 ], [ 11.428578, 3.874482 ], [ 11.428639, 3.873905 ], [ 11.428665, 3.873733 ], [ 11.428666, 3.873586 ], [ 11.428623, 3.873424 ], [ 11.428454, 3.873213 ], [ 11.428322, 3.873099 ], [ 11.427952, 3.872766 ], [ 11.427767, 3.872536 ], [ 11.427713, 3.87246 ], [ 11.427655, 3.872357 ], [ 11.427479, 3.871986 ], [ 11.427405, 3.871819 ], [ 11.427199, 3.871328 ], [ 11.427076, 3.871055 ], [ 11.427065, 3.870957 ], [ 11.427005, 3.870743 ], [ 11.426923, 3.870644 ], [ 11.426881, 3.870523 ], [ 11.426833, 3.870351 ], [ 11.426812, 3.870195 ], [ 11.42681, 3.870031 ], [ 11.426819, 3.869854 ], [ 11.426839, 3.869714 ], [ 11.426872, 3.869546 ], [ 11.426878, 3.869514 ], [ 11.426903, 3.869387 ], [ 11.426921, 3.869254 ], [ 11.426931, 3.869088 ], [ 11.426962, 3.86828 ], [ 11.426978, 3.868094 ], [ 11.426989, 3.867972 ], [ 11.427042, 3.867786 ], [ 11.427079, 3.867693 ], [ 11.427127, 3.867598 ], [ 11.427143, 3.867568 ], [ 11.427192, 3.867499 ], [ 11.42729, 3.867416 ], [ 11.427426, 3.867354 ], [ 11.427734, 3.86725 ], [ 11.428076, 3.867116 ], [ 11.428304, 3.867034 ], [ 11.428414, 3.866991 ], [ 11.428535, 3.866944 ], [ 11.428591, 3.866923 ], [ 11.428826, 3.866843 ], [ 11.429018, 3.866776 ], [ 11.429331, 3.866655 ], [ 11.42942, 3.866623 ], [ 11.429742, 3.866496 ], [ 11.430088, 3.866333 ], [ 11.430663, 3.866092 ], [ 11.430944, 3.865969 ], [ 11.43136, 3.865787 ], [ 11.431452, 3.865746 ], [ 11.431677, 3.865625 ], [ 11.431849, 3.865533 ], [ 11.431951, 3.865492 ], [ 11.43202, 3.865464 ], [ 11.432114, 3.865415 ], [ 11.43216, 3.865389 ], [ 11.432271, 3.86534 ] ] } },
{ "type": "Feature", "properties": { "nom": "Rue 5.767", "classe": "trunk" }, "geometry": { "type": "LineString", "coordinates": [ [ 11.517896, 3.940793 ], [ 11.518148, 3.941322 ], [ 11.518207, 3.941446 ], [ 11.518372, 3.941724 ], [ 11.518487, 3.941896 ], [ 11.5186, 3.942023 ], [ 11.518881, 3.942352 ], [ 11.518956, 3.94244 ], [ 11.519163, 3.942698 ], [ 11.519322, 3.942896 ], [ 11.519694, 3.943359 ], [ 11.519788, 3.943456 ], [ 11.520086, 3.94381 ], [ 11.520418, 3.944203 ], [ 11.520878, 3.944677 ], [ 11.521311, 3.945123 ], [ 11.521842, 3.945577 ], [ 11.522082, 3.945782 ], [ 11.522172, 3.945858 ], [ 11.522326, 3.945965 ], [ 11.522347, 3.945979 ], [ 11.522472, 3.946065 ], [ 11.523478, 3.946713 ], [ 11.524892, 3.947589 ], [ 11.525419, 3.947913 ], [ 11.525495, 3.947966 ], [ 11.525573, 3.948021 ], [ 11.525765, 3.948171 ], [ 11.525987, 3.948386 ], [ 11.526171, 3.948618 ], [ 11.526356, 3.948937 ], [ 11.52647, 3.949187 ], [ 11.526602, 3.94947 ], [ 11.527073, 3.950632 ], [ 11.527198, 3.950943 ], [ 11.527354, 3.951214 ], [ 11.527576, 3.951545 ], [ 11.527688, 3.951703 ], [ 11.52782, 3.951866 ], [ 11.528043, 3.952093 ], [ 11.529033, 3.952902 ], [ 11.529325, 3.953147 ], [ 11.530064, 3.953753 ], [ 11.530853, 3.954413 ], [ 11.531334, 3.954816 ], [ 11.53157, 3.955007 ], [ 11.531896, 3.955275 ], [ 11.53226, 3.955541 ], [ 11.532642, 3.955848 ], [ 11.532907, 3.95607 ], [ 11.532978, 3.956128 ], [ 11.533335, 3.956421 ], [ 11.533407, 3.95648 ], [ 11.534107, 3.957055 ], [ 11.534875, 3.957697 ], [ 11.535339, 3.958063 ], [ 11.535415, 3.958181 ] ] } },
{ "type": "Feature", "properties": { "nom": "", "classe": "secondary" }, "geometry": { "type": "LineString", "coordinates": [ [ 11.536907, 3.886001 ], [ 11.536813, 3.886108 ], [ 11.536753, 3.88617 ], [ 11.536697, 3.886225 ] ] } },
{ "type": "Feature", "properties": { "nom": "", "classe": "tertiary" }, "geometry": { "type": "LineString", "coordinates": [ [ 11.486628, 3.804006 ], [ 11.486736, 3.804046 ] ] } },
{ "type": "Feature", "properties": { "nom": "Rue 6.001", "classe": "tertiary" }, "geometry": { "type": "LineString", "coordinates": [ [ 11.497661, 3.888487 ], [ 11.497343, 3.889804 ], [ 11.497194, 3.890296 ], [ 11.496959, 3.890846 ], [ 11.496751, 3.891244 ], [ 11.496518, 3.89167 ], [ 11.496267, 3.891976 ], [ 11.495846, 3.892487 ], [ 11.495781, 3.892562 ], [ 11.495525, 3.892882 ], [ 11.495244, 3.893255 ], [ 11.494955, 3.893604 ], [ 11.494548, 3.894099 ], [ 11.494162, 3.8944 ], [ 11.49396, 3.894667 ], [ 11.493894, 3.894762 ], [ 11.493847, 3.89483 ], [ 11.493773, 3.894977 ], [ 11.493712, 3.895124 ], [ 11.493692, 3.895197 ], [ 11.493486, 3.895879 ], [ 11.493372, 3.896338 ] ] } },
{ "type": "Feature", "properties": { "nom": "Rue Jean Tsanga Manga", "classe": "tertiary" }, "geometry": { "type": "LineString", "coordinates": [ [ 11.491295, 3.898916 ], [ 11.491417, 3.899137 ], [ 11.491802, 3.899725 ], [ 11.491867, 3.899855 ], [ 11.491933, 3.900018 ], [ 11.492086, 3.900454 ], [ 11.492182, 3.900717 ], [ 11.492306, 3.90098 ], [ 11.492377, 3.901114 ], [ 11.492472, 3.901266 ], [ 11.492546, 3.901382 ], [ 11.492722, 3.901738 ], [ 11.492757, 3.901855 ], [ 11.492775, 3.90197 ], [ 11.492782, 3.902173 ] ] } },
{ "type": "Feature", "properties": { "nom": "", "classe": "tertiary" }, "geometry": { "type": "LineString", "coordinates": [ [ 11.41127, 3.885143 ], [ 11.410926, 3.885398 ], [ 11.410777, 3.885508 ], [ 11.409901, 3.88572 ], [ 11.40965, 3.885781 ], [ 11.409061, 3.886108 ], [ 11.408897, 3.886188 ], [ 11.408399, 3.886431 ], [ 11.40824, 3.886509 ], [ 11.406512, 3.887012 ], [ 11.405981, 3.887381 ], [ 11.405541, 3.887804 ], [ 11.404967, 3.887873 ], [ 11.404425, 3.888403 ], [ 11.402827, 3.889313 ], [ 11.402602, 3.889441 ], [ 11.40243, 3.889539 ], [ 11.401995, 3.890524 ], [ 11.400971, 3.890533 ], [ 11.400918, 3.890528 ], [ 11.400724, 3.890507 ], [ 11.399651, 3.890737 ], [ 11.399289, 3.891152 ], [ 11.398629, 3.891762 ], [ 11.397822, 3.891987 ], [ 11.397248, 3.892369 ] ] } },
{ "type": "Feature", "properties": { "nom": "", "classe": "tertiary" }, "geometry": { "type": "LineString", "coordinates": [ [ 11.395665, 3.895297 ], [ 11.395397, 3.895875 ], [ 11.395327, 3.896678 ], [ 11.395032, 3.898091 ], [ 11.394844, 3.898289 ], [ 11.394533, 3.898224 ], [ 11.394195, 3.898262 ], [ 11.393831, 3.898395 ], [ 11.393246, 3.898272 ], [ 11.392511, 3.898551 ], [ 11.392055, 3.897438 ], [ 11.391669, 3.897154 ], [ 11.391524, 3.896688 ], [ 11.390698, 3.896175 ] ] } },
{ "type": "Feature", "properties": { "nom": "Rue 2.037", "classe": "secondary" }, "geometry": { "type": "LineString", "coordinates": [ [ 11.512323, 3.87934 ], [ 11.511851, 3.878771 ], [ 11.511715, 3.878641 ], [ 11.511564, 3.878545 ], [ 11.511406, 3.878455 ], [ 11.51124, 3.878396 ], [ 11.511007, 3.878339 ], [ 11.510597, 3.878265 ], [ 11.510327, 3.878196 ], [ 11.510126, 3.878135 ] ] } },
{ "type": "Feature", "properties": { "nom": "", "classe": "tertiary" }, "geometry": { "type": "LineString", "coordinates": [ [ 11.391075, 3.731215 ], [ 11.3909, 3.731343 ], [ 11.390699, 3.731501 ], [ 11.390534, 3.731631 ], [ 11.390305, 3.731814 ], [ 11.390196, 3.731893 ], [ 11.390113, 3.731947 ] ] } },
{ "type": "Feature", "properties": { "nom": "", "classe": "secondary" }, "geometry": { "type": "LineString", "coordinates": [ [ 11.57164, 3.698561 ], [ 11.572085, 3.698022 ], [ 11.572503, 3.697616 ], [ 11.57271, 3.697503 ], [ 11.57289, 3.697452 ], [ 11.573362, 3.697372 ], [ 11.573834, 3.69722 ], [ 11.574255, 3.69703 ], [ 11.574944, 3.696743 ], [ 11.575829, 3.696518 ], [ 11.576615, 3.696259 ], [ 11.577112, 3.696189 ], [ 11.577525, 3.696128 ], [ 11.577766, 3.696061 ], [ 11.578233, 3.695889 ], [ 11.579137, 3.695462 ], [ 11.580321, 3.695036 ], [ 11.580706, 3.694858 ], [ 11.581717, 3.694289 ], [ 11.582524, 3.693871 ], [ 11.583334, 3.693588 ], [ 11.583678, 3.693454 ], [ 11.584045, 3.69344 ], [ 11.584276, 3.69347 ], [ 11.584707, 3.693537 ], [ 11.585174, 3.693615 ], [ 11.585458, 3.693663 ], [ 11.586373, 3.693687 ], [ 11.587196, 3.693655 ], [ 11.58809, 3.69351 ], [ 11.588676, 3.693507 ], [ 11.590768, 3.693633 ], [ 11.593073, 3.693381 ], [ 11.593387, 3.693365 ], [ 11.59365, 3.693314 ], [ 11.593846, 3.693205 ], [ 11.594009, 3.693047 ], [ 11.594508, 3.69237 ], [ 11.59501, 3.691912 ], [ 11.595358, 3.691674 ], [ 11.595613, 3.691599 ], [ 11.596067, 3.691548 ], [ 11.59623, 3.69155 ], [ 11.596415, 3.691497 ], [ 11.596574, 3.691425 ], [ 11.596727, 3.69132 ], [ 11.596807, 3.691221 ], [ 11.596938, 3.691323 ], [ 11.597397, 3.691601 ], [ 11.598086, 3.691906 ], [ 11.598456, 3.692046 ], [ 11.599208, 3.692279 ], [ 11.599521, 3.692364 ] ] } },
{ "type": "Feature", "properties": { "nom": "", "classe": "tertiary" }, "geometry": { "type": "LineString", "coordinates": [ [ 11.473615, 3.76197 ], [ 11.473634, 3.761672 ], [ 11.473604, 3.761327 ], [ 11.473532, 3.760853 ], [ 11.473497, 3.760656 ], [ 11.473478, 3.760553 ], [ 11.473417, 3.760297 ], [ 11.473353, 3.760096 ], [ 11.473336, 3.760037 ], [ 11.473213, 3.759783 ], [ 11.473071, 3.759505 ], [ 11.47286, 3.759262 ], [ 11.472637, 3.759005 ], [ 11.472277, 3.758622 ], [ 11.472072, 3.75834 ], [ 11.471937, 3.758163 ], [ 11.471643, 3.757808 ], [ 11.471341, 3.757398 ], [ 11.471227, 3.757274 ], [ 11.471087, 3.757135 ], [ 11.470884, 3.756969 ], [ 11.470755, 3.756877 ], [ 11.470594, 3.756786 ], [ 11.470419, 3.756702 ], [ 11.46971, 3.756411 ], [ 11.469552, 3.756338 ], [ 11.469438, 3.756278 ], [ 11.468961, 3.75602 ], [ 11.468843, 3.755952 ], [ 11.468744, 3.755887 ], [ 11.468501, 3.755742 ], [ 11.467972, 3.755414 ], [ 11.467917, 3.755368 ], [ 11.467871, 3.755323 ], [ 11.467597, 3.755047 ], [ 11.467441, 3.754827 ], [ 11.467362, 3.754701 ], [ 11.467307, 3.754611 ], [ 11.467139, 3.754302 ], [ 11.467039, 3.754112 ], [ 11.466909, 3.753898 ], [ 11.466818, 3.753767 ], [ 11.4667, 3.753603 ], [ 11.466631, 3.75352 ], [ 11.466501, 3.753373 ], [ 11.466362, 3.753221 ], [ 11.466181, 3.753022 ], [ 11.466099, 3.752917 ], [ 11.465208, 3.751785 ], [ 11.464868, 3.751319 ], [ 11.464741, 3.75108 ], [ 11.464617, 3.750848 ], [ 11.46441, 3.750336 ], [ 11.464314, 3.7502 ], [ 11.464207, 3.75003 ], [ 11.464058, 3.749879 ], [ 11.463807, 3.749709 ], [ 11.463396, 3.749491 ] ] } },
{ "type": "Feature", "properties": { "nom": "", "classe": "tertiary" }, "geometry": { "type": "LineString", "coordinates": [ [ 11.596807, 3.691221 ], [ 11.596877, 3.691088 ], [ 11.596928, 3.690975 ], [ 11.597016, 3.690748 ], [ 11.597019, 3.690675 ], [ 11.597054, 3.690577 ], [ 11.597099, 3.690249 ], [ 11.597105, 3.690065 ] ] } },
{ "type": "Feature", "properties": { "nom": "", "classe": "tertiary" }, "geometry": { "type": "LineString", "coordinates": [ [ 11.416066, 3.929523 ], [ 11.415655, 3.929386 ], [ 11.413953, 3.929264 ], [ 11.413208, 3.928991 ], [ 11.413037, 3.928873 ], [ 11.41295, 3.928763 ], [ 11.412847, 3.92863 ], [ 11.41275, 3.928403 ], [ 11.412558, 3.927602 ], [ 11.412464, 3.926869 ], [ 11.4124, 3.925951 ], [ 11.412347, 3.92532 ], [ 11.412357, 3.925043 ], [ 11.41232, 3.92486 ], [ 11.412143, 3.924623 ], [ 11.411876, 3.924378 ], [ 11.411729, 3.92415 ], [ 11.410271, 3.922665 ], [ 11.409562, 3.921808 ], [ 11.409411, 3.921283 ], [ 11.409397, 3.920607 ], [ 11.409326, 3.92027 ], [ 11.409196, 3.91986 ], [ 11.408881, 3.919285 ], [ 11.408802, 3.919045 ], [ 11.408821, 3.918667 ], [ 11.409081, 3.918237 ], [ 11.409174, 3.917755 ], [ 11.409058, 3.916899 ], [ 11.408773, 3.91619 ], [ 11.407877, 3.914641 ], [ 11.407577, 3.914195 ], [ 11.407096, 3.912935 ], [ 11.406522, 3.911798 ], [ 11.406431, 3.911494 ], [ 11.406395, 3.911036 ], [ 11.406338, 3.910878 ] ] } },
{ "type": "Feature", "properties": { "nom": "", "classe": "tertiary" }, "geometry": { "type": "LineString", "coordinates": [ [ 11.444968, 3.918937 ], [ 11.444802, 3.918896 ], [ 11.444759, 3.918883 ], [ 11.444712, 3.918855 ], [ 11.444506, 3.918622 ], [ 11.444439, 3.918544 ], [ 11.444176, 3.918298 ], [ 11.444102, 3.918203 ], [ 11.443955, 3.917997 ], [ 11.443934, 3.917926 ], [ 11.443926, 3.917849 ], [ 11.443945, 3.917709 ], [ 11.443956, 3.917623 ], [ 11.443984, 3.917474 ], [ 11.443987, 3.917386 ], [ 11.443946, 3.917299 ], [ 11.443684, 3.916951 ], [ 11.443331, 3.916477 ], [ 11.443028, 3.916096 ], [ 11.442887, 3.915944 ], [ 11.442769, 3.915843 ], [ 11.442654, 3.915773 ], [ 11.442497, 3.915709 ], [ 11.442351, 3.915653 ], [ 11.442243, 3.915622 ], [ 11.44195, 3.915553 ], [ 11.441828, 3.91553 ], [ 11.441698, 3.915522 ], [ 11.441482, 3.915542 ], [ 11.441351, 3.915567 ], [ 11.441239, 3.91561 ], [ 11.440859, 3.915791 ], [ 11.440453, 3.916017 ], [ 11.440193, 3.916161 ], [ 11.440065, 3.916214 ], [ 11.439939, 3.916242 ], [ 11.439792, 3.916253 ], [ 11.439553, 3.916231 ], [ 11.438935, 3.916116 ], [ 11.438732, 3.916081 ], [ 11.438365, 3.91604 ], [ 11.437795, 3.915961 ], [ 11.437672, 3.915931 ], [ 11.437565, 3.915879 ], [ 11.437437, 3.915777 ], [ 11.43708, 3.91537 ], [ 11.436922, 3.915218 ], [ 11.436726, 3.915074 ], [ 11.436485, 3.914916 ], [ 11.436261, 3.914786 ], [ 11.435938, 3.914613 ], [ 11.435872, 3.914577 ], [ 11.43563, 3.91447 ], [ 11.435404, 3.914389 ], [ 11.433963, 3.914007 ], [ 11.432369, 3.913973 ], [ 11.431681, 3.913726 ], [ 11.430878, 3.913712 ], [ 11.430174, 3.9137 ], [ 11.42986, 3.913595 ], [ 11.429507, 3.913477 ], [ 11.429205, 3.913289 ], [ 11.42909, 3.913195 ], [ 11.428691, 3.912908 ] ] } },
{ "type": "Feature", "properties": { "nom": "", "classe": "tertiary" }, "geometry": { "type": "LineString", "coordinates": [ [ 11.428691, 3.912908 ], [ 11.428572, 3.912949 ], [ 11.428469, 3.913008 ], [ 11.428274, 3.913148 ], [ 11.428151, 3.913243 ], [ 11.427343, 3.913848 ], [ 11.42701, 3.914079 ], [ 11.42696, 3.914114 ], [ 11.426273, 3.914577 ], [ 11.425987, 3.914922 ], [ 11.425756, 3.915352 ], [ 11.425524, 3.916063 ], [ 11.425532, 3.916589 ], [ 11.425692, 3.917325 ], [ 11.425652, 3.918035 ], [ 11.425603, 3.918368 ], [ 11.425469, 3.918563 ], [ 11.425015, 3.919017 ], [ 11.424624, 3.919404 ], [ 11.424533, 3.919494 ], [ 11.424203, 3.919852 ], [ 11.423841, 3.920299 ], [ 11.423476, 3.921137 ], [ 11.423341, 3.921746 ], [ 11.423227, 3.922901 ], [ 11.42325, 3.923547 ], [ 11.423378, 3.92449 ], [ 11.423306, 3.925198 ], [ 11.423237, 3.925515 ], [ 11.422795, 3.926439 ], [ 11.422504, 3.927215 ], [ 11.422274, 3.927556 ], [ 11.422035, 3.927737 ], [ 11.421276, 3.92801 ], [ 11.41962, 3.928267 ], [ 11.419197, 3.928272 ], [ 11.417929, 3.928141 ], [ 11.417076, 3.928236 ], [ 11.416586, 3.928512 ], [ 11.416351, 3.928763 ], [ 11.416188, 3.929067 ], [ 11.416122, 3.92928 ], [ 11.416066, 3.929523 ] ] } },
{ "type": "Feature", "properties": { "nom": "", "classe": "tertiary" }, "geometry": { "type": "LineString", "coordinates": [ [ 11.429206, 3.966984 ], [ 11.429372, 3.966971 ], [ 11.429467, 3.966935 ], [ 11.429566, 3.966852 ], [ 11.42963, 3.966728 ], [ 11.429709, 3.966559 ], [ 11.429839, 3.966126 ], [ 11.429982, 3.965554 ], [ 11.430244, 3.964707 ], [ 11.430367, 3.964053 ], [ 11.430573, 3.963461 ], [ 11.43197, 3.961021 ], [ 11.432252, 3.960633 ], [ 11.43251, 3.9604 ], [ 11.434352, 3.959208 ], [ 11.43489, 3.958678 ], [ 11.435008, 3.95844 ], [ 11.435366, 3.95694 ], [ 11.435231, 3.954799 ], [ 11.434788, 3.952452 ], [ 11.433814, 3.949471 ], [ 11.433717, 3.949037 ], [ 11.433713, 3.948745 ], [ 11.433771, 3.948249 ], [ 11.433827, 3.947766 ], [ 11.433852, 3.94759 ], [ 11.433874, 3.947463 ], [ 11.434046, 3.946698 ], [ 11.434084, 3.946541 ], [ 11.434391, 3.945698 ], [ 11.434423, 3.945641 ], [ 11.434759, 3.944942 ], [ 11.434829, 3.944783 ], [ 11.434891, 3.94461 ] ] } },
{ "type": "Feature", "properties": { "nom": "", "classe": "tertiary" }, "geometry": { "type": "LineString", "coordinates": [ [ 11.416066, 3.929523 ], [ 11.416167, 3.92976 ], [ 11.41622, 3.929966 ], [ 11.416298, 3.930762 ], [ 11.416399, 3.931286 ], [ 11.417098, 3.932588 ], [ 11.417117, 3.932691 ], [ 11.41721, 3.933187 ], [ 11.417198, 3.933583 ], [ 11.416678, 3.934772 ], [ 11.416566, 3.935122 ], [ 11.416456, 3.935543 ], [ 11.41641, 3.936038 ], [ 11.416516, 3.936439 ], [ 11.416619, 3.936642 ], [ 11.417471, 3.937466 ], [ 11.417617, 3.937685 ], [ 11.417686, 3.937979 ], [ 11.41768, 3.938693 ], [ 11.417374, 3.941612 ], [ 11.417109, 3.943519 ], [ 11.417074, 3.944176 ], [ 11.417184, 3.944841 ], [ 11.417344, 3.945382 ], [ 11.417482, 3.945973 ], [ 11.417497, 3.946038 ], [ 11.41773, 3.946897 ], [ 11.418207, 3.949117 ], [ 11.418286, 3.950969 ], [ 11.418381, 3.951205 ], [ 11.418468, 3.95131 ], [ 11.419386, 3.9519 ], [ 11.419708, 3.952216 ], [ 11.420216, 3.953131 ], [ 11.420401, 3.953531 ], [ 11.420477, 3.953805 ], [ 11.42041, 3.954211 ], [ 11.420158, 3.954539 ], [ 11.419813, 3.954986 ], [ 11.419333, 3.955885 ], [ 11.419167, 3.956336 ], [ 11.419126, 3.95672 ], [ 11.41936, 3.958111 ], [ 11.419293, 3.958723 ], [ 11.419344, 3.959128 ], [ 11.419434, 3.959399 ], [ 11.419591, 3.959648 ], [ 11.42016, 3.960233 ], [ 11.420361, 3.960326 ], [ 11.420531, 3.960404 ], [ 11.42142, 3.960586 ], [ 11.421688, 3.960797 ], [ 11.421792, 3.961002 ], [ 11.421853, 3.961375 ], [ 11.421931, 3.962231 ], [ 11.421917, 3.962972 ], [ 11.421953, 3.963454 ], [ 11.422023, 3.963931 ], [ 11.422127, 3.964212 ], [ 11.422781, 3.965289 ], [ 11.424278, 3.967 ], [ 11.424455, 3.967165 ], [ 11.424676, 3.967263 ], [ 11.42481, 3.967284 ], [ 11.42493, 3.967249 ], [ 11.425122, 3.967135 ], [ 11.425566, 3.966723 ], [ 11.425732, 3.966644 ], [ 11.425795, 3.966634 ], [ 11.426009, 3.9666 ], [ 11.426778, 3.966631 ], [ 11.427741, 3.966881 ], [ 11.428608, 3.966881 ], [ 11.429206, 3.966984 ] ] } },
{ "type": "Feature", "properties": { "nom": "Rue 7.936", "classe": "tertiary" }, "geometry": { "type": "LineString", "coordinates": [ [ 11.463145, 3.822841 ], [ 11.463009, 3.822712 ], [ 11.462927, 3.822668 ], [ 11.46282, 3.822655 ], [ 11.462623, 3.822649 ], [ 11.4624, 3.822665 ], [ 11.462041, 3.822744 ], [ 11.461936, 3.822758 ], [ 11.461857, 3.822769 ], [ 11.461608, 3.822747 ] ] } },
{ "type": "Feature", "properties": { "nom": "Rue 5.525", "classe": "tertiary" }, "geometry": { "type": "LineString", "coordinates": [ [ 11.556001, 3.93049 ], [ 11.556046, 3.930291 ], [ 11.556082, 3.929698 ], [ 11.556103, 3.929539 ], [ 11.556124, 3.92944 ], [ 11.556149, 3.92933 ], [ 11.556214, 3.929152 ], [ 11.556277, 3.929012 ], [ 11.556351, 3.928872 ], [ 11.556424, 3.928735 ], [ 11.556505, 3.9286 ], [ 11.556539, 3.928544 ], [ 11.556638, 3.928391 ], [ 11.556691, 3.928317 ], [ 11.556748, 3.928255 ], [ 11.55689, 3.928091 ], [ 11.557001, 3.927958 ], [ 11.557089, 3.927881 ], [ 11.557165, 3.927824 ], [ 11.557246, 3.927778 ], [ 11.557358, 3.927738 ], [ 11.557463, 3.927721 ], [ 11.557544, 3.927712 ], [ 11.557655, 3.927711 ], [ 11.557791, 3.927719 ], [ 11.557931, 3.927727 ], [ 11.558025, 3.927733 ], [ 11.558119, 3.927728 ], [ 11.558202, 3.927718 ], [ 11.558291, 3.927696 ], [ 11.558337, 3.927683 ], [ 11.558393, 3.92766 ], [ 11.558488, 3.927619 ], [ 11.558547, 3.927591 ], [ 11.558625, 3.92755 ], [ 11.558698, 3.927501 ], [ 11.558794, 3.927428 ], [ 11.558896, 3.927347 ], [ 11.558973, 3.927281 ], [ 11.559094, 3.927161 ], [ 11.55915, 3.927107 ], [ 11.559216, 3.927035 ], [ 11.559345, 3.926896 ], [ 11.559596, 3.926621 ], [ 11.559788, 3.92641 ], [ 11.559889, 3.926289 ], [ 11.559951, 3.926192 ], [ 11.560009, 3.926086 ], [ 11.560034, 3.926032 ], [ 11.560063, 3.925934 ], [ 11.560071, 3.925858 ], [ 11.560085, 3.925717 ], [ 11.560083, 3.925562 ], [ 11.560078, 3.925414 ], [ 11.560069, 3.925269 ], [ 11.560066, 3.925173 ], [ 11.560066, 3.925146 ], [ 11.56007, 3.925027 ], [ 11.56009, 3.92492 ], [ 11.560156, 3.924691 ], [ 11.560255, 3.924458 ], [ 11.560301, 3.924367 ], [ 11.560387, 3.924199 ], [ 11.560451, 3.924056 ], [ 11.560496, 3.923956 ], [ 11.560545, 3.923792 ], [ 11.560579, 3.923618 ], [ 11.560595, 3.923447 ], [ 11.560601, 3.923384 ], [ 11.56061, 3.923255 ], [ 11.560619, 3.923104 ], [ 11.560628, 3.922866 ], [ 11.560639, 3.92266 ], [ 11.560652, 3.922482 ], [ 11.560676, 3.922296 ], [ 11.560696, 3.922133 ], [ 11.560714, 3.921974 ], [ 11.560731, 3.921825 ], [ 11.560757, 3.92152 ], [ 11.560779, 3.921295 ], [ 11.560813, 3.921058 ], [ 11.560852, 3.920706 ], [ 11.560869, 3.92044 ], [ 11.560863, 3.920263 ], [ 11.56086, 3.920219 ], [ 11.560844, 3.920032 ], [ 11.560838, 3.919919 ], [ 11.56081, 3.919724 ], [ 11.560791, 3.919578 ], [ 11.560769, 3.919395 ], [ 11.560758, 3.919192 ], [ 11.560762, 3.91904 ], [ 11.560781, 3.918879 ], [ 11.560822, 3.91869 ], [ 11.560885, 3.918517 ], [ 11.560955, 3.918314 ], [ 11.561027, 3.918139 ], [ 11.561084, 3.91796 ], [ 11.561158, 3.917722 ], [ 11.561195, 3.917561 ], [ 11.561217, 3.9174 ], [ 11.561255, 3.917092 ], [ 11.561267, 3.916987 ], [ 11.561282, 3.916849 ], [ 11.561312, 3.916654 ], [ 11.561361, 3.916454 ], [ 11.561428, 3.916226 ], [ 11.561453, 3.916148 ], [ 11.561503, 3.916004 ], [ 11.561611, 3.915751 ], [ 11.561693, 3.915543 ], [ 11.561778, 3.915341 ], [ 11.561808, 3.91524 ], [ 11.561829, 3.915114 ], [ 11.561831, 3.914989 ], [ 11.561777, 3.914142 ], [ 11.561772, 3.913989 ], [ 11.561761, 3.913822 ], [ 11.561714, 3.913614 ], [ 11.561644, 3.91341 ], [ 11.561594, 3.913239 ], [ 11.561557, 3.913096 ], [ 11.561535, 3.912971 ], [ 11.56151, 3.912796 ], [ 11.56149, 3.912601 ], [ 11.561468, 3.912344 ], [ 11.561453, 3.912195 ], [ 11.561432, 3.911953 ], [ 11.561404, 3.911688 ], [ 11.561385, 3.911512 ], [ 11.561355, 3.911319 ], [ 11.561291, 3.911051 ], [ 11.561272, 3.91099 ], [ 11.561238, 3.910877 ], [ 11.561203, 3.910749 ], [ 11.561171, 3.910553 ], [ 11.56116, 3.910396 ], [ 11.561168, 3.910208 ], [ 11.56119, 3.910059 ], [ 11.561235, 3.909886 ], [ 11.561273, 3.90979 ], [ 11.561295, 3.909745 ], [ 11.561376, 3.90956 ], [ 11.561437, 3.909467 ], [ 11.561506, 3.909388 ], [ 11.561614, 3.909269 ], [ 11.561765, 3.90912 ], [ 11.561813, 3.909074 ], [ 11.562126, 3.908786 ], [ 11.562375, 3.908556 ], [ 11.562544, 3.908409 ], [ 11.56278, 3.908204 ], [ 11.562852, 3.90814 ], [ 11.562995, 3.908015 ], [ 11.563197, 3.907846 ], [ 11.563569, 3.907551 ], [ 11.563765, 3.9074 ], [ 11.563855, 3.907298 ], [ 11.563904, 3.907223 ], [ 11.563939, 3.907152 ], [ 11.563968, 3.907072 ], [ 11.564076, 3.906756 ], [ 11.564175, 3.906445 ] ] } },
{ "type": "Feature", "properties": { "nom": "Rue 5.734", "classe": "tertiary" }, "geometry": { "type": "LineString", "coordinates": [ [ 11.549744, 3.932424 ], [ 11.549853, 3.932445 ], [ 11.550473, 3.932672 ], [ 11.55064, 3.932737 ], [ 11.550818, 3.932795 ], [ 11.551098, 3.932876 ], [ 11.551591, 3.933019 ], [ 11.551672, 3.933042 ], [ 11.551828, 3.933088 ], [ 11.552454, 3.933254 ], [ 11.552706, 3.933325 ], [ 11.553124, 3.933413 ], [ 11.553266, 3.933443 ], [ 11.553433, 3.933463 ], [ 11.553615, 3.933475 ], [ 11.553718, 3.933478 ], [ 11.553953, 3.933486 ], [ 11.55465, 3.933517 ], [ 11.555168, 3.933556 ], [ 11.555353, 3.93357 ], [ 11.55545, 3.933575 ], [ 11.555558, 3.933593 ], [ 11.555642, 3.933622 ], [ 11.555713, 3.933646 ], [ 11.555798, 3.933681 ], [ 11.55588, 3.933723 ], [ 11.556135, 3.933856 ], [ 11.556151, 3.933864 ], [ 11.556199, 3.933888 ], [ 11.556275, 3.93392 ], [ 11.556473, 3.933968 ], [ 11.556545, 3.933986 ], [ 11.556673, 3.934007 ], [ 11.557074, 3.934065 ], [ 11.557269, 3.934074 ], [ 11.557473, 3.934051 ], [ 11.557739, 3.933988 ], [ 11.558397, 3.933703 ], [ 11.558553, 3.933632 ], [ 11.558654, 3.933587 ], [ 11.558737, 3.933569 ], [ 11.558804, 3.933567 ], [ 11.558906, 3.933591 ], [ 11.55904, 3.933642 ], [ 11.559197, 3.933736 ], [ 11.559362, 3.933847 ], [ 11.559815, 3.934112 ], [ 11.559985, 3.93423 ], [ 11.560128, 3.934327 ], [ 11.560297, 3.934435 ], [ 11.560648, 3.934657 ], [ 11.560832, 3.934773 ], [ 11.561032, 3.934915 ], [ 11.561329, 3.935124 ], [ 11.561403, 3.93517 ], [ 11.56149, 3.935225 ], [ 11.561694, 3.935313 ], [ 11.561982, 3.935417 ], [ 11.562219, 3.935476 ], [ 11.562361, 3.935512 ], [ 11.562394, 3.935521 ], [ 11.562623, 3.935582 ], [ 11.562688, 3.935609 ], [ 11.562759, 3.93564 ], [ 11.563003, 3.935773 ], [ 11.563132, 3.935859 ], [ 11.563256, 3.935942 ], [ 11.563415, 3.936044 ], [ 11.564047, 3.936343 ], [ 11.564639, 3.936614 ], [ 11.564769, 3.936674 ], [ 11.565708, 3.937104 ], [ 11.565903, 3.937192 ], [ 11.566102, 3.937282 ], [ 11.566314, 3.937403 ], [ 11.56649, 3.937504 ], [ 11.566694, 3.937668 ], [ 11.566747, 3.937727 ], [ 11.566866, 3.937858 ], [ 11.567127, 3.938201 ], [ 11.567258, 3.938347 ], [ 11.567415, 3.938469 ], [ 11.567622, 3.938608 ], [ 11.567927, 3.938743 ], [ 11.568341, 3.938822 ], [ 11.568653, 3.938857 ], [ 11.569033, 3.938889 ], [ 11.56916, 3.938909 ], [ 11.569293, 3.938956 ], [ 11.569519, 3.939058 ], [ 11.569721, 3.939193 ], [ 11.569796, 3.939259 ], [ 11.569846, 3.939319 ], [ 11.570118, 3.939636 ], [ 11.570214, 3.939753 ], [ 11.57023, 3.939773 ], [ 11.570358, 3.939965 ], [ 11.570521, 3.940211 ], [ 11.570828, 3.940671 ], [ 11.570944, 3.940844 ], [ 11.571108, 3.941089 ], [ 11.571232, 3.941275 ], [ 11.571322, 3.941397 ], [ 11.571403, 3.941491 ], [ 11.571885, 3.941975 ] ] } },
{ "type": "Feature", "properties": { "nom": "Rue 5.738", "classe": "tertiary" }, "geometry": { "type": "LineString", "coordinates": [ [ 11.556097, 3.930657 ], [ 11.55619, 3.930792 ], [ 11.556328, 3.931017 ], [ 11.556432, 3.931177 ], [ 11.556579, 3.931364 ], [ 11.556786, 3.931588 ], [ 11.557034, 3.931892 ], [ 11.557163, 3.932081 ], [ 11.557335, 3.932282 ], [ 11.557438, 3.932383 ], [ 11.557546, 3.932467 ], [ 11.557715, 3.9326 ], [ 11.557868, 3.932712 ], [ 11.558201, 3.932977 ], [ 11.558352, 3.933089 ], [ 11.558426, 3.93315 ], [ 11.558495, 3.93323 ], [ 11.558538, 3.933287 ], [ 11.558578, 3.933343 ], [ 11.558607, 3.933439 ], [ 11.558654, 3.933587 ] ] } },
{ "type": "Feature", "properties": { "nom": "Route Engola Robert", "classe": "tertiary" }, "geometry": { "type": "LineString", "coordinates": [ [ 11.576137, 3.945086 ], [ 11.576212, 3.945378 ], [ 11.576272, 3.945696 ], [ 11.576311, 3.945957 ], [ 11.576381, 3.946351 ], [ 11.576436, 3.946613 ], [ 11.576557, 3.947218 ], [ 11.576678, 3.947715 ], [ 11.576704, 3.947812 ], [ 11.576722, 3.947925 ], [ 11.576824, 3.949242 ], [ 11.576826, 3.949787 ], [ 11.576811, 3.95004 ], [ 11.576775, 3.950339 ], [ 11.576702, 3.950663 ], [ 11.576669, 3.950785 ], [ 11.576606, 3.951018 ], [ 11.576541, 3.951334 ], [ 11.576531, 3.951386 ], [ 11.576431, 3.951892 ], [ 11.576436, 3.952042 ], [ 11.576442, 3.952237 ], [ 11.576441, 3.952271 ], [ 11.576438, 3.952407 ], [ 11.576468, 3.952611 ], [ 11.57649, 3.952783 ], [ 11.576515, 3.952977 ], [ 11.576517, 3.952992 ], [ 11.576551, 3.953093 ], [ 11.576645, 3.953224 ], [ 11.576968, 3.953636 ], [ 11.57723, 3.95392 ], [ 11.577531, 3.95428 ], [ 11.57767, 3.95443 ], [ 11.577954, 3.954771 ], [ 11.578205, 3.955069 ], [ 11.578306, 3.955169 ], [ 11.578365, 3.955227 ], [ 11.57854, 3.955382 ], [ 11.578766, 3.95548 ], [ 11.579069, 3.955615 ], [ 11.579323, 3.955696 ], [ 11.579448, 3.955695 ], [ 11.579562, 3.955687 ], [ 11.579767, 3.955656 ], [ 11.580141, 3.955589 ], [ 11.580284, 3.955575 ], [ 11.580655, 3.955605 ], [ 11.580856, 3.955624 ], [ 11.581153, 3.955677 ], [ 11.581345, 3.955743 ], [ 11.581772, 3.955881 ], [ 11.581924, 3.956011 ], [ 11.582087, 3.956225 ], [ 11.582365, 3.956606 ], [ 11.58258, 3.956962 ], [ 11.582763, 3.957263 ], [ 11.582885, 3.957607 ], [ 11.583168, 3.958154 ], [ 11.583201, 3.958219 ], [ 11.583237, 3.958329 ], [ 11.583407, 3.958808 ], [ 11.583464, 3.958913 ], [ 11.583572, 3.959113 ], [ 11.583682, 3.959316 ], [ 11.584015, 3.959598 ], [ 11.584152, 3.959708 ], [ 11.58454, 3.959827 ], [ 11.584823, 3.959882 ], [ 11.584944, 3.959896 ], [ 11.585121, 3.959896 ], [ 11.585372, 3.959818 ], [ 11.585593, 3.959736 ], [ 11.585629, 3.959726 ], [ 11.585729, 3.959662 ], [ 11.585855, 3.95958 ], [ 11.585929, 3.959525 ], [ 11.586366, 3.959202 ], [ 11.58656, 3.959066 ], [ 11.586773, 3.958941 ], [ 11.586873, 3.958884 ], [ 11.586951, 3.958838 ], [ 11.587012, 3.958793 ], [ 11.587154, 3.958631 ], [ 11.587273, 3.958371 ], [ 11.587408, 3.958134 ], [ 11.587467, 3.958042 ], [ 11.587663, 3.957743 ], [ 11.587833, 3.957473 ], [ 11.587943, 3.957313 ], [ 11.588056, 3.957167 ], [ 11.588132, 3.957076 ], [ 11.588258, 3.956976 ], [ 11.588415, 3.956859 ], [ 11.58846, 3.956836 ], [ 11.588536, 3.956797 ], [ 11.588703, 3.956739 ], [ 11.588993, 3.956646 ], [ 11.589035, 3.95664 ], [ 11.589739, 3.956447 ], [ 11.590008, 3.956348 ], [ 11.59011, 3.95631 ], [ 11.590378, 3.956303 ], [ 11.59042, 3.956296 ], [ 11.590493, 3.956286 ] ] } },
{ "type": "Feature", "properties": { "nom": "", "classe": "tertiary" }, "geometry": { "type": "LineString", "coordinates": [ [ 11.581632, 3.939305 ], [ 11.581603, 3.939323 ], [ 11.581396, 3.939455 ], [ 11.581333, 3.93951 ], [ 11.581288, 3.939563 ], [ 11.581183, 3.939702 ], [ 11.581163, 3.939753 ], [ 11.581095, 3.939926 ], [ 11.580997, 3.940114 ], [ 11.580963, 3.940322 ], [ 11.580961, 3.940469 ], [ 11.580953, 3.940591 ], [ 11.580948, 3.940663 ], [ 11.580958, 3.940735 ], [ 11.580925, 3.941104 ], [ 11.580837, 3.94135 ], [ 11.580793, 3.941499 ], [ 11.580653, 3.941862 ], [ 11.580569, 3.942102 ], [ 11.580417, 3.942491 ], [ 11.580256, 3.942741 ], [ 11.58011, 3.942886 ], [ 11.579917, 3.942988 ], [ 11.579778, 3.943042 ], [ 11.579711, 3.943059 ], [ 11.579135, 3.943204 ], [ 11.578888, 3.943288 ], [ 11.57871, 3.943399 ], [ 11.578598, 3.943469 ], [ 11.578442, 3.943572 ], [ 11.578209, 3.943726 ], [ 11.577911, 3.943924 ], [ 11.577824, 3.943976 ], [ 11.577423, 3.944202 ], [ 11.577174, 3.944305 ], [ 11.576926, 3.944406 ], [ 11.576748, 3.944471 ], [ 11.57647, 3.944548 ] ] } },
{ "type": "Feature", "properties": { "nom": "", "classe": "tertiary" }, "geometry": { "type": "LineString", "coordinates": [ [ 11.583482, 3.961328 ], [ 11.583487, 3.961195 ], [ 11.58349, 3.961107 ], [ 11.583492, 3.960993 ], [ 11.583502, 3.960892 ], [ 11.583522, 3.960791 ], [ 11.583527, 3.960777 ], [ 11.58356, 3.960695 ], [ 11.58361, 3.960622 ], [ 11.583679, 3.960538 ], [ 11.583754, 3.960466 ], [ 11.583825, 3.96038 ], [ 11.5839, 3.960278 ], [ 11.583956, 3.960161 ], [ 11.583982, 3.960105 ], [ 11.584022, 3.959997 ], [ 11.584067, 3.95987 ], [ 11.584115, 3.95978 ], [ 11.584152, 3.959708 ] ] } },
{ "type": "Feature", "properties": { "nom": "", "classe": "primary" }, "geometry": { "type": "LineString", "coordinates": [ [ 11.443077, 3.790196 ], [ 11.443218, 3.790189 ], [ 11.443421, 3.790177 ], [ 11.443654, 3.790154 ], [ 11.443881, 3.790139 ], [ 11.444061, 3.790118 ], [ 11.444408, 3.79009 ], [ 11.44478, 3.790074 ], [ 11.445109, 3.790084 ], [ 11.445534, 3.790116 ], [ 11.445888, 3.790178 ], [ 11.446633, 3.790335 ], [ 11.447678, 3.790562 ], [ 11.44812, 3.790694 ], [ 11.448263, 3.790748 ], [ 11.448408, 3.790816 ], [ 11.448584, 3.790922 ], [ 11.448758, 3.791096 ], [ 11.449189, 3.791596 ], [ 11.449525, 3.791988 ], [ 11.449735, 3.792266 ], [ 11.449831, 3.792428 ], [ 11.449889, 3.792605 ], [ 11.44992, 3.792793 ], [ 11.449908, 3.793026 ], [ 11.44988, 3.793216 ], [ 11.449822, 3.79347 ], [ 11.449716, 3.793786 ], [ 11.449638, 3.794097 ], [ 11.449586, 3.794362 ], [ 11.44955, 3.79465 ], [ 11.449519, 3.795065 ], [ 11.449473, 3.795628 ], [ 11.449459, 3.795801 ], [ 11.449462, 3.795924 ], [ 11.449487, 3.796061 ], [ 11.449536, 3.796196 ], [ 11.449607, 3.796334 ], [ 11.449725, 3.796481 ], [ 11.449881, 3.796632 ], [ 11.450051, 3.796755 ], [ 11.450369, 3.796894 ], [ 11.450893, 3.797114 ], [ 11.451113, 3.797229 ], [ 11.451261, 3.797324 ], [ 11.451305, 3.797352 ], [ 11.451396, 3.797506 ], [ 11.451506, 3.797781 ], [ 11.451546, 3.797939 ], [ 11.451588, 3.798101 ], [ 11.451758, 3.798701 ], [ 11.452019, 3.799603 ], [ 11.452532, 3.80144 ], [ 11.452594, 3.801678 ], [ 11.45267, 3.801987 ], [ 11.452699, 3.802088 ], [ 11.45278, 3.802325 ], [ 11.452847, 3.802436 ], [ 11.452912, 3.802528 ], [ 11.452992, 3.802615 ], [ 11.453076, 3.80268 ], [ 11.453209, 3.802743 ], [ 11.453319, 3.80277 ], [ 11.453447, 3.802774 ], [ 11.453604, 3.802746 ], [ 11.45476, 3.802365 ], [ 11.455029, 3.802276 ], [ 11.456038, 3.80194 ], [ 11.456432, 3.801815 ], [ 11.45681, 3.801685 ], [ 11.457293, 3.801515 ], [ 11.457795, 3.801342 ], [ 11.457904, 3.801305 ], [ 11.458037, 3.801261 ], [ 11.45829, 3.801215 ], [ 11.458508, 3.801206 ], [ 11.458719, 3.801206 ], [ 11.459, 3.801215 ], [ 11.45924, 3.801271 ], [ 11.459468, 3.801341 ], [ 11.459579, 3.801373 ], [ 11.459666, 3.801421 ], [ 11.4599, 3.801547 ], [ 11.460118, 3.801684 ], [ 11.460582, 3.801997 ], [ 11.460924, 3.802207 ], [ 11.46107, 3.802286 ], [ 11.461247, 3.802354 ], [ 11.461464, 3.802405 ], [ 11.461695, 3.802425 ], [ 11.461892, 3.802425 ], [ 11.462161, 3.802382 ], [ 11.462311, 3.802347 ], [ 11.463057, 3.802174 ], [ 11.463189, 3.802156 ], [ 11.463309, 3.802149 ], [ 11.463427, 3.802149 ] ] } },
{ "type": "Feature", "properties": { "nom": "Route de Kribi", "classe": "primary" }, "geometry": { "type": "LineString", "coordinates": [ [ 11.463427, 3.802149 ], [ 11.463535, 3.802171 ], [ 11.463684, 3.802221 ], [ 11.463873, 3.802302 ], [ 11.464071, 3.802411 ], [ 11.464271, 3.802571 ], [ 11.464428, 3.802727 ], [ 11.46489, 3.803214 ], [ 11.46503, 3.803404 ], [ 11.465098, 3.803553 ], [ 11.465133, 3.803761 ], [ 11.465148, 3.803996 ], [ 11.465119, 3.804107 ], [ 11.465082, 3.80423 ], [ 11.465046, 3.804306 ], [ 11.465006, 3.804391 ], [ 11.4649, 3.804567 ], [ 11.464825, 3.804693 ], [ 11.464465, 3.805233 ], [ 11.464145, 3.805712 ], [ 11.463674, 3.806426 ], [ 11.46362, 3.806533 ], [ 11.463595, 3.806636 ], [ 11.463587, 3.806752 ], [ 11.463604, 3.806878 ], [ 11.463657, 3.807041 ], [ 11.463748, 3.807237 ], [ 11.463851, 3.807384 ], [ 11.463952, 3.807494 ], [ 11.46418, 3.807745 ], [ 11.464205, 3.807774 ], [ 11.464403, 3.807994 ], [ 11.464546, 3.808153 ], [ 11.464565, 3.808177 ], [ 11.464591, 3.80821 ], [ 11.464679, 3.808321 ], [ 11.464791, 3.808426 ], [ 11.46498, 3.808566 ], [ 11.465135, 3.808664 ], [ 11.465279, 3.808741 ], [ 11.465477, 3.80881 ], [ 11.465754, 3.808871 ], [ 11.466059, 3.808918 ], [ 11.466233, 3.808948 ], [ 11.466376, 3.808976 ], [ 11.466509, 3.809016 ], [ 11.466727, 3.809098 ], [ 11.466841, 3.809151 ], [ 11.466972, 3.809221 ], [ 11.467085, 3.809302 ], [ 11.46723, 3.809426 ] ] } },
{ "type": "Feature", "properties": { "nom": "Route de Kribi", "classe": "primary" }, "geometry": { "type": "LineString", "coordinates": [ [ 11.467466, 3.809669 ], [ 11.46723, 3.809426 ] ] } },
{ "type": "Feature", "properties": { "nom": "Rue 2.381", "classe": "tertiary" }, "geometry": { "type": "LineString", "coordinates": [ [ 11.49981, 3.880713 ], [ 11.499767, 3.880799 ] ] } },
{ "type": "Feature", "properties": { "nom": "Rue 2.381", "classe": "tertiary" }, "geometry": { "type": "LineString", "coordinates": [ [ 11.499767, 3.880799 ], [ 11.499641, 3.881084 ], [ 11.499455, 3.881504 ], [ 11.499274, 3.881893 ], [ 11.499187, 3.882079 ], [ 11.499043, 3.882365 ], [ 11.498673, 3.882953 ], [ 11.498283, 3.883536 ], [ 11.498173, 3.883705 ], [ 11.497694, 3.884486 ] ] } },
{ "type": "Feature", "properties": { "nom": "", "classe": "secondary" }, "geometry": { "type": "LineString", "coordinates": [ [ 11.485187, 3.870261 ], [ 11.485227, 3.870383 ], [ 11.485256, 3.870431 ], [ 11.485311, 3.87048 ], [ 11.485509, 3.870594 ], [ 11.485639, 3.870689 ], [ 11.485669, 3.87072 ], [ 11.485694, 3.870754 ], [ 11.485735, 3.870824 ] ] } },
{ "type": "Feature", "properties": { "nom": "Rue de Melen", "classe": "secondary" }, "geometry": { "type": "LineString", "coordinates": [ [ 11.496556, 3.86397 ], [ 11.496733, 3.863976 ], [ 11.497129, 3.863911 ], [ 11.497362, 3.863874 ], [ 11.498435, 3.86363 ], [ 11.498571, 3.863594 ] ] } },
{ "type": "Feature", "properties": { "nom": "Rue de Melen", "classe": "secondary" }, "geometry": { "type": "LineString", "coordinates": [ [ 11.494184, 3.863019 ], [ 11.494106, 3.862916 ], [ 11.494096, 3.862906 ], [ 11.494022, 3.862807 ], [ 11.493905, 3.862612 ] ] } },
{ "type": "Feature", "properties": { "nom": "Rue de Melen", "classe": "secondary" }, "geometry": { "type": "LineString", "coordinates": [ [ 11.498571, 3.863594 ], [ 11.498694, 3.863568 ], [ 11.498813, 3.863531 ], [ 11.499491, 3.86329 ], [ 11.500181, 3.863032 ], [ 11.500319, 3.862992 ], [ 11.501705, 3.862768 ], [ 11.502504, 3.862636 ], [ 11.503608, 3.862471 ], [ 11.503774, 3.862411 ], [ 11.503852, 3.862375 ], [ 11.503907, 3.862347 ], [ 11.503943, 3.862327 ] ] } },
{ "type": "Feature", "properties": { "nom": "Rue 5.767", "classe": "trunk" }, "geometry": { "type": "LineString", "coordinates": [ [ 11.52006, 3.916897 ], [ 11.520172, 3.916295 ], [ 11.520228, 3.915933 ], [ 11.520259, 3.915711 ], [ 11.520292, 3.915498 ], [ 11.520292, 3.915474 ] ] } },
{ "type": "Feature", "properties": { "nom": "Rue 5.769", "classe": "secondary" }, "geometry": { "type": "LineString", "coordinates": [ [ 11.520304, 3.915379 ], [ 11.520413, 3.915475 ] ] } },
{ "type": "Feature", "properties": { "nom": "Avenue John F. Kennedy", "classe": "secondary" }, "geometry": { "type": "LineString", "coordinates": [ [ 11.520044, 3.863167 ], [ 11.520292, 3.864399 ], [ 11.520423, 3.865025 ], [ 11.5205, 3.865435 ], [ 11.520596, 3.865926 ], [ 11.520647, 3.866202 ], [ 11.520641, 3.866237 ], [ 11.520617, 3.866279 ] ] } },
{ "type": "Feature", "properties": { "nom": "Avenue de l'indépendance", "classe": "secondary" }, "geometry": { "type": "LineString", "coordinates": [ [ 11.517637, 3.872294 ], [ 11.517693, 3.872171 ], [ 11.518078, 3.871312 ], [ 11.518161, 3.871246 ] ] } },
{ "type": "Feature", "properties": { "nom": "Avenue de l'Indépendance", "classe": "secondary" }, "geometry": { "type": "LineString", "coordinates": [ [ 11.519661, 3.867808 ], [ 11.519604, 3.867929 ], [ 11.51954, 3.868061 ], [ 11.519485, 3.868184 ], [ 11.519052, 3.869152 ] ] } },
{ "type": "Feature", "properties": { "nom": "Rue 3.771", "classe": "secondary" }, "geometry": { "type": "LineString", "coordinates": [ [ 11.515652, 3.848549 ], [ 11.515653, 3.848734 ], [ 11.5157, 3.849019 ], [ 11.515749, 3.849267 ], [ 11.51579, 3.849398 ], [ 11.515827, 3.849486 ], [ 11.515887, 3.849584 ], [ 11.515982, 3.849704 ], [ 11.516083, 3.849809 ], [ 11.516207, 3.849918 ], [ 11.51662, 3.850276 ], [ 11.516877, 3.850471 ], [ 11.518491, 3.8515 ], [ 11.51909, 3.851852 ], [ 11.519412, 3.852003 ], [ 11.519744, 3.852113 ], [ 11.519963, 3.852177 ], [ 11.520105, 3.852226 ], [ 11.520269, 3.852331 ], [ 11.520407, 3.85245 ], [ 11.520552, 3.852587 ], [ 11.520646, 3.852696 ], [ 11.520725, 3.852817 ], [ 11.520877, 3.853076 ], [ 11.52104, 3.853555 ], [ 11.521114, 3.853786 ], [ 11.521207, 3.854073 ] ] } },
{ "type": "Feature", "properties": { "nom": "Yaoundé-Mbalmayo", "classe": "trunk" }, "geometry": { "type": "LineString", "coordinates": [ [ 11.535783, 3.701233 ], [ 11.535588, 3.700986 ], [ 11.535218, 3.700539 ], [ 11.534973, 3.700222 ], [ 11.534892, 3.700092 ], [ 11.534792, 3.699859 ], [ 11.5347, 3.699593 ], [ 11.534672, 3.699326 ], [ 11.534671, 3.698397 ], [ 11.534734, 3.697781 ], [ 11.534755, 3.697575 ], [ 11.534968, 3.697096 ], [ 11.535412, 3.696212 ], [ 11.535677, 3.695754 ], [ 11.535823, 3.695501 ], [ 11.535966, 3.695291 ], [ 11.536076, 3.695128 ], [ 11.536664, 3.694429 ], [ 11.537221, 3.693915 ], [ 11.5375, 3.693658 ], [ 11.537678, 3.693493 ], [ 11.538468, 3.692801 ], [ 11.539052, 3.69229 ], [ 11.539392, 3.691987 ], [ 11.539449, 3.691917 ], [ 11.539555, 3.691786 ], [ 11.539729, 3.69154 ], [ 11.539858, 3.691277 ], [ 11.539958, 3.690996 ], [ 11.540006, 3.690796 ], [ 11.540054, 3.690536 ], [ 11.540065, 3.690343 ], [ 11.540062, 3.690129 ] ] } },
{ "type": "Feature", "properties": { "nom": "", "classe": "trunk" }, "geometry": { "type": "LineString", "coordinates": [ [ 11.537399, 3.721481 ], [ 11.537417, 3.721713 ], [ 11.537409, 3.721881 ], [ 11.537377, 3.722069 ], [ 11.537308, 3.722234 ], [ 11.537206, 3.722451 ], [ 11.537, 3.722774 ], [ 11.536779, 3.723205 ], [ 11.536664, 3.723592 ], [ 11.536443, 3.724724 ], [ 11.536425, 3.724817 ] ] } },
{ "type": "Feature", "properties": { "nom": "", "classe": "motorway" }, "geometry": { "type": "LineString", "coordinates": [ [ 11.544082, 3.715558 ], [ 11.544135, 3.715543 ], [ 11.544187, 3.715523 ], [ 11.544231, 3.715494 ], [ 11.544286, 3.715449 ] ] } },
{ "type": "Feature", "properties": { "nom": "", "classe": "motorway" }, "geometry": { "type": "LineString", "coordinates": [ [ 11.54409, 3.715638 ], [ 11.543367, 3.715759 ] ] } },
{ "type": "Feature", "properties": { "nom": "", "classe": "motorway" }, "geometry": { "type": "LineString", "coordinates": [ [ 11.543371, 3.715684 ], [ 11.544082, 3.715558 ] ] } },
{ "type": "Feature", "properties": { "nom": "", "classe": "motorway" }, "geometry": { "type": "LineString", "coordinates": [ [ 11.540814, 3.716448 ], [ 11.541094, 3.716317 ], [ 11.541447, 3.716169 ], [ 11.541801, 3.716037 ], [ 11.542115, 3.715944 ], [ 11.542481, 3.715849 ], [ 11.543371, 3.715684 ] ] } },
{ "type": "Feature", "properties": { "nom": "", "classe": "motorway" }, "geometry": { "type": "LineString", "coordinates": [ [ 11.543367, 3.715759 ], [ 11.543012, 3.715822 ], [ 11.542688, 3.715888 ], [ 11.542368, 3.715962 ], [ 11.541991, 3.716062 ], [ 11.541593, 3.71619 ], [ 11.54123, 3.716332 ], [ 11.540945, 3.716462 ], [ 11.540691, 3.716609 ] ] } },
{ "type": "Feature", "properties": { "nom": "Rue 2.716", "classe": "secondary" }, "geometry": { "type": "LineString", "coordinates": [ [ 11.493182, 3.880401 ], [ 11.493137, 3.880378 ], [ 11.493012, 3.880276 ], [ 11.492596, 3.879938 ], [ 11.492418, 3.879787 ], [ 11.492226, 3.879625 ] ] } },
{ "type": "Feature", "properties": { "nom": "Avenue John Ngu Foncha", "classe": "secondary" }, "geometry": { "type": "LineString", "coordinates": [ [ 11.501525, 3.886456 ], [ 11.501465, 3.88642 ], [ 11.501344, 3.886336 ], [ 11.501195, 3.886254 ], [ 11.500994, 3.886148 ], [ 11.500711, 3.886023 ], [ 11.500426, 3.885875 ], [ 11.500126, 3.885718 ], [ 11.499736, 3.88553 ], [ 11.499028, 3.885169 ], [ 11.4984, 3.884856 ], [ 11.498176, 3.884735 ], [ 11.498065, 3.884675 ], [ 11.497694, 3.884486 ], [ 11.49745, 3.884362 ], [ 11.496564, 3.884024 ], [ 11.495417, 3.883793 ], [ 11.494831, 3.88367 ], [ 11.494662, 3.883632 ], [ 11.49445, 3.883585 ], [ 11.49418, 3.883523 ], [ 11.493638, 3.883409 ] ] } },
{ "type": "Feature", "properties": { "nom": "Boulevard Saint Jean Paul II", "classe": "secondary" }, "geometry": { "type": "LineString", "coordinates": [ [ 11.504654, 3.898798 ], [ 11.504564, 3.898582 ], [ 11.504457, 3.898386 ], [ 11.504178, 3.89812 ], [ 11.503868, 3.897832 ], [ 11.503626, 3.897619 ], [ 11.503514, 3.897521 ], [ 11.503144, 3.897194 ], [ 11.502605, 3.896718 ], [ 11.502408, 3.896541 ], [ 11.501619, 3.895817 ], [ 11.501275, 3.895478 ], [ 11.501034, 3.895244 ], [ 11.500959, 3.895169 ], [ 11.500959, 3.895154 ], [ 11.500868, 3.895077 ], [ 11.500816, 3.895019 ], [ 11.500651, 3.894785 ], [ 11.500164, 3.894156 ], [ 11.49975, 3.893648 ], [ 11.499393, 3.893188 ], [ 11.499191, 3.892873 ], [ 11.499043, 3.892563 ], [ 11.498916, 3.892258 ], [ 11.498842, 3.89202 ], [ 11.498789, 3.891844 ], [ 11.498737, 3.891578 ], [ 11.498719, 3.891348 ], [ 11.49871, 3.891148 ], [ 11.498719, 3.890769 ], [ 11.498788, 3.890293 ], [ 11.498858, 3.889931 ], [ 11.498939, 3.889575 ], [ 11.499014, 3.889339 ], [ 11.49915, 3.888988 ], [ 11.49919, 3.888898 ], [ 11.499326, 3.888639 ], [ 11.499392, 3.888535 ], [ 11.499481, 3.888403 ], [ 11.499688, 3.888159 ], [ 11.499859, 3.887988 ], [ 11.500082, 3.887811 ], [ 11.500368, 3.887611 ], [ 11.500593, 3.887455 ], [ 11.500633, 3.887431 ], [ 11.500931, 3.887248 ], [ 11.501071, 3.887189 ] ] } },
{ "type": "Feature", "properties": { "nom": "", "classe": "tertiary" }, "geometry": { "type": "LineString", "coordinates": [ [ 11.484111, 3.775849 ], [ 11.484037, 3.77589 ], [ 11.483945, 3.775933 ], [ 11.483754, 3.776052 ], [ 11.483576, 3.776231 ], [ 11.483382, 3.776426 ], [ 11.483104, 3.776706 ], [ 11.482531, 3.77725 ], [ 11.482279, 3.777463 ], [ 11.482155, 3.777599 ], [ 11.482098, 3.777718 ], [ 11.482059, 3.777909 ], [ 11.482061, 3.778114 ], [ 11.482062, 3.778245 ], [ 11.482078, 3.778564 ], [ 11.482091, 3.77871 ], [ 11.482109, 3.778892 ], [ 11.482147, 3.779055 ], [ 11.482174, 3.779224 ], [ 11.482165, 3.779354 ], [ 11.482144, 3.779431 ], [ 11.482094, 3.779527 ], [ 11.482039, 3.779614 ], [ 11.481895, 3.779811 ], [ 11.481846, 3.779866 ], [ 11.481603, 3.780164 ], [ 11.481516, 3.780273 ], [ 11.481459, 3.78035 ], [ 11.481269, 3.780642 ], [ 11.481219, 3.780737 ], [ 11.481172, 3.780849 ], [ 11.481106, 3.781006 ], [ 11.481082, 3.781074 ], [ 11.481066, 3.781158 ], [ 11.481039, 3.781398 ], [ 11.481015, 3.78155 ], [ 11.480984, 3.781687 ], [ 11.480943, 3.781802 ], [ 11.480894, 3.781901 ], [ 11.480818, 3.782016 ], [ 11.480718, 3.782129 ], [ 11.480638, 3.782204 ], [ 11.480561, 3.782261 ], [ 11.480514, 3.782296 ], [ 11.480346, 3.782419 ], [ 11.48016, 3.782544 ], [ 11.479955, 3.782681 ], [ 11.479708, 3.782834 ], [ 11.479493, 3.782965 ], [ 11.479271, 3.783096 ], [ 11.479196, 3.783143 ], [ 11.479068, 3.783234 ], [ 11.478987, 3.783301 ], [ 11.478907, 3.783381 ], [ 11.478472, 3.783952 ], [ 11.478154, 3.784379 ], [ 11.477785, 3.784889 ], [ 11.477621, 3.785265 ], [ 11.477573, 3.785386 ], [ 11.477545, 3.785448 ], [ 11.477529, 3.785561 ], [ 11.477506, 3.785678 ], [ 11.477501, 3.785837 ], [ 11.477509, 3.785971 ], [ 11.477559, 3.786486 ], [ 11.477635, 3.787144 ], [ 11.477666, 3.787412 ], [ 11.47768, 3.787536 ], [ 11.477758, 3.788307 ], [ 11.477796, 3.788849 ], [ 11.477755, 3.789605 ], [ 11.477705, 3.79014 ], [ 11.477658, 3.790348 ], [ 11.477619, 3.790498 ], [ 11.477534, 3.790802 ], [ 11.477416, 3.79123 ], [ 11.477362, 3.791422 ], [ 11.477298, 3.791666 ], [ 11.477224, 3.792377 ], [ 11.477219, 3.792423 ], [ 11.477219, 3.793044 ], [ 11.477219, 3.793274 ], [ 11.477205, 3.793752 ], [ 11.477156, 3.794195 ], [ 11.477152, 3.79428 ], [ 11.477164, 3.794379 ], [ 11.47719, 3.79443 ], [ 11.477279, 3.794503 ], [ 11.477422, 3.794557 ], [ 11.477655, 3.794593 ], [ 11.478685, 3.7947 ], [ 11.479206, 3.794745 ], [ 11.479258, 3.794756 ], [ 11.479318, 3.794777 ], [ 11.479417, 3.794855 ] ] } },
{ "type": "Feature", "properties": { "nom": "Rue 8.437", "classe": "secondary" }, "geometry": { "type": "LineString", "coordinates": [ [ 11.520137, 3.784766 ], [ 11.5201, 3.784699 ], [ 11.519965, 3.78451 ], [ 11.51981, 3.7843 ], [ 11.519713, 3.784166 ], [ 11.519639, 3.784079 ], [ 11.519526, 3.783945 ], [ 11.519361, 3.783759 ], [ 11.519189, 3.783579 ], [ 11.519159, 3.783553 ], [ 11.519031, 3.783442 ], [ 11.518891, 3.783326 ], [ 11.51858, 3.783114 ], [ 11.518533, 3.783082 ], [ 11.518292, 3.782909 ], [ 11.51823, 3.782864 ], [ 11.517981, 3.782681 ], [ 11.517755, 3.782544 ], [ 11.51761, 3.78245 ], [ 11.517481, 3.782366 ], [ 11.51729, 3.782221 ], [ 11.517221, 3.782153 ], [ 11.517172, 3.782085 ], [ 11.517105, 3.781955 ], [ 11.516999, 3.781695 ], [ 11.516808, 3.781238 ], [ 11.516689, 3.780957 ], [ 11.516688, 3.780952 ], [ 11.516609, 3.780739 ], [ 11.516535, 3.780583 ], [ 11.516376, 3.780354 ], [ 11.516282, 3.780259 ], [ 11.516251, 3.780231 ], [ 11.516215, 3.780206 ], [ 11.515977, 3.780078 ], [ 11.515702, 3.779929 ], [ 11.515393, 3.779736 ], [ 11.51517, 3.779626 ], [ 11.514998, 3.779563 ], [ 11.514857, 3.779547 ], [ 11.514751, 3.779566 ], [ 11.514699, 3.779622 ] ] } },
{ "type": "Feature", "properties": { "nom": "", "classe": "secondary" }, "geometry": { "type": "LineString", "coordinates": [ [ 11.53617, 3.886198 ], [ 11.53611, 3.886115 ], [ 11.536011, 3.885942 ] ] } },
{ "type": "Feature", "properties": { "nom": "", "classe": "primary" }, "geometry": { "type": "LineString", "coordinates": [ [ 11.536666, 3.886349 ], [ 11.536635, 3.886364 ], [ 11.536592, 3.88637 ], [ 11.536438, 3.886351 ], [ 11.536283, 3.886332 ], [ 11.536235, 3.886322 ], [ 11.536198, 3.886301 ], [ 11.536174, 3.886272 ], [ 11.536165, 3.886236 ], [ 11.536165, 3.886202 ], [ 11.53617, 3.886198 ], [ 11.536192, 3.886169 ], [ 11.536221, 3.88615 ], [ 11.536275, 3.886132 ], [ 11.536379, 3.886132 ], [ 11.536577, 3.886143 ], [ 11.53663, 3.886159 ], [ 11.536677, 3.886193 ], [ 11.536697, 3.886225 ], [ 11.536701, 3.886232 ], [ 11.536691, 3.886319 ], [ 11.536677, 3.886332 ], [ 11.536666, 3.886349 ] ] } },
{ "type": "Feature", "properties": { "nom": "Yaoundé-Mbalmayo", "classe": "trunk" }, "geometry": { "type": "LineString", "coordinates": [ [ 11.537325, 3.774012 ], [ 11.53758, 3.773882 ], [ 11.537861, 3.773708 ], [ 11.538086, 3.773509 ], [ 11.538259, 3.773247 ], [ 11.538355, 3.773035 ], [ 11.538406, 3.772803 ], [ 11.538413, 3.77251 ], [ 11.538406, 3.772395 ], [ 11.5384, 3.772217 ], [ 11.538305, 3.771152 ], [ 11.538297, 3.771015 ], [ 11.538287, 3.770855 ], [ 11.538277, 3.770681 ], [ 11.538279, 3.770376 ], [ 11.538281, 3.770163 ], [ 11.538315, 3.770006 ], [ 11.538374, 3.769809 ], [ 11.538469, 3.769563 ], [ 11.538555, 3.76938 ], [ 11.538615, 3.76925 ], [ 11.538803, 3.768988 ], [ 11.539518, 3.768103 ], [ 11.539641, 3.767895 ], [ 11.539727, 3.767733 ], [ 11.539777, 3.767638 ], [ 11.539834, 3.767425 ], [ 11.539867, 3.767233 ], [ 11.53989, 3.766939 ], [ 11.539846, 3.766635 ], [ 11.539645, 3.766046 ], [ 11.539544, 3.765723 ], [ 11.53949, 3.765554 ], [ 11.539468, 3.765486 ], [ 11.539225, 3.764722 ], [ 11.539196, 3.764634 ], [ 11.539015, 3.764087 ], [ 11.53879, 3.763407 ], [ 11.538751, 3.76329 ], [ 11.538564, 3.76272 ], [ 11.538378, 3.762155 ], [ 11.538275, 3.761813 ], [ 11.53823, 3.761562 ], [ 11.538213, 3.761321 ], [ 11.538213, 3.76109 ], [ 11.538325, 3.760192 ], [ 11.538356, 3.760003 ], [ 11.538429, 3.759433 ], [ 11.538445, 3.759275 ], [ 11.538512, 3.758828 ], [ 11.538529, 3.758543 ], [ 11.538523, 3.758339 ], [ 11.538525, 3.758202 ], [ 11.538506, 3.757976 ], [ 11.538457, 3.757744 ], [ 11.538375, 3.757507 ], [ 11.538246, 3.757187 ], [ 11.538109, 3.75687 ], [ 11.537765, 3.756073 ], [ 11.537484, 3.755394 ], [ 11.537199, 3.754839 ], [ 11.536973, 3.754517 ], [ 11.536884, 3.754392 ], [ 11.536672, 3.754151 ], [ 11.536227, 3.753677 ], [ 11.535583, 3.752989 ], [ 11.535356, 3.752692 ], [ 11.535215, 3.752405 ], [ 11.535103, 3.752049 ], [ 11.535073, 3.751726 ], [ 11.535096, 3.75147 ], [ 11.5351, 3.751418 ], [ 11.535177, 3.751091 ], [ 11.535454, 3.750174 ], [ 11.5356, 3.74964 ], [ 11.535638, 3.749304 ], [ 11.535642, 3.749091 ], [ 11.535634, 3.748915 ], [ 11.535618, 3.748569 ], [ 11.535589, 3.748271 ], [ 11.535562, 3.74793 ], [ 11.535549, 3.747758 ], [ 11.535341, 3.745923 ], [ 11.535273, 3.745288 ], [ 11.535165, 3.744157 ], [ 11.535103, 3.743511 ], [ 11.535068, 3.743197 ], [ 11.535018, 3.742939 ], [ 11.534979, 3.742767 ], [ 11.534853, 3.742364 ], [ 11.53471, 3.741957 ], [ 11.534546, 3.741492 ], [ 11.53442, 3.741121 ], [ 11.534361, 3.74095 ], [ 11.534228, 3.740693 ], [ 11.534119, 3.740504 ], [ 11.533872, 3.740162 ], [ 11.533817, 3.740051 ], [ 11.53369, 3.739788 ], [ 11.533611, 3.739575 ], [ 11.53354, 3.739302 ], [ 11.533506, 3.738959 ], [ 11.533494, 3.738804 ], [ 11.533501, 3.738571 ], [ 11.533575, 3.738043 ], [ 11.533592, 3.737916 ], [ 11.533672, 3.737334 ], [ 11.533729, 3.737027 ], [ 11.533763, 3.736787 ], [ 11.533813, 3.736452 ], [ 11.533915, 3.735742 ], [ 11.533922, 3.735701 ], [ 11.533987, 3.735334 ], [ 11.53411, 3.734488 ], [ 11.534133, 3.73434 ], [ 11.534147, 3.734247 ], [ 11.534159, 3.734171 ], [ 11.534266, 3.733523 ], [ 11.534328, 3.733046 ], [ 11.534368, 3.73283 ], [ 11.534438, 3.732553 ], [ 11.534519, 3.732322 ], [ 11.534548, 3.732264 ], [ 11.534604, 3.732172 ] ] } },
{ "type": "Feature", "properties": { "nom": "Yaoundé-Mbalmayo", "classe": "trunk" }, "geometry": { "type": "LineString", "coordinates": [ [ 11.536155, 3.726337 ], [ 11.536198, 3.726065 ], [ 11.536425, 3.724817 ] ] } },
{ "type": "Feature", "properties": { "nom": "Yaoundé-Mbalmayo", "classe": "trunk" }, "geometry": { "type": "LineString", "coordinates": [ [ 11.53612, 3.726532 ], [ 11.536155, 3.726337 ] ] } },
{ "type": "Feature", "properties": { "nom": "Rue 5.055", "classe": "tertiary" }, "geometry": { "type": "LineString", "coordinates": [ [ 11.559332, 3.886481 ], [ 11.559364, 3.886448 ], [ 11.559448, 3.886359 ], [ 11.559613, 3.886184 ], [ 11.559701, 3.886095 ], [ 11.559808, 3.886005 ], [ 11.559969, 3.885869 ], [ 11.560133, 3.885741 ], [ 11.56025, 3.885641 ], [ 11.560482, 3.885439 ], [ 11.560508, 3.885416 ], [ 11.560578, 3.885356 ], [ 11.560814, 3.885132 ], [ 11.560839, 3.885108 ], [ 11.560909, 3.88504 ], [ 11.561039, 3.884907 ], [ 11.56107, 3.884882 ], [ 11.561112, 3.884856 ], [ 11.561415, 3.884719 ], [ 11.561493, 3.884685 ], [ 11.562105, 3.884415 ], [ 11.562279, 3.884338 ] ] } },
{ "type": "Feature", "properties": { "nom": "", "classe": "tertiary" }, "geometry": { "type": "LineString", "coordinates": [ [ 11.390045, 3.721994 ], [ 11.390123, 3.721981 ], [ 11.390191, 3.721966 ], [ 11.390258, 3.721949 ], [ 11.390434, 3.721922 ], [ 11.390562, 3.721889 ], [ 11.390684, 3.721857 ], [ 11.39075, 3.721843 ], [ 11.390806, 3.721843 ], [ 11.390874, 3.72185 ], [ 11.390945, 3.721862 ], [ 11.391002, 3.72188 ], [ 11.391057, 3.721902 ], [ 11.391117, 3.721936 ], [ 11.391182, 3.721973 ], [ 11.39123, 3.722008 ], [ 11.391374, 3.722111 ], [ 11.391495, 3.722219 ], [ 11.391555, 3.722291 ], [ 11.391605, 3.722344 ], [ 11.391664, 3.722389 ], [ 11.391711, 3.722406 ], [ 11.391751, 3.72242 ], [ 11.391796, 3.722428 ], [ 11.391842, 3.72243 ], [ 11.391936, 3.722418 ], [ 11.392184, 3.722339 ], [ 11.392396, 3.722272 ], [ 11.392513, 3.722228 ], [ 11.392573, 3.722209 ], [ 11.392618, 3.722196 ], [ 11.39271, 3.722184 ], [ 11.392777, 3.722172 ], [ 11.392854, 3.722162 ], [ 11.392949, 3.722155 ], [ 11.393119, 3.722155 ], [ 11.39341, 3.722157 ], [ 11.393836, 3.722103 ], [ 11.3941, 3.722075 ], [ 11.394155, 3.722062 ], [ 11.394195, 3.722048 ], [ 11.394231, 3.722034 ], [ 11.394486, 3.721948 ], [ 11.394619, 3.721883 ], [ 11.394847, 3.721779 ], [ 11.394936, 3.721748 ], [ 11.395054, 3.721724 ], [ 11.39516, 3.721697 ], [ 11.395271, 3.721678 ], [ 11.395349, 3.721662 ], [ 11.395472, 3.721649 ], [ 11.39565, 3.721629 ], [ 11.395853, 3.721617 ], [ 11.395952, 3.721617 ], [ 11.396038, 3.72163 ], [ 11.39613, 3.721627 ], [ 11.396178, 3.721636 ], [ 11.396256, 3.721652 ], [ 11.396323, 3.721665 ], [ 11.396474, 3.721694 ], [ 11.396623, 3.721728 ], [ 11.396827, 3.721773 ], [ 11.397025, 3.72182 ], [ 11.397149, 3.72185 ], [ 11.397267, 3.721887 ], [ 11.39746, 3.721943 ], [ 11.397766, 3.722066 ], [ 11.397983, 3.722195 ], [ 11.398061, 3.722232 ], [ 11.398138, 3.722254 ], [ 11.398203, 3.722278 ], [ 11.398254, 3.722299 ], [ 11.398305, 3.722312 ], [ 11.398498, 3.722313 ], [ 11.398683, 3.722337 ], [ 11.398873, 3.722371 ], [ 11.399016, 3.722398 ], [ 11.399176, 3.72243 ], [ 11.399332, 3.722471 ], [ 11.399406, 3.722473 ], [ 11.399471, 3.7225 ], [ 11.399579, 3.722535 ], [ 11.399695, 3.722567 ], [ 11.399844, 3.722612 ], [ 11.399995, 3.72267 ], [ 11.400045, 3.722692 ], [ 11.400139, 3.722719 ], [ 11.400198, 3.722732 ], [ 11.400351, 3.72276 ], [ 11.400493, 3.722789 ], [ 11.400674, 3.722806 ], [ 11.400888, 3.722806 ], [ 11.401027, 3.722788 ], [ 11.401124, 3.72276 ], [ 11.401192, 3.722732 ], [ 11.401313, 3.722681 ], [ 11.401455, 3.722627 ], [ 11.401605, 3.722572 ], [ 11.401777, 3.722531 ], [ 11.401872, 3.722523 ], [ 11.401968, 3.722528 ], [ 11.402084, 3.722541 ], [ 11.402166, 3.722558 ], [ 11.4024, 3.722603 ], [ 11.402634, 3.722632 ], [ 11.402858, 3.722632 ], [ 11.402962, 3.722632 ], [ 11.403084, 3.722644 ], [ 11.403307, 3.722665 ], [ 11.403527, 3.722693 ], [ 11.40368, 3.722725 ], [ 11.403814, 3.722781 ], [ 11.403982, 3.722857 ], [ 11.404218, 3.722951 ], [ 11.404475, 3.723045 ], [ 11.404775, 3.72313 ], [ 11.404944, 3.72317 ], [ 11.405091, 3.723199 ], [ 11.405209, 3.723233 ], [ 11.405362, 3.723292 ], [ 11.405826, 3.723434 ], [ 11.406181, 3.723536 ], [ 11.406443, 3.723596 ], [ 11.406656, 3.723641 ], [ 11.407124, 3.72377 ], [ 11.40742, 3.723846 ], [ 11.407519, 3.723882 ], [ 11.407662, 3.723939 ], [ 11.407821, 3.724011 ], [ 11.407906, 3.724056 ], [ 11.407985, 3.724121 ], [ 11.408131, 3.724225 ], [ 11.408226, 3.724303 ], [ 11.408315, 3.724435 ], [ 11.408653, 3.724863 ], [ 11.408956, 3.725199 ], [ 11.409044, 3.725288 ], [ 11.409102, 3.725326 ], [ 11.40917, 3.725381 ], [ 11.409244, 3.725428 ], [ 11.409306, 3.725478 ], [ 11.409357, 3.725512 ], [ 11.409427, 3.725585 ], [ 11.4096, 3.725751 ], [ 11.409916, 3.72625 ], [ 11.410089, 3.726459 ], [ 11.410188, 3.726618 ], [ 11.410267, 3.726715 ], [ 11.410292, 3.726766 ], [ 11.410353, 3.726902 ], [ 11.410364, 3.727077 ], [ 11.410343, 3.727184 ], [ 11.410306, 3.72733 ], [ 11.410208, 3.727623 ], [ 11.41017, 3.727901 ], [ 11.410186, 3.728209 ], [ 11.410185, 3.72824 ], [ 11.410187, 3.728254 ], [ 11.41019, 3.728264 ], [ 11.410206, 3.728292 ], [ 11.410216, 3.728307 ], [ 11.410236, 3.728353 ], [ 11.410265, 3.728367 ], [ 11.410297, 3.72839 ], [ 11.410357, 3.728414 ], [ 11.410422, 3.728435 ], [ 11.410503, 3.72846 ], [ 11.410622, 3.72848 ], [ 11.410724, 3.728498 ], [ 11.410872, 3.728514 ], [ 11.411017, 3.728528 ], [ 11.411108, 3.72853 ], [ 11.411215, 3.728532 ], [ 11.411574, 3.728562 ], [ 11.411753, 3.728584 ], [ 11.411952, 3.728616 ], [ 11.411989, 3.728624 ], [ 11.412028, 3.728632 ], [ 11.412212, 3.728658 ], [ 11.412294, 3.728666 ], [ 11.412384, 3.728683 ], [ 11.41243, 3.728695 ], [ 11.412491, 3.728708 ], [ 11.412527, 3.728716 ], [ 11.412566, 3.728727 ], [ 11.412601, 3.728735 ], [ 11.41264, 3.728744 ], [ 11.412768, 3.728765 ], [ 11.41283, 3.728774 ], [ 11.4129, 3.728783 ], [ 11.413092, 3.728792 ], [ 11.413336, 3.728801 ], [ 11.413389, 3.728801 ], [ 11.41342, 3.728804 ], [ 11.413464, 3.728809 ], [ 11.413503, 3.728818 ], [ 11.413567, 3.728837 ], [ 11.413617, 3.728855 ], [ 11.413734, 3.728889 ], [ 11.413811, 3.728906 ], [ 11.413854, 3.728922 ], [ 11.413876, 3.72894 ], [ 11.413923, 3.728959 ], [ 11.413979, 3.728986 ], [ 11.414048, 3.729029 ], [ 11.414085, 3.729055 ], [ 11.414121, 3.729097 ], [ 11.414217, 3.729186 ], [ 11.414352, 3.729309 ], [ 11.414422, 3.729365 ], [ 11.414503, 3.729424 ], [ 11.414554, 3.729455 ], [ 11.414767, 3.729587 ], [ 11.414988, 3.729688 ], [ 11.415066, 3.729731 ], [ 11.41513, 3.729761 ], [ 11.41517, 3.729771 ], [ 11.415231, 3.729776 ], [ 11.41537, 3.729782 ], [ 11.415492, 3.72978 ], [ 11.415569, 3.729779 ], [ 11.415665, 3.729776 ], [ 11.415732, 3.729773 ], [ 11.415785, 3.729766 ], [ 11.415852, 3.729753 ], [ 11.415899, 3.729741 ], [ 11.415944, 3.729706 ], [ 11.41609, 3.729648 ], [ 11.416167, 3.729599 ], [ 11.416276, 3.729573 ], [ 11.416404, 3.729511 ], [ 11.416527, 3.729476 ], [ 11.416696, 3.729396 ], [ 11.416916, 3.729318 ], [ 11.417175, 3.729211 ], [ 11.417345, 3.729141 ], [ 11.417381, 3.729126 ], [ 11.417407, 3.729118 ], [ 11.41743, 3.72911 ], [ 11.417464, 3.729104 ], [ 11.417535, 3.729098 ], [ 11.417665, 3.729102 ], [ 11.417719, 3.729099 ], [ 11.417832, 3.729093 ], [ 11.417945, 3.72909 ], [ 11.418028, 3.729088 ], [ 11.418114, 3.729087 ], [ 11.418212, 3.729088 ], [ 11.418292, 3.729089 ], [ 11.418358, 3.729098 ], [ 11.418408, 3.729113 ], [ 11.418472, 3.729143 ], [ 11.418521, 3.729164 ], [ 11.418602, 3.729207 ], [ 11.418674, 3.729241 ], [ 11.418736, 3.729283 ], [ 11.418898, 3.729387 ], [ 11.418997, 3.729448 ], [ 11.419187, 3.729598 ], [ 11.419304, 3.729689 ], [ 11.419414, 3.729764 ], [ 11.419518, 3.729824 ], [ 11.419599, 3.729875 ], [ 11.419768, 3.729984 ], [ 11.419888, 3.730065 ], [ 11.420015, 3.730155 ], [ 11.42015, 3.730264 ], [ 11.42025, 3.730342 ], [ 11.420359, 3.730428 ], [ 11.420474, 3.730516 ], [ 11.420556, 3.730571 ], [ 11.420638, 3.730615 ], [ 11.420727, 3.730662 ], [ 11.420816, 3.730708 ], [ 11.420934, 3.730748 ], [ 11.421058, 3.730784 ], [ 11.421187, 3.730814 ], [ 11.42133, 3.730847 ], [ 11.421482, 3.730888 ], [ 11.421559, 3.730909 ], [ 11.421629, 3.730928 ], [ 11.421704, 3.730955 ], [ 11.421789, 3.730983 ], [ 11.421886, 3.731027 ], [ 11.42216, 3.73114 ], [ 11.422272, 3.731192 ], [ 11.42239, 3.731248 ], [ 11.422434, 3.731266 ], [ 11.422545, 3.731304 ], [ 11.422643, 3.731334 ], [ 11.422726, 3.731389 ], [ 11.422901, 3.731474 ], [ 11.423006, 3.731528 ], [ 11.423106, 3.731576 ], [ 11.423189, 3.731621 ], [ 11.423324, 3.731692 ], [ 11.423397, 3.731737 ], [ 11.423451, 3.73177 ], [ 11.423512, 3.73181 ], [ 11.423571, 3.73185 ], [ 11.423627, 3.731897 ], [ 11.423802, 3.732045 ], [ 11.423927, 3.732157 ], [ 11.424039, 3.732281 ], [ 11.424187, 3.73239 ], [ 11.424357, 3.732518 ], [ 11.424645, 3.732767 ], [ 11.42483, 3.732968 ], [ 11.425087, 3.733218 ], [ 11.425251, 3.733317 ], [ 11.425638, 3.733318 ], [ 11.425919, 3.733318 ], [ 11.42629, 3.733313 ], [ 11.426378, 3.733322 ], [ 11.426641, 3.73335 ], [ 11.426885, 3.733444 ], [ 11.42705, 3.733508 ], [ 11.427062, 3.733516 ], [ 11.427309, 3.733704 ], [ 11.427847, 3.734042 ], [ 11.428538, 3.734317 ], [ 11.429002, 3.734631 ], [ 11.429165, 3.734789 ], [ 11.429322, 3.734807 ], [ 11.429531, 3.734799 ], [ 11.429705, 3.734706 ], [ 11.430158, 3.734414 ], [ 11.430504, 3.734126 ], [ 11.430893, 3.733857 ], [ 11.431092, 3.733718 ], [ 11.431296, 3.733596 ], [ 11.431737, 3.733337 ], [ 11.431925, 3.733264 ], [ 11.432107, 3.733269 ], [ 11.432505, 3.733279 ], [ 11.432857, 3.733254 ] ] } },
{ "type": "Feature", "properties": { "nom": "Route Yaoundé-Kribi", "classe": "primary" }, "geometry": { "type": "LineString", "coordinates": [ [ 11.39022, 3.725878 ], [ 11.39051, 3.725975 ], [ 11.390784, 3.726077 ], [ 11.390842, 3.7261 ], [ 11.390918, 3.726134 ], [ 11.390986, 3.72617 ], [ 11.391049, 3.726203 ], [ 11.391112, 3.726244 ], [ 11.3912, 3.726301 ], [ 11.391248, 3.726334 ], [ 11.391322, 3.726398 ], [ 11.391401, 3.726481 ], [ 11.391452, 3.726546 ], [ 11.391525, 3.726651 ], [ 11.391617, 3.726809 ], [ 11.391679, 3.726934 ], [ 11.391715, 3.727019 ], [ 11.391742, 3.727081 ], [ 11.391775, 3.727157 ], [ 11.391799, 3.727248 ], [ 11.391818, 3.727348 ], [ 11.391825, 3.727389 ], [ 11.391827, 3.727456 ], [ 11.391829, 3.727545 ], [ 11.39183, 3.72758 ], [ 11.391829, 3.727622 ], [ 11.39182, 3.727724 ], [ 11.391816, 3.727759 ], [ 11.391813, 3.727804 ], [ 11.391805, 3.727861 ], [ 11.391775, 3.727992 ], [ 11.391741, 3.728119 ], [ 11.391733, 3.728153 ], [ 11.391718, 3.728191 ], [ 11.391694, 3.728238 ], [ 11.39167, 3.728287 ], [ 11.391617, 3.728384 ], [ 11.391461, 3.728632 ], [ 11.391353, 3.728797 ], [ 11.391159, 3.729078 ], [ 11.390993, 3.729335 ], [ 11.390958, 3.7294 ], [ 11.390918, 3.729482 ], [ 11.390883, 3.729554 ], [ 11.390849, 3.729638 ], [ 11.390815, 3.72972 ], [ 11.390795, 3.729772 ], [ 11.390774, 3.729834 ], [ 11.390758, 3.729896 ], [ 11.390746, 3.729978 ], [ 11.390731, 3.730065 ], [ 11.39072, 3.730152 ], [ 11.390717, 3.730266 ], [ 11.390731, 3.730421 ], [ 11.39076, 3.730559 ], [ 11.390778, 3.730646 ], [ 11.390825, 3.730767 ], [ 11.390919, 3.730967 ], [ 11.391075, 3.731215 ], [ 11.39111, 3.731272 ], [ 11.391351, 3.731504 ], [ 11.391583, 3.731719 ], [ 11.392041, 3.732145 ], [ 11.392717, 3.732843 ], [ 11.393037, 3.733244 ], [ 11.393895, 3.734585 ], [ 11.394082, 3.734878 ], [ 11.394324, 3.735257 ], [ 11.394485, 3.735695 ], [ 11.394595, 3.736076 ], [ 11.394625, 3.736445 ], [ 11.394571, 3.737248 ], [ 11.394508, 3.738056 ], [ 11.394371, 3.739821 ], [ 11.394205, 3.740595 ], [ 11.394285, 3.740922 ], [ 11.394299, 3.741281 ], [ 11.394357, 3.741562 ], [ 11.394445, 3.741784 ], [ 11.394528, 3.742049 ], [ 11.394654, 3.742266 ], [ 11.394833, 3.742484 ], [ 11.395179, 3.742771 ], [ 11.395513, 3.742988 ], [ 11.395919, 3.743121 ], [ 11.398004, 3.743404 ], [ 11.398096, 3.743421 ], [ 11.398291, 3.743457 ], [ 11.398677, 3.743567 ], [ 11.398914, 3.743661 ], [ 11.399131, 3.743821 ], [ 11.399519, 3.744204 ], [ 11.399715, 3.744475 ], [ 11.399766, 3.744555 ], [ 11.400491, 3.745841 ], [ 11.40088, 3.746529 ], [ 11.401118, 3.746968 ], [ 11.401378, 3.747448 ], [ 11.40143, 3.747587 ], [ 11.401497, 3.747809 ], [ 11.401593, 3.748596 ], [ 11.401639, 3.749008 ], [ 11.401714, 3.749565 ], [ 11.401804, 3.749951 ], [ 11.401931, 3.750309 ], [ 11.402156, 3.750672 ], [ 11.402929, 3.751693 ], [ 11.404281, 3.753477 ], [ 11.40445, 3.753745 ], [ 11.404544, 3.753944 ], [ 11.405499, 3.756668 ], [ 11.405828, 3.757466 ], [ 11.405957, 3.75797 ], [ 11.406051, 3.758424 ], [ 11.406053, 3.758901 ], [ 11.405967, 3.759725 ], [ 11.405791, 3.761223 ], [ 11.405643, 3.762529 ], [ 11.405622, 3.763081 ], [ 11.40564, 3.764096 ], [ 11.405699, 3.7648 ], [ 11.405754, 3.765076 ], [ 11.405914, 3.76587 ], [ 11.406262, 3.766843 ], [ 11.406326, 3.767064 ], [ 11.40646, 3.7674 ], [ 11.406587, 3.767716 ], [ 11.406637, 3.767807 ], [ 11.406783, 3.768076 ], [ 11.406918, 3.768232 ], [ 11.40707, 3.76838 ], [ 11.407242, 3.76851 ], [ 11.407392, 3.768613 ], [ 11.407587, 3.768715 ], [ 11.407797, 3.768795 ], [ 11.408019, 3.768853 ], [ 11.40826, 3.768889 ], [ 11.40851, 3.768883 ], [ 11.409064, 3.768825 ], [ 11.410557, 3.768669 ], [ 11.410847, 3.768669 ], [ 11.411308, 3.76869 ], [ 11.411716, 3.768765 ], [ 11.412231, 3.768926 ], [ 11.412778, 3.769172 ], [ 11.413209, 3.769478 ], [ 11.413607, 3.769807 ], [ 11.414033, 3.770304 ], [ 11.414323, 3.770724 ], [ 11.414529, 3.771167 ], [ 11.414613, 3.771345 ], [ 11.415425, 3.773124 ], [ 11.415641, 3.773745 ], [ 11.416013, 3.774341 ], [ 11.416565, 3.775192 ], [ 11.416627, 3.775285 ], [ 11.416691, 3.775391 ], [ 11.416882, 3.775719 ], [ 11.417108, 3.77611 ], [ 11.417191, 3.776288 ], [ 11.417244, 3.776439 ], [ 11.417272, 3.776557 ], [ 11.417287, 3.776666 ], [ 11.417293, 3.776784 ], [ 11.417289, 3.776935 ], [ 11.417279, 3.777049 ], [ 11.417256, 3.777175 ], [ 11.417225, 3.777295 ], [ 11.417183, 3.777406 ], [ 11.417135, 3.777509 ], [ 11.41708, 3.7776 ], [ 11.41701, 3.777698 ], [ 11.416937, 3.777786 ], [ 11.416813, 3.77792 ], [ 11.416467, 3.778327 ], [ 11.416399, 3.778426 ], [ 11.416337, 3.778541 ], [ 11.416257, 3.77872 ], [ 11.41598, 3.779432 ], [ 11.415932, 3.779612 ], [ 11.415915, 3.77974 ], [ 11.415892, 3.779865 ], [ 11.4159, 3.780073 ], [ 11.41593, 3.780475 ], [ 11.415978, 3.780815 ], [ 11.415999, 3.781048 ], [ 11.41604, 3.781323 ], [ 11.416027, 3.781529 ], [ 11.415979, 3.781881 ], [ 11.415958, 3.782144 ], [ 11.415939, 3.782384 ], [ 11.415866, 3.783123 ], [ 11.415819, 3.783648 ], [ 11.415822, 3.78381 ], [ 11.415842, 3.783949 ], [ 11.415878, 3.784105 ], [ 11.41594, 3.784307 ], [ 11.416014, 3.78448 ], [ 11.416088, 3.784619 ], [ 11.416196, 3.784808 ], [ 11.416453, 3.785217 ], [ 11.416654, 3.785504 ], [ 11.416894, 3.785858 ], [ 11.417098, 3.786127 ], [ 11.417364, 3.786469 ], [ 11.41779, 3.78698 ], [ 11.418132, 3.78736 ], [ 11.418513, 3.787751 ], [ 11.418663, 3.7879 ], [ 11.418897, 3.788117 ], [ 11.419375, 3.788535 ], [ 11.419451, 3.788602 ], [ 11.4195, 3.788644 ], [ 11.419735, 3.788849 ], [ 11.420009, 3.789068 ] ] } },
{ "type": "Feature", "properties": { "nom": "Place de Nkondongo", "classe": "secondary" }, "geometry": { "type": "LineString", "coordinates": [ [ 11.52563, 3.855526 ], [ 11.525597, 3.855538 ], [ 11.525563, 3.855537 ], [ 11.525541, 3.855529 ], [ 11.525522, 3.855516 ], [ 11.525506, 3.855499 ], [ 11.525495, 3.855476 ], [ 11.52549, 3.85545 ], [ 11.525492, 3.855425 ], [ 11.525502, 3.855401 ], [ 11.525517, 3.85538 ], [ 11.525537, 3.855365 ], [ 11.525561, 3.855355 ], [ 11.525587, 3.855353 ], [ 11.525612, 3.855357 ], [ 11.525635, 3.855368 ], [ 11.525654, 3.855385 ], [ 11.525668, 3.855407 ], [ 11.525676, 3.85544 ], [ 11.525672, 3.855474 ], [ 11.525656, 3.855504 ], [ 11.52563, 3.855526 ] ] } },
{ "type": "Feature", "properties": { "nom": "Rue 5.770", "classe": "secondary" }, "geometry": { "type": "LineString", "coordinates": [ [ 11.535557, 3.9115 ], [ 11.534917, 3.912211 ], [ 11.534901, 3.912229 ], [ 11.534685, 3.912481 ], [ 11.534217, 3.913013 ], [ 11.534051, 3.913191 ], [ 11.533538, 3.913842 ], [ 11.533465, 3.9139 ], [ 11.533404, 3.913946 ], [ 11.533319, 3.914007 ], [ 11.532929, 3.914262 ], [ 11.532691, 3.914408 ], [ 11.532514, 3.914511 ], [ 11.532174, 3.91472 ], [ 11.532084, 3.914773 ], [ 11.532028, 3.91481 ], [ 11.531904, 3.914883 ], [ 11.531763, 3.914959 ], [ 11.531463, 3.915141 ], [ 11.531347, 3.915228 ], [ 11.531173, 3.915334 ], [ 11.53101, 3.915462 ], [ 11.530836, 3.915609 ], [ 11.530718, 3.915722 ], [ 11.530535, 3.915946 ], [ 11.530269, 3.916321 ], [ 11.530174, 3.916459 ], [ 11.529992, 3.916706 ], [ 11.529927, 3.916786 ], [ 11.529865, 3.916845 ], [ 11.529785, 3.916911 ], [ 11.529706, 3.916961 ], [ 11.529643, 3.916992 ], [ 11.529579, 3.917036 ], [ 11.529007, 3.917265 ], [ 11.528577, 3.917436 ], [ 11.52814, 3.917613 ], [ 11.527938, 3.917685 ], [ 11.527747, 3.917742 ], [ 11.527659, 3.917753 ], [ 11.527574, 3.917762 ], [ 11.527481, 3.917759 ], [ 11.52739, 3.917745 ], [ 11.527251, 3.917714 ], [ 11.527127, 3.917671 ], [ 11.527011, 3.917604 ], [ 11.526884, 3.917538 ], [ 11.526593, 3.917353 ], [ 11.526356, 3.917202 ], [ 11.526287, 3.917156 ], [ 11.526251, 3.917132 ], [ 11.52563, 3.916719 ], [ 11.525452, 3.916597 ], [ 11.525179, 3.916409 ], [ 11.525043, 3.916316 ], [ 11.524982, 3.916274 ], [ 11.524855, 3.916187 ], [ 11.524631, 3.91603 ], [ 11.524192, 3.915729 ] ] } },
{ "type": "Feature", "properties": { "nom": "Boulevard de l'URSS", "classe": "tertiary" }, "geometry": { "type": "LineString", "coordinates": [ [ 11.513296, 3.893917 ], [ 11.513256, 3.893877 ], [ 11.513236, 3.893839 ], [ 11.513225, 3.893764 ], [ 11.513228, 3.893416 ], [ 11.513229, 3.893274 ], [ 11.513239, 3.892442 ], [ 11.513247, 3.892285 ], [ 11.513251, 3.892225 ] ] } },
{ "type": "Feature", "properties": { "nom": "Boulevard de l'U.R.S.S.", "classe": "tertiary" }, "geometry": { "type": "LineString", "coordinates": [ [ 11.514539, 3.890114 ], [ 11.516119, 3.89102 ], [ 11.51676, 3.891395 ], [ 11.517155, 3.891615 ], [ 11.517221, 3.891653 ], [ 11.517502, 3.891816 ], [ 11.517708, 3.891983 ], [ 11.517765, 3.892037 ], [ 11.517789, 3.892088 ], [ 11.51793, 3.892511 ], [ 11.518017, 3.892975 ], [ 11.518014, 3.893105 ], [ 11.517998, 3.893214 ], [ 11.517964, 3.893287 ], [ 11.517924, 3.893343 ], [ 11.517724, 3.893566 ], [ 11.517285, 3.894039 ], [ 11.517064, 3.894287 ], [ 11.51696, 3.894362 ], [ 11.51685, 3.894415 ], [ 11.516782, 3.89442 ], [ 11.516663, 3.894417 ], [ 11.516511, 3.894394 ], [ 11.516414, 3.894381 ], [ 11.515776, 3.894307 ], [ 11.514527, 3.894141 ] ] } },
{ "type": "Feature", "properties": { "nom": "Rue 1.891", "classe": "tertiary" }, "geometry": { "type": "LineString", "coordinates": [ [ 11.51258, 3.905004 ], [ 11.512915, 3.90451 ], [ 11.513047, 3.904299 ], [ 11.513138, 3.904138 ], [ 11.513374, 3.903728 ], [ 11.513376, 3.903698 ], [ 11.513353, 3.903669 ], [ 11.513201, 3.903576 ], [ 11.51286, 3.903392 ], [ 11.512529, 3.90317 ], [ 11.512489, 3.903134 ], [ 11.512405, 3.903037 ], [ 11.512349, 3.90294 ], [ 11.512329, 3.90288 ] ] } },
{ "type": "Feature", "properties": { "nom": "Rue Noah Tsogo", "classe": "secondary" }, "geometry": { "type": "LineString", "coordinates": [ [ 11.529995, 3.88924 ], [ 11.529931, 3.88953 ], [ 11.52986, 3.889819 ], [ 11.529776, 3.890158 ], [ 11.529703, 3.890443 ], [ 11.529657, 3.89067 ], [ 11.529645, 3.890824 ], [ 11.529615, 3.89113 ], [ 11.529622, 3.891635 ], [ 11.529615, 3.891822 ], [ 11.529612, 3.892086 ], [ 11.529621, 3.892754 ], [ 11.529626, 3.892886 ], [ 11.529635, 3.893113 ], [ 11.529665, 3.893451 ], [ 11.529717, 3.893713 ], [ 11.529778, 3.893963 ], [ 11.529788, 3.893991 ], [ 11.529862, 3.894252 ], [ 11.529884, 3.894337 ], [ 11.529969, 3.894649 ], [ 11.529995, 3.894798 ], [ 11.530007, 3.894866 ], [ 11.530029, 3.895012 ], [ 11.530041, 3.895105 ], [ 11.530068, 3.895288 ], [ 11.530101, 3.895505 ], [ 11.530131, 3.895652 ], [ 11.530153, 3.895749 ], [ 11.530226, 3.895988 ], [ 11.530302, 3.896188 ], [ 11.530351, 3.8963 ], [ 11.530388, 3.896381 ], [ 11.53058, 3.896707 ], [ 11.530633, 3.896791 ], [ 11.530781, 3.896982 ], [ 11.531112, 3.897428 ], [ 11.531396, 3.897801 ], [ 11.531543, 3.897996 ], [ 11.531691, 3.898199 ], [ 11.53192, 3.898484 ], [ 11.532145, 3.898799 ], [ 11.532318, 3.899014 ], [ 11.532726, 3.89952 ], [ 11.532914, 3.899791 ], [ 11.533091, 3.900056 ], [ 11.533163, 3.90018 ], [ 11.53345, 3.900696 ], [ 11.533514, 3.900811 ], [ 11.533693, 3.901148 ], [ 11.53382, 3.901403 ], [ 11.533987, 3.901779 ], [ 11.534056, 3.901934 ], [ 11.534102, 3.902143 ], [ 11.534114, 3.902323 ], [ 11.534106, 3.902586 ], [ 11.534088, 3.902827 ], [ 11.534051, 3.903259 ], [ 11.53403, 3.903497 ], [ 11.534004, 3.903744 ], [ 11.533975, 3.903957 ], [ 11.533943, 3.904128 ], [ 11.533893, 3.904284 ], [ 11.533817, 3.904447 ], [ 11.533765, 3.904539 ], [ 11.533676, 3.904689 ], [ 11.533445, 3.905053 ], [ 11.533169, 3.905488 ], [ 11.53276, 3.906116 ], [ 11.532611, 3.906263 ], [ 11.532498, 3.906318 ], [ 11.532323, 3.906342 ], [ 11.532114, 3.906352 ], [ 11.531895, 3.906346 ], [ 11.531088, 3.906298 ], [ 11.530984, 3.906306 ], [ 11.530775, 3.906374 ], [ 11.530617, 3.906444 ], [ 11.530481, 3.906533 ], [ 11.530343, 3.906684 ], [ 11.530182, 3.906895 ], [ 11.530021, 3.907113 ], [ 11.52977, 3.907446 ], [ 11.529603, 3.907639 ], [ 11.529461, 3.907803 ], [ 11.529261, 3.908003 ], [ 11.529026, 3.908209 ], [ 11.528844, 3.908356 ], [ 11.528422, 3.908686 ], [ 11.528082, 3.90897 ], [ 11.527978, 3.909077 ], [ 11.527897, 3.90916 ], [ 11.527768, 3.909302 ], [ 11.527697, 3.909423 ], [ 11.52766, 3.909536 ], [ 11.527646, 3.909593 ], [ 11.527637, 3.909694 ], [ 11.527633, 3.90989 ], [ 11.527633, 3.910127 ], [ 11.527634, 3.910274 ], [ 11.527637, 3.910654 ], [ 11.527622, 3.910937 ], [ 11.527596, 3.911122 ] ] } },
{ "type": "Feature", "properties": { "nom": "Rue 1.677", "classe": "secondary" }, "geometry": { "type": "LineString", "coordinates": [ [ 11.526092, 3.903816 ], [ 11.52609, 3.903911 ], [ 11.526087, 3.904055 ], [ 11.526079, 3.904093 ], [ 11.526039, 3.904287 ], [ 11.525906, 3.904678 ], [ 11.525841, 3.904873 ], [ 11.525667, 3.905416 ], [ 11.525641, 3.905498 ], [ 11.525547, 3.905825 ], [ 11.525303, 3.906662 ], [ 11.52526, 3.906887 ], [ 11.525237, 3.907063 ], [ 11.525169, 3.907704 ], [ 11.525165, 3.907743 ], [ 11.525135, 3.908011 ], [ 11.525093, 3.908376 ], [ 11.525078, 3.908509 ], [ 11.52504, 3.908859 ], [ 11.525009, 3.909129 ], [ 11.524921, 3.90988 ], [ 11.524898, 3.910114 ] ] } },
{ "type": "Feature", "properties": { "nom": "Rue 4.766", "classe": "tertiary" }, "geometry": { "type": "LineString", "coordinates": [ [ 11.570616, 3.878896 ], [ 11.570722, 3.878923 ], [ 11.5708, 3.878942 ], [ 11.570949, 3.878964 ], [ 11.571226, 3.879021 ], [ 11.571396, 3.879071 ], [ 11.57168, 3.879153 ], [ 11.571799, 3.879178 ], [ 11.572195, 3.879266 ], [ 11.572561, 3.879341 ], [ 11.572731, 3.87939 ], [ 11.573002, 3.879485 ], [ 11.573327, 3.879666 ], [ 11.573459, 3.879739 ], [ 11.573689, 3.879865 ], [ 11.574061, 3.880068 ], [ 11.57448, 3.880253 ], [ 11.574536, 3.880275 ], [ 11.57474, 3.880358 ], [ 11.57513, 3.880507 ], [ 11.575225, 3.880548 ], [ 11.575356, 3.880603 ], [ 11.575792, 3.880786 ], [ 11.575952, 3.880879 ], [ 11.576066, 3.880968 ], [ 11.576306, 3.88121 ], [ 11.576551, 3.881543 ], [ 11.576648, 3.881703 ], [ 11.576709, 3.88182 ], [ 11.576757, 3.881913 ], [ 11.576797, 3.881997 ], [ 11.576821, 3.882077 ], [ 11.576905, 3.882354 ], [ 11.576974, 3.882582 ], [ 11.577051, 3.882812 ], [ 11.577165, 3.883184 ], [ 11.577222, 3.883386 ], [ 11.577253, 3.883543 ], [ 11.577255, 3.883666 ], [ 11.577256, 3.883904 ], [ 11.577258, 3.884135 ], [ 11.577262, 3.884425 ], [ 11.577218, 3.884611 ], [ 11.577178, 3.884706 ], [ 11.577159, 3.884752 ], [ 11.576542, 3.885867 ], [ 11.576197, 3.88657 ] ] } },
{ "type": "Feature", "properties": { "nom": "Rue Jean Abanda Bili", "classe": "primary" }, "geometry": { "type": "LineString", "coordinates": [ [ 11.549743, 3.878891 ], [ 11.54956, 3.878677 ], [ 11.549279, 3.878393 ], [ 11.549107, 3.878214 ], [ 11.548944, 3.878086 ], [ 11.547866, 3.87737 ], [ 11.546887, 3.876698 ], [ 11.545906, 3.876083 ], [ 11.545522, 3.875926 ] ] } },
{ "type": "Feature", "properties": { "nom": "", "classe": "trunk" }, "geometry": { "type": "LineString", "coordinates": [ [ 11.536662, 3.720893 ], [ 11.536539, 3.720841 ], [ 11.536358, 3.720777 ], [ 11.53604, 3.720694 ] ] } },
{ "type": "Feature", "properties": { "nom": "Rue 8.253", "classe": "trunk" }, "geometry": { "type": "LineString", "coordinates": [ [ 11.522801, 3.800036 ], [ 11.522683, 3.79989 ], [ 11.522616, 3.799811 ], [ 11.522503, 3.799691 ], [ 11.522431, 3.799613 ], [ 11.522351, 3.799513 ] ] } },
{ "type": "Feature", "properties": { "nom": "Rue 8.253", "classe": "trunk" }, "geometry": { "type": "LineString", "coordinates": [ [ 11.522445, 3.799379 ], [ 11.522571, 3.79958 ], [ 11.522677, 3.799749 ], [ 11.52273, 3.799841 ], [ 11.52283, 3.799995 ] ] } },
{ "type": "Feature", "properties": { "nom": "Rue 4.751", "classe": "secondary" }, "geometry": { "type": "LineString", "coordinates": [ [ 11.5489, 3.865271 ], [ 11.548925, 3.865425 ], [ 11.54905, 3.866038 ], [ 11.549264, 3.867083 ] ] } },
{ "type": "Feature", "properties": { "nom": "", "classe": "secondary" }, "geometry": { "type": "LineString", "coordinates": [ [ 11.549269, 3.867253 ], [ 11.549236, 3.867235 ], [ 11.549214, 3.867206 ], [ 11.549205, 3.86717 ], [ 11.549211, 3.867133 ], [ 11.549232, 3.867102 ], [ 11.549264, 3.867083 ], [ 11.549297, 3.867077 ], [ 11.54933, 3.867085 ], [ 11.549358, 3.867104 ], [ 11.549377, 3.867132 ], [ 11.549384, 3.867164 ], [ 11.549379, 3.867196 ], [ 11.549363, 3.867224 ], [ 11.549337, 3.867245 ], [ 11.549306, 3.867255 ], [ 11.549269, 3.867253 ] ] } },
{ "type": "Feature", "properties": { "nom": "Rue 3.007", "classe": "primary" }, "geometry": { "type": "LineString", "coordinates": [ [ 11.520815, 3.85832 ], [ 11.520817, 3.858197 ], [ 11.520818, 3.858097 ], [ 11.520819, 3.858064 ], [ 11.520818, 3.857925 ], [ 11.520816, 3.857893 ], [ 11.520824, 3.857662 ], [ 11.520827, 3.857518 ], [ 11.520823, 3.857302 ], [ 11.520821, 3.857056 ], [ 11.520824, 3.856947 ], [ 11.520824, 3.856858 ] ] } },
{ "type": "Feature", "properties": { "nom": "Rue 3.018", "classe": "tertiary" }, "geometry": { "type": "LineString", "coordinates": [ [ 11.519485, 3.85836 ], [ 11.519448, 3.858421 ], [ 11.519409, 3.858457 ], [ 11.519372, 3.858486 ], [ 11.519321, 3.858508 ], [ 11.519209, 3.858536 ], [ 11.519034, 3.858573 ], [ 11.518867, 3.858609 ], [ 11.518813, 3.858615 ], [ 11.51876, 3.858612 ], [ 11.518722, 3.858599 ] ] } },
{ "type": "Feature", "properties": { "nom": "", "classe": "tertiary" }, "geometry": { "type": "LineString", "coordinates": [ [ 11.485154, 3.700438 ], [ 11.484804, 3.700352 ], [ 11.484459, 3.700417 ], [ 11.483667, 3.700593 ], [ 11.482978, 3.70096 ], [ 11.482274, 3.701192 ], [ 11.481662, 3.701211 ], [ 11.480938, 3.701275 ], [ 11.480624, 3.701198 ], [ 11.480267, 3.701049 ], [ 11.480194, 3.700719 ], [ 11.480219, 3.700429 ], [ 11.480322, 3.699574 ], [ 11.480855, 3.699242 ], [ 11.481906, 3.6984 ], [ 11.482336, 3.698038 ], [ 11.482621, 3.697674 ], [ 11.482791, 3.697112 ], [ 11.482639, 3.696534 ], [ 11.482415, 3.696142 ], [ 11.482474, 3.695707 ], [ 11.482397, 3.695249 ], [ 11.482451, 3.69479 ], [ 11.482466, 3.694648 ], [ 11.4825, 3.694512 ], [ 11.482638, 3.694333 ], [ 11.48274, 3.694145 ], [ 11.482795, 3.693799 ], [ 11.482893, 3.691797 ], [ 11.483064, 3.691578 ], [ 11.483394, 3.691315 ], [ 11.483941, 3.691056 ], [ 11.484215, 3.690845 ], [ 11.484537, 3.690425 ] ] } },
{ "type": "Feature", "properties": { "nom": "Autoroute Yaoundé-Nsimalen", "classe": "motorway" }, "geometry": { "type": "LineString", "coordinates": [ [ 11.513348, 3.752477 ], [ 11.513573, 3.753082 ], [ 11.513711, 3.753515 ], [ 11.513866, 3.754078 ], [ 11.514007, 3.754762 ], [ 11.514097, 3.755476 ], [ 11.514138, 3.75604 ], [ 11.514137, 3.756608 ], [ 11.514103, 3.757231 ], [ 11.514043, 3.757786 ], [ 11.51394, 3.758357 ], [ 11.511416, 3.768129 ], [ 11.51126, 3.768803 ], [ 11.510473, 3.773524 ], [ 11.510373, 3.774085 ], [ 11.510231, 3.774681 ], [ 11.510096, 3.77507 ], [ 11.509907, 3.77562 ], [ 11.509532, 3.776515 ], [ 11.508955, 3.77745 ], [ 11.508593, 3.777911 ] ] } },
{ "type": "Feature", "properties": { "nom": "Autoroute Yaoundé-Nsimalen", "classe": "motorway" }, "geometry": { "type": "LineString", "coordinates": [ [ 11.50195, 3.796174 ], [ 11.502025, 3.797056 ], [ 11.502021, 3.797291 ], [ 11.502013, 3.798168 ] ] } },
{ "type": "Feature", "properties": { "nom": "Boulevard du 20 Mai 1972", "classe": "trunk" }, "geometry": { "type": "LineString", "coordinates": [ [ 11.521575, 3.860462 ], [ 11.521539, 3.860528 ], [ 11.521436, 3.860674 ], [ 11.521285, 3.860828 ], [ 11.520856, 3.861197 ] ] } },
{ "type": "Feature", "properties": { "nom": "Boulevard du 20 Mai 1972", "classe": "trunk" }, "geometry": { "type": "LineString", "coordinates": [ [ 11.520804, 3.86115 ], [ 11.521163, 3.86084 ], [ 11.521401, 3.860605 ], [ 11.521513, 3.860446 ] ] } },
{ "type": "Feature", "properties": { "nom": "Boulevard du 20 Mai 1972", "classe": "trunk" }, "geometry": { "type": "LineString", "coordinates": [ [ 11.521513, 3.860446 ], [ 11.521631, 3.860285 ] ] } },
{ "type": "Feature", "properties": { "nom": "", "classe": "tertiary" }, "geometry": { "type": "LineString", "coordinates": [ [ 11.445849, 3.769751 ], [ 11.445515, 3.769473 ], [ 11.445161, 3.76918 ], [ 11.444935, 3.768983 ], [ 11.444763, 3.768794 ], [ 11.444637, 3.768617 ], [ 11.44449, 3.768341 ], [ 11.444208, 3.767803 ], [ 11.443953, 3.76731 ], [ 11.443757, 3.766929 ], [ 11.443601, 3.766615 ], [ 11.443249, 3.765947 ], [ 11.443158, 3.76575 ], [ 11.44307, 3.765516 ], [ 11.442989, 3.765221 ], [ 11.442948, 3.764957 ], [ 11.442936, 3.764687 ], [ 11.442948, 3.764453 ], [ 11.442958, 3.764356 ], [ 11.443008, 3.764087 ], [ 11.443106, 3.763751 ], [ 11.443236, 3.763469 ], [ 11.443406, 3.763184 ], [ 11.443589, 3.762923 ], [ 11.443826, 3.762626 ], [ 11.444075, 3.762319 ], [ 11.444284, 3.762114 ], [ 11.444483, 3.76197 ], [ 11.444603, 3.761906 ], [ 11.444795, 3.761818 ], [ 11.445108, 3.76174 ], [ 11.445327, 3.761723 ], [ 11.445793, 3.761721 ], [ 11.4462, 3.761711 ], [ 11.446763, 3.761694 ], [ 11.44698, 3.761707 ], [ 11.447196, 3.761759 ], [ 11.447463, 3.761858 ], [ 11.447556, 3.761904 ], [ 11.447704, 3.762012 ], [ 11.44783, 3.762111 ], [ 11.447953, 3.76222 ], [ 11.448154, 3.762463 ], [ 11.448445, 3.762884 ], [ 11.449141, 3.763888 ], [ 11.449251, 3.764051 ], [ 11.449363, 3.764198 ], [ 11.449522, 3.764347 ], [ 11.449692, 3.764445 ], [ 11.449884, 3.764502 ], [ 11.450082, 3.764527 ], [ 11.450386, 3.764521 ], [ 11.450627, 3.764479 ], [ 11.450903, 3.764426 ], [ 11.4512, 3.764387 ], [ 11.451401, 3.764402 ], [ 11.451599, 3.76445 ], [ 11.451763, 3.764528 ], [ 11.451809, 3.764559 ], [ 11.451868, 3.764598 ], [ 11.452031, 3.764764 ], [ 11.452113, 3.764875 ], [ 11.452186, 3.765009 ], [ 11.45224, 3.765124 ], [ 11.452378, 3.765422 ], [ 11.452539, 3.765798 ], [ 11.452935, 3.766743 ], [ 11.45311, 3.767175 ], [ 11.453176, 3.767337 ], [ 11.453225, 3.767423 ], [ 11.453286, 3.767523 ], [ 11.453464, 3.767733 ], [ 11.453805, 3.767999 ], [ 11.45408, 3.768199 ], [ 11.454211, 3.768264 ], [ 11.454335, 3.768298 ], [ 11.454516, 3.76828 ], [ 11.454675, 3.768231 ], [ 11.454896, 3.768089 ], [ 11.455277, 3.767829 ], [ 11.455495, 3.767689 ], [ 11.455655, 3.767643 ], [ 11.45608, 3.767621 ], [ 11.456349, 3.767596 ], [ 11.456548, 3.767575 ] ] } },
{ "type": "Feature", "properties": { "nom": "", "classe": "tertiary" }, "geometry": { "type": "LineString", "coordinates": [ [ 11.390062, 3.880314 ], [ 11.390725, 3.880595 ], [ 11.391063, 3.880737 ], [ 11.391331, 3.880774 ], [ 11.391755, 3.880696 ], [ 11.392415, 3.880548 ], [ 11.392999, 3.880415 ], [ 11.393707, 3.880279 ], [ 11.39382, 3.880333 ], [ 11.393933, 3.880536 ], [ 11.39411, 3.880747 ], [ 11.394398, 3.880858 ], [ 11.394664, 3.880978 ], [ 11.394981, 3.881184 ], [ 11.395271, 3.881462 ], [ 11.395499, 3.881751 ], [ 11.395735, 3.88201 ], [ 11.395947, 3.882148 ], [ 11.396223, 3.882224 ], [ 11.396529, 3.882282 ], [ 11.396772, 3.882409 ], [ 11.397107, 3.882678 ], [ 11.397371, 3.882786 ], [ 11.397634, 3.882811 ], [ 11.3978, 3.88284 ], [ 11.398034, 3.882974 ], [ 11.398211, 3.883097 ], [ 11.398324, 3.883177 ], [ 11.398416, 3.883185 ], [ 11.398664, 3.883117 ], [ 11.398876, 3.883039 ], [ 11.3991, 3.883007 ], [ 11.399286, 3.882935 ], [ 11.399516, 3.882709 ], [ 11.400005, 3.882412 ], [ 11.400357, 3.882182 ], [ 11.400807, 3.881949 ], [ 11.401175, 3.881874 ], [ 11.401371, 3.881906 ], [ 11.40162, 3.881968 ], [ 11.402266, 3.882332 ], [ 11.402497, 3.882457 ], [ 11.402663, 3.882444 ], [ 11.4028, 3.882423 ], [ 11.403039, 3.88231 ], [ 11.403291, 3.882029 ], [ 11.403546, 3.881716 ], [ 11.403696, 3.881585 ], [ 11.403886, 3.881473 ], [ 11.404222, 3.881371 ], [ 11.404568, 3.881224 ], [ 11.404932, 3.881007 ], [ 11.405174, 3.880916 ], [ 11.405506, 3.880745 ], [ 11.405844, 3.880517 ], [ 11.40603, 3.880367 ], [ 11.406223, 3.880124 ], [ 11.406544, 3.879535 ], [ 11.406797, 3.879048 ], [ 11.406912, 3.878896 ], [ 11.407089, 3.878751 ], [ 11.407322, 3.878617 ], [ 11.407564, 3.878457 ], [ 11.407762, 3.878307 ], [ 11.407867, 3.878186 ], [ 11.408017, 3.877793 ], [ 11.408138, 3.877456 ], [ 11.408229, 3.877247 ], [ 11.40847, 3.877003 ], [ 11.40862, 3.876773 ], [ 11.408851, 3.876575 ], [ 11.408926, 3.876423 ], [ 11.408912, 3.876062 ], [ 11.408902, 3.875791 ], [ 11.408883, 3.875491 ], [ 11.40884, 3.875103 ], [ 11.408828, 3.874878 ], [ 11.408822, 3.874772 ], [ 11.408878, 3.874515 ], [ 11.409057, 3.874131 ], [ 11.409228, 3.873863 ], [ 11.409288, 3.873626 ], [ 11.409367, 3.873484 ], [ 11.409275, 3.87289 ], [ 11.409329, 3.872497 ], [ 11.409384, 3.872037 ], [ 11.409397, 3.87194 ], [ 11.409574, 3.871873 ], [ 11.409758, 3.87188 ], [ 11.410283, 3.871963 ], [ 11.410496, 3.872028 ] ] } },
{ "type": "Feature", "properties": { "nom": "", "classe": "trunk" }, "geometry": { "type": "LineString", "coordinates": [ [ 11.532446, 3.954747 ], [ 11.532585, 3.954626 ], [ 11.532863, 3.954401 ], [ 11.533327, 3.954027 ], [ 11.533945, 3.953526 ], [ 11.534204, 3.953307 ], [ 11.534509, 3.953062 ], [ 11.534674, 3.952901 ], [ 11.534801, 3.952764 ], [ 11.534914, 3.952638 ], [ 11.535127, 3.952366 ], [ 11.535304, 3.952111 ], [ 11.535508, 3.951754 ], [ 11.535659, 3.951402 ], [ 11.535785, 3.951067 ], [ 11.535846, 3.950841 ], [ 11.535958, 3.950258 ], [ 11.535977, 3.950049 ], [ 11.535993, 3.949616 ], [ 11.536007, 3.949257 ], [ 11.536005, 3.94856 ], [ 11.536016, 3.948029 ], [ 11.536005, 3.947585 ], [ 11.535987, 3.947415 ], [ 11.535953, 3.9471 ], [ 11.535868, 3.946659 ], [ 11.53567, 3.945841 ], [ 11.535533, 3.94522 ] ] } },
{ "type": "Feature", "properties": { "nom": "", "classe": "tertiary" }, "geometry": { "type": "LineString", "coordinates": [ [ 11.535343, 3.94051 ], [ 11.535313, 3.940698 ], [ 11.535606, 3.942436 ], [ 11.53569, 3.942949 ], [ 11.535707, 3.943069 ], [ 11.535728, 3.943199 ], [ 11.535742, 3.943487 ], [ 11.535745, 3.943669 ], [ 11.535719, 3.944077 ], [ 11.535658, 3.944889 ] ] } },
{ "type": "Feature", "properties": { "nom": "", "classe": "trunk" }, "geometry": { "type": "LineString", "coordinates": [ [ 11.535659, 3.94523 ], [ 11.535692, 3.945595 ], [ 11.535769, 3.945937 ], [ 11.536001, 3.946884 ], [ 11.536028, 3.947064 ], [ 11.536042, 3.947204 ], [ 11.536065, 3.947427 ], [ 11.536083, 3.947933 ], [ 11.536068, 3.949621 ], [ 11.536056, 3.950021 ], [ 11.536015, 3.950359 ], [ 11.53595, 3.950731 ], [ 11.535859, 3.951087 ], [ 11.53584, 3.951145 ], [ 11.535783, 3.951317 ], [ 11.535579, 3.951766 ], [ 11.535484, 3.951956 ], [ 11.535419, 3.952062 ], [ 11.535359, 3.952161 ], [ 11.535202, 3.952396 ], [ 11.53506, 3.952567 ], [ 11.534845, 3.952837 ], [ 11.534593, 3.953102 ], [ 11.534251, 3.953379 ], [ 11.533998, 3.953587 ], [ 11.533096, 3.954329 ], [ 11.532517, 3.954809 ] ] } },
{ "type": "Feature", "properties": { "nom": "", "classe": "tertiary" }, "geometry": { "type": "LineString", "coordinates": [ [ 11.547654, 3.940029 ], [ 11.547529, 3.940027 ], [ 11.547277, 3.940034 ], [ 11.546743, 3.940031 ], [ 11.546218, 3.940041 ], [ 11.545873, 3.940043 ], [ 11.545197, 3.940067 ], [ 11.544173, 3.940145 ], [ 11.542585, 3.940277 ], [ 11.541273, 3.940344 ], [ 11.54071, 3.940365 ], [ 11.53942, 3.940371 ], [ 11.538111, 3.94038 ], [ 11.535616, 3.9404 ], [ 11.535469, 3.94042 ], [ 11.53537, 3.940477 ] ] } },
{ "type": "Feature", "properties": { "nom": "", "classe": "trunk" }, "geometry": { "type": "LineString", "coordinates": [ [ 11.535533, 3.94522 ], [ 11.535473, 3.945174 ], [ 11.535438, 3.945108 ], [ 11.535431, 3.945048 ], [ 11.535445, 3.94499 ], [ 11.535493, 3.944925 ], [ 11.535543, 3.944895 ], [ 11.5356, 3.944882 ], [ 11.535658, 3.944889 ], [ 11.535729, 3.944929 ], [ 11.535775, 3.944997 ], [ 11.535786, 3.945051 ], [ 11.53578, 3.945106 ], [ 11.535755, 3.945161 ], [ 11.535713, 3.945203 ], [ 11.535659, 3.94523 ], [ 11.535595, 3.945237 ], [ 11.535533, 3.94522 ] ] } },
{ "type": "Feature", "properties": { "nom": "", "classe": "secondary" }, "geometry": { "type": "LineString", "coordinates": [ [ 11.512996, 3.852898 ], [ 11.513082, 3.852864 ], [ 11.513177, 3.852857 ] ] } },
{ "type": "Feature", "properties": { "nom": "", "classe": "tertiary" }, "geometry": { "type": "LineString", "coordinates": [ [ 11.520816, 3.857893 ], [ 11.520954, 3.857883 ] ] } },
{ "type": "Feature", "properties": { "nom": "", "classe": "secondary" }, "geometry": { "type": "LineString", "coordinates": [ [ 11.515094, 3.82122 ], [ 11.514152, 3.821629 ], [ 11.514038, 3.821678 ], [ 11.513889, 3.821775 ], [ 11.513802, 3.821838 ], [ 11.513642, 3.822001 ], [ 11.513482, 3.822239 ], [ 11.513229, 3.822669 ], [ 11.512843, 3.823303 ], [ 11.512717, 3.823545 ], [ 11.512632, 3.823794 ], [ 11.512582, 3.82405 ], [ 11.512557, 3.824346 ], [ 11.512577, 3.824641 ], [ 11.512623, 3.824841 ], [ 11.512711, 3.825075 ], [ 11.512861, 3.825361 ], [ 11.513243, 3.826013 ], [ 11.513363, 3.826319 ], [ 11.513437, 3.826598 ], [ 11.513465, 3.826789 ], [ 11.513466, 3.826962 ], [ 11.513458, 3.827168 ], [ 11.513421, 3.827458 ], [ 11.513342, 3.82776 ], [ 11.513205, 3.828128 ], [ 11.512948, 3.828766 ], [ 11.512868, 3.828995 ], [ 11.512808, 3.829191 ], [ 11.512781, 3.829404 ], [ 11.512774, 3.829974 ], [ 11.512773, 3.830007 ] ] } },
{ "type": "Feature", "properties": { "nom": "", "classe": "secondary" }, "geometry": { "type": "LineString", "coordinates": [ [ 11.514997, 3.833893 ], [ 11.514894, 3.834032 ], [ 11.51468, 3.834276 ], [ 11.51426, 3.834715 ], [ 11.514107, 3.834943 ], [ 11.513637, 3.836061 ], [ 11.513437, 3.836532 ], [ 11.513264, 3.836881 ], [ 11.513137, 3.837189 ], [ 11.513079, 3.837415 ], [ 11.513025, 3.837653 ], [ 11.512962, 3.837943 ], [ 11.512936, 3.83813 ], [ 11.512905, 3.838326 ], [ 11.51286, 3.838524 ], [ 11.512817, 3.838715 ], [ 11.512804, 3.838841 ], [ 11.512816, 3.838953 ], [ 11.512842, 3.839073 ], [ 11.512879, 3.839217 ], [ 11.512937, 3.839431 ], [ 11.51302, 3.839735 ], [ 11.51309, 3.839984 ], [ 11.513121, 3.840108 ], [ 11.513153, 3.840225 ], [ 11.513241, 3.840641 ], [ 11.513294, 3.840854 ], [ 11.51335, 3.84106 ], [ 11.513391, 3.841216 ], [ 11.513452, 3.841367 ], [ 11.513667, 3.841841 ], [ 11.513757, 3.842056 ] ] } },
{ "type": "Feature", "properties": { "nom": "Rue 8.013", "classe": "tertiary" }, "geometry": { "type": "LineString", "coordinates": [ [ 11.511876, 3.833404 ], [ 11.511995, 3.833293 ], [ 11.512072, 3.833219 ], [ 11.512156, 3.833141 ], [ 11.512187, 3.833108 ], [ 11.512226, 3.833056 ], [ 11.512256, 3.833 ], [ 11.512294, 3.832919 ], [ 11.512307, 3.832848 ], [ 11.512313, 3.832725 ], [ 11.512298, 3.832561 ], [ 11.512282, 3.832396 ], [ 11.512268, 3.832293 ], [ 11.51226, 3.83217 ], [ 11.512259, 3.832136 ], [ 11.512265, 3.83185 ], [ 11.512292, 3.831593 ], [ 11.512322, 3.831366 ], [ 11.512384, 3.831031 ], [ 11.512419, 3.830865 ], [ 11.512445, 3.830775 ], [ 11.512474, 3.83069 ], [ 11.512512, 3.830603 ], [ 11.512561, 3.830545 ], [ 11.512631, 3.830487 ], [ 11.5127, 3.830429 ] ] } },
{ "type": "Feature", "properties": { "nom": "", "classe": "trunk" }, "geometry": { "type": "LineString", "coordinates": [ [ 11.517311, 3.845101 ], [ 11.517253, 3.845038 ], [ 11.517229, 3.845015 ], [ 11.517164, 3.844939 ], [ 11.517136, 3.8449 ], [ 11.5171, 3.844853 ], [ 11.517042, 3.844767 ], [ 11.517004, 3.844637 ] ] } },
{ "type": "Feature", "properties": { "nom": "Rue 1.500", "classe": "primary" }, "geometry": { "type": "LineString", "coordinates": [ [ 11.531594, 3.886857 ], [ 11.531825, 3.886831 ], [ 11.531999, 3.886814 ], [ 11.532471, 3.886774 ], [ 11.533, 3.886712 ], [ 11.533955, 3.886585 ], [ 11.534426, 3.886548 ], [ 11.534812, 3.886493 ], [ 11.535211, 3.886418 ], [ 11.535785, 3.886304 ], [ 11.535956, 3.88626 ], [ 11.53606, 3.88623 ], [ 11.536165, 3.886202 ] ] } },
{ "type": "Feature", "properties": { "nom": "Rue 1.500", "classe": "primary" }, "geometry": { "type": "LineString", "coordinates": [ [ 11.531261, 3.88688 ], [ 11.531451, 3.886867 ], [ 11.531594, 3.886857 ] ] } },
{ "type": "Feature", "properties": { "nom": "Rue 1.074", "classe": "primary" }, "geometry": { "type": "LineString", "coordinates": [ [ 11.522488, 3.889037 ], [ 11.522678, 3.888989 ], [ 11.523079, 3.888907 ], [ 11.523427, 3.888847 ], [ 11.523585, 3.88881 ], [ 11.523806, 3.888744 ], [ 11.523906, 3.888707 ], [ 11.524233, 3.888579 ], [ 11.524653, 3.888414 ], [ 11.524806, 3.888354 ], [ 11.525359, 3.888114 ], [ 11.525747, 3.887907 ], [ 11.526143, 3.887674 ], [ 11.526701, 3.887363 ], [ 11.527002, 3.88719 ], [ 11.527299, 3.887038 ], [ 11.527599, 3.886922 ], [ 11.527803, 3.886873 ], [ 11.527963, 3.886845 ], [ 11.528252, 3.886814 ], [ 11.528444, 3.886812 ], [ 11.529135, 3.886829 ] ] } },
{ "type": "Feature", "properties": { "nom": "Rue 8.559", "classe": "secondary" }, "geometry": { "type": "LineString", "coordinates": [ [ 11.487858, 3.804708 ], [ 11.487923, 3.804793 ], [ 11.488019, 3.804903 ], [ 11.488479, 3.805342 ], [ 11.488753, 3.805619 ], [ 11.488844, 3.805761 ], [ 11.488883, 3.805873 ], [ 11.488896, 3.80597 ], [ 11.488895, 3.806063 ], [ 11.488882, 3.806174 ], [ 11.488868, 3.806387 ], [ 11.488857, 3.806553 ], [ 11.488853, 3.806716 ], [ 11.488868, 3.806967 ], [ 11.488884, 3.807148 ], [ 11.488903, 3.80729 ], [ 11.488949, 3.807513 ], [ 11.488982, 3.807638 ], [ 11.48903, 3.807793 ], [ 11.489085, 3.807926 ], [ 11.489228, 3.808266 ], [ 11.489371, 3.808558 ], [ 11.489497, 3.808752 ], [ 11.489991, 3.809315 ], [ 11.490224, 3.80958 ], [ 11.490388, 3.809797 ], [ 11.490613, 3.810095 ], [ 11.490798, 3.810405 ], [ 11.490866, 3.81053 ], [ 11.490911, 3.810723 ], [ 11.49092, 3.810839 ], [ 11.49092, 3.811002 ], [ 11.490911, 3.811156 ], [ 11.490884, 3.811294 ], [ 11.490862, 3.811388 ], [ 11.490732, 3.811634 ], [ 11.490612, 3.811785 ], [ 11.490512, 3.81188 ], [ 11.49037, 3.811999 ], [ 11.490212, 3.8121 ], [ 11.489979, 3.812233 ], [ 11.489795, 3.812338 ], [ 11.489669, 3.81241 ], [ 11.489431, 3.812601 ], [ 11.489346, 3.812725 ], [ 11.489289, 3.812816 ], [ 11.489217, 3.812944 ], [ 11.489163, 3.813081 ], [ 11.489139, 3.813201 ], [ 11.489103, 3.81336 ], [ 11.489085, 3.813517 ], [ 11.489067, 3.813752 ], [ 11.48906, 3.813855 ], [ 11.489045, 3.814192 ], [ 11.489048, 3.814613 ], [ 11.489095, 3.815036 ], [ 11.489136, 3.815333 ], [ 11.489154, 3.815457 ], [ 11.489188, 3.815638 ], [ 11.489198, 3.815729 ], [ 11.489202, 3.815807 ] ] } },
{ "type": "Feature", "properties": { "nom": "", "classe": "primary" }, "geometry": { "type": "LineString", "coordinates": [ [ 11.471351, 3.831322 ], [ 11.471374, 3.831313 ], [ 11.471398, 3.831309 ], [ 11.471429, 3.831314 ], [ 11.471455, 3.831328 ], [ 11.471477, 3.831351 ], [ 11.47149, 3.831378 ], [ 11.471493, 3.831408 ], [ 11.471488, 3.831436 ], [ 11.471474, 3.831462 ], [ 11.471453, 3.831481 ], [ 11.471428, 3.831494 ], [ 11.4714, 3.831499 ], [ 11.47137, 3.831494 ], [ 11.471339, 3.831489 ] ] } },
{ "type": "Feature", "properties": { "nom": "", "classe": "secondary" }, "geometry": { "type": "LineString", "coordinates": [ [ 11.489237, 3.816166 ], [ 11.489219, 3.816166 ], [ 11.489201, 3.816162 ], [ 11.489184, 3.816154 ], [ 11.489169, 3.816143 ], [ 11.489152, 3.81612 ], [ 11.489144, 3.816092 ], [ 11.489145, 3.816063 ], [ 11.489156, 3.816037 ], [ 11.489176, 3.816015 ], [ 11.489199, 3.816003 ], [ 11.489224, 3.815998 ], [ 11.48925, 3.816001 ], [ 11.489273, 3.816012 ], [ 11.489293, 3.816029 ], [ 11.489306, 3.81605 ], [ 11.489311, 3.816075 ], [ 11.48931, 3.8161 ], [ 11.489301, 3.816123 ], [ 11.489288, 3.81614 ], [ 11.489272, 3.816154 ], [ 11.489255, 3.816162 ], [ 11.489237, 3.816166 ] ] } },
{ "type": "Feature", "properties": { "nom": "Rue 4.561", "classe": "secondary" }, "geometry": { "type": "LineString", "coordinates": [ [ 11.553231, 3.869033 ], [ 11.55321, 3.86911 ], [ 11.553199, 3.869163 ], [ 11.553188, 3.869218 ], [ 11.55318, 3.869271 ] ] } },
{ "type": "Feature", "properties": { "nom": "", "classe": "primary" }, "geometry": { "type": "LineString", "coordinates": [ [ 11.552686, 3.868909 ], [ 11.552752, 3.868975 ], [ 11.552829, 3.869045 ], [ 11.552918, 3.869111 ] ] } },
{ "type": "Feature", "properties": { "nom": "", "classe": "secondary" }, "geometry": { "type": "LineString", "coordinates": [ [ 11.545314, 3.888442 ], [ 11.54532, 3.888827 ], [ 11.54534, 3.888974 ] ] } },
{ "type": "Feature", "properties": { "nom": "", "classe": "secondary" }, "geometry": { "type": "LineString", "coordinates": [ [ 11.54534, 3.888974 ], [ 11.545265, 3.888855 ], [ 11.545191, 3.88862 ], [ 11.545139, 3.888474 ] ] } },
{ "type": "Feature", "properties": { "nom": "", "classe": "primary" }, "geometry": { "type": "LineString", "coordinates": [ [ 11.545227, 3.888189 ], [ 11.545491, 3.888133 ] ] } },
{ "type": "Feature", "properties": { "nom": "", "classe": "primary" }, "geometry": { "type": "LineString", "coordinates": [ [ 11.545491, 3.888133 ], [ 11.545354, 3.888319 ] ] } },
{ "type": "Feature", "properties": { "nom": "", "classe": "primary" }, "geometry": { "type": "LineString", "coordinates": [ [ 11.544869, 3.888162 ], [ 11.545063, 3.888182 ], [ 11.545148, 3.888197 ] ] } },
{ "type": "Feature", "properties": { "nom": "", "classe": "primary" }, "geometry": { "type": "LineString", "coordinates": [ [ 11.545056, 3.88831 ], [ 11.54492, 3.888199 ], [ 11.544869, 3.888162 ] ] } },
{ "type": "Feature", "properties": { "nom": "", "classe": "secondary" }, "geometry": { "type": "LineString", "coordinates": [ [ 11.549359, 3.898752 ], [ 11.549221, 3.898762 ], [ 11.549072, 3.898784 ] ] } },
{ "type": "Feature", "properties": { "nom": "", "classe": "secondary" }, "geometry": { "type": "LineString", "coordinates": [ [ 11.549527, 3.898304 ], [ 11.549537, 3.898493 ], [ 11.549533, 3.898548 ], [ 11.549497, 3.898639 ] ] } },
{ "type": "Feature", "properties": { "nom": "", "classe": "secondary" }, "geometry": { "type": "LineString", "coordinates": [ [ 11.549369, 3.898628 ], [ 11.549412, 3.898607 ], [ 11.549459, 3.898612 ], [ 11.549497, 3.898639 ], [ 11.549513, 3.89867 ], [ 11.549516, 3.898704 ], [ 11.549506, 3.898737 ], [ 11.549484, 3.898764 ], [ 11.549454, 3.89878 ], [ 11.54942, 3.898784 ], [ 11.549386, 3.898774 ], [ 11.549359, 3.898752 ], [ 11.549339, 3.898703 ], [ 11.54935, 3.898651 ], [ 11.549369, 3.898628 ] ] } },
{ "type": "Feature", "properties": { "nom": "", "classe": "tertiary" }, "geometry": { "type": "LineString", "coordinates": [ [ 11.535493, 3.944925 ], [ 11.535534, 3.944605 ], [ 11.535588, 3.944111 ], [ 11.535627, 3.943725 ], [ 11.535632, 3.943573 ], [ 11.535635, 3.943372 ], [ 11.535616, 3.943081 ], [ 11.53556, 3.942736 ], [ 11.535504, 3.942435 ], [ 11.53536, 3.941585 ], [ 11.535264, 3.941086 ], [ 11.535162, 3.94074 ], [ 11.535109, 3.940537 ] ] } },
{ "type": "Feature", "properties": { "nom": "", "classe": "trunk" }, "geometry": { "type": "LineString", "coordinates": [ [ 11.532517, 3.954809 ], [ 11.531992, 3.955229 ] ] } },
{ "type": "Feature", "properties": { "nom": "", "classe": "trunk" }, "geometry": { "type": "LineString", "coordinates": [ [ 11.531948, 3.955168 ], [ 11.532446, 3.954747 ] ] } },
{ "type": "Feature", "properties": { "nom": "", "classe": "tertiary" }, "geometry": { "type": "LineString", "coordinates": [ [ 11.595975, 3.810402 ], [ 11.595914, 3.81026 ], [ 11.595819, 3.810034 ], [ 11.595654, 3.809735 ], [ 11.595669, 3.809375 ], [ 11.595707, 3.808994 ], [ 11.595722, 3.808838 ], [ 11.595696, 3.808183 ], [ 11.59569, 3.807931 ], [ 11.595631, 3.807658 ], [ 11.595546, 3.807346 ], [ 11.595368, 3.807053 ], [ 11.595242, 3.806888 ], [ 11.594931, 3.806652 ], [ 11.594534, 3.806411 ], [ 11.594325, 3.806264 ], [ 11.594138, 3.806116 ], [ 11.594114, 3.806087 ], [ 11.594008, 3.805959 ], [ 11.59393, 3.805821 ], [ 11.593899, 3.805763 ], [ 11.593879, 3.805667 ], [ 11.593872, 3.805536 ], [ 11.593889, 3.8054 ], [ 11.593914, 3.80521 ], [ 11.593984, 3.804931 ], [ 11.594028, 3.804794 ], [ 11.594064, 3.804575 ], [ 11.59407, 3.804482 ], [ 11.594068, 3.804149 ], [ 11.59404, 3.803726 ], [ 11.594028, 3.803447 ], [ 11.594022, 3.80299 ], [ 11.594001, 3.802856 ], [ 11.593952, 3.802703 ], [ 11.593858, 3.802516 ], [ 11.593583, 3.802197 ] ] } },
{ "type": "Feature", "properties": { "nom": "Route de Kribi", "classe": "secondary" }, "geometry": { "type": "LineString", "coordinates": [ [ 11.48452, 3.848401 ], [ 11.484425, 3.848372 ] ] } },
{ "type": "Feature", "properties": { "nom": "Route de Kribi", "classe": "secondary" }, "geometry": { "type": "LineString", "coordinates": [ [ 11.493867, 3.862527 ], [ 11.493838, 3.862483 ], [ 11.493727, 3.862289 ], [ 11.493521, 3.861904 ], [ 11.49344, 3.861653 ], [ 11.493392, 3.861458 ], [ 11.493369, 3.861366 ], [ 11.493367, 3.861185 ], [ 11.493346, 3.860785 ], [ 11.493316, 3.860073 ], [ 11.493268, 3.859767 ], [ 11.493249, 3.859646 ], [ 11.493184, 3.859308 ], [ 11.493177, 3.859271 ], [ 11.492895, 3.858381 ], [ 11.492848, 3.858237 ] ] } },
{ "type": "Feature", "properties": { "nom": "Rue 7.009", "classe": "secondary" }, "geometry": { "type": "LineString", "coordinates": [ [ 11.488519, 3.864492 ], [ 11.488647, 3.864323 ], [ 11.488659, 3.864301 ], [ 11.488669, 3.864279 ], [ 11.488674, 3.86426 ], [ 11.488698, 3.86418 ], [ 11.488706, 3.864151 ], [ 11.488725, 3.864101 ] ] } },
{ "type": "Feature", "properties": { "nom": "", "classe": "secondary" }, "geometry": { "type": "LineString", "coordinates": [ [ 11.489358, 3.863859 ], [ 11.489224, 3.863926 ], [ 11.489106, 3.863978 ], [ 11.488989, 3.864027 ], [ 11.488899, 3.864061 ], [ 11.488845, 3.864072 ] ] } },
{ "type": "Feature", "properties": { "nom": "", "classe": "secondary" }, "geometry": { "type": "LineString", "coordinates": [ [ 11.488812, 3.863986 ], [ 11.488831, 3.864002 ], [ 11.488844, 3.864023 ], [ 11.488848, 3.864047 ], [ 11.488845, 3.864072 ], [ 11.488836, 3.864089 ], [ 11.488824, 3.864104 ], [ 11.488801, 3.864118 ], [ 11.488775, 3.864123 ], [ 11.488748, 3.864118 ], [ 11.488725, 3.864104 ], [ 11.488725, 3.864101 ], [ 11.488717, 3.864084 ] ] } },
{ "type": "Feature", "properties": { "nom": "Rue 7.015", "classe": "secondary" }, "geometry": { "type": "LineString", "coordinates": [ [ 11.480123, 3.852836 ], [ 11.480117, 3.85292 ], [ 11.480113, 3.85301 ], [ 11.480117, 3.853104 ], [ 11.480137, 3.853202 ], [ 11.480166, 3.8533 ], [ 11.480239, 3.853453 ], [ 11.480367, 3.853715 ], [ 11.480418, 3.853826 ], [ 11.480502, 3.85401 ], [ 11.480633, 3.85433 ], [ 11.480824, 3.854803 ], [ 11.481048, 3.855348 ], [ 11.481202, 3.855727 ], [ 11.481321, 3.856021 ], [ 11.481428, 3.85627 ], [ 11.481541, 3.856525 ], [ 11.481603, 3.856686 ], [ 11.481621, 3.856725 ], [ 11.481676, 3.856845 ], [ 11.481724, 3.856917 ], [ 11.481784, 3.856985 ], [ 11.482008, 3.857133 ], [ 11.482586, 3.857461 ], [ 11.482873, 3.85763 ], [ 11.483348, 3.857894 ], [ 11.483838, 3.858137 ], [ 11.484332, 3.858405 ], [ 11.484755, 3.858631 ], [ 11.485239, 3.858882 ], [ 11.485648, 3.859097 ], [ 11.48612, 3.859349 ], [ 11.486293, 3.85944 ], [ 11.486388, 3.859504 ], [ 11.486447, 3.859563 ] ] } },
{ "type": "Feature", "properties": { "nom": "Rue 7.009", "classe": "secondary" }, "geometry": { "type": "LineString", "coordinates": [ [ 11.488824, 3.864104 ], [ 11.488761, 3.864235 ], [ 11.488715, 3.864301 ], [ 11.488676, 3.864359 ], [ 11.488604, 3.864453 ], [ 11.488556, 3.864514 ], [ 11.488314, 3.864839 ], [ 11.488138, 3.865082 ], [ 11.487874, 3.865439 ], [ 11.487482, 3.865969 ], [ 11.487277, 3.866233 ], [ 11.487008, 3.866578 ], [ 11.486708, 3.866945 ], [ 11.486445, 3.867265 ], [ 11.486203, 3.867568 ], [ 11.48602, 3.867797 ], [ 11.485936, 3.867902 ], [ 11.485513, 3.868393 ], [ 11.485446, 3.868483 ], [ 11.485346, 3.868616 ], [ 11.48527, 3.868736 ], [ 11.48525, 3.868786 ], [ 11.485203, 3.868921 ] ] } },
{ "type": "Feature", "properties": { "nom": "", "classe": "tertiary" }, "geometry": { "type": "LineString", "coordinates": [ [ 11.535791, 3.748328 ], [ 11.535709, 3.748421 ], [ 11.535618, 3.748569 ] ] } },
{ "type": "Feature", "properties": { "nom": "", "classe": "secondary" }, "geometry": { "type": "LineString", "coordinates": [ [ 11.518571, 3.848159 ], [ 11.518642, 3.847895 ] ] } },
{ "type": "Feature", "properties": { "nom": "", "classe": "secondary" }, "geometry": { "type": "LineString", "coordinates": [ [ 11.518706, 3.848314 ], [ 11.518684, 3.84834 ], [ 11.518655, 3.848358 ], [ 11.518622, 3.848366 ], [ 11.518584, 3.848363 ], [ 11.518549, 3.848346 ], [ 11.518523, 3.848318 ], [ 11.518508, 3.848283 ], [ 11.518506, 3.848245 ], [ 11.518517, 3.848209 ], [ 11.518539, 3.848179 ], [ 11.518571, 3.848159 ], [ 11.518604, 3.848151 ], [ 11.518637, 3.848153 ], [ 11.518669, 3.848166 ], [ 11.518695, 3.848188 ], [ 11.518713, 3.848216 ], [ 11.518721, 3.848249 ], [ 11.518719, 3.848283 ], [ 11.518706, 3.848314 ] ] } },
{ "type": "Feature", "properties": { "nom": "", "classe": "secondary" }, "geometry": { "type": "LineString", "coordinates": [ [ 11.518923, 3.848568 ], [ 11.518622, 3.848366 ] ] } },
{ "type": "Feature", "properties": { "nom": "Rue 4.014", "classe": "secondary" }, "geometry": { "type": "LineString", "coordinates": [ [ 11.517255, 3.848527 ], [ 11.517197, 3.848543 ], [ 11.517149, 3.848555 ], [ 11.516708, 3.848651 ], [ 11.516655, 3.848662 ] ] } },
{ "type": "Feature", "properties": { "nom": "", "classe": "secondary" }, "geometry": { "type": "LineString", "coordinates": [ [ 11.518132, 3.848349 ], [ 11.518282, 3.848288 ], [ 11.518403, 3.848243 ], [ 11.518517, 3.848209 ] ] } },
{ "type": "Feature", "properties": { "nom": "", "classe": "secondary" }, "geometry": { "type": "LineString", "coordinates": [ [ 11.529037, 3.873553 ], [ 11.529321, 3.873541 ] ] } },
{ "type": "Feature", "properties": { "nom": "Rue Joseph Omgba Nsi", "classe": "secondary" }, "geometry": { "type": "LineString", "coordinates": [ [ 11.527622, 3.873278 ], [ 11.528549, 3.873459 ], [ 11.52893, 3.873533 ], [ 11.529037, 3.873553 ] ] } },
{ "type": "Feature", "properties": { "nom": "Avenue Marcel Marigoh Mboua", "classe": "tertiary" }, "geometry": { "type": "LineString", "coordinates": [ [ 11.527746, 3.867924 ], [ 11.527704, 3.86811 ], [ 11.527676, 3.868401 ], [ 11.527639, 3.869335 ], [ 11.527638, 3.86941 ], [ 11.527651, 3.869487 ], [ 11.528236, 3.870778 ], [ 11.528794, 3.872059 ], [ 11.528844, 3.872171 ], [ 11.528939, 3.872384 ], [ 11.529248, 3.873177 ], [ 11.52926, 3.873208 ] ] } },
{ "type": "Feature", "properties": { "nom": "", "classe": "secondary" }, "geometry": { "type": "LineString", "coordinates": [ [ 11.529334, 3.873512 ], [ 11.529358, 3.873491 ], [ 11.529389, 3.873481 ], [ 11.529421, 3.873485 ], [ 11.529449, 3.873501 ], [ 11.529468, 3.873536 ], [ 11.529473, 3.873575 ], [ 11.529456, 3.873609 ], [ 11.529425, 3.873631 ], [ 11.529398, 3.873636 ], [ 11.529371, 3.873632 ], [ 11.529347, 3.873618 ], [ 11.529328, 3.873597 ], [ 11.529316, 3.873569 ], [ 11.529321, 3.873541 ], [ 11.529334, 3.873512 ] ] } },
{ "type": "Feature", "properties": { "nom": "", "classe": "tertiary" }, "geometry": { "type": "LineString", "coordinates": [ [ 11.538015, 3.793859 ], [ 11.53758, 3.793953 ], [ 11.537306, 3.794024 ], [ 11.537237, 3.794042 ], [ 11.536956, 3.794088 ], [ 11.536778, 3.794119 ], [ 11.536507, 3.794133 ], [ 11.536369, 3.794136 ] ] } },
{ "type": "Feature", "properties": { "nom": "", "classe": "tertiary" }, "geometry": { "type": "LineString", "coordinates": [ [ 11.536369, 3.794136 ], [ 11.53626, 3.794128 ] ] } },
{ "type": "Feature", "properties": { "nom": "", "classe": "tertiary" }, "geometry": { "type": "LineString", "coordinates": [ [ 11.598124, 3.90349 ], [ 11.59816, 3.903359 ], [ 11.598189, 3.903259 ], [ 11.598296, 3.90291 ], [ 11.598327, 3.90282 ], [ 11.598387, 3.902702 ], [ 11.598476, 3.902567 ], [ 11.598597, 3.902435 ], [ 11.598705, 3.902311 ], [ 11.599035, 3.901968 ], [ 11.599144, 3.901848 ], [ 11.599362, 3.901623 ], [ 11.599397, 3.901584 ], [ 11.599458, 3.901504 ], [ 11.599483, 3.901461 ], [ 11.599469, 3.901142 ], [ 11.599433, 3.900807 ], [ 11.599439, 3.900783 ], [ 11.599415, 3.900565 ], [ 11.599412, 3.900524 ], [ 11.599409, 3.900482 ], [ 11.599393, 3.900346 ], [ 11.59938, 3.900231 ], [ 11.599371, 3.900079 ], [ 11.599333, 3.899822 ], [ 11.59931, 3.899545 ], [ 11.599271, 3.899217 ], [ 11.599289, 3.898863 ], [ 11.599303, 3.898778 ], [ 11.599322, 3.8987 ], [ 11.599352, 3.898612 ], [ 11.599394, 3.898512 ], [ 11.599449, 3.898398 ], [ 11.599477, 3.898353 ], [ 11.599633, 3.898103 ], [ 11.599739, 3.897948 ], [ 11.599787, 3.897887 ], [ 11.599827, 3.897839 ], [ 11.599896, 3.897766 ] ] } },
{ "type": "Feature", "properties": { "nom": "Rue 8.250", "classe": "trunk" }, "geometry": { "type": "LineString", "coordinates": [ [ 11.530783, 3.776514 ], [ 11.530876, 3.776417 ] ] } },
{ "type": "Feature", "properties": { "nom": "Rue 8.250", "classe": "trunk" }, "geometry": { "type": "LineString", "coordinates": [ [ 11.530876, 3.776417 ], [ 11.531047, 3.776221 ], [ 11.53125, 3.776024 ], [ 11.531417, 3.775853 ], [ 11.531635, 3.775661 ], [ 11.531889, 3.775511 ], [ 11.532088, 3.775427 ], [ 11.532321, 3.775344 ], [ 11.53262, 3.775259 ], [ 11.532934, 3.775198 ], [ 11.53319, 3.775145 ], [ 11.533313, 3.775126 ], [ 11.533447, 3.775106 ] ] } },
{ "type": "Feature", "properties": { "nom": "", "classe": "secondary" }, "geometry": { "type": "LineString", "coordinates": [ [ 11.497432, 3.954247 ], [ 11.497443, 3.954226 ], [ 11.497459, 3.95421 ], [ 11.49748, 3.9542 ], [ 11.497503, 3.954197 ], [ 11.497526, 3.954201 ], [ 11.497547, 3.954212 ], [ 11.497563, 3.954228 ], [ 11.497573, 3.954249 ], [ 11.497576, 3.954272 ], [ 11.497572, 3.954295 ], [ 11.497562, 3.954315 ], [ 11.497545, 3.954331 ], [ 11.497524, 3.954342 ], [ 11.497501, 3.954345 ], [ 11.497478, 3.954341 ], [ 11.497458, 3.95433 ], [ 11.497442, 3.954314 ], [ 11.497431, 3.954293 ], [ 11.497428, 3.95427 ], [ 11.497432, 3.954247 ] ] } },
{ "type": "Feature", "properties": { "nom": "", "classe": "secondary" }, "geometry": { "type": "LineString", "coordinates": [ [ 11.497562, 3.954315 ], [ 11.497612, 3.954366 ], [ 11.49814, 3.954772 ], [ 11.498272, 3.954845 ], [ 11.498786, 3.955119 ], [ 11.499436, 3.955427 ], [ 11.499645, 3.955551 ], [ 11.500918, 3.956352 ], [ 11.50101, 3.956397 ], [ 11.501126, 3.95644 ], [ 11.501522, 3.956536 ], [ 11.502378, 3.95672 ], [ 11.5026, 3.956755 ], [ 11.503092, 3.956819 ], [ 11.50359, 3.956843 ], [ 11.503695, 3.956841 ], [ 11.503783, 3.956827 ], [ 11.50415, 3.956737 ], [ 11.50447, 3.956692 ], [ 11.504625, 3.95668 ], [ 11.504783, 3.956674 ], [ 11.505225, 3.95665 ], [ 11.505443, 3.956626 ], [ 11.505783, 3.95658 ], [ 11.506217, 3.956519 ], [ 11.506282, 3.956496 ], [ 11.506329, 3.95647 ], [ 11.506421, 3.956411 ], [ 11.50684, 3.955946 ], [ 11.507113, 3.955565 ], [ 11.507345, 3.955185 ], [ 11.507736, 3.954484 ], [ 11.50797, 3.954098 ], [ 11.508093, 3.953918 ], [ 11.508353, 3.953513 ], [ 11.508464, 3.953381 ], [ 11.509173, 3.952387 ], [ 11.509485, 3.951997 ], [ 11.5098, 3.951586 ], [ 11.509896, 3.951388 ], [ 11.509948, 3.951241 ], [ 11.510011, 3.950923 ], [ 11.510035, 3.950855 ], [ 11.510145, 3.950613 ], [ 11.510349, 3.950172 ], [ 11.510442, 3.950022 ], [ 11.510712, 3.949367 ], [ 11.510799, 3.949185 ], [ 11.510878, 3.949061 ], [ 11.511043, 3.948873 ], [ 11.511347, 3.948523 ], [ 11.511461, 3.948382 ], [ 11.51182, 3.947829 ], [ 11.512327, 3.946948 ], [ 11.512468, 3.94675 ], [ 11.5125, 3.946714 ], [ 11.512655, 3.946572 ], [ 11.512698, 3.946538 ], [ 11.512764, 3.9465 ], [ 11.513238, 3.946278 ], [ 11.513665, 3.94612 ], [ 11.513794, 3.946092 ], [ 11.513894, 3.946072 ], [ 11.514321, 3.94599 ], [ 11.514362, 3.945982 ], [ 11.514409, 3.945972 ], [ 11.514488, 3.945944 ], [ 11.514886, 3.945811 ], [ 11.514956, 3.945779 ], [ 11.515421, 3.94553 ], [ 11.515564, 3.945395 ], [ 11.515681, 3.945242 ], [ 11.515816, 3.945027 ], [ 11.515899, 3.944835 ], [ 11.515976, 3.944612 ], [ 11.516127, 3.944176 ], [ 11.516327, 3.943596 ], [ 11.516375, 3.943494 ], [ 11.516435, 3.943408 ], [ 11.516606, 3.943192 ], [ 11.516648, 3.943135 ], [ 11.5167, 3.943095 ], [ 11.51675, 3.943062 ], [ 11.517217, 3.942749 ], [ 11.517566, 3.942535 ], [ 11.517797, 3.942393 ], [ 11.518099, 3.942205 ], [ 11.518411, 3.941956 ], [ 11.518487, 3.941896 ] ] } },
{ "type": "Feature", "properties": { "nom": "Rue 7.147", "classe": "tertiary" }, "geometry": { "type": "LineString", "coordinates": [ [ 11.464606, 3.846806 ], [ 11.464483, 3.846942 ], [ 11.464456, 3.847017 ], [ 11.464303, 3.847379 ], [ 11.46422, 3.84756 ], [ 11.46412, 3.847825 ], [ 11.464095, 3.848101 ], [ 11.464092, 3.848201 ], [ 11.46409, 3.84824 ], [ 11.464076, 3.848393 ], [ 11.464065, 3.848516 ], [ 11.464052, 3.848623 ], [ 11.464055, 3.848721 ], [ 11.464073, 3.848886 ], [ 11.464085, 3.848978 ], [ 11.464097, 3.849059 ], [ 11.464103, 3.849157 ], [ 11.464157, 3.849364 ] ] } },
{ "type": "Feature", "properties": { "nom": "Rue 8.140", "classe": "secondary" }, "geometry": { "type": "LineString", "coordinates": [ [ 11.510587, 3.817407 ], [ 11.510648, 3.817563 ], [ 11.510741, 3.817725 ], [ 11.51099, 3.817985 ], [ 11.51131, 3.818284 ], [ 11.511434, 3.818397 ], [ 11.511648, 3.818616 ], [ 11.511832, 3.818901 ], [ 11.511942, 3.819142 ], [ 11.511977, 3.819408 ], [ 11.511986, 3.819678 ], [ 11.511967, 3.819895 ], [ 11.511909, 3.820099 ], [ 11.511823, 3.820334 ], [ 11.511748, 3.820526 ], [ 11.51143, 3.821229 ], [ 11.511428, 3.821237 ], [ 11.511258, 3.821928 ], [ 11.511054, 3.822881 ], [ 11.510999, 3.823359 ], [ 11.511022, 3.823862 ], [ 11.511084, 3.824304 ], [ 11.511156, 3.824567 ], [ 11.511247, 3.824833 ], [ 11.511366, 3.825123 ], [ 11.511487, 3.825366 ], [ 11.511611, 3.825586 ], [ 11.511773, 3.825825 ], [ 11.51213, 3.826234 ], [ 11.512221, 3.82636 ], [ 11.512294, 3.826484 ], [ 11.512349, 3.826666 ], [ 11.512367, 3.826823 ], [ 11.512358, 3.827029 ], [ 11.512287, 3.827235 ], [ 11.51114, 3.828844 ], [ 11.511093, 3.828935 ] ] } },
{ "type": "Feature", "properties": { "nom": "", "classe": "secondary" }, "geometry": { "type": "LineString", "coordinates": [ [ 11.512769, 3.830169 ], [ 11.512764, 3.830318 ] ] } },
{ "type": "Feature", "properties": { "nom": "", "classe": "secondary" }, "geometry": { "type": "LineString", "coordinates": [ [ 11.512773, 3.830007 ], [ 11.512769, 3.830169 ] ] } },
{ "type": "Feature", "properties": { "nom": "Rue 8.138", "classe": "primary" }, "geometry": { "type": "LineString", "coordinates": [ [ 11.510008, 3.815053 ], [ 11.510063, 3.814882 ], [ 11.510088, 3.814802 ], [ 11.510099, 3.81477 ] ] } },
{ "type": "Feature", "properties": { "nom": "Rue 8.138", "classe": "primary" }, "geometry": { "type": "LineString", "coordinates": [ [ 11.510099, 3.81477 ], [ 11.510112, 3.814732 ], [ 11.510139, 3.814659 ], [ 11.510437, 3.813747 ], [ 11.510668, 3.812797 ], [ 11.510704, 3.81267 ] ] } },
{ "type": "Feature", "properties": { "nom": "Rue de Kondengui", "classe": "secondary" }, "geometry": { "type": "LineString", "coordinates": [ [ 11.529624, 3.853378 ], [ 11.52972, 3.853287 ] ] } },
{ "type": "Feature", "properties": { "nom": "Rue de Kondengui", "classe": "secondary" }, "geometry": { "type": "LineString", "coordinates": [ [ 11.528053, 3.856702 ], [ 11.528428, 3.856003 ], [ 11.528654, 3.855475 ], [ 11.528679, 3.855415 ], [ 11.528821, 3.855043 ], [ 11.529068, 3.854465 ], [ 11.52914, 3.85426 ], [ 11.529192, 3.854122 ], [ 11.52931, 3.853815 ], [ 11.52934, 3.853739 ], [ 11.529406, 3.853632 ], [ 11.529483, 3.853537 ], [ 11.529624, 3.853378 ] ] } },
{ "type": "Feature", "properties": { "nom": "", "classe": "secondary" }, "geometry": { "type": "LineString", "coordinates": [ [ 11.524971, 3.901783 ], [ 11.524835, 3.901743 ] ] } },
{ "type": "Feature", "properties": { "nom": "", "classe": "secondary" }, "geometry": { "type": "LineString", "coordinates": [ [ 11.52484, 3.901638 ], [ 11.524978, 3.90168 ] ] } },
{ "type": "Feature", "properties": { "nom": "Rue 1.897", "classe": "secondary" }, "geometry": { "type": "LineString", "coordinates": [ [ 11.526092, 3.903816 ], [ 11.526095, 3.903671 ] ] } },
{ "type": "Feature", "properties": { "nom": "Rue 8.502", "classe": "secondary" }, "geometry": { "type": "LineString", "coordinates": [ [ 11.507529, 3.826556 ], [ 11.507604, 3.826561 ], [ 11.507669, 3.826575 ], [ 11.507713, 3.826584 ] ] } },
{ "type": "Feature", "properties": { "nom": "Rue 8.502", "classe": "secondary" }, "geometry": { "type": "LineString", "coordinates": [ [ 11.507686, 3.826665 ], [ 11.507642, 3.826637 ], [ 11.507578, 3.826592 ], [ 11.507529, 3.826556 ] ] } },
{ "type": "Feature", "properties": { "nom": "", "classe": "primary" }, "geometry": { "type": "LineString", "coordinates": [ [ 11.507762, 3.826703 ], [ 11.507739, 3.826705 ], [ 11.507718, 3.826699 ], [ 11.507699, 3.826685 ], [ 11.507686, 3.826665 ], [ 11.507682, 3.82665 ], [ 11.507682, 3.826634 ], [ 11.507685, 3.82662 ], [ 11.507691, 3.826606 ], [ 11.507701, 3.826594 ], [ 11.507713, 3.826584 ], [ 11.507729, 3.826577 ], [ 11.507751, 3.826575 ], [ 11.507772, 3.82658 ], [ 11.507791, 3.826592 ], [ 11.507804, 3.826609 ], [ 11.507811, 3.826628 ], [ 11.507812, 3.826644 ], [ 11.507809, 3.82666 ], [ 11.507798, 3.826679 ], [ 11.507782, 3.826694 ], [ 11.507762, 3.826703 ] ] } },
{ "type": "Feature", "properties": { "nom": "Rue 8.138", "classe": "primary" }, "geometry": { "type": "LineString", "coordinates": [ [ 11.507789, 3.826468 ], [ 11.507802, 3.826324 ], [ 11.507812, 3.826165 ], [ 11.507848, 3.825762 ], [ 11.507877, 3.825401 ], [ 11.507906, 3.824987 ], [ 11.507934, 3.824647 ], [ 11.507955, 3.824402 ], [ 11.507963, 3.824287 ], [ 11.507993, 3.823853 ], [ 11.508021, 3.823586 ], [ 11.508035, 3.823456 ], [ 11.508089, 3.82308 ], [ 11.50814, 3.822755 ], [ 11.508193, 3.822527 ], [ 11.508247, 3.822293 ], [ 11.508295, 3.822076 ], [ 11.508345, 3.821849 ], [ 11.50846, 3.821433 ], [ 11.508565, 3.82105 ], [ 11.50868, 3.820555 ], [ 11.508818, 3.819942 ], [ 11.508895, 3.819605 ], [ 11.508929, 3.819435 ], [ 11.508964, 3.819298 ], [ 11.509099, 3.818758 ], [ 11.509265, 3.818179 ], [ 11.509447, 3.817264 ], [ 11.509588, 3.816681 ], [ 11.509611, 3.81659 ], [ 11.509934, 3.815344 ], [ 11.509997, 3.815097 ], [ 11.510008, 3.815053 ] ] } },
{ "type": "Feature", "properties": { "nom": "Rue 8.251", "classe": "trunk" }, "geometry": { "type": "LineString", "coordinates": [ [ 11.50927, 3.802228 ], [ 11.509089, 3.802203 ] ] } },
{ "type": "Feature", "properties": { "nom": "Rue 8.251", "classe": "trunk" }, "geometry": { "type": "LineString", "coordinates": [ [ 11.509089, 3.802203 ], [ 11.508765, 3.802166 ], [ 11.508466, 3.802159 ], [ 11.508263, 3.802165 ] ] } },
{ "type": "Feature", "properties": { "nom": "Avenue Joseph Onambele Mbazoa", "classe": "primary" }, "geometry": { "type": "LineString", "coordinates": [ [ 11.507809, 3.82666 ], [ 11.507819, 3.826726 ], [ 11.507821, 3.826767 ], [ 11.507819, 3.826813 ] ] } },
{ "type": "Feature", "properties": { "nom": "Avenue Joseph Onambele Mbazoa", "classe": "primary" }, "geometry": { "type": "LineString", "coordinates": [ [ 11.507819, 3.826813 ], [ 11.50779, 3.826791 ], [ 11.507757, 3.826757 ], [ 11.507718, 3.826699 ] ] } },
{ "type": "Feature", "properties": { "nom": "Rue 8.138", "classe": "primary" }, "geometry": { "type": "LineString", "coordinates": [ [ 11.507729, 3.826577 ], [ 11.507744, 3.826545 ], [ 11.507769, 3.826499 ], [ 11.507789, 3.826468 ] ] } },
{ "type": "Feature", "properties": { "nom": "", "classe": "primary" }, "geometry": { "type": "LineString", "coordinates": [ [ 11.471453, 3.831481 ], [ 11.471449, 3.831747 ], [ 11.471426, 3.831907 ] ] } },
{ "type": "Feature", "properties": { "nom": "Route de Kribi", "classe": "primary" }, "geometry": { "type": "LineString", "coordinates": [ [ 11.471374, 3.831024 ], [ 11.47138, 3.830855 ], [ 11.471383, 3.830724 ], [ 11.471391, 3.830656 ], [ 11.471406, 3.830591 ], [ 11.471475, 3.830386 ], [ 11.471512, 3.830243 ], [ 11.471538, 3.830074 ], [ 11.471544, 3.829903 ], [ 11.471535, 3.829727 ], [ 11.471512, 3.829592 ], [ 11.471383, 3.829149 ], [ 11.471357, 3.829073 ], [ 11.471249, 3.828832 ], [ 11.4712, 3.828735 ], [ 11.471025, 3.82843 ], [ 11.470962, 3.82831 ], [ 11.470915, 3.828203 ], [ 11.470903, 3.828158 ], [ 11.470881, 3.828076 ], [ 11.47086, 3.82788 ], [ 11.470891, 3.827542 ], [ 11.470898, 3.827488 ], [ 11.471019, 3.827044 ], [ 11.471106, 3.826764 ], [ 11.471159, 3.826614 ], [ 11.471317, 3.826221 ], [ 11.471371, 3.826033 ], [ 11.471453, 3.825768 ], [ 11.471561, 3.82537 ], [ 11.471749, 3.824804 ], [ 11.471893, 3.82439 ], [ 11.472014, 3.823939 ], [ 11.472138, 3.823436 ], [ 11.472201, 3.823094 ], [ 11.472244, 3.82263 ], [ 11.47226, 3.822352 ], [ 11.472257, 3.822192 ], [ 11.472242, 3.822085 ], [ 11.472236, 3.822045 ], [ 11.472194, 3.821793 ], [ 11.472175, 3.821685 ], [ 11.472115, 3.821457 ], [ 11.472052, 3.821249 ], [ 11.471998, 3.821069 ], [ 11.471953, 3.820916 ], [ 11.471913, 3.820761 ], [ 11.471876, 3.820598 ], [ 11.471844, 3.820449 ], [ 11.471783, 3.820215 ], [ 11.471723, 3.819992 ], [ 11.471664, 3.819773 ], [ 11.471588, 3.819463 ], [ 11.471574, 3.819405 ], [ 11.471535, 3.819254 ], [ 11.471497, 3.819108 ], [ 11.47145, 3.81896 ], [ 11.47141, 3.818857 ], [ 11.471354, 3.818744 ], [ 11.471289, 3.818616 ], [ 11.47121, 3.81848 ], [ 11.471127, 3.81833 ], [ 11.470979, 3.818093 ], [ 11.470807, 3.817832 ], [ 11.470726, 3.817699 ], [ 11.470615, 3.81755 ], [ 11.470535, 3.817473 ], [ 11.470472, 3.817417 ], [ 11.470391, 3.817358 ], [ 11.470301, 3.817322 ], [ 11.470189, 3.817287 ], [ 11.470109, 3.817269 ], [ 11.470034, 3.817253 ], [ 11.469927, 3.817246 ], [ 11.469841, 3.817248 ], [ 11.469712, 3.817251 ], [ 11.469627, 3.817251 ], [ 11.469534, 3.817242 ], [ 11.469433, 3.817223 ], [ 11.469355, 3.817202 ], [ 11.469256, 3.817158 ], [ 11.469161, 3.817094 ], [ 11.46909, 3.817036 ], [ 11.469017, 3.816939 ], [ 11.468951, 3.816861 ], [ 11.4689, 3.81677 ], [ 11.468861, 3.816665 ], [ 11.468837, 3.816533 ], [ 11.468835, 3.816472 ], [ 11.468825, 3.816181 ], [ 11.468757, 3.815746 ], [ 11.468748, 3.815688 ], [ 11.468724, 3.815531 ], [ 11.468711, 3.815452 ], [ 11.46854, 3.814413 ], [ 11.468395, 3.813463 ], [ 11.46808, 3.811425 ], [ 11.467997, 3.810887 ], [ 11.467957, 3.810676 ], [ 11.46791, 3.81049 ], [ 11.467834, 3.810286 ], [ 11.467744, 3.8101 ], [ 11.467637, 3.809906 ], [ 11.467558, 3.80979 ], [ 11.467466, 3.809669 ] ] } },
{ "type": "Feature", "properties": { "nom": "", "classe": "primary" }, "geometry": { "type": "LineString", "coordinates": [ [ 11.471374, 3.831024 ], [ 11.471409, 3.831173 ], [ 11.471429, 3.831314 ] ] } },
{ "type": "Feature", "properties": { "nom": "Rue 7.628", "classe": "secondary" }, "geometry": { "type": "LineString", "coordinates": [ [ 11.471477, 3.831351 ], [ 11.471862, 3.831407 ] ] } },
{ "type": "Feature", "properties": { "nom": "", "classe": "secondary" }, "geometry": { "type": "LineString", "coordinates": [ [ 11.523896, 3.870835 ], [ 11.523967, 3.871065 ], [ 11.52396, 3.871166 ] ] } },
{ "type": "Feature", "properties": { "nom": "Place Elig-Essono", "classe": "secondary" }, "geometry": { "type": "LineString", "coordinates": [ [ 11.52396, 3.871166 ], [ 11.523888, 3.871071 ], [ 11.523768, 3.870862 ] ] } },
{ "type": "Feature", "properties": { "nom": "", "classe": "secondary" }, "geometry": { "type": "LineString", "coordinates": [ [ 11.523883, 3.870657 ], [ 11.523932, 3.870596 ], [ 11.523964, 3.870575 ], [ 11.524024, 3.870545 ], [ 11.524098, 3.870524 ] ] } },
{ "type": "Feature", "properties": { "nom": "", "classe": "secondary" }, "geometry": { "type": "LineString", "coordinates": [ [ 11.523782, 3.870636 ], [ 11.523773, 3.870566 ], [ 11.523766, 3.870448 ], [ 11.523775, 3.870265 ] ] } },
{ "type": "Feature", "properties": { "nom": "", "classe": "tertiary" }, "geometry": { "type": "LineString", "coordinates": [ [ 11.399626, 3.790238 ], [ 11.399574, 3.79018 ], [ 11.399522, 3.789973 ] ] } },
{ "type": "Feature", "properties": { "nom": "Rue 6.262", "classe": "tertiary" }, "geometry": { "type": "LineString", "coordinates": [ [ 11.490304, 3.897944 ], [ 11.490208, 3.897899 ], [ 11.489838, 3.89776 ], [ 11.489413, 3.897605 ], [ 11.489051, 3.897455 ], [ 11.488976, 3.897435 ], [ 11.488883, 3.897403 ], [ 11.488698, 3.897335 ], [ 11.488517, 3.897276 ], [ 11.488131, 3.897192 ], [ 11.487613, 3.89709 ], [ 11.487498, 3.897072 ], [ 11.487466, 3.89707 ], [ 11.487405, 3.897058 ], [ 11.487061, 3.897061 ], [ 11.486617, 3.897057 ], [ 11.486282, 3.897081 ], [ 11.486249, 3.897081 ], [ 11.486168, 3.89709 ], [ 11.485974, 3.897102 ], [ 11.485589, 3.897118 ], [ 11.48541, 3.897148 ], [ 11.485237, 3.897187 ], [ 11.485037, 3.897272 ], [ 11.484692, 3.89743 ], [ 11.48442, 3.89757 ], [ 11.484254, 3.89765 ], [ 11.484139, 3.897712 ], [ 11.483401, 3.898144 ], [ 11.482779, 3.898522 ], [ 11.482616, 3.898605 ], [ 11.482491, 3.898713 ], [ 11.482181, 3.898991 ], [ 11.481907, 3.899391 ], [ 11.481768, 3.899595 ], [ 11.481742, 3.899648 ], [ 11.481664, 3.899878 ], [ 11.48163, 3.899945 ], [ 11.481597, 3.899976 ], [ 11.481584, 3.9 ], [ 11.481473, 3.900094 ], [ 11.481417, 3.900148 ], [ 11.481323, 3.900221 ], [ 11.481243, 3.9003 ], [ 11.481217, 3.900328 ], [ 11.481113, 3.900393 ], [ 11.480162, 3.900871 ], [ 11.480078, 3.90093 ], [ 11.479842, 3.901117 ] ] } },
{ "type": "Feature", "properties": { "nom": "Rue Marcus Etoundi", "classe": "tertiary" }, "geometry": { "type": "LineString", "coordinates": [ [ 11.522116, 3.888567 ], [ 11.52226, 3.888503 ] ] } },
{ "type": "Feature", "properties": { "nom": "", "classe": "tertiary" }, "geometry": { "type": "LineString", "coordinates": [ [ 11.409986, 3.790465 ], [ 11.409591, 3.79068 ] ] } },
{ "type": "Feature", "properties": { "nom": "Rue Charles Bindzi", "classe": "tertiary" }, "geometry": { "type": "LineString", "coordinates": [ [ 11.522789, 3.895713 ], [ 11.522855, 3.895601 ], [ 11.522923, 3.895535 ], [ 11.523003, 3.895477 ] ] } },
{ "type": "Feature", "properties": { "nom": "", "classe": "tertiary" }, "geometry": { "type": "LineString", "coordinates": [ [ 11.407415, 3.789319 ], [ 11.407253, 3.789497 ] ] } },
{ "type": "Feature", "properties": { "nom": "", "classe": "tertiary" }, "geometry": { "type": "LineString", "coordinates": [ [ 11.405411, 3.78839 ], [ 11.405752, 3.788508 ], [ 11.405935, 3.788575 ], [ 11.406394, 3.78881 ], [ 11.407107, 3.789161 ], [ 11.407254, 3.789236 ], [ 11.407415, 3.789319 ] ] } },
{ "type": "Feature", "properties": { "nom": "Rue Martin Tabi Essomba", "classe": "primary" }, "geometry": { "type": "LineString", "coordinates": [ [ 11.528243, 3.863933 ], [ 11.528354, 3.864038 ] ] } },
{ "type": "Feature", "properties": { "nom": "Rue Joseph Mballa Eloumdem", "classe": "secondary" }, "geometry": { "type": "LineString", "coordinates": [ [ 11.505126, 3.898462 ], [ 11.505211, 3.898401 ], [ 11.505285, 3.898342 ], [ 11.50539, 3.8982 ] ] } },
{ "type": "Feature", "properties": { "nom": "Rue Ombga Damase", "classe": "secondary" }, "geometry": { "type": "LineString", "coordinates": [ [ 11.489272, 3.816154 ], [ 11.489262, 3.816203 ], [ 11.489261, 3.816296 ], [ 11.489265, 3.816346 ], [ 11.489291, 3.816582 ], [ 11.489362, 3.816886 ], [ 11.489423, 3.817177 ], [ 11.489506, 3.817528 ], [ 11.489575, 3.817806 ], [ 11.489616, 3.817968 ], [ 11.489699, 3.818199 ], [ 11.489823, 3.818519 ], [ 11.489923, 3.818777 ], [ 11.489981, 3.818954 ], [ 11.489999, 3.818997 ], [ 11.490023, 3.819409 ], [ 11.490008, 3.819605 ], [ 11.490001, 3.819707 ], [ 11.489946, 3.819919 ], [ 11.489864, 3.820183 ], [ 11.489629, 3.820708 ], [ 11.489457, 3.821138 ], [ 11.489261, 3.821633 ], [ 11.489113, 3.822016 ], [ 11.489091, 3.822113 ], [ 11.489083, 3.822183 ], [ 11.489088, 3.822246 ], [ 11.489101, 3.822304 ], [ 11.489146, 3.822435 ], [ 11.489211, 3.822555 ], [ 11.489458, 3.822829 ], [ 11.4896, 3.822998 ], [ 11.489648, 3.823054 ], [ 11.489694, 3.823106 ], [ 11.489914, 3.823357 ], [ 11.490191, 3.823659 ], [ 11.49035, 3.823848 ], [ 11.49039, 3.823896 ], [ 11.490542, 3.824103 ], [ 11.490581, 3.824174 ], [ 11.490619, 3.824243 ], [ 11.490624, 3.824253 ], [ 11.490716, 3.82448 ], [ 11.490793, 3.824704 ], [ 11.490899, 3.82501 ], [ 11.490994, 3.825284 ], [ 11.491003, 3.825309 ], [ 11.491094, 3.825471 ], [ 11.491201, 3.825603 ], [ 11.491308, 3.8257 ], [ 11.491358, 3.82574 ], [ 11.491395, 3.825769 ], [ 11.491656, 3.825928 ], [ 11.491943, 3.8261 ], [ 11.49204, 3.826159 ], [ 11.49214, 3.82623 ], [ 11.492218, 3.826304 ], [ 11.492279, 3.826375 ], [ 11.492328, 3.826448 ], [ 11.492385, 3.826572 ], [ 11.492478, 3.826927 ], [ 11.492534, 3.827222 ], [ 11.492539, 3.827247 ], [ 11.492612, 3.827582 ], [ 11.492658, 3.827796 ], [ 11.492678, 3.827888 ], [ 11.492689, 3.827938 ], [ 11.492756, 3.828231 ], [ 11.492846, 3.828625 ], [ 11.492885, 3.828816 ], [ 11.492943, 3.829096 ], [ 11.493009, 3.829464 ], [ 11.493037, 3.829589 ], [ 11.493094, 3.829904 ], [ 11.493198, 3.830372 ], [ 11.493276, 3.83075 ], [ 11.493339, 3.83104 ], [ 11.493379, 3.83123 ], [ 11.493385, 3.831288 ], [ 11.493388, 3.831345 ], [ 11.493385, 3.83145 ], [ 11.493386, 3.83169 ], [ 11.493294, 3.831983 ], [ 11.493258, 3.832234 ], [ 11.493244, 3.832406 ], [ 11.493268, 3.832632 ], [ 11.49329, 3.832737 ], [ 11.493404, 3.832966 ], [ 11.4935, 3.833136 ], [ 11.493667, 3.83338 ], [ 11.493925, 3.833726 ], [ 11.49402, 3.833863 ], [ 11.494088, 3.833962 ], [ 11.494174, 3.834114 ], [ 11.494196, 3.834171 ], [ 11.494342, 3.834478 ], [ 11.494412, 3.834613 ], [ 11.494655, 3.835043 ], [ 11.494693, 3.835114 ], [ 11.494736, 3.835234 ], [ 11.494747, 3.835328 ], [ 11.494749, 3.835401 ] ] } },
{ "type": "Feature", "properties": { "nom": "", "classe": "secondary" }, "geometry": { "type": "LineString", "coordinates": [ [ 11.489191, 3.816336 ], [ 11.489181, 3.816245 ], [ 11.489167, 3.816147 ], [ 11.489169, 3.816143 ] ] } },
{ "type": "Feature", "properties": { "nom": "", "classe": "secondary" }, "geometry": { "type": "LineString", "coordinates": [ [ 11.489176, 3.816015 ], [ 11.489188, 3.815928 ], [ 11.489202, 3.815807 ] ] } },
{ "type": "Feature", "properties": { "nom": "", "classe": "secondary" }, "geometry": { "type": "LineString", "coordinates": [ [ 11.489202, 3.815807 ], [ 11.48924, 3.815915 ], [ 11.489256, 3.815965 ], [ 11.489273, 3.816012 ] ] } },
{ "type": "Feature", "properties": { "nom": "", "classe": "secondary" }, "geometry": { "type": "LineString", "coordinates": [ [ 11.489293, 3.816029 ], [ 11.489468, 3.816082 ] ] } },
{ "type": "Feature", "properties": { "nom": "Rue 8.502", "classe": "secondary" }, "geometry": { "type": "LineString", "coordinates": [ [ 11.504627, 3.824925 ], [ 11.504297, 3.824757 ], [ 11.504005, 3.824607 ], [ 11.503968, 3.824588 ], [ 11.503607, 3.824412 ], [ 11.503257, 3.824196 ], [ 11.503122, 3.824113 ], [ 11.502733, 3.823865 ], [ 11.502553, 3.823751 ], [ 11.502337, 3.823601 ], [ 11.502201, 3.82348 ], [ 11.502176, 3.823458 ], [ 11.502057, 3.82332 ], [ 11.50196, 3.823156 ], [ 11.501909, 3.823082 ], [ 11.501846, 3.822925 ], [ 11.501839, 3.822905 ], [ 11.501791, 3.822771 ], [ 11.501758, 3.822656 ], [ 11.501713, 3.822486 ], [ 11.501678, 3.822321 ], [ 11.501622, 3.822029 ], [ 11.501546, 3.821627 ], [ 11.501476, 3.82125 ], [ 11.501463, 3.821182 ], [ 11.501421, 3.820965 ], [ 11.501318, 3.820422 ], [ 11.501216, 3.820122 ], [ 11.501134, 3.81997 ], [ 11.501121, 3.819947 ], [ 11.501016, 3.819778 ], [ 11.500718, 3.819364 ], [ 11.500687, 3.819322 ], [ 11.500544, 3.819131 ], [ 11.500403, 3.818943 ], [ 11.500203, 3.818685 ], [ 11.500087, 3.818553 ], [ 11.49999, 3.818448 ], [ 11.499849, 3.818285 ], [ 11.49968, 3.818131 ], [ 11.499628, 3.818094 ], [ 11.499569, 3.818062 ], [ 11.499486, 3.818023 ], [ 11.499295, 3.817957 ], [ 11.499015, 3.817915 ], [ 11.498743, 3.817883 ], [ 11.498555, 3.81786 ], [ 11.498069, 3.817814 ], [ 11.497509, 3.817761 ], [ 11.497473, 3.817761 ], [ 11.497132, 3.81776 ], [ 11.496936, 3.81778 ], [ 11.49674, 3.81783 ], [ 11.496397, 3.817953 ], [ 11.496318, 3.817981 ], [ 11.496054, 3.818052 ], [ 11.49575, 3.818115 ], [ 11.495655, 3.818135 ], [ 11.495616, 3.818139 ], [ 11.495593, 3.818141 ], [ 11.49545, 3.818136 ], [ 11.495049, 3.818076 ], [ 11.494636, 3.817941 ], [ 11.494441, 3.817837 ], [ 11.494231, 3.817724 ], [ 11.493908, 3.817534 ], [ 11.493704, 3.817411 ], [ 11.493475, 3.8173 ], [ 11.493349, 3.817247 ], [ 11.492867, 3.817086 ], [ 11.492362, 3.816932 ], [ 11.491766, 3.816749 ] ] } },
{ "type": "Feature", "properties": { "nom": "Boulevard de l'OUA", "classe": "trunk" }, "geometry": { "type": "LineString", "coordinates": [ [ 11.519084, 3.834891 ], [ 11.519019, 3.835224 ], [ 11.518972, 3.835434 ], [ 11.518926, 3.835616 ], [ 11.51887, 3.835797 ], [ 11.51881, 3.835959 ], [ 11.518701, 3.836171 ], [ 11.518582, 3.836363 ], [ 11.518452, 3.836534 ], [ 11.518348, 3.836661 ], [ 11.518234, 3.83678 ], [ 11.518051, 3.836933 ], [ 11.517943, 3.83702 ], [ 11.517739, 3.837141 ], [ 11.517564, 3.837241 ], [ 11.517333, 3.837338 ], [ 11.517191, 3.837394 ], [ 11.517044, 3.837445 ], [ 11.516617, 3.83756 ], [ 11.515621, 3.837825 ], [ 11.515458, 3.837868 ], [ 11.515139, 3.837976 ], [ 11.514964, 3.838064 ], [ 11.514859, 3.838128 ], [ 11.514727, 3.838218 ], [ 11.514618, 3.838316 ], [ 11.514497, 3.838448 ], [ 11.514418, 3.838554 ], [ 11.514367, 3.838621 ], [ 11.514321, 3.838698 ], [ 11.514259, 3.838827 ], [ 11.514229, 3.838895 ], [ 11.5142, 3.838968 ], [ 11.514153, 3.839123 ], [ 11.514126, 3.839258 ], [ 11.51411, 3.839418 ], [ 11.5141, 3.839598 ], [ 11.5141, 3.839743 ], [ 11.514108, 3.839866 ], [ 11.514103, 3.840027 ] ] } },
{ "type": "Feature", "properties": { "nom": "Route de Mbalmayo", "classe": "trunk" }, "geometry": { "type": "LineString", "coordinates": [ [ 11.514103, 3.840027 ], [ 11.514086, 3.839961 ], [ 11.514077, 3.839919 ], [ 11.514064, 3.839845 ], [ 11.514049, 3.839736 ], [ 11.514044, 3.839592 ], [ 11.514047, 3.839431 ], [ 11.514071, 3.839225 ], [ 11.5141, 3.839101 ], [ 11.51415, 3.838947 ], [ 11.514214, 3.838787 ], [ 11.514261, 3.838693 ], [ 11.514294, 3.838635 ], [ 11.514362, 3.838528 ], [ 11.514454, 3.838411 ], [ 11.514572, 3.838285 ], [ 11.514686, 3.83818 ], [ 11.514807, 3.838091 ], [ 11.514938, 3.838014 ], [ 11.515099, 3.837936 ], [ 11.515362, 3.837848 ], [ 11.515567, 3.837784 ], [ 11.516341, 3.837583 ], [ 11.516605, 3.837514 ], [ 11.517072, 3.837387 ], [ 11.517497, 3.837213 ], [ 11.517666, 3.837116 ], [ 11.517787, 3.837036 ], [ 11.51799, 3.836896 ], [ 11.518193, 3.836731 ], [ 11.518281, 3.836645 ], [ 11.518349, 3.836562 ], [ 11.518424, 3.836472 ], [ 11.518524, 3.836332 ], [ 11.51865, 3.836132 ], [ 11.518759, 3.835937 ], [ 11.518824, 3.835768 ], [ 11.518835, 3.835733 ], [ 11.518879, 3.835598 ], [ 11.518928, 3.835406 ], [ 11.518968, 3.835224 ], [ 11.519029, 3.834881 ], [ 11.519053, 3.834659 ], [ 11.519069, 3.834402 ], [ 11.519063, 3.834087 ], [ 11.518944, 3.832238 ], [ 11.51885, 3.83089 ], [ 11.51882, 3.830532 ], [ 11.518785, 3.830249 ], [ 11.518726, 3.829965 ], [ 11.518658, 3.829727 ], [ 11.51857, 3.829459 ], [ 11.518301, 3.828823 ], [ 11.518171, 3.82851 ], [ 11.518092, 3.828304 ], [ 11.518066, 3.828179 ] ] } },
{ "type": "Feature", "properties": { "nom": "Avenue de Biyeme Assi", "classe": "primary" }, "geometry": { "type": "LineString", "coordinates": [ [ 11.484366, 3.836195 ], [ 11.484528, 3.836402 ], [ 11.484598, 3.836502 ], [ 11.484674, 3.836625 ] ] } },
{ "type": "Feature", "properties": { "nom": "Avenue de Biyeme Assi", "classe": "primary" }, "geometry": { "type": "LineString", "coordinates": [ [ 11.484674, 3.836625 ], [ 11.484566, 3.836554 ], [ 11.484464, 3.836466 ], [ 11.484276, 3.836278 ] ] } },
{ "type": "Feature", "properties": { "nom": "Rue 7.404", "classe": "secondary" }, "geometry": { "type": "LineString", "coordinates": [ [ 11.489143, 3.83167 ], [ 11.489096, 3.831719 ], [ 11.488699, 3.832079 ], [ 11.488445, 3.83231 ], [ 11.488187, 3.832545 ], [ 11.487956, 3.832756 ], [ 11.487942, 3.832769 ], [ 11.487819, 3.83289 ], [ 11.48776, 3.832946 ], [ 11.487077, 3.833553 ], [ 11.48658, 3.834012 ], [ 11.486195, 3.834354 ], [ 11.485936, 3.834581 ], [ 11.485632, 3.834868 ], [ 11.485351, 3.835129 ], [ 11.484766, 3.83566 ], [ 11.484645, 3.835774 ], [ 11.4845, 3.83593 ], [ 11.484383, 3.836095 ] ] } },
{ "type": "Feature", "properties": { "nom": "Rue 7.404", "classe": "secondary" }, "geometry": { "type": "LineString", "coordinates": [ [ 11.4843, 3.835992 ], [ 11.484448, 3.835871 ], [ 11.484604, 3.835733 ] ] } },
{ "type": "Feature", "properties": { "nom": "Avenue de Biyeme Assi", "classe": "secondary" }, "geometry": { "type": "LineString", "coordinates": [ [ 11.48392, 3.835738 ], [ 11.484078, 3.835851 ], [ 11.484157, 3.835911 ], [ 11.484233, 3.83598 ] ] } },
{ "type": "Feature", "properties": { "nom": "Avenue de Biyeme Assi", "classe": "secondary" }, "geometry": { "type": "LineString", "coordinates": [ [ 11.484122, 3.836042 ], [ 11.48392, 3.835738 ] ] } },
{ "type": "Feature", "properties": { "nom": "", "classe": "tertiary" }, "geometry": { "type": "LineString", "coordinates": [ [ 11.511476, 3.816644 ], [ 11.511258, 3.816711 ] ] } },
{ "type": "Feature", "properties": { "nom": "", "classe": "tertiary" }, "geometry": { "type": "LineString", "coordinates": [ [ 11.525563, 3.855537 ], [ 11.525448, 3.855591 ] ] } },
{ "type": "Feature", "properties": { "nom": "Rue 4.036", "classe": "tertiary" }, "geometry": { "type": "LineString", "coordinates": [ [ 11.52204, 3.856686 ], [ 11.522396, 3.856703 ], [ 11.522566, 3.856729 ], [ 11.522825, 3.856744 ], [ 11.52315, 3.85679 ], [ 11.523327, 3.856802 ], [ 11.523465, 3.856802 ], [ 11.523612, 3.856832 ], [ 11.523766, 3.856771 ], [ 11.524276, 3.856776 ], [ 11.524407, 3.856772 ], [ 11.524527, 3.856719 ], [ 11.524637, 3.856513 ], [ 11.524772, 3.856214 ], [ 11.524849, 3.856062 ], [ 11.524961, 3.855905 ], [ 11.525086, 3.855805 ], [ 11.525252, 3.8557 ], [ 11.525294, 3.85568 ], [ 11.525448, 3.855591 ] ] } },
{ "type": "Feature", "properties": { "nom": "Rue 1.771", "classe": "tertiary" }, "geometry": { "type": "LineString", "coordinates": [ [ 11.511386, 3.892171 ], [ 11.511409, 3.892197 ], [ 11.511435, 3.892225 ], [ 11.511484, 3.892274 ], [ 11.511543, 3.892355 ] ] } },
{ "type": "Feature", "properties": { "nom": "Rue 1.771", "classe": "tertiary" }, "geometry": { "type": "LineString", "coordinates": [ [ 11.51153, 3.88382 ], [ 11.511676, 3.884059 ], [ 11.511888, 3.884318 ], [ 11.511954, 3.884416 ], [ 11.512006, 3.88453 ], [ 11.512163, 3.885087 ], [ 11.512344, 3.885762 ], [ 11.512439, 3.886099 ], [ 11.512475, 3.886281 ], [ 11.512489, 3.886572 ], [ 11.512516, 3.887128 ], [ 11.512529, 3.887939 ], [ 11.512525, 3.888006 ], [ 11.512522, 3.888053 ], [ 11.512507, 3.888101 ], [ 11.512478, 3.888153 ], [ 11.512382, 3.888291 ], [ 11.511631, 3.889343 ], [ 11.511396, 3.889665 ], [ 11.511251, 3.889999 ], [ 11.511217, 3.890163 ], [ 11.511195, 3.890365 ], [ 11.511197, 3.890874 ], [ 11.511297, 3.89191 ], [ 11.511351, 3.892088 ], [ 11.511367, 3.892117 ], [ 11.511386, 3.892171 ] ] } },
{ "type": "Feature", "properties": { "nom": "Avenue de Mvolye", "classe": "secondary" }, "geometry": { "type": "LineString", "coordinates": [ [ 11.495474, 3.839974 ], [ 11.495571, 3.839931 ], [ 11.495636, 3.839918 ], [ 11.495735, 3.839899 ], [ 11.495843, 3.839875 ] ] } },
{ "type": "Feature", "properties": { "nom": "Avenue de Mvolye", "classe": "secondary" }, "geometry": { "type": "LineString", "coordinates": [ [ 11.495864, 3.839987 ], [ 11.495703, 3.839986 ], [ 11.495638, 3.839984 ], [ 11.495546, 3.83998 ], [ 11.495474, 3.839974 ] ] } },
{ "type": "Feature", "properties": { "nom": "", "classe": "secondary" }, "geometry": { "type": "LineString", "coordinates": [ [ 11.496035, 3.839967 ], [ 11.496096, 3.840025 ], [ 11.496171, 3.840092 ], [ 11.496241, 3.840157 ] ] } },
{ "type": "Feature", "properties": { "nom": "Avenue de Mvolyé", "classe": "secondary" }, "geometry": { "type": "LineString", "coordinates": [ [ 11.496241, 3.840157 ], [ 11.496133, 3.840129 ], [ 11.496084, 3.840109 ], [ 11.496038, 3.840083 ], [ 11.495949, 3.840021 ] ] } },
{ "type": "Feature", "properties": { "nom": "", "classe": "secondary" }, "geometry": { "type": "LineString", "coordinates": [ [ 11.495898, 3.839818 ], [ 11.495931, 3.839809 ], [ 11.495964, 3.83981 ], [ 11.495995, 3.839822 ], [ 11.496021, 3.839843 ], [ 11.49604, 3.839871 ], [ 11.496049, 3.839903 ], [ 11.496047, 3.839936 ], [ 11.496035, 3.839967 ], [ 11.496014, 3.839993 ], [ 11.495987, 3.840012 ], [ 11.495949, 3.840021 ], [ 11.495921, 3.840019 ], [ 11.49589, 3.840007 ], [ 11.495864, 3.839987 ], [ 11.495845, 3.839959 ], [ 11.495836, 3.839926 ], [ 11.495838, 3.839893 ], [ 11.495843, 3.839875 ], [ 11.49585, 3.839862 ], [ 11.495871, 3.839836 ], [ 11.495898, 3.839818 ] ] } },
{ "type": "Feature", "properties": { "nom": "Avenue de Nsimeyong", "classe": "secondary" }, "geometry": { "type": "LineString", "coordinates": [ [ 11.494669, 3.835403 ], [ 11.494314, 3.835404 ], [ 11.493943, 3.835416 ], [ 11.493632, 3.835431 ], [ 11.49352, 3.835436 ], [ 11.493396, 3.835438 ], [ 11.493278, 3.835429 ], [ 11.493151, 3.835407 ], [ 11.492992, 3.835376 ], [ 11.492741, 3.835305 ], [ 11.492594, 3.835254 ], [ 11.492473, 3.835207 ], [ 11.492342, 3.835144 ], [ 11.492254, 3.835095 ], [ 11.49218, 3.835044 ], [ 11.492107, 3.834982 ], [ 11.492002, 3.834892 ], [ 11.491871, 3.834754 ], [ 11.491599, 3.834453 ], [ 11.491318, 3.834154 ], [ 11.490693, 3.833476 ], [ 11.490607, 3.833391 ], [ 11.490486, 3.833255 ], [ 11.490445, 3.833207 ], [ 11.490264, 3.832984 ], [ 11.490005, 3.832714 ], [ 11.489676, 3.832345 ], [ 11.489326, 3.83197 ], [ 11.489096, 3.831719 ], [ 11.489057, 3.831673 ], [ 11.488717, 3.831263 ], [ 11.488525, 3.831018 ], [ 11.488373, 3.830817 ], [ 11.488308, 3.830727 ], [ 11.488221, 3.830608 ], [ 11.488048, 3.830365 ], [ 11.487853, 3.830123 ], [ 11.48755, 3.829748 ], [ 11.487513, 3.829702 ], [ 11.487473, 3.829617 ] ] } },
{ "type": "Feature", "properties": { "nom": "Rue 7.404", "classe": "secondary" }, "geometry": { "type": "LineString", "coordinates": [ [ 11.484604, 3.835733 ], [ 11.484731, 3.835609 ], [ 11.485313, 3.835078 ], [ 11.485597, 3.834808 ], [ 11.485884, 3.834536 ], [ 11.486144, 3.834299 ], [ 11.486524, 3.833961 ], [ 11.487027, 3.833502 ] ] } },
{ "type": "Feature", "properties": { "nom": "Rue des Cocotiers", "classe": "tertiary" }, "geometry": { "type": "LineString", "coordinates": [ [ 11.489513, 3.837828 ], [ 11.489487, 3.837842 ], [ 11.489449, 3.837851 ], [ 11.489412, 3.837852 ], [ 11.489365, 3.837863 ], [ 11.489298, 3.837852 ], [ 11.489195, 3.837828 ], [ 11.488961, 3.837765 ], [ 11.488906, 3.837751 ], [ 11.488853, 3.837736 ], [ 11.488818, 3.837715 ], [ 11.488795, 3.837687 ], [ 11.488782, 3.837653 ], [ 11.488784, 3.837605 ], [ 11.48878, 3.837324 ], [ 11.488758, 3.837118 ], [ 11.488725, 3.836978 ], [ 11.488664, 3.836613 ], [ 11.488633, 3.836105 ], [ 11.488604, 3.835604 ], [ 11.488597, 3.835477 ], [ 11.488582, 3.83532 ], [ 11.488565, 3.835237 ], [ 11.488524, 3.835177 ], [ 11.488086, 3.834674 ], [ 11.487633, 3.834188 ], [ 11.487308, 3.833817 ], [ 11.487077, 3.833553 ], [ 11.487027, 3.833502 ], [ 11.486815, 3.833274 ], [ 11.486463, 3.832874 ], [ 11.486007, 3.832375 ], [ 11.485618, 3.83195 ], [ 11.485538, 3.831891 ], [ 11.485445, 3.831854 ], [ 11.485366, 3.831835 ], [ 11.485258, 3.831822 ], [ 11.484774, 3.831874 ], [ 11.484464, 3.831905 ], [ 11.484187, 3.831923 ], [ 11.484158, 3.831926 ], [ 11.483855, 3.831956 ], [ 11.483354, 3.832006 ], [ 11.482972, 3.832039 ] ] } },
{ "type": "Feature", "properties": { "nom": "", "classe": "secondary" }, "geometry": { "type": "LineString", "coordinates": [ [ 11.487027, 3.833502 ], [ 11.487714, 3.832899 ], [ 11.487772, 3.832845 ], [ 11.487897, 3.832727 ], [ 11.487916, 3.83271 ], [ 11.48815, 3.832498 ], [ 11.488403, 3.832265 ], [ 11.488659, 3.832033 ], [ 11.489057, 3.831673 ], [ 11.489106, 3.831629 ] ] } },
{ "type": "Feature", "properties": { "nom": "", "classe": "tertiary" }, "geometry": { "type": "LineString", "coordinates": [ [ 11.547641, 3.855294 ], [ 11.547642, 3.855311 ], [ 11.547634, 3.855331 ], [ 11.547618, 3.855346 ], [ 11.547597, 3.855354 ], [ 11.547575, 3.855352 ], [ 11.547553, 3.855338 ], [ 11.547539, 3.855315 ], [ 11.547539, 3.855292 ], [ 11.547548, 3.855271 ], [ 11.547566, 3.855255 ], [ 11.547589, 3.85525 ], [ 11.547612, 3.855254 ], [ 11.547631, 3.855268 ], [ 11.547641, 3.855294 ] ] } },
{ "type": "Feature", "properties": { "nom": "Rue 2.011", "classe": "tertiary" }, "geometry": { "type": "LineString", "coordinates": [ [ 11.505855, 3.871725 ], [ 11.506005, 3.871853 ], [ 11.506061, 3.871914 ], [ 11.506273, 3.872096 ], [ 11.506686, 3.872374 ], [ 11.506864, 3.872514 ], [ 11.507075, 3.872667 ], [ 11.507286, 3.872799 ], [ 11.507477, 3.872908 ], [ 11.507796, 3.873044 ], [ 11.508097, 3.873143 ], [ 11.50811, 3.873147 ], [ 11.508332, 3.873214 ], [ 11.508499, 3.873248 ], [ 11.508588, 3.873265 ], [ 11.508906, 3.873298 ], [ 11.509182, 3.873318 ], [ 11.509775, 3.873363 ], [ 11.510021, 3.873387 ], [ 11.51033, 3.873445 ], [ 11.510733, 3.873521 ], [ 11.510985, 3.873579 ], [ 11.511064, 3.873614 ], [ 11.51114, 3.873678 ], [ 11.511195, 3.873759 ], [ 11.511216, 3.873853 ], [ 11.511226, 3.873917 ], [ 11.51137, 3.874708 ], [ 11.511402, 3.874894 ], [ 11.511425, 3.874998 ] ] } },
{ "type": "Feature", "properties": { "nom": "Rue Malam Ibrahim", "classe": "tertiary" }, "geometry": { "type": "LineString", "coordinates": [ [ 11.503641, 3.87496 ], [ 11.50365, 3.875096 ] ] } },
{ "type": "Feature", "properties": { "nom": "Rue Tsoungui Akoa", "classe": "secondary" }, "geometry": { "type": "LineString", "coordinates": [ [ 11.502054, 3.848346 ], [ 11.502074, 3.848323 ], [ 11.502104, 3.848273 ], [ 11.502124, 3.848232 ], [ 11.50215, 3.848144 ], [ 11.502177, 3.847954 ], [ 11.502159, 3.847765 ], [ 11.502149, 3.847657 ], [ 11.502136, 3.847523 ], [ 11.502136, 3.847457 ], [ 11.502146, 3.847389 ], [ 11.502174, 3.847303 ], [ 11.502256, 3.847184 ], [ 11.502348, 3.847103 ], [ 11.502482, 3.847037 ], [ 11.502721, 3.846941 ], [ 11.503074, 3.846809 ], [ 11.503191, 3.846765 ], [ 11.503282, 3.846719 ], [ 11.503329, 3.84666 ], [ 11.503346, 3.846609 ], [ 11.503356, 3.846561 ], [ 11.503346, 3.846472 ], [ 11.503088, 3.8459 ], [ 11.503025, 3.845802 ], [ 11.502952, 3.845714 ], [ 11.502772, 3.845567 ], [ 11.502456, 3.84533 ], [ 11.502107, 3.845075 ], [ 11.50197, 3.84494 ] ] } },
{ "type": "Feature", "properties": { "nom": "", "classe": "secondary" }, "geometry": { "type": "LineString", "coordinates": [ [ 11.493577, 3.850308 ], [ 11.493555, 3.850344 ], [ 11.493536, 3.850385 ], [ 11.493505, 3.850445 ], [ 11.493451, 3.850544 ] ] } },
{ "type": "Feature", "properties": { "nom": "", "classe": "secondary" }, "geometry": { "type": "LineString", "coordinates": [ [ 11.493715, 3.850067 ], [ 11.493684, 3.850134 ], [ 11.493659, 3.850174 ], [ 11.493624, 3.850226 ], [ 11.493601, 3.850268 ], [ 11.493577, 3.850308 ] ] } },
{ "type": "Feature", "properties": { "nom": "", "classe": "secondary" }, "geometry": { "type": "LineString", "coordinates": [ [ 11.516652, 3.867146 ], [ 11.516509, 3.866985 ] ] } },
{ "type": "Feature", "properties": { "nom": "", "classe": "secondary" }, "geometry": { "type": "LineString", "coordinates": [ [ 11.515883, 3.866549 ], [ 11.515671, 3.866461 ], [ 11.515512, 3.866433 ] ] } },
{ "type": "Feature", "properties": { "nom": "", "classe": "secondary" }, "geometry": { "type": "LineString", "coordinates": [ [ 11.516654, 3.86736 ], [ 11.516678, 3.867216 ] ] } },
{ "type": "Feature", "properties": { "nom": "", "classe": "secondary" }, "geometry": { "type": "LineString", "coordinates": [ [ 11.516909, 3.866823 ], [ 11.516847, 3.867123 ] ] } },
{ "type": "Feature", "properties": { "nom": "Avenue du Pdt El Hadj Ahmadou Ahidjo", "classe": "secondary" }, "geometry": { "type": "LineString", "coordinates": [ [ 11.516909, 3.866823 ], [ 11.517189, 3.866221 ], [ 11.517444, 3.865658 ], [ 11.517508, 3.865578 ], [ 11.517926, 3.865158 ], [ 11.518292, 3.864802 ], [ 11.519024, 3.864118 ], [ 11.51986, 3.863336 ], [ 11.519913, 3.863286 ], [ 11.520044, 3.863167 ], [ 11.520524, 3.862731 ], [ 11.520616, 3.862625 ], [ 11.520855, 3.862311 ] ] } },
{ "type": "Feature", "properties": { "nom": "", "classe": "secondary" }, "geometry": { "type": "LineString", "coordinates": [ [ 11.516849, 3.867169 ], [ 11.516861, 3.867302 ] ] } },
{ "type": "Feature", "properties": { "nom": "Rue Nachtigal", "classe": "secondary" }, "geometry": { "type": "LineString", "coordinates": [ [ 11.516946, 3.867996 ], [ 11.517017, 3.868569 ], [ 11.517073, 3.869023 ] ] } },
{ "type": "Feature", "properties": { "nom": "Rue Omgba Bissogo", "classe": "secondary" }, "geometry": { "type": "LineString", "coordinates": [ [ 11.494022, 3.862807 ], [ 11.494064, 3.862789 ] ] } },
{ "type": "Feature", "properties": { "nom": "", "classe": "secondary" }, "geometry": { "type": "LineString", "coordinates": [ [ 11.494144, 3.862885 ], [ 11.494106, 3.862916 ], [ 11.494082, 3.862924 ], [ 11.49402, 3.862943 ], [ 11.493962, 3.862948 ], [ 11.493889, 3.862933 ], [ 11.493799, 3.862896 ] ] } },
{ "type": "Feature", "properties": { "nom": "Rue 3.398", "classe": "primary" }, "geometry": { "type": "LineString", "coordinates": [ [ 11.490949, 3.871696 ], [ 11.491038, 3.871735 ] ] } },
{ "type": "Feature", "properties": { "nom": "Rue 2.700", "classe": "primary" }, "geometry": { "type": "LineString", "coordinates": [ [ 11.491038, 3.871735 ], [ 11.490958, 3.871742 ] ] } },
{ "type": "Feature", "properties": { "nom": "", "classe": "secondary" }, "geometry": { "type": "LineString", "coordinates": [ [ 11.489672, 3.871391 ], [ 11.489675, 3.871487 ] ] } },
{ "type": "Feature", "properties": { "nom": "", "classe": "secondary" }, "geometry": { "type": "LineString", "coordinates": [ [ 11.489522, 3.871648 ], [ 11.48961, 3.871576 ], [ 11.489675, 3.871487 ] ] } },
{ "type": "Feature", "properties": { "nom": "Rue Nana Tchakounte", "classe": "secondary" }, "geometry": { "type": "LineString", "coordinates": [ [ 11.502477, 3.873514 ], [ 11.502414, 3.873553 ], [ 11.502358, 3.873555 ], [ 11.502296, 3.873554 ], [ 11.502214, 3.873552 ], [ 11.502057, 3.873553 ], [ 11.50181, 3.873583 ], [ 11.501712, 3.873609 ], [ 11.501225, 3.873827 ], [ 11.500793, 3.874021 ], [ 11.500666, 3.874085 ], [ 11.500641, 3.874097 ], [ 11.500256, 3.874293 ], [ 11.499791, 3.874524 ], [ 11.499511, 3.874612 ], [ 11.499203, 3.87477 ], [ 11.499137, 3.874803 ], [ 11.498493, 3.875171 ], [ 11.498361, 3.875275 ], [ 11.498243, 3.875361 ], [ 11.497839, 3.875654 ], [ 11.497231, 3.876189 ], [ 11.496882, 3.876502 ], [ 11.496742, 3.876613 ], [ 11.496316, 3.876966 ], [ 11.496225, 3.877037 ], [ 11.495515, 3.877621 ], [ 11.494249, 3.878744 ], [ 11.493802, 3.879139 ], [ 11.493593, 3.87949 ], [ 11.493564, 3.879561 ], [ 11.493399, 3.879908 ], [ 11.493236, 3.880252 ], [ 11.493182, 3.880401 ], [ 11.492959, 3.880928 ], [ 11.492677, 3.881575 ], [ 11.492495, 3.881993 ], [ 11.49229, 3.882407 ], [ 11.492275, 3.882521 ], [ 11.492224, 3.882729 ], [ 11.492217, 3.882865 ] ] } },
{ "type": "Feature", "properties": { "nom": "Rue Nana Tchakounte", "classe": "secondary" }, "geometry": { "type": "LineString", "coordinates": [ [ 11.502352, 3.873467 ], [ 11.50241, 3.873469 ], [ 11.502446, 3.873494 ], [ 11.502477, 3.873514 ] ] } },
{ "type": "Feature", "properties": { "nom": "Rue Essono Ela", "classe": "secondary" }, "geometry": { "type": "LineString", "coordinates": [ [ 11.51502, 3.863389 ], [ 11.515176, 3.86323 ], [ 11.515488, 3.862916 ], [ 11.515658, 3.862758 ], [ 11.516135, 3.862333 ], [ 11.516733, 3.861796 ], [ 11.516761, 3.861771 ], [ 11.516848, 3.861705 ], [ 11.517008, 3.861578 ], [ 11.518126, 3.860628 ], [ 11.518309, 3.860483 ], [ 11.518512, 3.860321 ], [ 11.519053, 3.859993 ], [ 11.519318, 3.859871 ], [ 11.519823, 3.859681 ], [ 11.520035, 3.859612 ], [ 11.520234, 3.859571 ], [ 11.520274, 3.859574 ], [ 11.520303, 3.859586 ] ] } },
{ "type": "Feature", "properties": { "nom": "Rue 3.050", "classe": "tertiary" }, "geometry": { "type": "LineString", "coordinates": [ [ 11.511587, 3.861998 ], [ 11.511402, 3.862017 ], [ 11.510735, 3.862173 ], [ 11.510294, 3.862334 ], [ 11.510209, 3.862347 ], [ 11.510124, 3.862338 ], [ 11.510043, 3.862295 ], [ 11.509914, 3.862146 ] ] } },
{ "type": "Feature", "properties": { "nom": "Rue 3.013", "classe": "secondary" }, "geometry": { "type": "LineString", "coordinates": [ [ 11.51523, 3.865616 ], [ 11.515219, 3.865348 ], [ 11.515187, 3.864487 ], [ 11.515179, 3.864402 ], [ 11.515151, 3.864317 ], [ 11.515084, 3.864253 ], [ 11.514994, 3.864202 ], [ 11.514794, 3.864127 ] ] } },
{ "type": "Feature", "properties": { "nom": "Rue 3.025", "classe": "tertiary" }, "geometry": { "type": "LineString", "coordinates": [ [ 11.520816, 3.857893 ], [ 11.520696, 3.857909 ], [ 11.520561, 3.857936 ], [ 11.520127, 3.85804 ], [ 11.51963, 3.858167 ], [ 11.519582, 3.858191 ], [ 11.519525, 3.858236 ] ] } },
{ "type": "Feature", "properties": { "nom": "Rue 3.025", "classe": "tertiary" }, "geometry": { "type": "LineString", "coordinates": [ [ 11.512043, 3.864164 ], [ 11.51223, 3.863943 ], [ 11.512691, 3.863365 ], [ 11.512861, 3.863209 ], [ 11.513105, 3.863049 ], [ 11.513179, 3.863007 ], [ 11.51333, 3.862848 ], [ 11.513463, 3.862665 ], [ 11.513699, 3.86228 ], [ 11.513894, 3.861899 ], [ 11.513966, 3.86174 ], [ 11.514059, 3.861518 ], [ 11.514263, 3.86106 ], [ 11.514394, 3.860704 ], [ 11.514671, 3.860054 ], [ 11.514814, 3.859843 ], [ 11.514936, 3.859752 ], [ 11.516182, 3.858868 ], [ 11.516977, 3.858251 ], [ 11.517391, 3.857991 ], [ 11.517565, 3.857893 ], [ 11.51772, 3.857875 ], [ 11.517951, 3.857883 ], [ 11.518144, 3.8579 ], [ 11.518458, 3.857938 ], [ 11.519089, 3.858069 ], [ 11.519384, 3.858249 ] ] } },
{ "type": "Feature", "properties": { "nom": "", "classe": "tertiary" }, "geometry": { "type": "LineString", "coordinates": [ [ 11.511836, 3.863896 ], [ 11.511879, 3.864027 ], [ 11.511913, 3.864143 ], [ 11.511913, 3.864183 ] ] } },
{ "type": "Feature", "properties": { "nom": "", "classe": "tertiary" }, "geometry": { "type": "LineString", "coordinates": [ [ 11.511851, 3.864201 ], [ 11.511869, 3.864188 ], [ 11.51189, 3.864182 ], [ 11.511913, 3.864183 ], [ 11.511926, 3.864187 ], [ 11.511942, 3.864198 ], [ 11.511961, 3.864225 ], [ 11.511965, 3.864258 ], [ 11.511957, 3.864282 ], [ 11.511941, 3.864301 ], [ 11.511919, 3.864313 ], [ 11.511892, 3.864316 ], [ 11.511866, 3.864308 ], [ 11.511845, 3.864291 ], [ 11.511833, 3.864267 ], [ 11.511831, 3.864241 ], [ 11.511837, 3.864218 ], [ 11.511851, 3.864201 ] ] } },
{ "type": "Feature", "properties": { "nom": "Axe principal du campus", "classe": "tertiary" }, "geometry": { "type": "LineString", "coordinates": [ [ 11.503769, 3.856428 ], [ 11.503639, 3.856485 ], [ 11.503249, 3.856656 ], [ 11.50316, 3.856656 ], [ 11.503105, 3.856647 ], [ 11.503041, 3.856609 ], [ 11.502983, 3.856542 ], [ 11.502959, 3.856478 ], [ 11.502952, 3.8564 ], [ 11.503011, 3.856116 ], [ 11.50303, 3.855996 ], [ 11.503016, 3.855919 ], [ 11.502987, 3.855861 ], [ 11.50294, 3.855821 ], [ 11.502875, 3.855808 ], [ 11.502812, 3.855818 ], [ 11.502755, 3.855862 ], [ 11.502682, 3.855967 ], [ 11.502396, 3.856552 ], [ 11.50234, 3.856732 ], [ 11.502278, 3.857044 ], [ 11.502296, 3.857081 ], [ 11.502332, 3.857153 ], [ 11.502344, 3.857177 ], [ 11.502476, 3.857449 ], [ 11.502451, 3.857584 ], [ 11.50238, 3.857669 ], [ 11.502323, 3.857737 ], [ 11.502269, 3.857799 ], [ 11.502185, 3.857869 ], [ 11.502143, 3.857926 ], [ 11.502035, 3.858087 ], [ 11.501986, 3.858194 ], [ 11.501928, 3.858353 ], [ 11.501843, 3.858616 ], [ 11.501762, 3.85881 ], [ 11.501674, 3.858939 ], [ 11.501606, 3.858995 ], [ 11.501504, 3.859045 ], [ 11.501411, 3.859062 ], [ 11.501269, 3.859069 ], [ 11.50113, 3.859031 ], [ 11.50067, 3.858886 ], [ 11.500277, 3.858762 ], [ 11.500073, 3.858661 ], [ 11.499956, 3.858578 ], [ 11.499925, 3.858549 ], [ 11.499902, 3.858506 ], [ 11.499889, 3.858383 ], [ 11.499884, 3.858332 ], [ 11.499878, 3.858194 ], [ 11.499891, 3.858038 ], [ 11.499912, 3.857985 ], [ 11.499949, 3.857921 ], [ 11.499973, 3.857877 ], [ 11.500101, 3.857709 ], [ 11.500186, 3.857589 ], [ 11.500215, 3.857532 ], [ 11.500296, 3.857401 ], [ 11.500349, 3.85731 ], [ 11.500383, 3.857245 ], [ 11.500417, 3.857177 ], [ 11.500484, 3.856952 ], [ 11.500509, 3.856872 ], [ 11.500584, 3.856637 ], [ 11.500613, 3.856571 ], [ 11.500649, 3.85652 ], [ 11.500827, 3.856332 ], [ 11.500932, 3.856218 ], [ 11.500984, 3.856156 ], [ 11.501016, 3.856092 ], [ 11.501019, 3.855996 ], [ 11.500969, 3.85592 ], [ 11.500894, 3.855872 ], [ 11.500778, 3.855856 ], [ 11.50071, 3.855846 ], [ 11.500604, 3.855854 ], [ 11.500499, 3.855878 ], [ 11.500226, 3.856023 ], [ 11.500124, 3.856076 ], [ 11.50006, 3.856098 ], [ 11.499997, 3.856108 ], [ 11.499861, 3.856106 ], [ 11.49966, 3.856058 ], [ 11.499178, 3.855886 ], [ 11.499065, 3.855859 ], [ 11.499008, 3.855856 ] ] } },
{ "type": "Feature", "properties": { "nom": "Rue de Narvik", "classe": "tertiary" }, "geometry": { "type": "LineString", "coordinates": [ [ 11.520292, 3.864399 ], [ 11.520214, 3.864469 ] ] } },
{ "type": "Feature", "properties": { "nom": "", "classe": "secondary" }, "geometry": { "type": "LineString", "coordinates": [ [ 11.499204, 3.845407 ], [ 11.499179, 3.845448 ], [ 11.49916, 3.845457 ] ] } },
{ "type": "Feature", "properties": { "nom": "", "classe": "secondary" }, "geometry": { "type": "LineString", "coordinates": [ [ 11.499075, 3.845427 ], [ 11.499092, 3.845418 ], [ 11.499113, 3.845381 ] ] } },
{ "type": "Feature", "properties": { "nom": "Avenue de Biyeme Assi", "classe": "primary" }, "geometry": { "type": "LineString", "coordinates": [ [ 11.499075, 3.845427 ], [ 11.49904, 3.845403 ], [ 11.498975, 3.845354 ], [ 11.498898, 3.845296 ], [ 11.498853, 3.845262 ], [ 11.49879, 3.845219 ], [ 11.498757, 3.845165 ] ] } },
{ "type": "Feature", "properties": { "nom": "", "classe": "primary" }, "geometry": { "type": "LineString", "coordinates": [ [ 11.499075, 3.845427 ], [ 11.499118, 3.845444 ], [ 11.49916, 3.845457 ] ] } },
{ "type": "Feature", "properties": { "nom": "", "classe": "secondary" }, "geometry": { "type": "LineString", "coordinates": [ [ 11.498646, 3.845639 ], [ 11.498669, 3.845614 ], [ 11.498701, 3.845595 ], [ 11.498725, 3.845583 ], [ 11.498817, 3.845549 ], [ 11.499075, 3.845427 ] ] } },
{ "type": "Feature", "properties": { "nom": "", "classe": "secondary" }, "geometry": { "type": "LineString", "coordinates": [ [ 11.49916, 3.845457 ], [ 11.499078, 3.845509 ], [ 11.498742, 3.845618 ], [ 11.498713, 3.845628 ], [ 11.498679, 3.845638 ], [ 11.498646, 3.845639 ] ] } },
{ "type": "Feature", "properties": { "nom": "Avenue de Biyeme Assi", "classe": "primary" }, "geometry": { "type": "LineString", "coordinates": [ [ 11.498757, 3.845165 ], [ 11.498822, 3.845184 ], [ 11.498885, 3.845227 ], [ 11.498943, 3.845269 ], [ 11.499004, 3.845311 ], [ 11.499067, 3.845357 ], [ 11.499113, 3.845381 ] ] } },
{ "type": "Feature", "properties": { "nom": "", "classe": "primary" }, "geometry": { "type": "LineString", "coordinates": [ [ 11.500969, 3.844721 ], [ 11.500925, 3.844785 ], [ 11.500882, 3.844833 ], [ 11.500833, 3.84487 ], [ 11.500781, 3.844907 ], [ 11.500721, 3.844939 ], [ 11.500639, 3.844981 ], [ 11.500552, 3.845011 ], [ 11.500463, 3.845041 ], [ 11.500307, 3.845092 ], [ 11.500093, 3.845164 ], [ 11.499719, 3.845287 ], [ 11.499344, 3.845411 ], [ 11.49928, 3.84543 ], [ 11.499246, 3.845441 ], [ 11.49916, 3.845457 ] ] } },
{ "type": "Feature", "properties": { "nom": "", "classe": "primary" }, "geometry": { "type": "LineString", "coordinates": [ [ 11.499113, 3.845381 ], [ 11.499156, 3.845397 ], [ 11.499204, 3.845407 ], [ 11.499234, 3.845402 ], [ 11.499261, 3.845394 ], [ 11.499323, 3.845374 ], [ 11.500069, 3.845134 ], [ 11.500399, 3.845021 ], [ 11.500526, 3.844982 ], [ 11.500606, 3.84495 ], [ 11.500682, 3.844917 ], [ 11.500794, 3.844846 ], [ 11.500842, 3.844809 ], [ 11.500877, 3.844775 ], [ 11.500917, 3.84471 ] ] } },
{ "type": "Feature", "properties": { "nom": "", "classe": "tertiary" }, "geometry": { "type": "LineString", "coordinates": [ [ 11.494983, 3.690705 ], [ 11.495018, 3.690765 ], [ 11.495437, 3.691698 ] ] } },
{ "type": "Feature", "properties": { "nom": "", "classe": "tertiary" }, "geometry": { "type": "LineString", "coordinates": [ [ 11.495437, 3.691698 ], [ 11.495525, 3.691819 ], [ 11.495641, 3.691936 ], [ 11.495797, 3.692051 ], [ 11.49603, 3.692188 ], [ 11.496259, 3.692283 ], [ 11.496543, 3.692387 ], [ 11.496768, 3.692478 ], [ 11.497047, 3.692598 ], [ 11.497369, 3.692756 ], [ 11.497594, 3.692871 ], [ 11.497828, 3.692981 ], [ 11.498053, 3.693075 ], [ 11.4983, 3.693158 ], [ 11.498496, 3.693222 ], [ 11.498705, 3.693286 ], [ 11.49889, 3.693327 ], [ 11.499083, 3.693377 ], [ 11.499311, 3.693458 ], [ 11.499585, 3.693581 ], [ 11.499874, 3.693725 ], [ 11.500127, 3.693932 ], [ 11.500362, 3.694106 ], [ 11.500483, 3.69419 ], [ 11.500574, 3.694253 ], [ 11.500685, 3.694334 ], [ 11.50103, 3.694587 ], [ 11.501242, 3.694759 ], [ 11.501401, 3.694873 ], [ 11.501623, 3.695031 ], [ 11.501811, 3.695166 ], [ 11.501944, 3.695264 ], [ 11.502042, 3.695344 ], [ 11.502128, 3.695527 ] ] } },
{ "type": "Feature", "properties": { "nom": "", "classe": "secondary" }, "geometry": { "type": "LineString", "coordinates": [ [ 11.496556, 3.86397 ], [ 11.496555, 3.864011 ], [ 11.496574, 3.864034 ] ] } },
{ "type": "Feature", "properties": { "nom": "", "classe": "secondary" }, "geometry": { "type": "LineString", "coordinates": [ [ 11.492786, 3.857026 ], [ 11.492734, 3.857128 ], [ 11.492679, 3.857218 ], [ 11.492621, 3.857287 ] ] } },
{ "type": "Feature", "properties": { "nom": "", "classe": "secondary" }, "geometry": { "type": "LineString", "coordinates": [ [ 11.492601, 3.857323 ], [ 11.492623, 3.857502 ], [ 11.492633, 3.85763 ], [ 11.492664, 3.857745 ] ] } },
{ "type": "Feature", "properties": { "nom": "", "classe": "secondary" }, "geometry": { "type": "LineString", "coordinates": [ [ 11.492582, 3.857189 ], [ 11.492669, 3.857109 ], [ 11.492786, 3.857026 ] ] } },
{ "type": "Feature", "properties": { "nom": "", "classe": "secondary" }, "geometry": { "type": "LineString", "coordinates": [ [ 11.492233, 3.856919 ], [ 11.492416, 3.857087 ], [ 11.492539, 3.857177 ] ] } },
{ "type": "Feature", "properties": { "nom": "", "classe": "secondary" }, "geometry": { "type": "LineString", "coordinates": [ [ 11.492449, 3.857264 ], [ 11.492461, 3.85722 ], [ 11.492494, 3.857188 ], [ 11.492539, 3.857177 ], [ 11.492582, 3.857189 ], [ 11.492609, 3.857215 ], [ 11.492623, 3.85725 ], [ 11.492621, 3.857287 ], [ 11.492601, 3.857323 ], [ 11.492569, 3.857345 ], [ 11.492531, 3.857351 ], [ 11.492513, 3.85733 ] ] } },
{ "type": "Feature", "properties": { "nom": "Rue 4.007", "classe": "secondary" }, "geometry": { "type": "LineString", "coordinates": [ [ 11.521367, 3.850759 ], [ 11.521584, 3.850861 ], [ 11.521694, 3.850914 ] ] } },
{ "type": "Feature", "properties": { "nom": "Boulevard de l'OCAM", "classe": "trunk" }, "geometry": { "type": "LineString", "coordinates": [ [ 11.522167, 3.853808 ], [ 11.522122, 3.853924 ], [ 11.522049, 3.85416 ], [ 11.522012, 3.854302 ], [ 11.521992, 3.854474 ], [ 11.521984, 3.854796 ], [ 11.52199, 3.855004 ], [ 11.521998, 3.855215 ], [ 11.522006, 3.855567 ], [ 11.52204, 3.856686 ], [ 11.522041, 3.856756 ], [ 11.522045, 3.856863 ], [ 11.522079, 3.857744 ], [ 11.52208, 3.857817 ], [ 11.522081, 3.857972 ] ] } },
{ "type": "Feature", "properties": { "nom": "", "classe": "secondary" }, "geometry": { "type": "LineString", "coordinates": [ [ 11.520806, 3.856482 ], [ 11.52073, 3.856465 ], [ 11.520658, 3.85642 ], [ 11.520615, 3.856381 ], [ 11.520296, 3.856084 ] ] } },
{ "type": "Feature", "properties": { "nom": "Rue 3.700", "classe": "secondary" }, "geometry": { "type": "LineString", "coordinates": [ [ 11.516609, 3.854247 ], [ 11.517176, 3.854516 ], [ 11.517274, 3.854566 ], [ 11.517519, 3.854684 ], [ 11.517767, 3.854803 ], [ 11.517971, 3.854907 ], [ 11.518233, 3.855039 ] ] } },
{ "type": "Feature", "properties": { "nom": "", "classe": "primary" }, "geometry": { "type": "LineString", "coordinates": [ [ 11.513478, 3.844086 ], [ 11.513592, 3.844321 ], [ 11.513642, 3.844425 ] ] } },
{ "type": "Feature", "properties": { "nom": "", "classe": "primary" }, "geometry": { "type": "LineString", "coordinates": [ [ 11.51364, 3.844662 ], [ 11.513617, 3.844573 ], [ 11.513616, 3.844568 ], [ 11.513607, 3.844494 ], [ 11.513536, 3.844344 ] ] } },
{ "type": "Feature", "properties": { "nom": "Rue 3.007", "classe": "primary" }, "geometry": { "type": "LineString", "coordinates": [ [ 11.520902, 3.856831 ], [ 11.520927, 3.857002 ], [ 11.520935, 3.857054 ], [ 11.520945, 3.857247 ], [ 11.520954, 3.857883 ], [ 11.520953, 3.85792 ], [ 11.520935, 3.858047 ], [ 11.52091, 3.858128 ], [ 11.520883, 3.858181 ], [ 11.520815, 3.85832 ] ] } },
{ "type": "Feature", "properties": { "nom": "Avenue Charles Atangana", "classe": "primary" }, "geometry": { "type": "LineString", "coordinates": [ [ 11.520824, 3.856858 ], [ 11.520821, 3.85678 ], [ 11.52073, 3.856465 ], [ 11.520705, 3.856405 ], [ 11.520645, 3.856266 ], [ 11.520455, 3.85584 ], [ 11.520253, 3.855482 ], [ 11.520069, 3.855154 ], [ 11.519777, 3.854699 ], [ 11.519396, 3.854129 ], [ 11.518744, 3.853301 ], [ 11.518124, 3.852598 ], [ 11.518045, 3.852508 ], [ 11.517904, 3.852365 ], [ 11.517824, 3.852278 ], [ 11.517296, 3.851796 ], [ 11.516765, 3.851382 ], [ 11.51653, 3.851206 ], [ 11.516039, 3.850858 ], [ 11.515747, 3.850643 ], [ 11.515679, 3.850592 ], [ 11.515413, 3.850349 ], [ 11.515235, 3.85015 ], [ 11.515094, 3.849949 ], [ 11.514993, 3.849767 ], [ 11.514955, 3.849644 ], [ 11.514939, 3.849565 ], [ 11.514907, 3.849481 ], [ 11.514892, 3.84942 ], [ 11.514871, 3.849344 ], [ 11.514859, 3.849242 ], [ 11.514833, 3.849109 ], [ 11.514804, 3.848791 ], [ 11.514805, 3.848625 ], [ 11.514826, 3.848398 ], [ 11.514829, 3.848368 ], [ 11.514835, 3.848273 ], [ 11.514848, 3.848167 ], [ 11.51487, 3.847997 ] ] } },
{ "type": "Feature", "properties": { "nom": "Rue de la Briqueterie", "classe": "tertiary" }, "geometry": { "type": "LineString", "coordinates": [ [ 11.512373, 3.875156 ], [ 11.512273, 3.875123 ], [ 11.512165, 3.875095 ], [ 11.512012, 3.875063 ], [ 11.511866, 3.875039 ], [ 11.511425, 3.874998 ], [ 11.511311, 3.874995 ] ] } },
{ "type": "Feature", "properties": { "nom": "Rue Daniel Essomba", "classe": "secondary" }, "geometry": { "type": "LineString", "coordinates": [ [ 11.520926, 3.856753 ], [ 11.52089, 3.856767 ], [ 11.520821, 3.85678 ] ] } },
{ "type": "Feature", "properties": { "nom": "Rue 3.043", "classe": "tertiary" }, "geometry": { "type": "LineString", "coordinates": [ [ 11.511919, 3.864313 ], [ 11.511914, 3.8645 ], [ 11.51191, 3.864702 ], [ 11.511878, 3.864875 ] ] } },
{ "type": "Feature", "properties": { "nom": "", "classe": "primary" }, "geometry": { "type": "LineString", "coordinates": [ [ 11.513358, 3.866893 ], [ 11.513237, 3.86668 ], [ 11.513205, 3.866619 ] ] } },
{ "type": "Feature", "properties": { "nom": "Rue 1.011", "classe": "trunk" }, "geometry": { "type": "LineString", "coordinates": [ [ 11.514777, 3.870758 ], [ 11.514775, 3.870723 ], [ 11.514762, 3.870536 ], [ 11.514744, 3.870372 ], [ 11.514727, 3.870254 ], [ 11.514695, 3.870085 ], [ 11.514674, 3.870022 ] ] } },
{ "type": "Feature", "properties": { "nom": "Rue 2.001", "classe": "primary" }, "geometry": { "type": "LineString", "coordinates": [ [ 11.514303, 3.869556 ], [ 11.514235, 3.869492 ], [ 11.514156, 3.869413 ], [ 11.514056, 3.869294 ], [ 11.51397, 3.869155 ], [ 11.513929, 3.869012 ] ] } },
{ "type": "Feature", "properties": { "nom": "Rue Zogo Fouda Ngono", "classe": "secondary" }, "geometry": { "type": "LineString", "coordinates": [ [ 11.514744, 3.871617 ], [ 11.514689, 3.871785 ] ] } },
{ "type": "Feature", "properties": { "nom": "Rue Zogo Fouda Ngono", "classe": "secondary" }, "geometry": { "type": "LineString", "coordinates": [ [ 11.514644, 3.871667 ], [ 11.514914, 3.87103 ] ] } },
{ "type": "Feature", "properties": { "nom": "Rue Marnchal Foch", "classe": "secondary" }, "geometry": { "type": "LineString", "coordinates": [ [ 11.515196, 3.870608 ], [ 11.515219, 3.870531 ], [ 11.515361, 3.870202 ], [ 11.515405, 3.8701 ], [ 11.515655, 3.869571 ], [ 11.515793, 3.86928 ] ] } },
{ "type": "Feature", "properties": { "nom": "Rue du Maréchal Foch", "classe": "secondary" }, "geometry": { "type": "LineString", "coordinates": [ [ 11.514914, 3.87103 ], [ 11.514981, 3.870885 ], [ 11.51508, 3.870734 ], [ 11.515196, 3.870608 ] ] } },
{ "type": "Feature", "properties": { "nom": "Rue Zogo Fouda Ngono", "classe": "secondary" }, "geometry": { "type": "LineString", "coordinates": [ [ 11.514689, 3.871785 ], [ 11.51463, 3.871936 ], [ 11.514341, 3.87268 ], [ 11.514302, 3.872782 ], [ 11.514243, 3.872898 ], [ 11.514197, 3.872966 ] ] } },
{ "type": "Feature", "properties": { "nom": "Avenue Konrad Adenauer", "classe": "trunk" }, "geometry": { "type": "LineString", "coordinates": [ [ 11.514796, 3.871998 ], [ 11.514689, 3.871785 ], [ 11.514667, 3.871732 ], [ 11.514644, 3.871667 ] ] } },
{ "type": "Feature", "properties": { "nom": "Carrefour Warda", "classe": "trunk" }, "geometry": { "type": "LineString", "coordinates": [ [ 11.514644, 3.871667 ], [ 11.514648, 3.871585 ], [ 11.514659, 3.871507 ], [ 11.514668, 3.871409 ], [ 11.514673, 3.871381 ], [ 11.514703, 3.871217 ], [ 11.51474, 3.871009 ], [ 11.514777, 3.870758 ] ] } },
{ "type": "Feature", "properties": { "nom": "Rue Sébastien Essomba", "classe": "secondary" }, "geometry": { "type": "LineString", "coordinates": [ [ 11.514107, 3.87294 ], [ 11.514181, 3.872805 ] ] } },
{ "type": "Feature", "properties": { "nom": "Rue Sebastien Essomba Abé", "classe": "secondary" }, "geometry": { "type": "LineString", "coordinates": [ [ 11.513334, 3.874021 ], [ 11.513135, 3.874246 ], [ 11.51299, 3.87441 ], [ 11.512726, 3.874729 ], [ 11.512564, 3.874923 ], [ 11.512431, 3.875084 ], [ 11.512373, 3.875156 ], [ 11.51215, 3.875403 ], [ 11.51189, 3.875702 ], [ 11.511798, 3.875964 ], [ 11.511597, 3.87652 ], [ 11.511536, 3.876688 ], [ 11.511449, 3.876858 ], [ 11.511335, 3.877018 ], [ 11.511196, 3.877241 ], [ 11.511168, 3.87728 ], [ 11.511123, 3.877344 ], [ 11.510983, 3.877489 ], [ 11.510851, 3.877623 ], [ 11.510694, 3.877753 ], [ 11.510463, 3.877922 ], [ 11.510445, 3.877935 ], [ 11.510173, 3.878097 ], [ 11.510126, 3.878135 ], [ 11.509809, 3.878332 ], [ 11.509553, 3.878491 ], [ 11.509425, 3.878571 ], [ 11.509137, 3.8788 ], [ 11.508914, 3.878978 ], [ 11.508666, 3.879182 ], [ 11.507731, 3.879954 ] ] } },
{ "type": "Feature", "properties": { "nom": "Rue 5.769", "classe": "secondary" }, "geometry": { "type": "LineString", "coordinates": [ [ 11.520398, 3.915573 ], [ 11.520292, 3.915474 ] ] } },
{ "type": "Feature", "properties": { "nom": "Rue Kamwa Max", "classe": "secondary" }, "geometry": { "type": "LineString", "coordinates": [ [ 11.492798, 3.891477 ], [ 11.492786, 3.891331 ], [ 11.492736, 3.890866 ], [ 11.492618, 3.890114 ], [ 11.492595, 3.889983 ], [ 11.492583, 3.88989 ], [ 11.492585, 3.889625 ], [ 11.492588, 3.88925 ], [ 11.49253, 3.888845 ], [ 11.492336, 3.888176 ], [ 11.492194, 3.887674 ] ] } },
{ "type": "Feature", "properties": { "nom": "Rue 2.397", "classe": "secondary" }, "geometry": { "type": "LineString", "coordinates": [ [ 11.492217, 3.882865 ], [ 11.49215, 3.883137 ], [ 11.492123, 3.883246 ], [ 11.492096, 3.88349 ], [ 11.49209, 3.883738 ], [ 11.492101, 3.884091 ], [ 11.492137, 3.884472 ], [ 11.492186, 3.885032 ], [ 11.492174, 3.885306 ], [ 11.492171, 3.885739 ], [ 11.492154, 3.885941 ], [ 11.492116, 3.886385 ], [ 11.492115, 3.886759 ], [ 11.492138, 3.887134 ] ] } },
{ "type": "Feature", "properties": { "nom": "", "classe": "secondary" }, "geometry": { "type": "LineString", "coordinates": [ [ 11.517549, 3.845237 ], [ 11.517553, 3.845278 ], [ 11.517554, 3.845308 ], [ 11.517555, 3.84535 ], [ 11.517554, 3.845404 ], [ 11.517556, 3.845453 ], [ 11.517549, 3.845554 ] ] } },
{ "type": "Feature", "properties": { "nom": "", "classe": "trunk" }, "geometry": { "type": "LineString", "coordinates": [ [ 11.517845, 3.84529 ], [ 11.517784, 3.845289 ], [ 11.517712, 3.845273 ], [ 11.517648, 3.845257 ], [ 11.517609, 3.845241 ], [ 11.517557, 3.845223 ] ] } },
{ "type": "Feature", "properties": { "nom": "Rue de Melen", "classe": "secondary" }, "geometry": { "type": "LineString", "coordinates": [ [ 11.503009, 3.862637 ], [ 11.502575, 3.862694 ], [ 11.502216, 3.86275 ], [ 11.501799, 3.862814 ], [ 11.501327, 3.862896 ], [ 11.501048, 3.862948 ], [ 11.500797, 3.862996 ], [ 11.500754, 3.863002 ], [ 11.500378, 3.863056 ], [ 11.500219, 3.863099 ], [ 11.499693, 3.863286 ], [ 11.499534, 3.863346 ], [ 11.499355, 3.863413 ], [ 11.498854, 3.863601 ], [ 11.498619, 3.863652 ] ] } },
{ "type": "Feature", "properties": { "nom": "Boulevard de l'OCAM", "classe": "trunk" }, "geometry": { "type": "LineString", "coordinates": [ [ 11.521728, 3.8515 ], [ 11.521676, 3.851366 ], [ 11.521636, 3.851258 ], [ 11.521605, 3.85117 ], [ 11.521591, 3.851099 ], [ 11.521582, 3.851033 ] ] } },
{ "type": "Feature", "properties": { "nom": "Boulevard de l'OCAM", "classe": "trunk" }, "geometry": { "type": "LineString", "coordinates": [ [ 11.521584, 3.850861 ], [ 11.521589, 3.850738 ], [ 11.521573, 3.850501 ] ] } },
{ "type": "Feature", "properties": { "nom": "", "classe": "secondary" }, "geometry": { "type": "LineString", "coordinates": [ [ 11.489801, 3.871545 ], [ 11.489689, 3.87163 ], [ 11.489633, 3.871677 ], [ 11.489603, 3.871697 ], [ 11.489587, 3.871706 ], [ 11.489555, 3.871713 ] ] } },
{ "type": "Feature", "properties": { "nom": "Avenue Charles Atangana", "classe": "primary" }, "geometry": { "type": "LineString", "coordinates": [ [ 11.513744, 3.844758 ], [ 11.513785, 3.844784 ], [ 11.513809, 3.844804 ], [ 11.513825, 3.844819 ], [ 11.513879, 3.84486 ], [ 11.513953, 3.844918 ] ] } },
{ "type": "Feature", "properties": { "nom": "Avenue Mgr. Henri Vieter", "classe": "primary" }, "geometry": { "type": "LineString", "coordinates": [ [ 11.507991, 3.842975 ], [ 11.508118, 3.843109 ], [ 11.508148, 3.843138 ], [ 11.508642, 3.84354 ], [ 11.509118, 3.843943 ], [ 11.509752, 3.844481 ], [ 11.510017, 3.844719 ], [ 11.510532, 3.845165 ], [ 11.510731, 3.845302 ], [ 11.510906, 3.845388 ], [ 11.51113, 3.845471 ], [ 11.511389, 3.845517 ], [ 11.511629, 3.845546 ], [ 11.511818, 3.845551 ], [ 11.512004, 3.845513 ], [ 11.512194, 3.845436 ], [ 11.512317, 3.845372 ], [ 11.51272, 3.845183 ] ] } },
{ "type": "Feature", "properties": { "nom": "Rue 4.014", "classe": "secondary" }, "geometry": { "type": "LineString", "coordinates": [ [ 11.514954, 3.848303 ], [ 11.515032, 3.848326 ], [ 11.515072, 3.848335 ], [ 11.515091, 3.84834 ], [ 11.515128, 3.84835 ], [ 11.515228, 3.848369 ], [ 11.515307, 3.848393 ], [ 11.515906, 3.848531 ], [ 11.515979, 3.848558 ], [ 11.516136, 3.848623 ] ] } },
{ "type": "Feature", "properties": { "nom": "Rue 4.014", "classe": "secondary" }, "geometry": { "type": "LineString", "coordinates": [ [ 11.516329, 3.84865 ], [ 11.516254, 3.848645 ], [ 11.516177, 3.848633 ], [ 11.516136, 3.848623 ] ] } },
{ "type": "Feature", "properties": { "nom": "Yaoundé-Mbalmayo", "classe": "trunk" }, "geometry": { "type": "LineString", "coordinates": [ [ 11.535303, 3.730986 ], [ 11.535277, 3.731172 ], [ 11.535239, 3.73126 ], [ 11.535199, 3.731362 ], [ 11.535142, 3.731456 ], [ 11.535056, 3.731616 ], [ 11.534926, 3.731773 ], [ 11.534738, 3.73205 ], [ 11.534604, 3.732172 ] ] } },
{ "type": "Feature", "properties": { "nom": "Yaoundé-Mbalmayo", "classe": "trunk" }, "geometry": { "type": "LineString", "coordinates": [ [ 11.534604, 3.732172 ], [ 11.534674, 3.732029 ], [ 11.534727, 3.731931 ], [ 11.534826, 3.731792 ], [ 11.534969, 3.731576 ], [ 11.535143, 3.731297 ], [ 11.535303, 3.730986 ] ] } },
{ "type": "Feature", "properties": { "nom": "Yaoundé-Mbalmayo", "classe": "trunk" }, "geometry": { "type": "LineString", "coordinates": [ [ 11.535303, 3.730986 ], [ 11.535344, 3.730855 ], [ 11.535376, 3.730679 ], [ 11.535459, 3.730063 ], [ 11.535646, 3.729165 ], [ 11.535807, 3.728293 ], [ 11.535946, 3.72752 ], [ 11.53612, 3.726532 ] ] } },
{ "type": "Feature", "properties": { "nom": "Yaoundé-Mbalmayo", "classe": "trunk" }, "geometry": { "type": "LineString", "coordinates": [ [ 11.535783, 3.701233 ], [ 11.535974, 3.701446 ], [ 11.536105, 3.701679 ], [ 11.536153, 3.70179 ], [ 11.536189, 3.701996 ], [ 11.53618, 3.702448 ], [ 11.536135, 3.702628 ], [ 11.536067, 3.702788 ], [ 11.535997, 3.70293 ] ] } },
{ "type": "Feature", "properties": { "nom": "Yaoundé-Mbalmayo", "classe": "trunk" }, "geometry": { "type": "LineString", "coordinates": [ [ 11.535997, 3.70293 ], [ 11.536064, 3.702621 ], [ 11.536102, 3.702444 ], [ 11.536126, 3.702182 ], [ 11.536115, 3.702004 ], [ 11.536078, 3.701826 ], [ 11.536023, 3.701669 ], [ 11.535946, 3.701512 ], [ 11.535783, 3.701233 ] ] } },
{ "type": "Feature", "properties": { "nom": "Yaoundé-Mbalmayo", "classe": "trunk" }, "geometry": { "type": "LineString", "coordinates": [ [ 11.53604, 3.720694 ], [ 11.535887, 3.720657 ], [ 11.535446, 3.720518 ], [ 11.535246, 3.720412 ], [ 11.534808, 3.720063 ], [ 11.534384, 3.719722 ], [ 11.5343, 3.719655 ], [ 11.534171, 3.71955 ], [ 11.534043, 3.719419 ], [ 11.533977, 3.719339 ], [ 11.533884, 3.719205 ], [ 11.533805, 3.71901 ], [ 11.53374, 3.718598 ], [ 11.533702, 3.718067 ], [ 11.533684, 3.717831 ], [ 11.533641, 3.716914 ], [ 11.533607, 3.716233 ], [ 11.533597, 3.715655 ], [ 11.533602, 3.715399 ], [ 11.533649, 3.714993 ], [ 11.53366, 3.714897 ], [ 11.533723, 3.714446 ], [ 11.533776, 3.714089 ], [ 11.533831, 3.71353 ], [ 11.533916, 3.713042 ], [ 11.53401, 3.712507 ], [ 11.534134, 3.711961 ], [ 11.534329, 3.71124 ], [ 11.534356, 3.711094 ], [ 11.534371, 3.710947 ], [ 11.534377, 3.710856 ], [ 11.534381, 3.710758 ], [ 11.534393, 3.710641 ], [ 11.534475, 3.710054 ], [ 11.534553, 3.709404 ], [ 11.534633, 3.709098 ], [ 11.534699, 3.708895 ], [ 11.534743, 3.708786 ], [ 11.534888, 3.708526 ], [ 11.53516, 3.708125 ], [ 11.535388, 3.707819 ], [ 11.535513, 3.707634 ], [ 11.535554, 3.707565 ], [ 11.535611, 3.707468 ], [ 11.535708, 3.707255 ], [ 11.535752, 3.707087 ], [ 11.535781, 3.706849 ], [ 11.535797, 3.706407 ], [ 11.535795, 3.706189 ], [ 11.535806, 3.705922 ], [ 11.535815, 3.705382 ], [ 11.535818, 3.705195 ], [ 11.535824, 3.70446 ], [ 11.535832, 3.704041 ], [ 11.53584, 3.703817 ], [ 11.535866, 3.703599 ], [ 11.535907, 3.703404 ], [ 11.535911, 3.703383 ], [ 11.535997, 3.70293 ] ] } },
{ "type": "Feature", "properties": { "nom": "", "classe": "secondary" }, "geometry": { "type": "LineString", "coordinates": [ [ 11.57159, 3.698622 ], [ 11.57164, 3.698561 ] ] } },
{ "type": "Feature", "properties": { "nom": "", "classe": "tertiary" }, "geometry": { "type": "LineString", "coordinates": [ [ 11.401263, 3.900028 ], [ 11.401346, 3.900247 ], [ 11.401456, 3.900521 ], [ 11.401695, 3.900997 ], [ 11.401931, 3.901362 ], [ 11.402572, 3.902215 ], [ 11.403326, 3.903196 ], [ 11.403834, 3.904163 ], [ 11.404127, 3.904761 ], [ 11.40471, 3.905947 ], [ 11.405429, 3.90706 ], [ 11.40589, 3.908666 ], [ 11.406156, 3.909365 ], [ 11.406308, 3.910132 ], [ 11.406338, 3.910878 ] ] } },
{ "type": "Feature", "properties": { "nom": "", "classe": "secondary" }, "geometry": { "type": "LineString", "coordinates": [ [ 11.480191, 3.77202 ], [ 11.480148, 3.771881 ] ] } },
{ "type": "Feature", "properties": { "nom": "", "classe": "secondary" }, "geometry": { "type": "LineString", "coordinates": [ [ 11.480148, 3.771881 ], [ 11.48006, 3.771592 ], [ 11.479935, 3.771307 ], [ 11.479786, 3.771064 ], [ 11.479527, 3.770832 ], [ 11.479281, 3.770643 ], [ 11.479048, 3.770462 ], [ 11.478773, 3.770241 ], [ 11.478637, 3.770133 ], [ 11.47849, 3.770015 ], [ 11.478323, 3.769882 ], [ 11.478237, 3.769785 ], [ 11.478184, 3.769725 ], [ 11.478103, 3.769634 ], [ 11.477923, 3.769399 ], [ 11.477591, 3.768984 ], [ 11.477438, 3.768782 ], [ 11.477229, 3.768501 ], [ 11.477001, 3.768131 ], [ 11.476912, 3.768002 ], [ 11.476726, 3.767658 ], [ 11.476443, 3.767196 ], [ 11.476401, 3.767141 ], [ 11.476039, 3.766663 ], [ 11.475403, 3.765824 ], [ 11.475054, 3.765421 ], [ 11.474928, 3.765291 ], [ 11.474676, 3.765029 ], [ 11.47456, 3.764925 ], [ 11.474283, 3.764692 ], [ 11.474214, 3.764633 ], [ 11.474103, 3.764566 ], [ 11.473898, 3.764455 ], [ 11.473614, 3.764307 ], [ 11.47315, 3.764036 ], [ 11.4729, 3.763885 ], [ 11.472929, 3.763793 ], [ 11.472963, 3.763664 ], [ 11.473022, 3.76348 ], [ 11.473071, 3.763313 ], [ 11.473161, 3.763092 ], [ 11.473353, 3.762718 ], [ 11.473433, 3.762562 ], [ 11.473488, 3.762453 ], [ 11.473538, 3.762323 ], [ 11.473586, 3.762161 ], [ 11.473615, 3.76197 ] ] } },
{ "type": "Feature", "properties": { "nom": "Rue Abbé Jean Tabi", "classe": "secondary" }, "geometry": { "type": "LineString", "coordinates": [ [ 11.507991, 3.842975 ], [ 11.508081, 3.84288 ], [ 11.508165, 3.842761 ], [ 11.508302, 3.84257 ], [ 11.508407, 3.842408 ], [ 11.508467, 3.842271 ], [ 11.508483, 3.842184 ], [ 11.508489, 3.8421 ], [ 11.508484, 3.842024 ], [ 11.508458, 3.841946 ], [ 11.508129, 3.841186 ], [ 11.507878, 3.8406 ], [ 11.507781, 3.840369 ] ] } },
{ "type": "Feature", "properties": { "nom": "Rue 4.561", "classe": "primary" }, "geometry": { "type": "LineString", "coordinates": [ [ 11.574715, 3.858143 ], [ 11.574765, 3.858105 ], [ 11.574803, 3.858087 ], [ 11.57487, 3.85808 ], [ 11.574971, 3.858087 ], [ 11.575045, 3.8581 ], [ 11.575131, 3.858122 ], [ 11.575223, 3.858142 ], [ 11.575326, 3.858168 ], [ 11.575437, 3.858204 ], [ 11.575528, 3.858236 ], [ 11.575724, 3.858313 ], [ 11.575886, 3.858371 ], [ 11.575943, 3.858392 ], [ 11.576035, 3.858427 ], [ 11.576141, 3.858469 ], [ 11.576205, 3.858494 ], [ 11.576342, 3.858567 ], [ 11.576465, 3.858648 ], [ 11.576577, 3.858749 ], [ 11.576768, 3.858918 ], [ 11.576922, 3.859047 ], [ 11.576967, 3.859085 ], [ 11.577177, 3.859264 ], [ 11.577471, 3.85952 ], [ 11.577706, 3.859685 ], [ 11.577856, 3.859769 ], [ 11.577993, 3.85983 ], [ 11.578126, 3.859865 ], [ 11.578319, 3.859879 ], [ 11.57862, 3.859887 ], [ 11.578862, 3.859908 ], [ 11.579041, 3.859957 ], [ 11.579165, 3.859996 ], [ 11.579314, 3.860065 ], [ 11.579488, 3.860168 ], [ 11.579637, 3.860266 ], [ 11.579816, 3.860425 ], [ 11.579957, 3.860568 ], [ 11.580234, 3.860869 ], [ 11.58054, 3.861225 ], [ 11.580732, 3.86145 ], [ 11.580888, 3.861632 ], [ 11.580996, 3.861731 ], [ 11.581103, 3.861809 ], [ 11.581209, 3.861874 ], [ 11.581394, 3.861957 ], [ 11.581483, 3.861987 ], [ 11.58159, 3.862015 ], [ 11.581706, 3.862027 ], [ 11.581839, 3.862033 ], [ 11.581977, 3.862029 ], [ 11.582344, 3.861955 ], [ 11.582396, 3.861944 ], [ 11.582654, 3.861887 ], [ 11.582848, 3.861864 ], [ 11.582996, 3.861856 ], [ 11.583172, 3.861864 ], [ 11.583302, 3.861885 ], [ 11.583462, 3.861919 ], [ 11.583623, 3.861962 ], [ 11.583837, 3.862031 ], [ 11.584118, 3.862138 ], [ 11.584228, 3.862178 ], [ 11.584421, 3.862249 ], [ 11.584713, 3.862316 ], [ 11.58503, 3.862366 ], [ 11.585379, 3.862399 ], [ 11.585513, 3.862406 ], [ 11.585607, 3.862399 ], [ 11.585694, 3.862371 ], [ 11.58578, 3.862325 ], [ 11.585869, 3.862264 ], [ 11.585968, 3.862173 ] ] } },
{ "type": "Feature", "properties": { "nom": "Rue 5.059", "classe": "tertiary" }, "geometry": { "type": "LineString", "coordinates": [ [ 11.559785, 3.8868 ], [ 11.559755, 3.886841 ], [ 11.559249, 3.887487 ], [ 11.559117, 3.887662 ], [ 11.558993, 3.887777 ], [ 11.558919, 3.887872 ], [ 11.558701, 3.887946 ], [ 11.558545, 3.888041 ], [ 11.558477, 3.888098 ], [ 11.558419, 3.888176 ], [ 11.558371, 3.888291 ], [ 11.558315, 3.88844 ], [ 11.558268, 3.88862 ], [ 11.55821, 3.88888 ], [ 11.558196, 3.888944 ], [ 11.558137, 3.889217 ] ] } },
{ "type": "Feature", "properties": { "nom": "Rue 5.328", "classe": "secondary" }, "geometry": { "type": "LineString", "coordinates": [ [ 11.567027, 3.89402 ], [ 11.566994, 3.893858 ], [ 11.566975, 3.893734 ], [ 11.566957, 3.893543 ], [ 11.566956, 3.893309 ] ] } },
{ "type": "Feature", "properties": { "nom": "Rue 5.788", "classe": "tertiary" }, "geometry": { "type": "LineString", "coordinates": [ [ 11.53922, 3.922423 ], [ 11.539129, 3.922281 ], [ 11.539018, 3.922167 ], [ 11.538987, 3.92214 ], [ 11.53897, 3.922129 ], [ 11.53895, 3.922123 ], [ 11.538814, 3.922107 ], [ 11.538742, 3.922099 ], [ 11.538623, 3.922086 ], [ 11.53854, 3.922082 ], [ 11.538288, 3.922095 ], [ 11.538229, 3.922104 ], [ 11.538183, 3.922121 ], [ 11.538074, 3.922182 ], [ 11.537958, 3.922258 ], [ 11.537769, 3.922407 ], [ 11.537573, 3.922584 ], [ 11.537522, 3.922625 ], [ 11.537477, 3.922655 ], [ 11.537436, 3.922678 ], [ 11.537418, 3.922687 ], [ 11.53739, 3.922696 ], [ 11.537344, 3.922707 ], [ 11.537281, 3.922715 ], [ 11.537203, 3.922716 ], [ 11.537001, 3.922695 ], [ 11.536905, 3.922686 ], [ 11.536701, 3.922666 ], [ 11.536445, 3.922637 ], [ 11.536254, 3.922606 ], [ 11.53624, 3.922604 ], [ 11.535979, 3.922559 ], [ 11.53592, 3.922549 ], [ 11.535595, 3.922517 ], [ 11.535384, 3.922489 ], [ 11.535277, 3.922474 ], [ 11.535001, 3.922446 ], [ 11.534791, 3.922424 ], [ 11.534655, 3.922403 ], [ 11.53455, 3.92237 ], [ 11.534443, 3.922321 ], [ 11.534313, 3.922243 ], [ 11.534194, 3.922165 ], [ 11.534096, 3.922073 ], [ 11.534017, 3.921985 ], [ 11.533926, 3.92188 ], [ 11.533251, 3.921036 ], [ 11.533236, 3.921007 ], [ 11.532874, 3.920572 ], [ 11.532592, 3.920312 ], [ 11.532382, 3.920132 ], [ 11.532264, 3.920028 ], [ 11.531928, 3.919745 ], [ 11.531806, 3.919645 ], [ 11.531093, 3.919065 ], [ 11.530925, 3.918922 ], [ 11.529687, 3.917855 ], [ 11.529227, 3.917456 ], [ 11.529007, 3.917265 ] ] } },
{ "type": "Feature", "properties": { "nom": "Rue 5.572", "classe": "tertiary" }, "geometry": { "type": "LineString", "coordinates": [ [ 11.53922, 3.922423 ], [ 11.539233, 3.922447 ], [ 11.539238, 3.922505 ], [ 11.539256, 3.922881 ], [ 11.539276, 3.923087 ], [ 11.53929, 3.923175 ], [ 11.539312, 3.923249 ], [ 11.539334, 3.923288 ], [ 11.539357, 3.923329 ], [ 11.539645, 3.923771 ], [ 11.539881, 3.924132 ], [ 11.540021, 3.924298 ], [ 11.540121, 3.924418 ], [ 11.540175, 3.924485 ], [ 11.540241, 3.924567 ], [ 11.540411, 3.924789 ], [ 11.540542, 3.924964 ], [ 11.54066, 3.925117 ], [ 11.540682, 3.925146 ], [ 11.540739, 3.925223 ], [ 11.540833, 3.925343 ], [ 11.541006, 3.925592 ], [ 11.541064, 3.925683 ], [ 11.541178, 3.925863 ], [ 11.54126, 3.926002 ], [ 11.541294, 3.926059 ], [ 11.541414, 3.926261 ], [ 11.541447, 3.926323 ], [ 11.541468, 3.926385 ], [ 11.541509, 3.926522 ], [ 11.541546, 3.926632 ], [ 11.541595, 3.926827 ], [ 11.541637, 3.927033 ], [ 11.541664, 3.927129 ], [ 11.541774, 3.927559 ], [ 11.541859, 3.927962 ], [ 11.541985, 3.928692 ], [ 11.54206, 3.92915 ], [ 11.542137, 3.929548 ], [ 11.542173, 3.929702 ], [ 11.542214, 3.929846 ], [ 11.542298, 3.9301 ], [ 11.542414, 3.930431 ], [ 11.542467, 3.930555 ], [ 11.542498, 3.930621 ], [ 11.542512, 3.930652 ], [ 11.542576, 3.930746 ], [ 11.542635, 3.930824 ], [ 11.542713, 3.93091 ], [ 11.542806, 3.93102 ], [ 11.542931, 3.931144 ], [ 11.543098, 3.93125 ], [ 11.543279, 3.931345 ], [ 11.543449, 3.931417 ], [ 11.543588, 3.931452 ], [ 11.543717, 3.931475 ], [ 11.543922, 3.931494 ], [ 11.54418, 3.931505 ], [ 11.544418, 3.931462 ], [ 11.544689, 3.931407 ], [ 11.545377, 3.931268 ], [ 11.545697, 3.931208 ], [ 11.54576, 3.931199 ], [ 11.545981, 3.931167 ], [ 11.546333, 3.931142 ], [ 11.546433, 3.931135 ], [ 11.54649, 3.931137 ], [ 11.546916, 3.931195 ], [ 11.547049, 3.931221 ], [ 11.547143, 3.931238 ], [ 11.547318, 3.931298 ] ] } },
{ "type": "Feature", "properties": { "nom": "Rue 5.777", "classe": "secondary" }, "geometry": { "type": "LineString", "coordinates": [ [ 11.527596, 3.911122 ], [ 11.527513, 3.911496 ], [ 11.527489, 3.911617 ], [ 11.527373, 3.91201 ], [ 11.52733, 3.912119 ], [ 11.527289, 3.912182 ], [ 11.527238, 3.912251 ], [ 11.527159, 3.91234 ], [ 11.526762, 3.912706 ], [ 11.526539, 3.912901 ], [ 11.526177, 3.913276 ], [ 11.526011, 3.913485 ], [ 11.525379, 3.914363 ], [ 11.525216, 3.91459 ], [ 11.525049, 3.914823 ], [ 11.524923, 3.914969 ], [ 11.52488, 3.915015 ], [ 11.524303, 3.915636 ], [ 11.524256, 3.915672 ], [ 11.524192, 3.915729 ], [ 11.524038, 3.915624 ] ] } },
{ "type": "Feature", "properties": { "nom": "Rue 7.015", "classe": "secondary" }, "geometry": { "type": "LineString", "coordinates": [ [ 11.488717, 3.864084 ], [ 11.488641, 3.864082 ], [ 11.488603, 3.864073 ], [ 11.488546, 3.864053 ], [ 11.488472, 3.864019 ], [ 11.488368, 3.863974 ], [ 11.488217, 3.863904 ], [ 11.488086, 3.863821 ], [ 11.48801, 3.86377 ], [ 11.487936, 3.863717 ], [ 11.487875, 3.863655 ] ] } },
{ "type": "Feature", "properties": { "nom": "Route de Douala", "classe": "primary" }, "geometry": { "type": "LineString", "coordinates": [ [ 11.485008, 3.869775 ], [ 11.484784, 3.869876 ], [ 11.484665, 3.869921 ], [ 11.484447, 3.870002 ], [ 11.484282, 3.870077 ], [ 11.484091, 3.870145 ], [ 11.483883, 3.870191 ], [ 11.483598, 3.870239 ], [ 11.483319, 3.870256 ], [ 11.482986, 3.870263 ], [ 11.48254, 3.87026 ], [ 11.482131, 3.870237 ], [ 11.481963, 3.870219 ], [ 11.481794, 3.870194 ], [ 11.481397, 3.870128 ], [ 11.48114, 3.870109 ], [ 11.481015, 3.8701 ], [ 11.480887, 3.8701 ], [ 11.480622, 3.870115 ], [ 11.480348, 3.870135 ], [ 11.4799, 3.87018 ], [ 11.479747, 3.870203 ], [ 11.479467, 3.87026 ], [ 11.479241, 3.870313 ], [ 11.478516, 3.870508 ], [ 11.477773, 3.870704 ], [ 11.47677, 3.870961 ] ] } },
{ "type": "Feature", "properties": { "nom": "Rue 7.009", "classe": "primary" }, "geometry": { "type": "LineString", "coordinates": [ [ 11.484241, 3.870016 ], [ 11.484422, 3.869933 ], [ 11.484544, 3.869849 ], [ 11.48468, 3.869711 ], [ 11.484879, 3.869467 ] ] } },
{ "type": "Feature", "properties": { "nom": "Rue 1.564", "classe": "secondary" }, "geometry": { "type": "LineString", "coordinates": [ [ 11.547143, 3.90016 ], [ 11.547114, 3.900284 ], [ 11.546998, 3.900741 ], [ 11.546887, 3.901064 ], [ 11.546812, 3.901225 ], [ 11.546713, 3.901428 ], [ 11.54664, 3.901555 ], [ 11.546455, 3.901846 ], [ 11.546259, 3.902125 ], [ 11.546128, 3.902305 ], [ 11.545964, 3.902517 ], [ 11.545877, 3.902637 ], [ 11.545816, 3.902719 ], [ 11.545703, 3.902871 ], [ 11.545549, 3.90305 ], [ 11.545405, 3.903258 ], [ 11.544996, 3.90363 ], [ 11.544255, 3.904335 ], [ 11.543995, 3.904588 ], [ 11.54372, 3.90486 ], [ 11.543536, 3.905089 ], [ 11.543233, 3.905547 ], [ 11.543106, 3.90577 ], [ 11.542451, 3.906994 ], [ 11.542341, 3.907171 ], [ 11.542251, 3.907312 ], [ 11.542126, 3.907455 ], [ 11.542018, 3.907555 ], [ 11.541364, 3.90796 ], [ 11.5409, 3.908249 ], [ 11.540423, 3.908553 ], [ 11.540295, 3.90862 ], [ 11.540136, 3.908672 ], [ 11.540051, 3.908682 ], [ 11.539981, 3.908678 ], [ 11.539255, 3.908558 ], [ 11.538532, 3.908437 ], [ 11.537609, 3.908266 ], [ 11.537477, 3.908248 ], [ 11.537364, 3.908253 ], [ 11.537284, 3.908268 ], [ 11.537142, 3.90832 ], [ 11.537099, 3.908336 ], [ 11.537063, 3.908344 ], [ 11.53701, 3.908336 ] ] } },
{ "type": "Feature", "properties": { "nom": "", "classe": "secondary" }, "geometry": { "type": "LineString", "coordinates": [ [ 11.501643, 3.886533 ], [ 11.501525, 3.886456 ] ] } },
{ "type": "Feature", "properties": { "nom": "", "classe": "secondary" }, "geometry": { "type": "LineString", "coordinates": [ [ 11.502438, 3.887195 ], [ 11.502334, 3.887205 ], [ 11.502279, 3.887206 ], [ 11.502235, 3.887205 ] ] } },
{ "type": "Feature", "properties": { "nom": "Rue Lamido Rey Bouba Hammoa", "classe": "trunk" }, "geometry": { "type": "LineString", "coordinates": [ [ 11.524956, 3.901858 ], [ 11.524945, 3.901964 ], [ 11.524937, 3.902019 ], [ 11.524885, 3.902289 ], [ 11.524863, 3.90237 ], [ 11.524693, 3.902997 ], [ 11.524656, 3.903124 ], [ 11.524633, 3.903206 ], [ 11.524473, 3.90376 ], [ 11.524208, 3.904663 ], [ 11.524033, 3.905253 ], [ 11.523874, 3.905823 ], [ 11.523739, 3.906306 ], [ 11.52358, 3.906856 ], [ 11.523437, 3.907352 ], [ 11.523286, 3.907893 ], [ 11.523098, 3.908507 ], [ 11.522883, 3.909208 ], [ 11.522777, 3.909563 ], [ 11.522679, 3.909917 ] ] } },
{ "type": "Feature", "properties": { "nom": "Rue Albert Ateba Ebé", "classe": "trunk" }, "geometry": { "type": "LineString", "coordinates": [ [ 11.51959, 3.884204 ], [ 11.519697, 3.884355 ], [ 11.519774, 3.884434 ], [ 11.519881, 3.88451 ], [ 11.520106, 3.88465 ], [ 11.520368, 3.884833 ], [ 11.520657, 3.885096 ], [ 11.520835, 3.885285 ], [ 11.520998, 3.885496 ], [ 11.521151, 3.885773 ], [ 11.521264, 3.886002 ], [ 11.52142, 3.886359 ], [ 11.521895, 3.887581 ], [ 11.522171, 3.888278 ], [ 11.52226, 3.888503 ], [ 11.522482, 3.889019 ] ] } },
{ "type": "Feature", "properties": { "nom": "Rue du Vatican", "classe": "tertiary" }, "geometry": { "type": "LineString", "coordinates": [ [ 11.50068, 3.914729 ], [ 11.500582, 3.914689 ], [ 11.499514, 3.914151 ], [ 11.499361, 3.91406 ], [ 11.499312, 3.914024 ], [ 11.499244, 3.913975 ], [ 11.499182, 3.913925 ], [ 11.498952, 3.913721 ], [ 11.498735, 3.91354 ], [ 11.498677, 3.913499 ], [ 11.498611, 3.913468 ], [ 11.498537, 3.913456 ], [ 11.49845, 3.913455 ], [ 11.498393, 3.913465 ], [ 11.49834, 3.913487 ], [ 11.497974, 3.913823 ], [ 11.497919, 3.913848 ], [ 11.497863, 3.913851 ], [ 11.497801, 3.913846 ], [ 11.497767, 3.913834 ], [ 11.497555, 3.913722 ], [ 11.497389, 3.913644 ], [ 11.497347, 3.913633 ], [ 11.497229, 3.913617 ], [ 11.497194, 3.91362 ], [ 11.497163, 3.913627 ], [ 11.497029, 3.913724 ], [ 11.496965, 3.913765 ], [ 11.496836, 3.913813 ], [ 11.496729, 3.913829 ], [ 11.496619, 3.913826 ], [ 11.496353, 3.913833 ], [ 11.496203, 3.913821 ], [ 11.496001, 3.91379 ], [ 11.495705, 3.91369 ], [ 11.495318, 3.913583 ], [ 11.49512, 3.913532 ], [ 11.494876, 3.913487 ], [ 11.494704, 3.913435 ], [ 11.494626, 3.913429 ], [ 11.49457, 3.91344 ], [ 11.494534, 3.913457 ], [ 11.494509, 3.913481 ], [ 11.494489, 3.91352 ], [ 11.494473, 3.913562 ], [ 11.494462, 3.913621 ], [ 11.494422, 3.913957 ], [ 11.494412, 3.914217 ], [ 11.494416, 3.914266 ], [ 11.49443, 3.914304 ], [ 11.494451, 3.914341 ], [ 11.494479, 3.914367 ], [ 11.494506, 3.914383 ], [ 11.494538, 3.914399 ], [ 11.494584, 3.914406 ], [ 11.494641, 3.914391 ], [ 11.494729, 3.914359 ], [ 11.494925, 3.914286 ], [ 11.49499, 3.914253 ], [ 11.495029, 3.914238 ], [ 11.495093, 3.914228 ], [ 11.49514, 3.914229 ], [ 11.495203, 3.914268 ], [ 11.495226, 3.914296 ], [ 11.49524, 3.914318 ], [ 11.495253, 3.914347 ], [ 11.495265, 3.914381 ], [ 11.495265, 3.914421 ], [ 11.49526, 3.914462 ], [ 11.495204, 3.914573 ], [ 11.495103, 3.914683 ], [ 11.494939, 3.914844 ], [ 11.494786, 3.914965 ], [ 11.494711, 3.915001 ], [ 11.494621, 3.915023 ], [ 11.494489, 3.914992 ], [ 11.494355, 3.914949 ], [ 11.494152, 3.914892 ], [ 11.493983, 3.914825 ], [ 11.493938, 3.914799 ], [ 11.493901, 3.91477 ], [ 11.493882, 3.914741 ], [ 11.493866, 3.914704 ], [ 11.493837, 3.914628 ], [ 11.493786, 3.914311 ], [ 11.493747, 3.914203 ], [ 11.493703, 3.91412 ], [ 11.493557, 3.913918 ], [ 11.493539, 3.913842 ], [ 11.49352, 3.913737 ], [ 11.493488, 3.913627 ], [ 11.49345, 3.91352 ], [ 11.493405, 3.913424 ], [ 11.493376, 3.913386 ], [ 11.493341, 3.913345 ], [ 11.493244, 3.913247 ], [ 11.493177, 3.913183 ], [ 11.493085, 3.913116 ], [ 11.492983, 3.913078 ], [ 11.49284, 3.913039 ], [ 11.492609, 3.912988 ], [ 11.492433, 3.912926 ], [ 11.49232, 3.912888 ], [ 11.492243, 3.912869 ], [ 11.49218, 3.912863 ], [ 11.492126, 3.91287 ], [ 11.492064, 3.912882 ], [ 11.49202, 3.912893 ], [ 11.491972, 3.912897 ], [ 11.491881, 3.912898 ], [ 11.491561, 3.912866 ], [ 11.491517, 3.912856 ], [ 11.491479, 3.912836 ], [ 11.491445, 3.912808 ], [ 11.491419, 3.912771 ], [ 11.491259, 3.912477 ], [ 11.49118, 3.91237 ], [ 11.49108, 3.912273 ], [ 11.490939, 3.912181 ], [ 11.490864, 3.912127 ], [ 11.490803, 3.912058 ], [ 11.490781, 3.912004 ], [ 11.490645, 3.911677 ], [ 11.490463, 3.91124 ], [ 11.490327, 3.911028 ], [ 11.49017, 3.91085 ], [ 11.489983, 3.910741 ], [ 11.489642, 3.910645 ], [ 11.488737, 3.910473 ], [ 11.488067, 3.910289 ], [ 11.487903, 3.910281 ], [ 11.487632, 3.910292 ], [ 11.487171, 3.910332 ], [ 11.486957, 3.910395 ], [ 11.48677, 3.910466 ], [ 11.48645, 3.910598 ], [ 11.486325, 3.910649 ], [ 11.486214, 3.910674 ], [ 11.486154, 3.910675 ], [ 11.486102, 3.910654 ], [ 11.48603, 3.910605 ], [ 11.485972, 3.910539 ], [ 11.485935, 3.910458 ], [ 11.485924, 3.910338 ], [ 11.485939, 3.910204 ], [ 11.485974, 3.910043 ] ] } },
{ "type": "Feature", "properties": { "nom": "Rue 5.769", "classe": "secondary" }, "geometry": { "type": "LineString", "coordinates": [ [ 11.520759, 3.9157 ], [ 11.52094, 3.915764 ], [ 11.521604, 3.916039 ], [ 11.522289, 3.916322 ], [ 11.522369, 3.916365 ], [ 11.522494, 3.916431 ], [ 11.522606, 3.916424 ], [ 11.522939, 3.91638 ], [ 11.523082, 3.916341 ], [ 11.523211, 3.916294 ], [ 11.523399, 3.916193 ], [ 11.523628, 3.916037 ], [ 11.523753, 3.915932 ], [ 11.523939, 3.915757 ], [ 11.524005, 3.915678 ], [ 11.524038, 3.915624 ], [ 11.524078, 3.915547 ], [ 11.524313, 3.915081 ], [ 11.524704, 3.914351 ], [ 11.524904, 3.913966 ], [ 11.524921, 3.913925 ], [ 11.524965, 3.913817 ], [ 11.524999, 3.913692 ], [ 11.525018, 3.913531 ], [ 11.525022, 3.913413 ], [ 11.525003, 3.913261 ], [ 11.524977, 3.913126 ], [ 11.524967, 3.91309 ], [ 11.524935, 3.912974 ], [ 11.524821, 3.912557 ], [ 11.524806, 3.912492 ], [ 11.52476, 3.912283 ], [ 11.524737, 3.912122 ], [ 11.524724, 3.911952 ], [ 11.524733, 3.911703 ], [ 11.524826, 3.910833 ], [ 11.52489, 3.91023 ], [ 11.524898, 3.910114 ] ] } },
{ "type": "Feature", "properties": { "nom": "Rue 6.250", "classe": "secondary" }, "geometry": { "type": "LineString", "coordinates": [ [ 11.47389, 3.875552 ], [ 11.473351, 3.875796 ], [ 11.472797, 3.876056 ], [ 11.472578, 3.876163 ], [ 11.472122, 3.87636 ], [ 11.471517, 3.876588 ], [ 11.471218, 3.87664 ], [ 11.471007, 3.876616 ], [ 11.4709, 3.876577 ], [ 11.470709, 3.87647 ], [ 11.47047, 3.876305 ], [ 11.470203, 3.876137 ], [ 11.470063, 3.87605 ], [ 11.469628, 3.87578 ], [ 11.46937, 3.875608 ], [ 11.469222, 3.875525 ], [ 11.469026, 3.875401 ], [ 11.468758, 3.875224 ], [ 11.468412, 3.875008 ], [ 11.468149, 3.874848 ], [ 11.468046, 3.874787 ], [ 11.467679, 3.874583 ], [ 11.467456, 3.874493 ], [ 11.467342, 3.874461 ], [ 11.46719, 3.874423 ], [ 11.466854, 3.874378 ], [ 11.465841, 3.874267 ], [ 11.465435, 3.874182 ], [ 11.464853, 3.874007 ], [ 11.464811, 3.873996 ], [ 11.464484, 3.873899 ], [ 11.464059, 3.873769 ], [ 11.463837, 3.873702 ], [ 11.463277, 3.873546 ], [ 11.46304, 3.873478 ], [ 11.462002, 3.873179 ], [ 11.461842, 3.873118 ], [ 11.461671, 3.873048 ] ] } },
{ "type": "Feature", "properties": { "nom": "Rue 6.751", "classe": "primary" }, "geometry": { "type": "LineString", "coordinates": [ [ 11.44886, 3.903592 ], [ 11.449255, 3.903033 ], [ 11.45032, 3.901545 ], [ 11.450475, 3.901314 ], [ 11.450752, 3.900915 ], [ 11.450793, 3.900851 ], [ 11.451306, 3.900124 ], [ 11.451389, 3.900018 ], [ 11.45164, 3.899687 ], [ 11.451678, 3.899642 ], [ 11.451786, 3.899514 ], [ 11.451957, 3.899362 ], [ 11.452028, 3.899313 ], [ 11.452128, 3.899244 ], [ 11.452224, 3.899192 ], [ 11.452365, 3.899117 ], [ 11.452528, 3.899044 ], [ 11.452707, 3.898964 ], [ 11.452919, 3.898863 ], [ 11.453146, 3.898754 ], [ 11.453263, 3.898695 ], [ 11.453351, 3.898653 ], [ 11.4535, 3.898581 ], [ 11.453827, 3.89842 ], [ 11.453963, 3.898337 ], [ 11.453996, 3.898319 ], [ 11.454449, 3.898078 ], [ 11.454564, 3.897999 ], [ 11.45468, 3.897896 ], [ 11.454822, 3.89774 ], [ 11.454965, 3.89755 ], [ 11.45502, 3.89749 ], [ 11.455116, 3.897374 ], [ 11.455161, 3.89732 ], [ 11.455215, 3.897255 ], [ 11.455286, 3.897163 ], [ 11.455346, 3.897085 ], [ 11.455503, 3.896879 ], [ 11.455594, 3.896737 ], [ 11.455711, 3.896558 ], [ 11.45581, 3.896398 ], [ 11.455842, 3.896346 ], [ 11.45588, 3.896283 ], [ 11.455943, 3.896161 ], [ 11.456013, 3.896025 ], [ 11.456122, 3.895784 ], [ 11.456186, 3.895614 ], [ 11.45622, 3.895507 ], [ 11.456255, 3.8954 ], [ 11.456265, 3.895284 ], [ 11.456272, 3.895201 ], [ 11.456286, 3.894992 ], [ 11.456301, 3.894766 ], [ 11.456321, 3.894428 ], [ 11.456332, 3.894266 ], [ 11.456343, 3.894099 ], [ 11.456346, 3.89392 ], [ 11.45635, 3.893713 ], [ 11.456356, 3.893356 ], [ 11.456366, 3.893281 ], [ 11.456368, 3.893194 ], [ 11.456379, 3.892986 ], [ 11.456381, 3.892827 ], [ 11.456383, 3.892668 ], [ 11.456383, 3.892473 ], [ 11.456395, 3.892375 ], [ 11.456397, 3.892282 ], [ 11.456399, 3.892218 ], [ 11.4564, 3.892117 ], [ 11.456401, 3.892006 ], [ 11.456404, 3.891885 ], [ 11.456406, 3.891789 ], [ 11.456409, 3.891611 ], [ 11.456406, 3.891456 ], [ 11.456405, 3.891408 ], [ 11.456401, 3.891318 ], [ 11.456393, 3.891271 ], [ 11.456382, 3.891167 ], [ 11.456371, 3.89107 ], [ 11.456345, 3.890961 ], [ 11.456327, 3.890884 ], [ 11.45629, 3.890775 ], [ 11.456253, 3.89069 ], [ 11.456164, 3.890426 ], [ 11.456124, 3.890311 ], [ 11.455987, 3.889955 ], [ 11.45584, 3.88961 ], [ 11.455744, 3.889366 ], [ 11.455678, 3.889152 ], [ 11.455594, 3.888959 ], [ 11.455525, 3.888797 ], [ 11.455321, 3.88826 ], [ 11.455212, 3.887977 ], [ 11.455064, 3.887596 ], [ 11.454994, 3.887439 ], [ 11.454928, 3.887291 ], [ 11.454773, 3.886945 ], [ 11.454673, 3.886744 ], [ 11.454537, 3.886472 ], [ 11.454319, 3.886021 ], [ 11.454272, 3.885918 ], [ 11.454223, 3.885808 ], [ 11.454177, 3.885699 ], [ 11.454135, 3.885599 ], [ 11.454005, 3.885325 ], [ 11.453975, 3.885262 ], [ 11.453826, 3.884948 ], [ 11.453806, 3.884911 ], [ 11.453694, 3.884702 ], [ 11.453508, 3.884435 ], [ 11.452772, 3.883601 ], [ 11.452683, 3.883507 ], [ 11.452602, 3.883422 ], [ 11.452552, 3.883362 ], [ 11.452407, 3.883204 ], [ 11.452262, 3.883045 ], [ 11.45218, 3.882955 ], [ 11.451908, 3.882661 ], [ 11.451615, 3.882344 ], [ 11.451501, 3.882178 ], [ 11.451371, 3.881987 ], [ 11.451323, 3.881909 ], [ 11.451225, 3.881747 ], [ 11.451166, 3.881633 ], [ 11.451083, 3.88146 ], [ 11.450994, 3.881219 ], [ 11.450932, 3.881049 ], [ 11.450832, 3.880667 ], [ 11.450767, 3.880286 ], [ 11.450734, 3.880061 ], [ 11.450722, 3.879741 ], [ 11.450717, 3.879607 ], [ 11.450712, 3.879472 ], [ 11.450726, 3.879148 ], [ 11.450759, 3.878826 ], [ 11.450833, 3.878483 ], [ 11.450891, 3.878256 ], [ 11.451058, 3.877602 ], [ 11.451429, 3.876144 ] ] } },
{ "type": "Feature", "properties": { "nom": "Rue Nana Tchakounte", "classe": "secondary" }, "geometry": { "type": "LineString", "coordinates": [ [ 11.492102, 3.882826 ], [ 11.49214, 3.882713 ], [ 11.49222, 3.882427 ], [ 11.492833, 3.881032 ], [ 11.492935, 3.880823 ], [ 11.493035, 3.880597 ], [ 11.493137, 3.880378 ], [ 11.493178, 3.880246 ], [ 11.493528, 3.879481 ], [ 11.493743, 3.879097 ] ] } },
{ "type": "Feature", "properties": { "nom": "Avenue du Vingt Sept Aout 1940", "classe": "secondary" }, "geometry": { "type": "LineString", "coordinates": [ [ 11.504083, 3.883676 ], [ 11.503748, 3.884031 ], [ 11.503452, 3.884353 ], [ 11.503124, 3.884712 ], [ 11.50281, 3.885057 ], [ 11.502317, 3.885565 ], [ 11.501879, 3.886017 ], [ 11.501525, 3.886456 ] ] } },
{ "type": "Feature", "properties": { "nom": "Rue 2.381", "classe": "tertiary" }, "geometry": { "type": "LineString", "coordinates": [ [ 11.500116, 3.880299 ], [ 11.499968, 3.88047 ], [ 11.49981, 3.880713 ] ] } },
{ "type": "Feature", "properties": { "nom": "Rue 4.255", "classe": "trunk" }, "geometry": { "type": "LineString", "coordinates": [ [ 11.551513, 3.830507 ], [ 11.55164, 3.830786 ], [ 11.55183, 3.831227 ], [ 11.551922, 3.831497 ], [ 11.551974, 3.831657 ], [ 11.552003, 3.831747 ], [ 11.55204, 3.831862 ], [ 11.552091, 3.832059 ], [ 11.552159, 3.832362 ], [ 11.552229, 3.832714 ], [ 11.552273, 3.832949 ], [ 11.552311, 3.833356 ], [ 11.552313, 3.834008 ], [ 11.552304, 3.83447 ], [ 11.552267, 3.834974 ], [ 11.552199, 3.835453 ], [ 11.552165, 3.835626 ], [ 11.552111, 3.835893 ], [ 11.552062, 3.836116 ], [ 11.55202, 3.836297 ], [ 11.551957, 3.836563 ], [ 11.551898, 3.836841 ], [ 11.551861, 3.836993 ], [ 11.551812, 3.837205 ], [ 11.551778, 3.837332 ], [ 11.551595, 3.838058 ], [ 11.551421, 3.838746 ], [ 11.551296, 3.839478 ], [ 11.551267, 3.839694 ], [ 11.551222, 3.840186 ] ] } },
{ "type": "Feature", "properties": { "nom": "Rue 4.258", "classe": "trunk" }, "geometry": { "type": "LineString", "coordinates": [ [ 11.599482, 3.862344 ], [ 11.598965, 3.862004 ], [ 11.598843, 3.861922 ], [ 11.598146, 3.861448 ], [ 11.597927, 3.861299 ], [ 11.597575, 3.861099 ], [ 11.597399, 3.861007 ], [ 11.597239, 3.860936 ], [ 11.596874, 3.860792 ], [ 11.596757, 3.860751 ], [ 11.596618, 3.860711 ], [ 11.596459, 3.860676 ], [ 11.595995, 3.860577 ], [ 11.59466, 3.860326 ], [ 11.593819, 3.860159 ], [ 11.593613, 3.860118 ], [ 11.593264, 3.860079 ], [ 11.592942, 3.860065 ], [ 11.592656, 3.860073 ], [ 11.592424, 3.860104 ], [ 11.592229, 3.860135 ], [ 11.591829, 3.860248 ], [ 11.591451, 3.860382 ], [ 11.590987, 3.860631 ], [ 11.590386, 3.861001 ], [ 11.589929, 3.861275 ], [ 11.589718, 3.861422 ], [ 11.589397, 3.861622 ], [ 11.589072, 3.861824 ], [ 11.588781, 3.861979 ], [ 11.588403, 3.862144 ], [ 11.58795, 3.862287 ], [ 11.587849, 3.862313 ], [ 11.587516, 3.862398 ], [ 11.587203, 3.86246 ], [ 11.586868, 3.862485 ], [ 11.586484, 3.862508 ], [ 11.586351, 3.862464 ], [ 11.586255, 3.862416 ], [ 11.586107, 3.862306 ], [ 11.585968, 3.862173 ], [ 11.585534, 3.861768 ], [ 11.585412, 3.861643 ], [ 11.584943, 3.861201 ], [ 11.584675, 3.860948 ], [ 11.584611, 3.860888 ], [ 11.584363, 3.860622 ], [ 11.583841, 3.860012 ], [ 11.583367, 3.859505 ] ] } },
{ "type": "Feature", "properties": { "nom": "Rue 4.250", "classe": "primary" }, "geometry": { "type": "LineString", "coordinates": [ [ 11.551513, 3.830507 ], [ 11.551787, 3.830316 ], [ 11.552034, 3.830141 ], [ 11.552267, 3.829985 ], [ 11.552668, 3.829716 ], [ 11.552803, 3.829631 ], [ 11.552982, 3.829513 ], [ 11.553342, 3.829272 ], [ 11.553522, 3.829157 ], [ 11.553858, 3.828908 ], [ 11.554035, 3.828793 ], [ 11.554189, 3.828683 ], [ 11.554282, 3.828605 ], [ 11.554492, 3.828429 ], [ 11.554607, 3.828326 ], [ 11.554724, 3.828219 ], [ 11.554812, 3.828127 ], [ 11.554958, 3.827981 ], [ 11.555198, 3.827728 ], [ 11.555532, 3.827372 ], [ 11.555693, 3.827178 ], [ 11.555735, 3.827126 ], [ 11.555882, 3.82695 ], [ 11.556092, 3.826644 ], [ 11.556402, 3.826127 ], [ 11.556633, 3.825728 ], [ 11.556965, 3.825132 ], [ 11.557095, 3.824889 ], [ 11.557299, 3.82451 ], [ 11.55732, 3.82447 ], [ 11.557797, 3.82362 ], [ 11.557824, 3.823561 ], [ 11.558068, 3.823076 ], [ 11.558544, 3.822258 ], [ 11.558592, 3.822163 ], [ 11.558796, 3.821777 ], [ 11.559056, 3.821315 ], [ 11.55924, 3.820978 ], [ 11.559606, 3.820306 ], [ 11.559968, 3.819641 ], [ 11.560295, 3.819039 ], [ 11.560354, 3.818932 ], [ 11.560714, 3.818279 ], [ 11.560912, 3.817926 ], [ 11.561079, 3.817682 ], [ 11.561304, 3.817384 ], [ 11.561718, 3.816946 ], [ 11.562021, 3.816672 ], [ 11.562389, 3.816392 ], [ 11.562794, 3.816132 ], [ 11.563251, 3.815888 ], [ 11.563621, 3.815723 ], [ 11.56402, 3.815587 ], [ 11.564323, 3.815509 ], [ 11.564615, 3.815449 ], [ 11.564778, 3.81543 ], [ 11.564969, 3.815408 ], [ 11.565318, 3.815387 ], [ 11.565565, 3.815383 ], [ 11.565888, 3.815405 ], [ 11.566319, 3.81545 ], [ 11.566455, 3.815476 ], [ 11.566828, 3.815548 ], [ 11.567122, 3.815604 ], [ 11.567535, 3.815683 ], [ 11.567865, 3.815742 ], [ 11.56793, 3.815754 ], [ 11.568139, 3.815789 ], [ 11.568327, 3.815822 ], [ 11.568751, 3.815896 ], [ 11.569108, 3.815966 ], [ 11.569294, 3.816003 ], [ 11.569357, 3.816013 ], [ 11.569838, 3.816089 ], [ 11.570019, 3.816119 ], [ 11.570627, 3.816161 ], [ 11.571126, 3.816159 ], [ 11.571564, 3.816137 ], [ 11.572031, 3.816083 ], [ 11.572323, 3.816044 ], [ 11.572503, 3.816019 ], [ 11.573377, 3.815802 ], [ 11.573605, 3.815727 ], [ 11.574177, 3.815508 ], [ 11.574413, 3.815387 ], [ 11.574633, 3.815266 ], [ 11.575226, 3.814938 ], [ 11.575815, 3.814591 ], [ 11.576215, 3.814393 ] ] } },
{ "type": "Feature", "properties": { "nom": "Boulevard Rodolphe Manga Bell", "classe": "primary" }, "geometry": { "type": "LineString", "coordinates": [ [ 11.51221, 3.86763 ], [ 11.512212, 3.867602 ], [ 11.512233, 3.867545 ], [ 11.512259, 3.867515 ], [ 11.512292, 3.867492 ], [ 11.51233, 3.86748 ], [ 11.51237, 3.867479 ], [ 11.512404, 3.867486 ], [ 11.512435, 3.867502 ], [ 11.51247, 3.867526 ], [ 11.512498, 3.867594 ], [ 11.512492, 3.867672 ], [ 11.512479, 3.8677 ], [ 11.51246, 3.867724 ], [ 11.512436, 3.867744 ], [ 11.512409, 3.867758 ], [ 11.512384, 3.867765 ], [ 11.512357, 3.867768 ], [ 11.512315, 3.867762 ], [ 11.512277, 3.867745 ], [ 11.512246, 3.867719 ], [ 11.512224, 3.867685 ], [ 11.512214, 3.867658 ], [ 11.51221, 3.86763 ] ] } },
{ "type": "Feature", "properties": { "nom": "Rue Albert Ateba Ebe", "classe": "trunk" }, "geometry": { "type": "LineString", "coordinates": [ [ 11.516135, 3.879284 ], [ 11.516222, 3.879717 ], [ 11.516266, 3.879979 ], [ 11.516312, 3.880305 ], [ 11.516355, 3.88056 ], [ 11.516388, 3.880757 ] ] } },
{ "type": "Feature", "properties": { "nom": "Rue 1.074", "classe": "primary" }, "geometry": { "type": "LineString", "coordinates": [ [ 11.53128, 3.886967 ], [ 11.530982, 3.886963 ], [ 11.530707, 3.886954 ], [ 11.53049, 3.886943 ] ] } },
{ "type": "Feature", "properties": { "nom": "Rue 1.363", "classe": "secondary" }, "geometry": { "type": "LineString", "coordinates": [ [ 11.549743, 3.878891 ], [ 11.550169, 3.878343 ], [ 11.550236, 3.878246 ], [ 11.550278, 3.87817 ], [ 11.550315, 3.87805 ], [ 11.550329, 3.877935 ], [ 11.550324, 3.877802 ], [ 11.550174, 3.876225 ], [ 11.550032, 3.87494 ], [ 11.55, 3.874653 ], [ 11.549988, 3.874538 ], [ 11.54997, 3.874374 ], [ 11.549956, 3.874021 ], [ 11.549958, 3.873857 ], [ 11.549959, 3.87384 ], [ 11.549964, 3.873767 ], [ 11.549981, 3.873696 ] ] } },
{ "type": "Feature", "properties": { "nom": "Rue Ze Mendouga", "classe": "secondary" }, "geometry": { "type": "LineString", "coordinates": [ [ 11.527925, 3.864695 ], [ 11.528138, 3.864173 ], [ 11.52821, 3.863995 ], [ 11.528243, 3.863933 ], [ 11.528484, 3.863614 ], [ 11.528619, 3.86342 ], [ 11.528744, 3.863187 ], [ 11.528874, 3.862894 ], [ 11.529055, 3.862656 ], [ 11.529491, 3.862314 ], [ 11.529657, 3.862173 ], [ 11.529687, 3.862148 ], [ 11.530355, 3.861628 ] ] } },
{ "type": "Feature", "properties": { "nom": "Avenue Max Abé Fouda", "classe": "trunk" }, "geometry": { "type": "LineString", "coordinates": [ [ 11.518066, 3.828179 ], [ 11.518149, 3.828266 ], [ 11.518239, 3.828482 ], [ 11.518363, 3.828799 ], [ 11.518489, 3.829111 ], [ 11.518629, 3.829445 ], [ 11.518719, 3.829723 ], [ 11.518786, 3.829963 ], [ 11.518839, 3.830222 ], [ 11.518883, 3.830514 ], [ 11.518908, 3.830887 ], [ 11.519004, 3.832229 ], [ 11.519117, 3.834081 ], [ 11.519122, 3.834401 ], [ 11.519111, 3.834641 ], [ 11.519084, 3.834891 ] ] } },
{ "type": "Feature", "properties": { "nom": "Rue 8.029", "classe": "secondary" }, "geometry": { "type": "LineString", "coordinates": [ [ 11.515572, 3.831265 ], [ 11.515698, 3.831479 ] ] } },
{ "type": "Feature", "properties": { "nom": "Route de Douala", "classe": "trunk" }, "geometry": { "type": "LineString", "coordinates": [ [ 11.452314, 3.873356 ], [ 11.452121, 3.873449 ], [ 11.451942, 3.873544 ] ] } },
{ "type": "Feature", "properties": { "nom": "Route de Douala", "classe": "primary" }, "geometry": { "type": "LineString", "coordinates": [ [ 11.47677, 3.870961 ], [ 11.475625, 3.871262 ], [ 11.47511, 3.871389 ], [ 11.474659, 3.871511 ], [ 11.474086, 3.871666 ], [ 11.473256, 3.871878 ], [ 11.472432, 3.872101 ], [ 11.472079, 3.872197 ], [ 11.47188, 3.872236 ], [ 11.471597, 3.872265 ], [ 11.47134, 3.872273 ], [ 11.471183, 3.872275 ], [ 11.471143, 3.872268 ], [ 11.47106, 3.872268 ], [ 11.470774, 3.87223 ], [ 11.469877, 3.87203 ], [ 11.46871, 3.871763 ], [ 11.468423, 3.871684 ], [ 11.4678, 3.871536 ], [ 11.467198, 3.871417 ], [ 11.467052, 3.871401 ], [ 11.466767, 3.871377 ], [ 11.466512, 3.87138 ], [ 11.466335, 3.871396 ], [ 11.465963, 3.871473 ], [ 11.465771, 3.871516 ], [ 11.465645, 3.871556 ], [ 11.465528, 3.871596 ], [ 11.465148, 3.871738 ], [ 11.465012, 3.871789 ], [ 11.464557, 3.871955 ], [ 11.463269, 3.872437 ], [ 11.462577, 3.872691 ], [ 11.462253, 3.872802 ], [ 11.461908, 3.872908 ], [ 11.461719, 3.872978 ] ] } },
{ "type": "Feature", "properties": { "nom": "Ancienne Route de Douala", "classe": "trunk" }, "geometry": { "type": "LineString", "coordinates": [ [ 11.410496, 3.872028 ], [ 11.410727, 3.872328 ], [ 11.410992, 3.872657 ], [ 11.411276, 3.873008 ] ] } },
{ "type": "Feature", "properties": { "nom": "Route de Douala", "classe": "primary" }, "geometry": { "type": "LineString", "coordinates": [ [ 11.45392, 3.872676 ], [ 11.453705, 3.872718 ], [ 11.453488, 3.872779 ], [ 11.453296, 3.872863 ], [ 11.453118, 3.872954 ] ] } },
{ "type": "Feature", "properties": { "nom": "Route de Douala", "classe": "trunk" }, "geometry": { "type": "LineString", "coordinates": [ [ 11.452794, 3.873115 ], [ 11.452555, 3.873236 ], [ 11.452314, 3.873356 ] ] } },
{ "type": "Feature", "properties": { "nom": "Route de Douala", "classe": "primary" }, "geometry": { "type": "LineString", "coordinates": [ [ 11.485167, 3.869771 ], [ 11.485124, 3.869783 ], [ 11.485093, 3.869799 ], [ 11.485036, 3.869782 ], [ 11.485008, 3.869775 ], [ 11.484943, 3.869738 ], [ 11.484893, 3.869683 ], [ 11.484863, 3.869614 ], [ 11.484859, 3.86954 ], [ 11.484879, 3.869467 ], [ 11.484905, 3.869424 ], [ 11.484942, 3.869387 ], [ 11.484964, 3.869371 ], [ 11.485046, 3.869341 ], [ 11.485111, 3.86934 ], [ 11.485173, 3.869357 ], [ 11.485227, 3.869391 ], [ 11.485286, 3.869465 ], [ 11.485308, 3.869557 ], [ 11.485288, 3.869655 ], [ 11.485228, 3.869734 ], [ 11.485206, 3.86975 ], [ 11.485167, 3.869771 ] ] } },
{ "type": "Feature", "properties": { "nom": "Route de Douala", "classe": "primary" }, "geometry": { "type": "LineString", "coordinates": [ [ 11.485886, 3.869794 ], [ 11.485608, 3.869761 ], [ 11.485399, 3.869749 ], [ 11.485228, 3.869734 ] ] } },
{ "type": "Feature", "properties": { "nom": "Route de Douala", "classe": "primary" }, "geometry": { "type": "LineString", "coordinates": [ [ 11.461719, 3.872978 ], [ 11.4617, 3.873018 ], [ 11.461671, 3.873048 ], [ 11.461617, 3.873071 ], [ 11.461559, 3.873069 ], [ 11.461507, 3.873041 ], [ 11.461488, 3.873018 ], [ 11.461472, 3.872997 ] ] } },
{ "type": "Feature", "properties": { "nom": "Route de Douala", "classe": "primary" }, "geometry": { "type": "LineString", "coordinates": [ [ 11.459632, 3.87292 ], [ 11.459467, 3.872912 ], [ 11.459361, 3.872907 ], [ 11.459188, 3.872899 ], [ 11.458112, 3.87285 ], [ 11.457189, 3.872812 ], [ 11.457068, 3.872807 ], [ 11.456505, 3.872788 ], [ 11.456418, 3.872787 ], [ 11.455408, 3.872749 ], [ 11.454492, 3.872727 ], [ 11.454229, 3.872729 ] ] } },
{ "type": "Feature", "properties": { "nom": "Rue 6.525", "classe": "primary" }, "geometry": { "type": "LineString", "coordinates": [ [ 11.45213, 3.873463 ], [ 11.452132, 3.873448 ], [ 11.452155, 3.873338 ] ] } },
{ "type": "Feature", "properties": { "nom": "Rue 1.500", "classe": "primary" }, "geometry": { "type": "LineString", "coordinates": [ [ 11.530678, 3.886859 ], [ 11.530962, 3.886882 ], [ 11.531261, 3.88688 ] ] } },
{ "type": "Feature", "properties": { "nom": "Rue 4.179", "classe": "tertiary" }, "geometry": { "type": "LineString", "coordinates": [ [ 11.544336, 3.869958 ], [ 11.544547, 3.869835 ], [ 11.545309, 3.869375 ], [ 11.546288, 3.868834 ], [ 11.547306, 3.86825 ], [ 11.548784, 3.867426 ] ] } },
{ "type": "Feature", "properties": { "nom": "Rue Martin Tabi Essomba", "classe": "primary" }, "geometry": { "type": "LineString", "coordinates": [ [ 11.548574, 3.864264 ], [ 11.548661, 3.86441 ], [ 11.548767, 3.864586 ] ] } },
{ "type": "Feature", "properties": { "nom": "Rue Ze Mendouga", "classe": "secondary" }, "geometry": { "type": "LineString", "coordinates": [ [ 11.530478, 3.861508 ], [ 11.530512, 3.861471 ], [ 11.530547, 3.861405 ], [ 11.530615, 3.861223 ], [ 11.53065, 3.861066 ] ] } },
{ "type": "Feature", "properties": { "nom": "Rue de Nguele Mendouga", "classe": "tertiary" }, "geometry": { "type": "LineString", "coordinates": [ [ 11.505145, 3.872087 ], [ 11.504595, 3.871628 ], [ 11.504457, 3.871509 ], [ 11.504261, 3.871346 ], [ 11.504042, 3.871173 ], [ 11.504008, 3.871148 ] ] } },
{ "type": "Feature", "properties": { "nom": "Rue de Nguele Mendouga", "classe": "tertiary" }, "geometry": { "type": "LineString", "coordinates": [ [ 11.504008, 3.871148 ], [ 11.503969, 3.871112 ], [ 11.503924, 3.871076 ] ] } },
{ "type": "Feature", "properties": { "nom": "Rue 3.398", "classe": "primary" }, "geometry": { "type": "LineString", "coordinates": [ [ 11.489906, 3.871489 ], [ 11.489989, 3.871513 ], [ 11.490085, 3.871535 ], [ 11.490572, 3.871621 ], [ 11.490828, 3.871664 ], [ 11.490949, 3.871696 ] ] } },
{ "type": "Feature", "properties": { "nom": "Rue 3.398", "classe": "primary" }, "geometry": { "type": "LineString", "coordinates": [ [ 11.485308, 3.869557 ], [ 11.485413, 3.869621 ], [ 11.485523, 3.869656 ], [ 11.485656, 3.869684 ] ] } },
{ "type": "Feature", "properties": { "nom": "Rue de Melen", "classe": "secondary" }, "geometry": { "type": "LineString", "coordinates": [ [ 11.498619, 3.863652 ], [ 11.498591, 3.863658 ], [ 11.498472, 3.863684 ], [ 11.49827, 3.863728 ], [ 11.498259, 3.86373 ], [ 11.498142, 3.863758 ], [ 11.497975, 3.863793 ], [ 11.497163, 3.863967 ], [ 11.496923, 3.864005 ], [ 11.49675, 3.864031 ], [ 11.496574, 3.864034 ] ] } },
{ "type": "Feature", "properties": { "nom": "", "classe": "tertiary" }, "geometry": { "type": "LineString", "coordinates": [ [ 11.516792, 3.880715 ], [ 11.5168, 3.880794 ], [ 11.516799, 3.880857 ], [ 11.516787, 3.880939 ] ] } },
{ "type": "Feature", "properties": { "nom": "Avenue Charles De Gaulle", "classe": "secondary" }, "geometry": { "type": "LineString", "coordinates": [ [ 11.517591, 3.873315 ], [ 11.517597, 3.873359 ], [ 11.517596, 3.873477 ], [ 11.517621, 3.874005 ], [ 11.517608, 3.874151 ], [ 11.51756, 3.874367 ], [ 11.517252, 3.875201 ], [ 11.51713, 3.875533 ], [ 11.517112, 3.875589 ], [ 11.517036, 3.875729 ] ] } },
{ "type": "Feature", "properties": { "nom": "Avenue Mvog-Fouda Ada", "classe": "secondary" }, "geometry": { "type": "LineString", "coordinates": [ [ 11.52058, 3.866594 ], [ 11.521341, 3.867599 ], [ 11.521558, 3.867886 ], [ 11.522085, 3.868614 ], [ 11.522609, 3.869356 ], [ 11.522972, 3.869848 ], [ 11.523472, 3.870534 ] ] } },
{ "type": "Feature", "properties": { "nom": "Rue de Nachtigal", "classe": "secondary" }, "geometry": { "type": "LineString", "coordinates": [ [ 11.517302, 3.871179 ], [ 11.517336, 3.871273 ], [ 11.517353, 3.871406 ], [ 11.517419, 3.871916 ], [ 11.51744, 3.872046 ], [ 11.517471, 3.872149 ], [ 11.517495, 3.872199 ], [ 11.517535, 3.872272 ] ] } },
{ "type": "Feature", "properties": { "nom": "Place Elig-Essono", "classe": "secondary" }, "geometry": { "type": "LineString", "coordinates": [ [ 11.52396, 3.871166 ], [ 11.52398, 3.871196 ], [ 11.524002, 3.871229 ], [ 11.524109, 3.871494 ] ] } },
{ "type": "Feature", "properties": { "nom": "Rue Mgr. René Graffin", "classe": "secondary" }, "geometry": { "type": "LineString", "coordinates": [ [ 11.524961, 3.869089 ], [ 11.524866, 3.869271 ], [ 11.524754, 3.869485 ], [ 11.524693, 3.8696 ], [ 11.524537, 3.869832 ], [ 11.524148, 3.870434 ], [ 11.524098, 3.870524 ] ] } },
{ "type": "Feature", "properties": { "nom": "Avenue Mgr. François Xavier Vogt", "classe": "secondary" }, "geometry": { "type": "LineString", "coordinates": [ [ 11.520855, 3.862311 ], [ 11.521036, 3.862459 ], [ 11.521152, 3.862554 ], [ 11.521503, 3.863554 ], [ 11.521627, 3.863933 ], [ 11.52179, 3.86443 ], [ 11.521809, 3.864488 ], [ 11.522046, 3.865208 ], [ 11.522564, 3.866699 ], [ 11.522593, 3.866782 ], [ 11.522813, 3.867396 ], [ 11.522886, 3.867587 ], [ 11.523226, 3.868594 ], [ 11.523285, 3.868796 ], [ 11.52354, 3.869538 ], [ 11.523595, 3.869733 ], [ 11.523747, 3.870181 ], [ 11.523775, 3.870265 ] ] } },
{ "type": "Feature", "properties": { "nom": "Rue 1.016", "classe": "secondary" }, "geometry": { "type": "LineString", "coordinates": [ [ 11.516509, 3.866985 ], [ 11.516703, 3.867063 ] ] } },
{ "type": "Feature", "properties": { "nom": "Rue Henri Dunant", "classe": "secondary" }, "geometry": { "type": "LineString", "coordinates": [ [ 11.508482, 3.870937 ], [ 11.507836, 3.871472 ], [ 11.507594, 3.871661 ], [ 11.507321, 3.871875 ], [ 11.507275, 3.87191 ], [ 11.506984, 3.872139 ], [ 11.506686, 3.872374 ], [ 11.50661, 3.872429 ], [ 11.506359, 3.872608 ], [ 11.506083, 3.872806 ], [ 11.50595, 3.872892 ], [ 11.505792, 3.872976 ], [ 11.505486, 3.873128 ], [ 11.505268, 3.87322 ], [ 11.505038, 3.873294 ], [ 11.50471, 3.873386 ], [ 11.504473, 3.873428 ], [ 11.504179, 3.873461 ], [ 11.503917, 3.873471 ], [ 11.503608, 3.873483 ], [ 11.502919, 3.873502 ], [ 11.502477, 3.873514 ] ] } },
{ "type": "Feature", "properties": { "nom": "Boulevard Rodolph Manga Bell", "classe": "primary" }, "geometry": { "type": "LineString", "coordinates": [ [ 11.499141, 3.872991 ], [ 11.499318, 3.872978 ], [ 11.49962, 3.872949 ], [ 11.499893, 3.872919 ], [ 11.500232, 3.872864 ], [ 11.50064, 3.872788 ], [ 11.500994, 3.872756 ], [ 11.501103, 3.872755 ], [ 11.501669, 3.872686 ], [ 11.501952, 3.872654 ], [ 11.502335, 3.872621 ], [ 11.502394, 3.872614 ], [ 11.502491, 3.872603 ], [ 11.502704, 3.872577 ], [ 11.503023, 3.872539 ], [ 11.503542, 3.872478 ], [ 11.503846, 3.872435 ], [ 11.504159, 3.872392 ], [ 11.504396, 3.872344 ], [ 11.504609, 3.8723 ], [ 11.504862, 3.87221 ], [ 11.505145, 3.872087 ], [ 11.505351, 3.871996 ], [ 11.505532, 3.871916 ], [ 11.505594, 3.871862 ], [ 11.50574, 3.871812 ], [ 11.505855, 3.871725 ], [ 11.506023, 3.871594 ], [ 11.506279, 3.871399 ], [ 11.506805, 3.871 ], [ 11.506951, 3.870869 ], [ 11.507315, 3.870541 ], [ 11.507419, 3.870449 ], [ 11.507633, 3.870238 ], [ 11.507891, 3.870037 ], [ 11.507978, 3.869982 ], [ 11.508094, 3.869922 ], [ 11.508217, 3.869884 ], [ 11.508297, 3.869848 ], [ 11.50893, 3.869527 ], [ 11.509503, 3.869256 ], [ 11.509557, 3.869229 ] ] } },
{ "type": "Feature", "properties": { "nom": "", "classe": "primary" }, "geometry": { "type": "LineString", "coordinates": [ [ 11.51237, 3.867479 ], [ 11.512592, 3.867284 ] ] } },
{ "type": "Feature", "properties": { "nom": "Avenue Konrad Adenauer", "classe": "trunk" }, "geometry": { "type": "LineString", "coordinates": [ [ 11.514744, 3.871617 ], [ 11.514775, 3.871712 ], [ 11.514796, 3.871998 ] ] } },
{ "type": "Feature", "properties": { "nom": "Rue 1.011", "classe": "trunk" }, "geometry": { "type": "LineString", "coordinates": [ [ 11.514427, 3.869538 ], [ 11.514487, 3.869616 ], [ 11.514537, 3.869715 ], [ 11.514619, 3.8699 ], [ 11.514674, 3.870022 ] ] } },
{ "type": "Feature", "properties": { "nom": "Boulevard du 20 Mai 1972", "classe": "trunk" }, "geometry": { "type": "LineString", "coordinates": [ [ 11.514528, 3.868548 ], [ 11.514481, 3.868785 ], [ 11.51445, 3.868944 ], [ 11.514389, 3.869177 ], [ 11.514379, 3.869271 ], [ 11.514384, 3.869347 ], [ 11.514392, 3.869426 ], [ 11.514427, 3.869538 ] ] } },
{ "type": "Feature", "properties": { "nom": "", "classe": "trunk" }, "geometry": { "type": "LineString", "coordinates": [ [ 11.514981, 3.866991 ], [ 11.515038, 3.866659 ], [ 11.515043, 3.866496 ] ] } },
{ "type": "Feature", "properties": { "nom": "Rue Sebastien Essomba", "classe": "secondary" }, "geometry": { "type": "LineString", "coordinates": [ [ 11.513334, 3.874021 ], [ 11.513334, 3.873939 ], [ 11.513744, 3.873422 ], [ 11.513831, 3.873301 ], [ 11.514014, 3.873078 ], [ 11.514107, 3.87294 ] ] } },
{ "type": "Feature", "properties": { "nom": "Rue Joseph Mballa Eloumdem", "classe": "secondary" }, "geometry": { "type": "LineString", "coordinates": [ [ 11.518828, 3.884993 ], [ 11.51885, 3.884905 ], [ 11.518861, 3.884827 ], [ 11.518855, 3.884686 ], [ 11.518842, 3.884562 ], [ 11.5188, 3.88441 ] ] } },
{ "type": "Feature", "properties": { "nom": "", "classe": "secondary" }, "geometry": { "type": "LineString", "coordinates": [ [ 11.51715, 3.88122 ], [ 11.517065, 3.881229 ], [ 11.517011, 3.88124 ], [ 11.516957, 3.881263 ], [ 11.516874, 3.881304 ] ] } },
{ "type": "Feature", "properties": { "nom": "", "classe": "secondary" }, "geometry": { "type": "LineString", "coordinates": [ [ 11.514166, 3.864191 ], [ 11.514327, 3.86395 ] ] } },
{ "type": "Feature", "properties": { "nom": "", "classe": "secondary" }, "geometry": { "type": "LineString", "coordinates": [ [ 11.514512, 3.86398 ], [ 11.514601, 3.863997 ], [ 11.51469, 3.864034 ], [ 11.51476, 3.86408 ], [ 11.514794, 3.864127 ] ] } },
{ "type": "Feature", "properties": { "nom": "", "classe": "secondary" }, "geometry": { "type": "LineString", "coordinates": [ [ 11.514714, 3.863709 ], [ 11.51463, 3.86385 ], [ 11.514574, 3.863914 ], [ 11.514515, 3.863965 ] ] } },
{ "type": "Feature", "properties": { "nom": "", "classe": "secondary" }, "geometry": { "type": "LineString", "coordinates": [ [ 11.512282, 3.867973 ], [ 11.512277, 3.867745 ] ] } },
{ "type": "Feature", "properties": { "nom": "", "classe": "primary" }, "geometry": { "type": "LineString", "coordinates": [ [ 11.511888, 3.86787 ], [ 11.512212, 3.867602 ] ] } },
{ "type": "Feature", "properties": { "nom": "Boulevard Rodolphe Manga Bell", "classe": "primary" }, "geometry": { "type": "LineString", "coordinates": [ [ 11.512592, 3.867284 ], [ 11.512794, 3.867004 ], [ 11.512918, 3.866831 ] ] } },
{ "type": "Feature", "properties": { "nom": "Avenue Dr. Eugène Jamot (2.001)", "classe": "secondary" }, "geometry": { "type": "LineString", "coordinates": [ [ 11.513358, 3.866893 ], [ 11.513471, 3.867186 ], [ 11.513646, 3.867643 ], [ 11.513771, 3.868068 ], [ 11.513837, 3.868443 ], [ 11.513865, 3.868762 ], [ 11.513889, 3.868869 ], [ 11.513929, 3.869012 ] ] } },
{ "type": "Feature", "properties": { "nom": "", "classe": "primary" }, "geometry": { "type": "LineString", "coordinates": [ [ 11.512918, 3.866831 ], [ 11.512978, 3.866664 ], [ 11.513046, 3.866487 ] ] } },
{ "type": "Feature", "properties": { "nom": "Rue 3.083", "classe": "secondary" }, "geometry": { "type": "LineString", "coordinates": [ [ 11.513497, 3.864921 ], [ 11.513414, 3.865086 ], [ 11.513327, 3.865275 ], [ 11.513259, 3.865495 ], [ 11.513197, 3.865725 ], [ 11.513228, 3.865971 ] ] } },
{ "type": "Feature", "properties": { "nom": "Rue 3.006", "classe": "primary" }, "geometry": { "type": "LineString", "coordinates": [ [ 11.514989, 3.866331 ], [ 11.514876, 3.866206 ], [ 11.514822, 3.86616 ] ] } },
{ "type": "Feature", "properties": { "nom": "", "classe": "secondary" }, "geometry": { "type": "LineString", "coordinates": [ [ 11.51523, 3.865616 ], [ 11.515308, 3.865679 ], [ 11.515417, 3.865749 ] ] } },
{ "type": "Feature", "properties": { "nom": "", "classe": "secondary" }, "geometry": { "type": "LineString", "coordinates": [ [ 11.523472, 3.870534 ], [ 11.523566, 3.870582 ], [ 11.523632, 3.87062 ], [ 11.523719, 3.870677 ] ] } },
{ "type": "Feature", "properties": { "nom": "", "classe": "tertiary" }, "geometry": { "type": "LineString", "coordinates": [ [ 11.525448, 3.855591 ], [ 11.525506, 3.855499 ] ] } },
{ "type": "Feature", "properties": { "nom": "Rue Antoine Essomba Mani", "classe": "primary" }, "geometry": { "type": "LineString", "coordinates": [ [ 11.533386, 3.868928 ], [ 11.533437, 3.868989 ], [ 11.533496, 3.869062 ], [ 11.533542, 3.869146 ], [ 11.53424, 3.870546 ], [ 11.534337, 3.870723 ] ] } },
{ "type": "Feature", "properties": { "nom": "Rue Antoine Essomba Mani", "classe": "primary" }, "geometry": { "type": "LineString", "coordinates": [ [ 11.52805, 3.864834 ], [ 11.528617, 3.865467 ], [ 11.528966, 3.865883 ], [ 11.529559, 3.866515 ], [ 11.529799, 3.8668 ], [ 11.529879, 3.866876 ], [ 11.530237, 3.867178 ], [ 11.530661, 3.867536 ], [ 11.530766, 3.867632 ], [ 11.530913, 3.867751 ], [ 11.530969, 3.867796 ], [ 11.531162, 3.867935 ], [ 11.531283, 3.868006 ], [ 11.531475, 3.868096 ], [ 11.531756, 3.868215 ], [ 11.531879, 3.868263 ] ] } },
{ "type": "Feature", "properties": { "nom": "", "classe": "tertiary" }, "geometry": { "type": "LineString", "coordinates": [ [ 11.532171, 3.868482 ], [ 11.532066, 3.868677 ] ] } },
{ "type": "Feature", "properties": { "nom": "", "classe": "tertiary" }, "geometry": { "type": "LineString", "coordinates": [ [ 11.532175, 3.868135 ], [ 11.532213, 3.868355 ] ] } },
{ "type": "Feature", "properties": { "nom": "", "classe": "secondary" }, "geometry": { "type": "LineString", "coordinates": [ [ 11.50539, 3.8982 ], [ 11.505409, 3.8984 ], [ 11.505428, 3.898512 ], [ 11.505464, 3.898626 ] ] } },
{ "type": "Feature", "properties": { "nom": "Rue 4.007", "classe": "secondary" }, "geometry": { "type": "LineString", "coordinates": [ [ 11.518593, 3.847588 ], [ 11.518317, 3.847076 ], [ 11.51813, 3.846743 ], [ 11.517965, 3.846476 ], [ 11.517911, 3.84637 ], [ 11.517859, 3.846243 ], [ 11.517753, 3.846003 ], [ 11.517656, 3.845766 ], [ 11.517549, 3.845554 ] ] } },
{ "type": "Feature", "properties": { "nom": "", "classe": "secondary" }, "geometry": { "type": "LineString", "coordinates": [ [ 11.518549, 3.848346 ], [ 11.51829, 3.848344 ], [ 11.518132, 3.848349 ] ] } },
{ "type": "Feature", "properties": { "nom": "", "classe": "tertiary" }, "geometry": { "type": "LineString", "coordinates": [ [ 11.52926, 3.873208 ], [ 11.529449, 3.873501 ] ] } },
{ "type": "Feature", "properties": { "nom": "", "classe": "tertiary" }, "geometry": { "type": "LineString", "coordinates": [ [ 11.551478, 3.958807 ], [ 11.55222, 3.95842 ], [ 11.552261, 3.958398 ], [ 11.552737, 3.958135 ], [ 11.553018, 3.958005 ], [ 11.553433, 3.957854 ], [ 11.553991, 3.957646 ], [ 11.554847, 3.957343 ], [ 11.555086, 3.957273 ], [ 11.55513, 3.957257 ], [ 11.556209, 3.956922 ], [ 11.556681, 3.956788 ], [ 11.557392, 3.956609 ] ] } },
{ "type": "Feature", "properties": { "nom": "Rue 1.615", "classe": "tertiary" }, "geometry": { "type": "LineString", "coordinates": [ [ 11.54532, 3.888827 ], [ 11.545265, 3.888855 ], [ 11.545109, 3.888927 ], [ 11.544978, 3.889014 ], [ 11.544469, 3.889403 ], [ 11.544017, 3.88977 ], [ 11.5436, 3.890084 ], [ 11.54352, 3.890147 ], [ 11.543297, 3.89035 ], [ 11.543194, 3.890456 ], [ 11.542766, 3.890799 ], [ 11.542629, 3.891344 ], [ 11.542581, 3.891839 ], [ 11.542541, 3.892047 ], [ 11.542496, 3.892224 ], [ 11.542457, 3.892373 ], [ 11.542425, 3.892501 ], [ 11.54239, 3.892613 ], [ 11.542302, 3.892835 ], [ 11.542287, 3.892875 ], [ 11.542099, 3.893349 ], [ 11.541898, 3.893819 ], [ 11.541761, 3.894117 ], [ 11.541653, 3.894407 ], [ 11.541494, 3.894831 ], [ 11.541456, 3.894932 ], [ 11.541434, 3.894996 ], [ 11.541175, 3.895763 ], [ 11.541034, 3.896129 ], [ 11.540981, 3.89625 ], [ 11.540865, 3.896472 ], [ 11.540714, 3.896842 ], [ 11.540543, 3.89734 ] ] } },
{ "type": "Feature", "properties": { "nom": "Place Charles Atangana", "classe": "tertiary" }, "geometry": { "type": "LineString", "coordinates": [ [ 11.519384, 3.858249 ], [ 11.519485, 3.85836 ] ] } },
{ "type": "Feature", "properties": { "nom": "Place Charles Atangana", "classe": "tertiary" }, "geometry": { "type": "LineString", "coordinates": [ [ 11.518722, 3.858599 ], [ 11.519384, 3.858249 ] ] } },
{ "type": "Feature", "properties": { "nom": "Avenue John Ngu Foncha", "classe": "secondary" }, "geometry": { "type": "LineString", "coordinates": [ [ 11.493638, 3.883409 ], [ 11.493476, 3.883405 ], [ 11.493239, 3.883322 ], [ 11.492419, 3.882964 ], [ 11.492217, 3.882865 ], [ 11.492102, 3.882826 ] ] } },
{ "type": "Feature", "properties": { "nom": "", "classe": "secondary" }, "geometry": { "type": "LineString", "coordinates": [ [ 11.502438, 3.887195 ], [ 11.502355, 3.887108 ], [ 11.502289, 3.887049 ], [ 11.502207, 3.886986 ], [ 11.50194, 3.886762 ], [ 11.501643, 3.886533 ] ] } },
{ "type": "Feature", "properties": { "nom": "", "classe": "secondary" }, "geometry": { "type": "LineString", "coordinates": [ [ 11.501643, 3.886533 ], [ 11.501347, 3.88698 ], [ 11.501243, 3.887124 ], [ 11.501131, 3.887315 ] ] } },
{ "type": "Feature", "properties": { "nom": "Rue 5.769", "classe": "secondary" }, "geometry": { "type": "LineString", "coordinates": [ [ 11.520759, 3.9157 ], [ 11.520696, 3.915687 ], [ 11.520549, 3.915659 ], [ 11.520493, 3.915638 ], [ 11.520449, 3.915613 ], [ 11.520398, 3.915573 ] ] } },
{ "type": "Feature", "properties": { "nom": "Rue Martin Tabi Essomba", "classe": "primary" }, "geometry": { "type": "LineString", "coordinates": [ [ 11.528354, 3.864038 ], [ 11.52821, 3.863995 ], [ 11.526988, 3.863395 ] ] } },
{ "type": "Feature", "properties": { "nom": "Rue 8.078", "classe": "trunk" }, "geometry": { "type": "LineString", "coordinates": [ [ 11.516864, 3.825246 ], [ 11.516747, 3.825029 ], [ 11.51658, 3.824657 ], [ 11.516394, 3.824237 ], [ 11.516387, 3.82422 ], [ 11.516186, 3.823773 ], [ 11.516118, 3.823603 ], [ 11.516053, 3.823458 ], [ 11.515932, 3.823188 ], [ 11.515842, 3.822977 ], [ 11.515729, 3.822732 ], [ 11.515504, 3.82218 ], [ 11.515284, 3.821671 ], [ 11.515094, 3.82122 ], [ 11.514796, 3.820536 ], [ 11.514704, 3.820326 ], [ 11.514677, 3.820264 ], [ 11.514534, 3.819942 ], [ 11.514509, 3.819884 ], [ 11.514261, 3.819327 ], [ 11.514015, 3.818767 ], [ 11.513796, 3.818258 ], [ 11.51371, 3.818052 ], [ 11.513655, 3.817921 ], [ 11.513588, 3.817757 ], [ 11.513456, 3.81746 ], [ 11.51331, 3.817138 ], [ 11.5132, 3.816877 ], [ 11.512883, 3.816139 ], [ 11.51287, 3.816111 ] ] } },
{ "type": "Feature", "properties": { "nom": "Rue 4.266", "classe": "tertiary" }, "geometry": { "type": "LineString", "coordinates": [ [ 11.552836, 3.852549 ], [ 11.553028, 3.852413 ], [ 11.553315, 3.852177 ], [ 11.553451, 3.85203 ], [ 11.553519, 3.851938 ], [ 11.553821, 3.851443 ], [ 11.553942, 3.851202 ], [ 11.554114, 3.85097 ], [ 11.554283, 3.850731 ], [ 11.5544, 3.850589 ], [ 11.554514, 3.850472 ], [ 11.554655, 3.850335 ] ] } },
{ "type": "Feature", "properties": { "nom": "Rue 4.014", "classe": "secondary" }, "geometry": { "type": "LineString", "coordinates": [ [ 11.516136, 3.848623 ], [ 11.515931, 3.848604 ], [ 11.515782, 3.84858 ], [ 11.515652, 3.848549 ], [ 11.515386, 3.84848 ], [ 11.515296, 3.848454 ], [ 11.515188, 3.848433 ], [ 11.515093, 3.848414 ], [ 11.51502, 3.848397 ], [ 11.514975, 3.848388 ], [ 11.514946, 3.848382 ] ] } },
{ "type": "Feature", "properties": { "nom": "Boulevard de l'OCAM", "classe": "trunk" }, "geometry": { "type": "LineString", "coordinates": [ [ 11.521573, 3.850501 ], [ 11.521649, 3.850704 ], [ 11.521679, 3.850819 ], [ 11.521694, 3.850914 ] ] } },
{ "type": "Feature", "properties": { "nom": "Boulevard de l'OCAM", "classe": "trunk" }, "geometry": { "type": "LineString", "coordinates": [ [ 11.521699, 3.851064 ], [ 11.5217, 3.851167 ], [ 11.521708, 3.85128 ], [ 11.521717, 3.851374 ], [ 11.521728, 3.8515 ] ] } },
{ "type": "Feature", "properties": { "nom": "Boulevard de l'OCAM", "classe": "trunk" }, "geometry": { "type": "LineString", "coordinates": [ [ 11.520857, 3.847484 ], [ 11.52093, 3.847651 ], [ 11.521067, 3.848121 ], [ 11.52113, 3.848427 ], [ 11.521179, 3.848655 ], [ 11.521216, 3.848855 ], [ 11.521252, 3.849017 ], [ 11.521286, 3.849188 ], [ 11.521352, 3.849501 ], [ 11.521573, 3.850501 ] ] } },
{ "type": "Feature", "properties": { "nom": "Route de Douala", "classe": "primary" }, "geometry": { "type": "LineString", "coordinates": [ [ 11.454166, 3.872728 ], [ 11.45392, 3.872676 ] ] } },
{ "type": "Feature", "properties": { "nom": "Boulevard de la Réunification", "classe": "secondary" }, "geometry": { "type": "LineString", "coordinates": [ [ 11.50617, 3.859052 ], [ 11.505867, 3.859371 ], [ 11.505654, 3.859577 ], [ 11.505522, 3.859716 ], [ 11.505429, 3.85984 ], [ 11.505327, 3.85998 ], [ 11.50516, 3.860228 ], [ 11.505047, 3.860417 ], [ 11.504988, 3.860559 ], [ 11.504928, 3.860699 ], [ 11.504841, 3.860893 ], [ 11.504769, 3.861052 ] ] } },
{ "type": "Feature", "properties": { "nom": "Rue Charles Bindzi", "classe": "tertiary" }, "geometry": { "type": "LineString", "coordinates": [ [ 11.52304, 3.895629 ], [ 11.522944, 3.895666 ], [ 11.522887, 3.895683 ], [ 11.522789, 3.895713 ] ] } },
{ "type": "Feature", "properties": { "nom": "Rue 1.893", "classe": "tertiary" }, "geometry": { "type": "LineString", "coordinates": [ [ 11.513287, 3.905538 ], [ 11.513082, 3.905373 ], [ 11.512895, 3.905232 ], [ 11.51258, 3.905004 ] ] } },
{ "type": "Feature", "properties": { "nom": "Rue Martin Paul Samba", "classe": "secondary" }, "geometry": { "type": "LineString", "coordinates": [ [ 11.507155, 3.868526 ], [ 11.506847, 3.868567 ], [ 11.506518, 3.868609 ], [ 11.506288, 3.868638 ], [ 11.505955, 3.868679 ], [ 11.505676, 3.868695 ], [ 11.505443, 3.868654 ], [ 11.505395, 3.868635 ], [ 11.505235, 3.868571 ], [ 11.505021, 3.868404 ], [ 11.504896, 3.868238 ], [ 11.50482, 3.86808 ], [ 11.504788, 3.867989 ], [ 11.504748, 3.867804 ], [ 11.50469, 3.867531 ], [ 11.50466, 3.867381 ], [ 11.504626, 3.867209 ], [ 11.50457, 3.866897 ], [ 11.50457, 3.866891 ], [ 11.504549, 3.866778 ], [ 11.504514, 3.866585 ], [ 11.504471, 3.866392 ], [ 11.504411, 3.866119 ], [ 11.504392, 3.866043 ], [ 11.504272, 3.86561 ], [ 11.504155, 3.865189 ], [ 11.504113, 3.864966 ], [ 11.504098, 3.864765 ], [ 11.504099, 3.864641 ], [ 11.504125, 3.864498 ], [ 11.504171, 3.864379 ], [ 11.504191, 3.864344 ], [ 11.504477, 3.863705 ], [ 11.504535, 3.863577 ], [ 11.504565, 3.863471 ], [ 11.504577, 3.863367 ] ] } },
{ "type": "Feature", "properties": { "nom": "Rue 3.043", "classe": "tertiary" }, "geometry": { "type": "LineString", "coordinates": [ [ 11.510923, 3.86855 ], [ 11.510983, 3.868489 ], [ 11.511033, 3.868422 ], [ 11.511169, 3.868223 ], [ 11.511283, 3.867996 ], [ 11.511509, 3.867388 ], [ 11.511706, 3.866801 ], [ 11.511859, 3.866315 ], [ 11.511877, 3.866218 ], [ 11.511894, 3.865954 ], [ 11.511897, 3.865672 ], [ 11.511878, 3.864875 ] ] } },
{ "type": "Feature", "properties": { "nom": "Rue 3.043", "classe": "tertiary" }, "geometry": { "type": "LineString", "coordinates": [ [ 11.511639, 3.861928 ], [ 11.511632, 3.861877 ], [ 11.511612, 3.86173 ], [ 11.511617, 3.861648 ], [ 11.511624, 3.861523 ], [ 11.511686, 3.861185 ], [ 11.511796, 3.860474 ], [ 11.511799, 3.860316 ], [ 11.51178, 3.860169 ], [ 11.511729, 3.860054 ], [ 11.511684, 3.859994 ], [ 11.511594, 3.859897 ], [ 11.511498, 3.85983 ], [ 11.51133, 3.859749 ], [ 11.511138, 3.859688 ], [ 11.510482, 3.859555 ], [ 11.510354, 3.85951 ], [ 11.510288, 3.859467 ], [ 11.510271, 3.859455 ], [ 11.510248, 3.859432 ], [ 11.510239, 3.859422 ], [ 11.510227, 3.859397 ], [ 11.510215, 3.859353 ], [ 11.51021, 3.859323 ], [ 11.510202, 3.859291 ], [ 11.510205, 3.859266 ], [ 11.510218, 3.859239 ], [ 11.510243, 3.859219 ], [ 11.510346, 3.859171 ], [ 11.511226, 3.858889 ], [ 11.511335, 3.85883 ], [ 11.511398, 3.858774 ], [ 11.511473, 3.858674 ], [ 11.511554, 3.858533 ], [ 11.511668, 3.858273 ], [ 11.511703, 3.858157 ], [ 11.511721, 3.858032 ], [ 11.511729, 3.857835 ], [ 11.511721, 3.857721 ], [ 11.511701, 3.857634 ], [ 11.511709, 3.857496 ], [ 11.511554, 3.857342 ], [ 11.511055, 3.856457 ], [ 11.511033, 3.856377 ], [ 11.511028, 3.856299 ], [ 11.511036, 3.856203 ], [ 11.511075, 3.856032 ], [ 11.511199, 3.855631 ], [ 11.511275, 3.855431 ], [ 11.511361, 3.855272 ], [ 11.511433, 3.85514 ], [ 11.511907, 3.854433 ], [ 11.511918, 3.854358 ], [ 11.511903, 3.854281 ], [ 11.511735, 3.854007 ] ] } },
{ "type": "Feature", "properties": { "nom": "Place de la R unification", "classe": "secondary" }, "geometry": { "type": "LineString", "coordinates": [ [ 11.513177, 3.852857 ], [ 11.513311, 3.852861 ], [ 11.513531, 3.852867 ], [ 11.513863, 3.852876 ] ] } },
{ "type": "Feature", "properties": { "nom": "Rue 1.070", "classe": "secondary" }, "geometry": { "type": "LineString", "coordinates": [ [ 11.521043, 3.883295 ], [ 11.520985, 3.883323 ], [ 11.520785, 3.883363 ], [ 11.520542, 3.883394 ], [ 11.520293, 3.883469 ], [ 11.519956, 3.883636 ], [ 11.519803, 3.883747 ], [ 11.519711, 3.883846 ], [ 11.519661, 3.883924 ], [ 11.519575, 3.884074 ] ] } },
{ "type": "Feature", "properties": { "nom": "Rue 3.007", "classe": "primary" }, "geometry": { "type": "LineString", "coordinates": [ [ 11.520303, 3.859586 ], [ 11.520337, 3.859678 ], [ 11.520341, 3.859734 ], [ 11.520345, 3.859828 ], [ 11.520302, 3.860599 ], [ 11.520292, 3.860762 ], [ 11.520318, 3.860954 ] ] } },
{ "type": "Feature", "properties": { "nom": "Rue 1.372", "classe": "secondary" }, "geometry": { "type": "LineString", "coordinates": [ [ 11.536907, 3.886001 ], [ 11.537125, 3.885831 ], [ 11.537674, 3.885452 ], [ 11.537802, 3.885352 ], [ 11.538091, 3.885133 ], [ 11.538191, 3.885076 ], [ 11.538326, 3.884994 ] ] } },
{ "type": "Feature", "properties": { "nom": "Rue 1.393", "classe": "secondary" }, "geometry": { "type": "LineString", "coordinates": [ [ 11.53878, 3.885372 ], [ 11.538771, 3.885194 ], [ 11.538743, 3.88512 ], [ 11.538705, 3.885043 ] ] } },
{ "type": "Feature", "properties": { "nom": "Rue 3.025", "classe": "tertiary" }, "geometry": { "type": "LineString", "coordinates": [ [ 11.512043, 3.864164 ], [ 11.511965, 3.864258 ] ] } },
{ "type": "Feature", "properties": { "nom": "Boulevard de l' OUA", "classe": "trunk" }, "geometry": { "type": "LineString", "coordinates": [ [ 11.517525, 3.845103 ], [ 11.517619, 3.845139 ], [ 11.517689, 3.845171 ], [ 11.517748, 3.84521 ], [ 11.517845, 3.84529 ] ] } },
{ "type": "Feature", "properties": { "nom": "Boulevard de l' OUA", "classe": "trunk" }, "geometry": { "type": "LineString", "coordinates": [ [ 11.517004, 3.844637 ], [ 11.517101, 3.844709 ], [ 11.51721, 3.844789 ], [ 11.517304, 3.844877 ], [ 11.517469, 3.845045 ] ] } },
{ "type": "Feature", "properties": { "nom": "Boulevard de l' OUA", "classe": "trunk" }, "geometry": { "type": "LineString", "coordinates": [ [ 11.517845, 3.84529 ], [ 11.518069, 3.845423 ], [ 11.518206, 3.845485 ], [ 11.518722, 3.845722 ], [ 11.518849, 3.845783 ], [ 11.519079, 3.845889 ], [ 11.519736, 3.846304 ], [ 11.520084, 3.84655 ], [ 11.520136, 3.846586 ], [ 11.520329, 3.846723 ] ] } },
{ "type": "Feature", "properties": { "nom": "", "classe": "trunk" }, "geometry": { "type": "LineString", "coordinates": [ [ 11.517525, 3.845103 ], [ 11.517549, 3.845153 ], [ 11.517557, 3.845185 ], [ 11.517561, 3.845207 ], [ 11.517557, 3.845223 ], [ 11.517549, 3.845237 ], [ 11.517532, 3.845248 ], [ 11.51751, 3.845254 ], [ 11.51748, 3.845255 ], [ 11.517452, 3.845248 ], [ 11.517399, 3.845217 ], [ 11.517385, 3.845209 ], [ 11.517368, 3.845191 ], [ 11.517352, 3.845175 ], [ 11.517338, 3.845156 ], [ 11.517319, 3.845129 ], [ 11.517311, 3.845101 ], [ 11.517308, 3.845076 ], [ 11.517313, 3.845052 ], [ 11.51732, 3.845033 ], [ 11.517335, 3.845017 ], [ 11.517358, 3.845007 ], [ 11.517373, 3.845006 ], [ 11.517406, 3.845011 ], [ 11.517441, 3.845026 ], [ 11.517469, 3.845045 ] ] } },
{ "type": "Feature", "properties": { "nom": "Rue 1.064", "classe": "secondary" }, "geometry": { "type": "LineString", "coordinates": [ [ 11.523894, 3.882362 ], [ 11.52371, 3.882376 ], [ 11.523419, 3.882379 ] ] } },
{ "type": "Feature", "properties": { "nom": "Rue Joseph Essono Balla", "classe": "secondary" }, "geometry": { "type": "LineString", "coordinates": [ [ 11.523668, 3.882131 ], [ 11.523734, 3.882192 ], [ 11.52378, 3.882233 ], [ 11.52385, 3.882308 ], [ 11.523894, 3.882362 ] ] } },
{ "type": "Feature", "properties": { "nom": "Rue Tchoughi Aloa", "classe": "secondary" }, "geometry": { "type": "LineString", "coordinates": [ [ 11.50197, 3.84494 ], [ 11.501916, 3.844892 ], [ 11.50185, 3.844834 ], [ 11.501776, 3.84477 ], [ 11.501693, 3.844692 ], [ 11.501585, 3.844585 ], [ 11.501452, 3.844468 ] ] } },
{ "type": "Feature", "properties": { "nom": "Rue Zogo Fouda Ngono", "classe": "secondary" }, "geometry": { "type": "LineString", "coordinates": [ [ 11.514536, 3.878309 ], [ 11.514513, 3.878226 ], [ 11.514445, 3.877913 ], [ 11.514018, 3.875886 ], [ 11.513968, 3.875564 ], [ 11.513953, 3.875254 ], [ 11.513977, 3.87447 ], [ 11.514014, 3.8737 ], [ 11.514064, 3.873465 ] ] } },
{ "type": "Feature", "properties": { "nom": "Avenue Charles Atangana", "classe": "primary" }, "geometry": { "type": "LineString", "coordinates": [ [ 11.514979, 3.847891 ], [ 11.514981, 3.847988 ], [ 11.51496, 3.848176 ], [ 11.514954, 3.848303 ], [ 11.514946, 3.848382 ], [ 11.514939, 3.848421 ], [ 11.514921, 3.848658 ], [ 11.514923, 3.848734 ], [ 11.514925, 3.848828 ], [ 11.514955, 3.849092 ], [ 11.514975, 3.849292 ], [ 11.515011, 3.849533 ], [ 11.515028, 3.849616 ], [ 11.515059, 3.84972 ], [ 11.515155, 3.849894 ], [ 11.515292, 3.85009 ], [ 11.515465, 3.850284 ], [ 11.515726, 3.850522 ], [ 11.515792, 3.850571 ], [ 11.516083, 3.850786 ], [ 11.516574, 3.851134 ], [ 11.51681, 3.85131 ], [ 11.517344, 3.851727 ], [ 11.517642, 3.851993 ], [ 11.517876, 3.852212 ], [ 11.518098, 3.852443 ], [ 11.518781, 3.853224 ], [ 11.518797, 3.85324 ], [ 11.519208, 3.853737 ], [ 11.519457, 3.854069 ], [ 11.519849, 3.854652 ], [ 11.52013, 3.855101 ], [ 11.520239, 3.855294 ], [ 11.520341, 3.855492 ], [ 11.520355, 3.855516 ], [ 11.520518, 3.855789 ], [ 11.520744, 3.85631 ] ] } },
{ "type": "Feature", "properties": { "nom": "Avenue Charles Atangana", "classe": "primary" }, "geometry": { "type": "LineString", "coordinates": [ [ 11.520744, 3.85631 ], [ 11.520772, 3.85638 ], [ 11.520806, 3.856482 ], [ 11.52089, 3.856767 ], [ 11.520902, 3.856831 ] ] } },
{ "type": "Feature", "properties": { "nom": "", "classe": "primary" }, "geometry": { "type": "LineString", "coordinates": [ [ 11.513418, 3.844117 ], [ 11.513365, 3.844014 ], [ 11.513343, 3.843963 ], [ 11.513331, 3.843912 ], [ 11.513316, 3.843749 ], [ 11.513326, 3.843486 ] ] } },
{ "type": "Feature", "properties": { "nom": "", "classe": "primary" }, "geometry": { "type": "LineString", "coordinates": [ [ 11.513326, 3.843486 ], [ 11.51337, 3.843789 ], [ 11.513396, 3.843893 ], [ 11.513427, 3.843988 ], [ 11.513478, 3.844086 ] ] } },
{ "type": "Feature", "properties": { "nom": "Rue 6.139", "classe": "tertiary" }, "geometry": { "type": "LineString", "coordinates": [ [ 11.485974, 3.910043 ], [ 11.485888, 3.910177 ], [ 11.485833, 3.910297 ], [ 11.485794, 3.910407 ], [ 11.485688, 3.910901 ], [ 11.4856, 3.91138 ], [ 11.485548, 3.911515 ], [ 11.485482, 3.911624 ], [ 11.485406, 3.911722 ], [ 11.485214, 3.911916 ], [ 11.485022, 3.912012 ], [ 11.484803, 3.912078 ], [ 11.484096, 3.912275 ], [ 11.483827, 3.912356 ], [ 11.483401, 3.912458 ], [ 11.482969, 3.91259 ], [ 11.482734, 3.912636 ], [ 11.4825, 3.91266 ], [ 11.482133, 3.912698 ], [ 11.482018, 3.912714 ], [ 11.481845, 3.912775 ], [ 11.481625, 3.91289 ], [ 11.481464, 3.913 ], [ 11.481271, 3.913163 ], [ 11.481082, 3.913333 ], [ 11.480952, 3.91347 ], [ 11.480733, 3.913736 ], [ 11.480681, 3.913826 ], [ 11.480634, 3.913923 ], [ 11.480593, 3.914038 ], [ 11.480476, 3.914468 ], [ 11.4804, 3.914814 ], [ 11.480312, 3.915216 ], [ 11.48026, 3.915404 ], [ 11.480214, 3.915562 ], [ 11.480162, 3.915677 ], [ 11.480084, 3.915786 ], [ 11.47995, 3.915949 ], [ 11.47981, 3.916085 ], [ 11.479698, 3.916155 ], [ 11.479522, 3.916237 ], [ 11.479313, 3.916316 ], [ 11.479277, 3.91633 ], [ 11.479112, 3.916377 ], [ 11.478984, 3.916398 ], [ 11.478692, 3.916428 ], [ 11.478469, 3.916438 ], [ 11.477906, 3.916465 ], [ 11.477446, 3.91656 ], [ 11.477046, 3.916562 ], [ 11.47695, 3.916588 ], [ 11.476853, 3.916632 ], [ 11.476686, 3.916748 ], [ 11.476424, 3.916955 ], [ 11.476266, 3.917079 ], [ 11.476187, 3.917105 ], [ 11.476117, 3.917117 ], [ 11.476036, 3.917111 ], [ 11.475949, 3.917077 ], [ 11.475673, 3.916915 ], [ 11.475518, 3.916824 ], [ 11.475406, 3.916789 ], [ 11.475316, 3.916782 ], [ 11.475196, 3.916793 ], [ 11.475112, 3.916831 ], [ 11.474997, 3.916904 ], [ 11.474887, 3.917015 ], [ 11.474634, 3.917328 ], [ 11.474495, 3.917532 ], [ 11.474182, 3.917993 ], [ 11.474131, 3.918087 ], [ 11.474003, 3.91846 ], [ 11.47398, 3.918569 ], [ 11.473949, 3.918761 ], [ 11.473931, 3.91887 ], [ 11.473908, 3.918963 ], [ 11.473848, 3.919084 ], [ 11.473759, 3.919207 ], [ 11.473502, 3.919494 ], [ 11.473058, 3.919979 ], [ 11.472622, 3.920452 ], [ 11.472274, 3.920813 ], [ 11.472143, 3.920948 ], [ 11.47176, 3.921346 ], [ 11.471649, 3.921455 ], [ 11.471368, 3.921733 ], [ 11.471132, 3.921939 ], [ 11.470982, 3.922066 ] ] } },
{ "type": "Feature", "properties": { "nom": "", "classe": "tertiary" }, "geometry": { "type": "LineString", "coordinates": [ [ 11.481013, 3.896991 ], [ 11.481115, 3.897025 ], [ 11.48118, 3.897056 ], [ 11.481231, 3.897116 ], [ 11.481303, 3.897191 ], [ 11.481504, 3.897443 ], [ 11.481611, 3.897614 ], [ 11.481645, 3.897658 ], [ 11.48175, 3.897781 ], [ 11.481847, 3.897871 ], [ 11.48196, 3.897986 ], [ 11.482081, 3.898086 ], [ 11.482616, 3.898605 ] ] } },
{ "type": "Feature", "properties": { "nom": "", "classe": "tertiary" }, "geometry": { "type": "LineString", "coordinates": [ [ 11.477163, 3.895059 ], [ 11.47707, 3.894936 ], [ 11.477014, 3.894872 ], [ 11.476923, 3.894811 ], [ 11.476796, 3.894724 ], [ 11.476695, 3.894675 ], [ 11.476598, 3.894635 ], [ 11.476447, 3.894595 ], [ 11.476373, 3.89458 ], [ 11.476264, 3.894577 ], [ 11.476185, 3.894595 ], [ 11.476092, 3.894623 ], [ 11.475949, 3.894714 ], [ 11.47585, 3.894778 ] ] } },
{ "type": "Feature", "properties": { "nom": "Rue 5.858", "classe": "tertiary" }, "geometry": { "type": "LineString", "coordinates": [ [ 11.514173, 3.924697 ], [ 11.514082, 3.924648 ], [ 11.513936, 3.924551 ], [ 11.513819, 3.924462 ], [ 11.513589, 3.924243 ], [ 11.513438, 3.924123 ], [ 11.513213, 3.92397 ], [ 11.513009, 3.923868 ], [ 11.512767, 3.923768 ], [ 11.512387, 3.92365 ], [ 11.512226, 3.923619 ], [ 11.51208, 3.923606 ], [ 11.511688, 3.923614 ], [ 11.511335, 3.923633 ], [ 11.510834, 3.923661 ], [ 11.510597, 3.923663 ], [ 11.510461, 3.923663 ], [ 11.510292, 3.923642 ], [ 11.510155, 3.92361 ], [ 11.509855, 3.923512 ], [ 11.50964, 3.923441 ], [ 11.509367, 3.923335 ], [ 11.509049, 3.923211 ] ] } },
{ "type": "Feature", "properties": { "nom": "Rue 6.365", "classe": "tertiary" }, "geometry": { "type": "LineString", "coordinates": [ [ 11.454492, 3.872727 ], [ 11.454482, 3.872853 ], [ 11.454467, 3.872989 ], [ 11.454454, 3.873124 ], [ 11.454427, 3.873252 ], [ 11.454397, 3.873369 ], [ 11.454363, 3.873426 ], [ 11.454246, 3.873684 ], [ 11.454214, 3.873766 ], [ 11.454178, 3.873862 ], [ 11.454166, 3.873899 ], [ 11.45416, 3.873923 ], [ 11.454157, 3.873957 ], [ 11.454158, 3.873984 ], [ 11.454177, 3.874042 ], [ 11.454205, 3.874102 ], [ 11.454273, 3.874183 ], [ 11.454372, 3.874277 ], [ 11.454443, 3.874338 ], [ 11.454512, 3.874397 ], [ 11.454564, 3.874461 ], [ 11.454603, 3.874524 ], [ 11.454615, 3.874576 ], [ 11.454624, 3.87469 ], [ 11.454624, 3.87484 ], [ 11.454619, 3.875075 ], [ 11.454613, 3.875253 ], [ 11.4546, 3.875481 ], [ 11.454598, 3.875546 ], [ 11.454591, 3.875659 ], [ 11.454577, 3.875766 ], [ 11.454565, 3.875842 ], [ 11.454567, 3.875908 ], [ 11.454577, 3.875967 ], [ 11.45461, 3.876096 ], [ 11.454626, 3.876198 ], [ 11.454631, 3.876223 ], [ 11.454633, 3.876249 ], [ 11.454624, 3.876435 ], [ 11.454618, 3.876528 ], [ 11.454622, 3.876559 ], [ 11.454629, 3.876606 ] ] } },
{ "type": "Feature", "properties": { "nom": "", "classe": "secondary" }, "geometry": { "type": "LineString", "coordinates": [ [ 11.485142, 3.870098 ], [ 11.485164, 3.87007 ], [ 11.485159, 3.870055 ] ] } },
{ "type": "Feature", "properties": { "nom": "", "classe": "tertiary" }, "geometry": { "type": "LineString", "coordinates": [ [ 11.511258, 3.816711 ], [ 11.511168, 3.81675 ], [ 11.511089, 3.816804 ], [ 11.510936, 3.816982 ], [ 11.510587, 3.817407 ] ] } },
{ "type": "Feature", "properties": { "nom": "Rue 2.397", "classe": "secondary" }, "geometry": { "type": "LineString", "coordinates": [ [ 11.492194, 3.887674 ], [ 11.492118, 3.887556 ], [ 11.492072, 3.887393 ], [ 11.492026, 3.887127 ] ] } },
{ "type": "Feature", "properties": { "nom": "Rue 6.254", "classe": "secondary" }, "geometry": { "type": "LineString", "coordinates": [ [ 11.489102, 3.878315 ], [ 11.489067, 3.878319 ], [ 11.488913, 3.878324 ], [ 11.488486, 3.878338 ], [ 11.488161, 3.878339 ], [ 11.487784, 3.87834 ], [ 11.487205, 3.878323 ], [ 11.48696, 3.878306 ] ] } },
{ "type": "Feature", "properties": { "nom": "", "classe": "secondary" }, "geometry": { "type": "LineString", "coordinates": [ [ 11.512699, 3.830341 ], [ 11.512723, 3.830322 ], [ 11.512754, 3.830316 ], [ 11.512764, 3.830318 ], [ 11.512784, 3.830323 ], [ 11.512808, 3.830342 ], [ 11.51282, 3.830367 ], [ 11.512821, 3.83037 ], [ 11.512821, 3.830401 ], [ 11.512807, 3.830429 ], [ 11.512783, 3.830448 ], [ 11.512752, 3.830455 ], [ 11.512722, 3.830448 ], [ 11.5127, 3.830429 ], [ 11.512685, 3.8304 ], [ 11.512685, 3.830369 ], [ 11.512691, 3.830356 ], [ 11.512699, 3.830341 ] ] } },
{ "type": "Feature", "properties": { "nom": "Route du Golf", "classe": "secondary" }, "geometry": { "type": "LineString", "coordinates": [ [ 11.491363, 3.896405 ], [ 11.491541, 3.89632 ], [ 11.491784, 3.896237 ], [ 11.491996, 3.896182 ], [ 11.492244, 3.896146 ], [ 11.49252, 3.89612 ], [ 11.492835, 3.896126 ], [ 11.492975, 3.896162 ], [ 11.49312, 3.896211 ], [ 11.493372, 3.896338 ], [ 11.493753, 3.896578 ], [ 11.494112, 3.896801 ], [ 11.494289, 3.896904 ], [ 11.494758, 3.897201 ], [ 11.494853, 3.89725 ], [ 11.494898, 3.897277 ], [ 11.49495, 3.897299 ], [ 11.495026, 3.897324 ], [ 11.495089, 3.897343 ], [ 11.495351, 3.897403 ], [ 11.495416, 3.89741 ], [ 11.495629, 3.897425 ], [ 11.49583, 3.897415 ], [ 11.495881, 3.897407 ], [ 11.496006, 3.897387 ], [ 11.496336, 3.897292 ], [ 11.496637, 3.897165 ], [ 11.497185, 3.89706 ], [ 11.497253, 3.897024 ], [ 11.497515, 3.896879 ], [ 11.497851, 3.896692 ], [ 11.498146, 3.896523 ], [ 11.498359, 3.896398 ], [ 11.498656, 3.896222 ], [ 11.49911, 3.895954 ], [ 11.499711, 3.89563 ], [ 11.499774, 3.895602 ], [ 11.500174, 3.895415 ], [ 11.500401, 3.895317 ] ] } },
{ "type": "Feature", "properties": { "nom": "Rue 8.029", "classe": "secondary" }, "geometry": { "type": "LineString", "coordinates": [ [ 11.51282, 3.830367 ], [ 11.513415, 3.830274 ], [ 11.513829, 3.830226 ], [ 11.513956, 3.830224 ], [ 11.514119, 3.830269 ], [ 11.514588, 3.830461 ], [ 11.514756, 3.830551 ] ] } },
{ "type": "Feature", "properties": { "nom": "Rue 2.700", "classe": "primary" }, "geometry": { "type": "LineString", "coordinates": [ [ 11.490958, 3.871742 ], [ 11.490835, 3.871738 ], [ 11.490566, 3.871698 ], [ 11.490064, 3.871606 ], [ 11.489931, 3.871593 ], [ 11.489847, 3.871569 ], [ 11.489801, 3.871545 ] ] } },
{ "type": "Feature", "properties": { "nom": "Boulevard Rodolph Manga Bell", "classe": "primary" }, "geometry": { "type": "LineString", "coordinates": [ [ 11.511888, 3.86787 ], [ 11.511095, 3.868452 ], [ 11.510923, 3.86855 ], [ 11.509977, 3.869033 ] ] } },
{ "type": "Feature", "properties": { "nom": "Rue Martin Tabi Essomba", "classe": "primary" }, "geometry": { "type": "LineString", "coordinates": [ [ 11.53518, 3.865283 ], [ 11.535267, 3.865291 ], [ 11.535357, 3.865302 ] ] } },
{ "type": "Feature", "properties": { "nom": "Rue 1.317", "classe": "tertiary" }, "geometry": { "type": "LineString", "coordinates": [ [ 11.541257, 3.869223 ], [ 11.541253, 3.869245 ], [ 11.541204, 3.869539 ], [ 11.541131, 3.870014 ] ] } },
{ "type": "Feature", "properties": { "nom": "Rue 4.155", "classe": "tertiary" }, "geometry": { "type": "LineString", "coordinates": [ [ 11.542967, 3.85707 ], [ 11.543087, 3.856953 ], [ 11.543531, 3.856519 ], [ 11.543828, 3.856226 ], [ 11.544132, 3.855925 ] ] } },
{ "type": "Feature", "properties": { "nom": "Place Mvog-Ada", "classe": "primary" }, "geometry": { "type": "LineString", "coordinates": [ [ 11.526925, 3.863287 ], [ 11.526955, 3.863323 ], [ 11.526976, 3.863371 ], [ 11.526988, 3.863395 ], [ 11.526995, 3.863465 ], [ 11.527034, 3.863749 ] ] } },
{ "type": "Feature", "properties": { "nom": "Boulevard de l' OUA", "classe": "trunk" }, "geometry": { "type": "LineString", "coordinates": [ [ 11.520329, 3.846723 ], [ 11.520422, 3.846855 ], [ 11.520857, 3.847484 ] ] } },
{ "type": "Feature", "properties": { "nom": "Place d'Awae", "classe": "trunk" }, "geometry": { "type": "LineString", "coordinates": [ [ 11.521694, 3.850914 ], [ 11.5217, 3.851017 ] ] } },
{ "type": "Feature", "properties": { "nom": "Boulevard de l' OUA", "classe": "trunk" }, "geometry": { "type": "LineString", "coordinates": [ [ 11.517469, 3.845045 ], [ 11.517486, 3.84506 ], [ 11.517508, 3.845084 ], [ 11.517525, 3.845103 ] ] } },
{ "type": "Feature", "properties": { "nom": "Rue 5.765", "classe": "trunk" }, "geometry": { "type": "LineString", "coordinates": [ [ 11.522679, 3.909917 ], [ 11.522567, 3.910336 ], [ 11.522437, 3.910769 ], [ 11.522307, 3.911152 ], [ 11.522186, 3.911442 ], [ 11.522004, 3.911783 ], [ 11.52171, 3.912285 ], [ 11.521282, 3.913012 ], [ 11.521165, 3.913213 ], [ 11.521045, 3.91342 ], [ 11.520914, 3.913672 ], [ 11.520772, 3.913979 ], [ 11.520701, 3.914168 ], [ 11.520625, 3.914398 ], [ 11.520568, 3.914648 ], [ 11.520498, 3.915009 ], [ 11.520473, 3.915169 ], [ 11.520436, 3.91535 ], [ 11.520413, 3.915475 ] ] } },
{ "type": "Feature", "properties": { "nom": "Rue 1.810", "classe": "tertiary" }, "geometry": { "type": "LineString", "coordinates": [ [ 11.51793, 3.892511 ], [ 11.518362, 3.892534 ], [ 11.518444, 3.892538 ], [ 11.518761, 3.892578 ], [ 11.519452, 3.892612 ], [ 11.520066, 3.892664 ], [ 11.520483, 3.892697 ] ] } },
{ "type": "Feature", "properties": { "nom": "Rue 2.397", "classe": "secondary" }, "geometry": { "type": "LineString", "coordinates": [ [ 11.492138, 3.887134 ], [ 11.49219, 3.887546 ], [ 11.492194, 3.887674 ] ] } },
{ "type": "Feature", "properties": { "nom": "Boulevard Sultan Njoya Ibrahim", "classe": "tertiary" }, "geometry": { "type": "LineString", "coordinates": [ [ 11.503505, 3.883084 ], [ 11.503671, 3.88329 ], [ 11.504083, 3.883676 ] ] } },
{ "type": "Feature", "properties": { "nom": "Rue 4.766", "classe": "tertiary" }, "geometry": { "type": "LineString", "coordinates": [ [ 11.552847, 3.869545 ], [ 11.55285, 3.869861 ], [ 11.552864, 3.869977 ], [ 11.552898, 3.870102 ], [ 11.552952, 3.870205 ], [ 11.553009, 3.870284 ], [ 11.553067, 3.870363 ], [ 11.55328, 3.87063 ], [ 11.553576, 3.871035 ], [ 11.553988, 3.871676 ], [ 11.55419, 3.871922 ], [ 11.55435, 3.872153 ], [ 11.554531, 3.872417 ], [ 11.554925, 3.872929 ], [ 11.555278, 3.873411 ], [ 11.555478, 3.873699 ], [ 11.555788, 3.874065 ], [ 11.555888, 3.874155 ], [ 11.555977, 3.874215 ], [ 11.556085, 3.874246 ], [ 11.556316, 3.874256 ], [ 11.556458, 3.874256 ], [ 11.557049, 3.874239 ], [ 11.558246, 3.874116 ], [ 11.559026, 3.874078 ], [ 11.559562, 3.874078 ], [ 11.560098, 3.874095 ], [ 11.560483, 3.874113 ], [ 11.560813, 3.874127 ], [ 11.561346, 3.874128 ], [ 11.562035, 3.874117 ], [ 11.562375, 3.874118 ], [ 11.562914, 3.874115 ], [ 11.563382, 3.874114 ], [ 11.563997, 3.874109 ], [ 11.56425, 3.874105 ], [ 11.564539, 3.874071 ], [ 11.564817, 3.874058 ], [ 11.564968, 3.874085 ], [ 11.565061, 3.874143 ], [ 11.565251, 3.874377 ], [ 11.56538, 3.874547 ], [ 11.565582, 3.874813 ], [ 11.565696, 3.874973 ], [ 11.565802, 3.875146 ], [ 11.565993, 3.875506 ], [ 11.566178, 3.875857 ], [ 11.566213, 3.875946 ], [ 11.566342, 3.876268 ] ] } },
{ "type": "Feature", "properties": { "nom": "Rue 5.169", "classe": "secondary" }, "geometry": { "type": "LineString", "coordinates": [ [ 11.566956, 3.893309 ], [ 11.566969, 3.89266 ], [ 11.566949, 3.891961 ], [ 11.566895, 3.891409 ] ] } },
{ "type": "Feature", "properties": { "nom": "Rue 8.250", "classe": "trunk" }, "geometry": { "type": "LineString", "coordinates": [ [ 11.533447, 3.775106 ], [ 11.533618, 3.77508 ], [ 11.534094, 3.775008 ], [ 11.534497, 3.774948 ], [ 11.534731, 3.774912 ], [ 11.535313, 3.774825 ], [ 11.535572, 3.774764 ], [ 11.535813, 3.774705 ], [ 11.536059, 3.77461 ], [ 11.536263, 3.774515 ], [ 11.536831, 3.774237 ], [ 11.537222, 3.774072 ], [ 11.537325, 3.774012 ] ] } },
{ "type": "Feature", "properties": { "nom": "", "classe": "secondary" }, "geometry": { "type": "LineString", "coordinates": [ [ 11.485832, 3.777931 ], [ 11.485669, 3.777801 ], [ 11.485518, 3.777673 ], [ 11.485183, 3.77733 ], [ 11.484944, 3.777072 ], [ 11.484776, 3.77684 ], [ 11.484562, 3.776508 ], [ 11.484232, 3.776019 ], [ 11.484111, 3.775849 ], [ 11.483988, 3.775711 ], [ 11.483692, 3.775457 ], [ 11.483406, 3.775236 ], [ 11.483158, 3.775074 ], [ 11.482674, 3.774794 ], [ 11.482004, 3.774365 ], [ 11.481456, 3.77391 ], [ 11.481103, 3.773564 ], [ 11.480853, 3.773245 ], [ 11.480731, 3.773072 ], [ 11.480485, 3.772697 ], [ 11.480363, 3.772466 ], [ 11.480284, 3.772316 ], [ 11.480218, 3.772143 ], [ 11.480191, 3.77202 ] ] } },
{ "type": "Feature", "properties": { "nom": "Rue 8.322", "classe": "secondary" }, "geometry": { "type": "LineString", "coordinates": [ [ 11.493632, 3.794983 ], [ 11.49363, 3.794738 ], [ 11.493614, 3.794619 ], [ 11.493548, 3.794388 ], [ 11.493476, 3.794236 ], [ 11.49341, 3.794111 ], [ 11.493299, 3.793933 ], [ 11.493182, 3.793748 ], [ 11.493045, 3.793559 ], [ 11.492965, 3.79345 ], [ 11.492752, 3.793147 ], [ 11.492686, 3.793027 ], [ 11.492625, 3.792899 ], [ 11.492551, 3.792729 ], [ 11.492479, 3.792543 ], [ 11.492313, 3.792139 ], [ 11.492254, 3.792041 ], [ 11.492102, 3.791771 ], [ 11.492077, 3.791718 ], [ 11.492059, 3.791674 ], [ 11.492022, 3.791568 ], [ 11.492001, 3.791456 ], [ 11.491964, 3.791146 ], [ 11.49195, 3.790997 ], [ 11.491952, 3.790876 ], [ 11.491961, 3.790816 ], [ 11.491967, 3.790753 ], [ 11.491988, 3.790654 ], [ 11.492026, 3.790557 ], [ 11.492291, 3.790124 ], [ 11.492421, 3.78993 ], [ 11.492468, 3.789862 ] ] } },
{ "type": "Feature", "properties": { "nom": "", "classe": "tertiary" }, "geometry": { "type": "LineString", "coordinates": [ [ 11.5602, 3.805618 ], [ 11.560612, 3.805158 ], [ 11.560684, 3.805075 ], [ 11.561094, 3.804578 ], [ 11.561512, 3.804079 ], [ 11.561709, 3.803815 ], [ 11.561837, 3.803649 ], [ 11.562069, 3.803338 ], [ 11.562207, 3.803171 ], [ 11.562483, 3.802955 ], [ 11.562982, 3.802655 ], [ 11.563199, 3.802523 ], [ 11.563581, 3.802256 ], [ 11.563954, 3.801976 ], [ 11.564037, 3.801923 ], [ 11.56473, 3.801635 ], [ 11.565112, 3.80147 ], [ 11.565305, 3.801288 ], [ 11.565421, 3.801033 ], [ 11.565493, 3.800673 ], [ 11.565502, 3.80061 ], [ 11.565671, 3.799855 ], [ 11.565721, 3.799717 ], [ 11.565786, 3.799594 ], [ 11.566115, 3.799184 ], [ 11.566216, 3.799065 ], [ 11.566309, 3.798942 ], [ 11.566375, 3.798818 ], [ 11.566436, 3.798521 ], [ 11.566502, 3.79821 ], [ 11.566582, 3.797983 ], [ 11.56667, 3.797819 ], [ 11.566947, 3.797325 ], [ 11.567014, 3.797269 ], [ 11.567254, 3.797013 ], [ 11.56741, 3.796903 ], [ 11.567699, 3.796686 ], [ 11.568003, 3.796445 ], [ 11.568077, 3.796407 ], [ 11.568432, 3.796283 ], [ 11.568566, 3.796281 ], [ 11.568924, 3.7963 ], [ 11.569072, 3.796315 ], [ 11.569389, 3.796366 ], [ 11.569795, 3.796444 ], [ 11.56998, 3.796482 ], [ 11.570151, 3.796492 ], [ 11.570276, 3.796486 ], [ 11.570411, 3.796455 ], [ 11.570519, 3.79641 ], [ 11.570618, 3.796326 ], [ 11.570721, 3.796192 ], [ 11.570778, 3.796072 ], [ 11.570833, 3.79595 ], [ 11.570878, 3.795828 ], [ 11.570945, 3.795616 ], [ 11.570957, 3.79552 ], [ 11.570952, 3.79541 ], [ 11.570889, 3.794995 ], [ 11.570855, 3.794768 ], [ 11.57084, 3.794658 ], [ 11.570887, 3.794525 ], [ 11.570926, 3.794445 ], [ 11.571047, 3.794354 ], [ 11.571416, 3.794138 ], [ 11.571857, 3.793985 ], [ 11.572693, 3.79383 ], [ 11.573068, 3.793778 ], [ 11.573299, 3.793747 ], [ 11.573639, 3.793734 ], [ 11.573983, 3.793787 ], [ 11.57504, 3.794106 ], [ 11.57556, 3.794234 ], [ 11.575909, 3.794305 ], [ 11.576139, 3.794305 ], [ 11.576519, 3.794263 ], [ 11.576821, 3.794222 ], [ 11.577044, 3.794164 ], [ 11.577256, 3.79404 ], [ 11.57764, 3.793696 ], [ 11.578021, 3.793387 ], [ 11.578296, 3.793238 ], [ 11.578493, 3.793149 ], [ 11.57867, 3.793131 ], [ 11.57887, 3.793182 ], [ 11.579067, 3.793288 ], [ 11.579285, 3.793466 ], [ 11.579723, 3.794073 ], [ 11.58029, 3.794894 ], [ 11.580474, 3.795161 ], [ 11.580594, 3.795339 ], [ 11.580737, 3.795508 ], [ 11.580979, 3.795698 ], [ 11.581265, 3.795804 ], [ 11.581618, 3.79583 ], [ 11.582119, 3.795782 ], [ 11.582509, 3.795722 ], [ 11.582929, 3.795577 ], [ 11.583408, 3.795377 ], [ 11.58393, 3.795183 ], [ 11.584282, 3.795104 ], [ 11.584769, 3.795034 ], [ 11.585453, 3.794967 ], [ 11.585544, 3.794977 ], [ 11.585605, 3.795024 ], [ 11.585741, 3.795209 ], [ 11.585885, 3.795532 ], [ 11.585964, 3.795826 ], [ 11.586074, 3.796296 ], [ 11.586169, 3.796715 ], [ 11.586344, 3.797293 ], [ 11.586415, 3.797523 ], [ 11.586474, 3.797787 ], [ 11.586522, 3.798115 ], [ 11.58656, 3.798277 ], [ 11.586607, 3.798477 ], [ 11.586714, 3.799034 ], [ 11.586835, 3.79981 ], [ 11.586883, 3.800074 ], [ 11.586961, 3.800274 ], [ 11.587126, 3.800515 ], [ 11.587501, 3.800913 ], [ 11.587863, 3.801279 ], [ 11.588341, 3.801835 ], [ 11.588441, 3.801939 ], [ 11.588543, 3.801994 ], [ 11.588679, 3.802005 ], [ 11.588783, 3.80198 ], [ 11.588927, 3.801913 ], [ 11.58957, 3.801511 ], [ 11.590016, 3.801275 ], [ 11.590156, 3.801225 ], [ 11.590306, 3.801196 ], [ 11.59047, 3.801203 ], [ 11.590717, 3.801261 ], [ 11.591259, 3.801431 ], [ 11.591601, 3.801521 ], [ 11.591822, 3.801579 ], [ 11.592033, 3.801629 ], [ 11.592351, 3.801705 ], [ 11.592697, 3.801792 ], [ 11.593005, 3.801902 ], [ 11.593215, 3.802011 ], [ 11.593583, 3.802197 ] ] } },
{ "type": "Feature", "properties": { "nom": "Rue 8.311", "classe": "secondary" }, "geometry": { "type": "LineString", "coordinates": [ [ 11.529369, 3.808566 ], [ 11.52946, 3.808944 ], [ 11.529551, 3.810204 ], [ 11.529572, 3.810343 ], [ 11.529601, 3.810516 ], [ 11.529651, 3.810704 ], [ 11.529666, 3.810764 ], [ 11.529681, 3.810808 ], [ 11.529775, 3.811084 ], [ 11.529847, 3.811326 ], [ 11.529915, 3.811576 ], [ 11.529969, 3.811895 ], [ 11.529986, 3.81226 ] ] } },
{ "type": "Feature", "properties": { "nom": "Rue 8.751", "classe": "secondary" }, "geometry": { "type": "LineString", "coordinates": [ [ 11.538144, 3.85011 ], [ 11.538336, 3.849726 ], [ 11.538373, 3.849645 ], [ 11.538465, 3.849461 ] ] } },
{ "type": "Feature", "properties": { "nom": "", "classe": "secondary" }, "geometry": { "type": "LineString", "coordinates": [ [ 11.488717, 3.864084 ], [ 11.488701, 3.864049 ], [ 11.488705, 3.864025 ], [ 11.488716, 3.864005 ], [ 11.488734, 3.863988 ] ] } },
{ "type": "Feature", "properties": { "nom": "Rue 7.015", "classe": "secondary" }, "geometry": { "type": "LineString", "coordinates": [ [ 11.487875, 3.863655 ], [ 11.487685, 3.863473 ] ] } },
{ "type": "Feature", "properties": { "nom": "Rue 8.655", "classe": "tertiary" }, "geometry": { "type": "LineString", "coordinates": [ [ 11.495059, 3.801987 ], [ 11.495261, 3.801975 ], [ 11.495525, 3.80195 ], [ 11.495641, 3.801931 ], [ 11.49609, 3.801833 ] ] } },
{ "type": "Feature", "properties": { "nom": "Rue 8.713", "classe": "secondary" }, "geometry": { "type": "LineString", "coordinates": [ [ 11.493632, 3.794983 ], [ 11.493583, 3.795496 ], [ 11.49355, 3.79584 ], [ 11.493531, 3.796028 ], [ 11.493517, 3.796122 ], [ 11.493504, 3.796205 ], [ 11.493335, 3.796633 ], [ 11.493281, 3.796762 ], [ 11.493121, 3.797138 ], [ 11.4931, 3.797191 ], [ 11.493078, 3.797249 ], [ 11.49294, 3.797738 ], [ 11.492889, 3.798009 ], [ 11.492876, 3.798152 ], [ 11.492869, 3.798223 ], [ 11.49285, 3.798414 ], [ 11.492858, 3.798638 ], [ 11.49287, 3.79871 ], [ 11.492882, 3.798785 ], [ 11.492932, 3.798924 ], [ 11.492937, 3.798936 ], [ 11.493, 3.799079 ], [ 11.493113, 3.799248 ], [ 11.493284, 3.799447 ], [ 11.493435, 3.799572 ], [ 11.493636, 3.799734 ], [ 11.493961, 3.799993 ], [ 11.494, 3.800025 ], [ 11.494108, 3.800135 ], [ 11.494193, 3.800232 ], [ 11.494314, 3.800385 ], [ 11.494451, 3.800564 ], [ 11.49458, 3.800782 ], [ 11.49462, 3.800862 ], [ 11.494654, 3.800943 ], [ 11.49467, 3.800981 ], [ 11.494697, 3.801081 ], [ 11.494723, 3.801144 ], [ 11.494908, 3.801592 ], [ 11.495059, 3.801987 ] ] } },
{ "type": "Feature", "properties": { "nom": "Yaounde - Obala", "classe": "trunk" }, "geometry": { "type": "LineString", "coordinates": [ [ 11.537977, 3.960589 ], [ 11.538064, 3.960804 ], [ 11.538154, 3.961002 ], [ 11.538291, 3.9613 ], [ 11.538631, 3.962141 ], [ 11.538976, 3.963024 ], [ 11.539129, 3.963443 ], [ 11.53935, 3.963984 ], [ 11.539423, 3.964115 ], [ 11.539486, 3.964209 ], [ 11.539774, 3.964651 ], [ 11.540141, 3.965082 ], [ 11.540508, 3.965411 ], [ 11.540745, 3.965587 ], [ 11.540971, 3.965776 ], [ 11.541515, 3.966165 ], [ 11.541606, 3.966249 ], [ 11.541814, 3.966434 ], [ 11.542101, 3.966728 ], [ 11.542328, 3.966991 ], [ 11.542698, 3.967473 ], [ 11.542919, 3.967834 ], [ 11.543192, 3.96834 ], [ 11.543274, 3.968554 ], [ 11.543297, 3.968603 ], [ 11.543375, 3.968789 ], [ 11.543412, 3.968866 ], [ 11.543428, 3.968902 ], [ 11.543493, 3.969085 ], [ 11.543558, 3.969253 ], [ 11.543602, 3.96937 ], [ 11.54366, 3.969528 ], [ 11.543773, 3.969963 ], [ 11.54388, 3.970589 ], [ 11.543937, 3.970925 ], [ 11.543967, 3.971368 ], [ 11.543932, 3.97169 ], [ 11.543882, 3.972022 ], [ 11.543847, 3.972408 ], [ 11.543836, 3.972496 ], [ 11.543535, 3.973839 ], [ 11.543398, 3.974347 ], [ 11.54337, 3.974461 ], [ 11.543332, 3.974713 ], [ 11.543332, 3.97508 ], [ 11.54331, 3.975506 ], [ 11.543329, 3.975753 ], [ 11.543386, 3.976007 ], [ 11.543471, 3.976268 ], [ 11.54351, 3.976379 ], [ 11.543555, 3.976514 ], [ 11.543601, 3.976632 ], [ 11.543658, 3.976744 ], [ 11.543729, 3.976871 ], [ 11.543797, 3.976992 ], [ 11.543863, 3.977099 ], [ 11.543932, 3.977219 ], [ 11.544006, 3.977322 ], [ 11.544106, 3.977457 ], [ 11.544293, 3.97767 ], [ 11.544471, 3.977845 ], [ 11.544601, 3.977945 ], [ 11.545043, 3.978273 ], [ 11.545505, 3.978548 ], [ 11.545637, 3.97862 ], [ 11.545957, 3.978784 ], [ 11.546465, 3.979057 ], [ 11.54671, 3.979122 ], [ 11.546972, 3.979204 ], [ 11.547323, 3.979291 ], [ 11.547633, 3.979344 ], [ 11.547896, 3.979387 ], [ 11.548009, 3.979402 ], [ 11.548928, 3.979555 ], [ 11.549349, 3.979644 ], [ 11.549678, 3.979733 ], [ 11.549964, 3.979839 ], [ 11.550112, 3.979898 ], [ 11.55026, 3.979969 ], [ 11.550476, 3.980085 ], [ 11.550722, 3.980229 ], [ 11.550956, 3.980401 ], [ 11.551163, 3.980564 ], [ 11.551363, 3.980783 ], [ 11.551611, 3.981051 ], [ 11.551731, 3.981225 ], [ 11.551858, 3.981396 ], [ 11.552042, 3.981739 ] ] } },
{ "type": "Feature", "properties": { "nom": "", "classe": "trunk" }, "geometry": { "type": "LineString", "coordinates": [ [ 11.51955, 3.943328 ], [ 11.519399, 3.943147 ], [ 11.518411, 3.941956 ], [ 11.518274, 3.941763 ], [ 11.518113, 3.941472 ], [ 11.517802, 3.940838 ], [ 11.517543, 3.940225 ], [ 11.517298, 3.939645 ], [ 11.517097, 3.939169 ], [ 11.517012, 3.938895 ], [ 11.516835, 3.938191 ], [ 11.516815, 3.937871 ] ] } },
{ "type": "Feature", "properties": { "nom": "Rue 1.810", "classe": "tertiary" }, "geometry": { "type": "LineString", "coordinates": [ [ 11.521715, 3.892796 ], [ 11.521208, 3.892753 ], [ 11.520978, 3.892738 ], [ 11.520483, 3.892697 ] ] } },
{ "type": "Feature", "properties": { "nom": "Rue 1.810", "classe": "tertiary" }, "geometry": { "type": "LineString", "coordinates": [ [ 11.521825, 3.892803 ], [ 11.521784, 3.8928 ] ] } },
{ "type": "Feature", "properties": { "nom": "Avenue Max Abé Fouda", "classe": "trunk" }, "geometry": { "type": "LineString", "coordinates": [ [ 11.518066, 3.828179 ], [ 11.51782, 3.827611 ], [ 11.517343, 3.826441 ], [ 11.517199, 3.826123 ], [ 11.517163, 3.826042 ], [ 11.516906, 3.825417 ], [ 11.516864, 3.825246 ] ] } },
{ "type": "Feature", "properties": { "nom": "", "classe": "primary" }, "geometry": { "type": "LineString", "coordinates": [ [ 11.513512, 3.866367 ], [ 11.51339, 3.866459 ] ] } },
{ "type": "Feature", "properties": { "nom": "Rue 8.138", "classe": "primary" }, "geometry": { "type": "LineString", "coordinates": [ [ 11.51004, 3.80771 ], [ 11.510148, 3.807835 ], [ 11.510247, 3.807978 ], [ 11.510345, 3.808091 ], [ 11.510518, 3.808263 ], [ 11.510739, 3.808419 ] ] } },
{ "type": "Feature", "properties": { "nom": "Rue 8.138", "classe": "primary" }, "geometry": { "type": "LineString", "coordinates": [ [ 11.510739, 3.808419 ], [ 11.510782, 3.808447 ], [ 11.510936, 3.808542 ], [ 11.511009, 3.80859 ] ] } },
{ "type": "Feature", "properties": { "nom": "Rue 8.078", "classe": "trunk" }, "geometry": { "type": "LineString", "coordinates": [ [ 11.510377, 3.809046 ], [ 11.510245, 3.80851 ], [ 11.51004, 3.80771 ], [ 11.509975, 3.807456 ], [ 11.509783, 3.80687 ], [ 11.509663, 3.806565 ], [ 11.509522, 3.806216 ], [ 11.50932, 3.80575 ], [ 11.509185, 3.805475 ], [ 11.508843, 3.804775 ], [ 11.50846, 3.804124 ] ] } },
{ "type": "Feature", "properties": { "nom": "Rue 8.078", "classe": "trunk" }, "geometry": { "type": "LineString", "coordinates": [ [ 11.510483, 3.80947 ], [ 11.510377, 3.809046 ] ] } },
{ "type": "Feature", "properties": { "nom": "Rue Ze Mendouga", "classe": "secondary" }, "geometry": { "type": "LineString", "coordinates": [ [ 11.530355, 3.861628 ], [ 11.530405, 3.861582 ], [ 11.530478, 3.861508 ] ] } },
{ "type": "Feature", "properties": { "nom": "Rue 4.643", "classe": "trunk" }, "geometry": { "type": "LineString", "coordinates": [ [ 11.583367, 3.859505 ], [ 11.582872, 3.858848 ], [ 11.582665, 3.858592 ], [ 11.582572, 3.858478 ], [ 11.582493, 3.858351 ], [ 11.582289, 3.858014 ], [ 11.582146, 3.857665 ], [ 11.582133, 3.857558 ], [ 11.582013, 3.857234 ], [ 11.581935, 3.857024 ], [ 11.581821, 3.856703 ], [ 11.581731, 3.856451 ], [ 11.581619, 3.856139 ], [ 11.581421, 3.855609 ], [ 11.58136, 3.855463 ], [ 11.581193, 3.855079 ], [ 11.580995, 3.854725 ], [ 11.580953, 3.854646 ], [ 11.58092, 3.854602 ], [ 11.580756, 3.854281 ], [ 11.580527, 3.853854 ], [ 11.580454, 3.853716 ], [ 11.580225, 3.853344 ], [ 11.58007, 3.853023 ], [ 11.579955, 3.852857 ], [ 11.579863, 3.852686 ], [ 11.579685, 3.852377 ], [ 11.579593, 3.852241 ], [ 11.579413, 3.851875 ], [ 11.579303, 3.851685 ], [ 11.57923, 3.851556 ], [ 11.5791, 3.851334 ], [ 11.579009, 3.851184 ], [ 11.57864, 3.850467 ], [ 11.578426, 3.850087 ], [ 11.578269, 3.849808 ], [ 11.578191, 3.849677 ], [ 11.57813, 3.849595 ] ] } },
{ "type": "Feature", "properties": { "nom": "Rue Essono Ela", "classe": "secondary" }, "geometry": { "type": "LineString", "coordinates": [ [ 11.514465, 3.863872 ], [ 11.514589, 3.863783 ], [ 11.514714, 3.863709 ] ] } },
{ "type": "Feature", "properties": { "nom": "", "classe": "secondary" }, "geometry": { "type": "LineString", "coordinates": [ [ 11.485142, 3.870098 ], [ 11.485186, 3.87023 ] ] } },
{ "type": "Feature", "properties": { "nom": "Rue 7.015", "classe": "secondary" }, "geometry": { "type": "LineString", "coordinates": [ [ 11.486463, 3.859717 ], [ 11.486403, 3.859609 ] ] } },
{ "type": "Feature", "properties": { "nom": "Rue 7.015", "classe": "secondary" }, "geometry": { "type": "LineString", "coordinates": [ [ 11.487685, 3.863473 ], [ 11.487569, 3.863222 ], [ 11.487485, 3.863002 ], [ 11.487384, 3.862679 ], [ 11.487273, 3.862326 ], [ 11.487118, 3.86183 ], [ 11.487019, 3.861488 ], [ 11.486884, 3.861115 ], [ 11.486795, 3.86084 ], [ 11.48665, 3.860397 ], [ 11.486556, 3.860133 ], [ 11.486463, 3.859717 ] ] } },
{ "type": "Feature", "properties": { "nom": "Rue 7.015", "classe": "secondary" }, "geometry": { "type": "LineString", "coordinates": [ [ 11.486447, 3.859563 ], [ 11.486508, 3.859674 ] ] } },
{ "type": "Feature", "properties": { "nom": "Rue 7.015", "classe": "secondary" }, "geometry": { "type": "LineString", "coordinates": [ [ 11.486508, 3.859674 ], [ 11.486529, 3.859749 ], [ 11.486593, 3.860085 ], [ 11.486677, 3.860321 ], [ 11.486736, 3.860487 ], [ 11.486923, 3.861024 ], [ 11.487061, 3.861456 ], [ 11.487161, 3.861799 ], [ 11.487307, 3.862305 ], [ 11.487416, 3.862651 ], [ 11.487521, 3.862967 ], [ 11.487608, 3.863187 ], [ 11.487652, 3.863299 ], [ 11.487726, 3.863441 ] ] } },
{ "type": "Feature", "properties": { "nom": "Rue 3.043", "classe": "tertiary" }, "geometry": { "type": "LineString", "coordinates": [ [ 11.511898, 3.862283 ], [ 11.511864, 3.862206 ] ] } },
{ "type": "Feature", "properties": { "nom": "Rue 3.043", "classe": "tertiary" }, "geometry": { "type": "LineString", "coordinates": [ [ 11.511836, 3.863896 ], [ 11.511839, 3.863833 ], [ 11.511845, 3.863633 ], [ 11.511892, 3.863271 ], [ 11.511956, 3.862718 ], [ 11.511967, 3.862563 ], [ 11.511948, 3.862422 ], [ 11.511898, 3.862283 ] ] } },
{ "type": "Feature", "properties": { "nom": "", "classe": "secondary" }, "geometry": { "type": "LineString", "coordinates": [ [ 11.504627, 3.824925 ], [ 11.504509, 3.825134 ], [ 11.504387, 3.825376 ], [ 11.504319, 3.825563 ], [ 11.504263, 3.825767 ], [ 11.504206, 3.826076 ], [ 11.504196, 3.826149 ], [ 11.504161, 3.826391 ], [ 11.504106, 3.826713 ], [ 11.504062, 3.827258 ], [ 11.504046, 3.827427 ], [ 11.504043, 3.827456 ] ] } },
{ "type": "Feature", "properties": { "nom": "Avenue de Mvolye", "classe": "secondary" }, "geometry": { "type": "LineString", "coordinates": [ [ 11.490825, 3.839794 ], [ 11.490695, 3.839744 ] ] } },
{ "type": "Feature", "properties": { "nom": "Rue 7.031", "classe": "secondary" }, "geometry": { "type": "LineString", "coordinates": [ [ 11.482365, 3.848648 ], [ 11.48238, 3.848572 ] ] } },
{ "type": "Feature", "properties": { "nom": "Rue 7.031", "classe": "secondary" }, "geometry": { "type": "LineString", "coordinates": [ [ 11.48238, 3.848572 ], [ 11.482435, 3.848206 ], [ 11.48246, 3.848064 ], [ 11.482499, 3.847871 ] ] } },
{ "type": "Feature", "properties": { "nom": "Rue 7.031", "classe": "secondary" }, "geometry": { "type": "LineString", "coordinates": [ [ 11.482434, 3.848568 ], [ 11.482417, 3.848645 ] ] } },
{ "type": "Feature", "properties": { "nom": "Rue 7.031", "classe": "secondary" }, "geometry": { "type": "LineString", "coordinates": [ [ 11.482613, 3.847889 ], [ 11.482543, 3.848092 ], [ 11.482502, 3.848229 ], [ 11.482462, 3.848439 ], [ 11.482434, 3.848568 ] ] } },
{ "type": "Feature", "properties": { "nom": "", "classe": "secondary" }, "geometry": { "type": "LineString", "coordinates": [ [ 11.489503, 3.871722 ], [ 11.489479, 3.871719 ], [ 11.48938, 3.871704 ] ] } },
{ "type": "Feature", "properties": { "nom": "", "classe": "secondary" }, "geometry": { "type": "LineString", "coordinates": [ [ 11.489555, 3.871713 ], [ 11.489503, 3.871722 ] ] } },
{ "type": "Feature", "properties": { "nom": "", "classe": "secondary" }, "geometry": { "type": "LineString", "coordinates": [ [ 11.489479, 3.87167 ], [ 11.489522, 3.871648 ] ] } },
{ "type": "Feature", "properties": { "nom": "", "classe": "secondary" }, "geometry": { "type": "LineString", "coordinates": [ [ 11.48938, 3.871704 ], [ 11.489479, 3.87167 ] ] } },
{ "type": "Feature", "properties": { "nom": "Rue Martin Paul Samba", "classe": "secondary" }, "geometry": { "type": "LineString", "coordinates": [ [ 11.508625, 3.868594 ], [ 11.508528, 3.868579 ], [ 11.50823, 3.868505 ] ] } },
{ "type": "Feature", "properties": { "nom": "Rue Martin Paul Samba", "classe": "secondary" }, "geometry": { "type": "LineString", "coordinates": [ [ 11.509536, 3.868941 ], [ 11.50928, 3.868845 ], [ 11.509034, 3.868751 ], [ 11.508762, 3.868654 ], [ 11.508747, 3.868649 ], [ 11.508708, 3.868616 ], [ 11.508672, 3.868608 ], [ 11.508625, 3.868594 ] ] } },
{ "type": "Feature", "properties": { "nom": "", "classe": "tertiary" }, "geometry": { "type": "LineString", "coordinates": [ [ 11.499995, 3.837799 ], [ 11.500096, 3.837677 ], [ 11.500147, 3.837607 ], [ 11.50019, 3.837547 ], [ 11.50028, 3.837415 ], [ 11.50055, 3.837041 ], [ 11.500674, 3.836893 ], [ 11.500793, 3.836745 ], [ 11.500864, 3.836685 ], [ 11.500937, 3.836642 ], [ 11.50101, 3.836615 ], [ 11.501076, 3.836596 ], [ 11.501176, 3.836574 ], [ 11.501745, 3.836558 ], [ 11.501865, 3.836558 ], [ 11.502241, 3.836577 ], [ 11.503093, 3.836619 ], [ 11.503282, 3.836606 ], [ 11.503435, 3.836586 ], [ 11.503575, 3.836549 ], [ 11.503774, 3.836473 ], [ 11.503977, 3.836376 ], [ 11.504227, 3.836246 ], [ 11.504366, 3.836162 ], [ 11.504712, 3.835952 ], [ 11.504904, 3.83584 ], [ 11.505216, 3.835658 ], [ 11.505848, 3.835287 ], [ 11.506038, 3.835179 ], [ 11.506276, 3.835069 ], [ 11.506486, 3.834987 ] ] } },
{ "type": "Feature", "properties": { "nom": "Rue 8.502", "classe": "secondary" }, "geometry": { "type": "LineString", "coordinates": [ [ 11.489468, 3.816082 ], [ 11.489301, 3.816123 ] ] } },
{ "type": "Feature", "properties": { "nom": "Rue 6.751", "classe": "primary" }, "geometry": { "type": "LineString", "coordinates": [ [ 11.451937, 3.874268 ], [ 11.451953, 3.874194 ], [ 11.452016, 3.873951 ], [ 11.452071, 3.873733 ], [ 11.452109, 3.873566 ] ] } },
{ "type": "Feature", "properties": { "nom": "Rue 6.750", "classe": "primary" }, "geometry": { "type": "LineString", "coordinates": [ [ 11.451914, 3.874355 ], [ 11.451828, 3.87431 ], [ 11.451738, 3.874268 ], [ 11.451639, 3.874224 ], [ 11.451557, 3.874189 ], [ 11.451449, 3.874159 ], [ 11.451363, 3.874146 ], [ 11.451238, 3.874136 ], [ 11.450947, 3.874176 ], [ 11.450911, 3.874156 ], [ 11.450867, 3.874115 ] ] } },
{ "type": "Feature", "properties": { "nom": "Route de Kribi", "classe": "secondary" }, "geometry": { "type": "LineString", "coordinates": [ [ 11.492449, 3.857264 ], [ 11.492376, 3.857161 ], [ 11.49229, 3.85703 ], [ 11.492255, 3.856987 ], [ 11.492233, 3.856919 ] ] } },
{ "type": "Feature", "properties": { "nom": "Route de Kribi", "classe": "secondary" }, "geometry": { "type": "LineString", "coordinates": [ [ 11.492513, 3.85733 ], [ 11.492461, 3.857308 ], [ 11.492449, 3.857264 ] ] } },
{ "type": "Feature", "properties": { "nom": "Route de Kribi", "classe": "secondary" }, "geometry": { "type": "LineString", "coordinates": [ [ 11.492664, 3.857745 ], [ 11.492567, 3.857523 ], [ 11.492532, 3.857426 ], [ 11.492513, 3.85733 ] ] } },
{ "type": "Feature", "properties": { "nom": "Route de Kribi", "classe": "secondary" }, "geometry": { "type": "LineString", "coordinates": [ [ 11.492233, 3.856919 ], [ 11.492124, 3.856788 ], [ 11.492, 3.856639 ], [ 11.491802, 3.856419 ], [ 11.491609, 3.856207 ], [ 11.491566, 3.85617 ], [ 11.490985, 3.855776 ], [ 11.490647, 3.855515 ], [ 11.490437, 3.855378 ], [ 11.490233, 3.855245 ], [ 11.490128, 3.855167 ], [ 11.490044, 3.855105 ], [ 11.489963, 3.85502 ], [ 11.489741, 3.854794 ], [ 11.489588, 3.854623 ], [ 11.489556, 3.854585 ], [ 11.489481, 3.854481 ], [ 11.489414, 3.854389 ], [ 11.489265, 3.854184 ], [ 11.489128, 3.853996 ], [ 11.489018, 3.853825 ], [ 11.488908, 3.853653 ], [ 11.48884, 3.853554 ], [ 11.488627, 3.853246 ], [ 11.488589, 3.853183 ], [ 11.488523, 3.853086 ], [ 11.488411, 3.85292 ], [ 11.488286, 3.852737 ], [ 11.488062, 3.852407 ], [ 11.488053, 3.852393 ], [ 11.487965, 3.852246 ], [ 11.487873, 3.852089 ], [ 11.487743, 3.851885 ], [ 11.487641, 3.851726 ], [ 11.487544, 3.85159 ], [ 11.487448, 3.851455 ], [ 11.487402, 3.851384 ], [ 11.487333, 3.851272 ], [ 11.487113, 3.850916 ], [ 11.487062, 3.850832 ], [ 11.486861, 3.850494 ], [ 11.486674, 3.85019 ] ] } },
{ "type": "Feature", "properties": { "nom": "Rue Omgba Bissogo", "classe": "secondary" }, "geometry": { "type": "LineString", "coordinates": [ [ 11.493799, 3.862896 ], [ 11.493873, 3.862875 ], [ 11.493928, 3.862856 ], [ 11.494022, 3.862807 ] ] } },
{ "type": "Feature", "properties": { "nom": "Rue Omgba Bissogo", "classe": "secondary" }, "geometry": { "type": "LineString", "coordinates": [ [ 11.488812, 3.863986 ], [ 11.488857, 3.863956 ], [ 11.48891, 3.863932 ], [ 11.488984, 3.863913 ], [ 11.489112, 3.863895 ], [ 11.489358, 3.863859 ] ] } },
{ "type": "Feature", "properties": { "nom": "Rue Omgba Bissogo", "classe": "secondary" }, "geometry": { "type": "LineString", "coordinates": [ [ 11.488734, 3.863988 ], [ 11.488752, 3.863979 ], [ 11.488773, 3.863976 ], [ 11.488793, 3.863978 ], [ 11.488812, 3.863986 ] ] } },
{ "type": "Feature", "properties": { "nom": "Rue Omgba Bissogo", "classe": "secondary" }, "geometry": { "type": "LineString", "coordinates": [ [ 11.487726, 3.863441 ], [ 11.48778, 3.863492 ], [ 11.487846, 3.863553 ], [ 11.487946, 3.863645 ], [ 11.488098, 3.863743 ], [ 11.488226, 3.863805 ], [ 11.488411, 3.863875 ], [ 11.488508, 3.863909 ], [ 11.488575, 3.863928 ], [ 11.488678, 3.863958 ], [ 11.488734, 3.863988 ] ] } },
{ "type": "Feature", "properties": { "nom": "Rue Omgba Bissogo", "classe": "secondary" }, "geometry": { "type": "LineString", "coordinates": [ [ 11.489358, 3.863859 ], [ 11.489521, 3.863812 ], [ 11.489691, 3.863764 ], [ 11.489819, 3.863731 ], [ 11.49018, 3.863637 ], [ 11.491135, 3.863398 ], [ 11.491457, 3.863309 ], [ 11.491746, 3.863229 ], [ 11.49204, 3.863148 ], [ 11.492751, 3.86294 ], [ 11.49306, 3.862888 ], [ 11.493102, 3.862885 ], [ 11.49334, 3.862865 ], [ 11.493799, 3.862896 ] ] } },
{ "type": "Feature", "properties": { "nom": "Rue 3.043", "classe": "tertiary" }, "geometry": { "type": "LineString", "coordinates": [ [ 11.511878, 3.864875 ], [ 11.51185, 3.864689 ], [ 11.511853, 3.864484 ], [ 11.511845, 3.864291 ] ] } },
{ "type": "Feature", "properties": { "nom": "Avenue Dr. Eugène Jamot (2.001)", "classe": "secondary" }, "geometry": { "type": "LineString", "coordinates": [ [ 11.513348, 3.866556 ], [ 11.513358, 3.866893 ] ] } },
{ "type": "Feature", "properties": { "nom": "Avenue Dr. Eugène Jamot (2.001)", "classe": "secondary" }, "geometry": { "type": "LineString", "coordinates": [ [ 11.513929, 3.869012 ], [ 11.514123, 3.869241 ], [ 11.514188, 3.869316 ], [ 11.514262, 3.869383 ] ] } },
{ "type": "Feature", "properties": { "nom": "Rue 3.006", "classe": "primary" }, "geometry": { "type": "LineString", "coordinates": [ [ 11.514822, 3.86616 ], [ 11.514664, 3.866185 ], [ 11.514531, 3.866206 ], [ 11.513589, 3.866355 ], [ 11.513512, 3.866367 ] ] } },
{ "type": "Feature", "properties": { "nom": "Rue 3.083", "classe": "secondary" }, "geometry": { "type": "LineString", "coordinates": [ [ 11.513228, 3.865971 ], [ 11.513255, 3.866036 ], [ 11.513306, 3.866288 ] ] } },
{ "type": "Feature", "properties": { "nom": "Rue 3.083", "classe": "secondary" }, "geometry": { "type": "LineString", "coordinates": [ [ 11.514381, 3.864039 ], [ 11.514166, 3.864191 ] ] } },
{ "type": "Feature", "properties": { "nom": "Rue 3.013", "classe": "secondary" }, "geometry": { "type": "LineString", "coordinates": [ [ 11.514794, 3.864127 ], [ 11.514712, 3.864123 ], [ 11.51467, 3.864114 ], [ 11.514627, 3.864103 ], [ 11.514475, 3.864031 ] ] } },
{ "type": "Feature", "properties": { "nom": "Rue 3.013", "classe": "secondary" }, "geometry": { "type": "LineString", "coordinates": [ [ 11.515177, 3.865877 ], [ 11.51523, 3.865616 ] ] } },
{ "type": "Feature", "properties": { "nom": "Rue Essono Ela", "classe": "secondary" }, "geometry": { "type": "LineString", "coordinates": [ [ 11.514714, 3.863709 ], [ 11.51502, 3.863389 ] ] } },
{ "type": "Feature", "properties": { "nom": "Rue 3.010", "classe": "secondary" }, "geometry": { "type": "LineString", "coordinates": [ [ 11.52017, 3.861512 ], [ 11.519952, 3.861292 ], [ 11.519875, 3.861238 ], [ 11.519709, 3.861202 ] ] } },
{ "type": "Feature", "properties": { "nom": "Route de Kribi", "classe": "primary" }, "geometry": { "type": "LineString", "coordinates": [ [ 11.477421, 3.840967 ], [ 11.477265, 3.840862 ], [ 11.477154, 3.840789 ], [ 11.477071, 3.840735 ], [ 11.477048, 3.840713 ], [ 11.476958, 3.840632 ], [ 11.476862, 3.840545 ], [ 11.476729, 3.840416 ], [ 11.476621, 3.840306 ], [ 11.476524, 3.840203 ], [ 11.476395, 3.840025 ], [ 11.476258, 3.839835 ], [ 11.476095, 3.839613 ], [ 11.47583, 3.839228 ], [ 11.475723, 3.839073 ], [ 11.475581, 3.83885 ], [ 11.475426, 3.838625 ], [ 11.475248, 3.838366 ], [ 11.475192, 3.838284 ], [ 11.474998, 3.838002 ], [ 11.474913, 3.837879 ], [ 11.474789, 3.837698 ] ] } },
{ "type": "Feature", "properties": { "nom": "Rue Martin Paul Samba", "classe": "secondary" }, "geometry": { "type": "LineString", "coordinates": [ [ 11.504215, 3.862613 ], [ 11.504157, 3.862547 ], [ 11.504114, 3.8625 ], [ 11.504072, 3.86245 ], [ 11.504036, 3.862403 ], [ 11.503966, 3.862311 ] ] } },
{ "type": "Feature", "properties": { "nom": "Rue 7.520", "classe": "primary" }, "geometry": { "type": "LineString", "coordinates": [ [ 11.48389, 3.83646 ], [ 11.484001, 3.836297 ], [ 11.484111, 3.836137 ] ] } },
{ "type": "Feature", "properties": { "nom": "Route de Kribi", "classe": "primary" }, "geometry": { "type": "LineString", "coordinates": [ [ 11.471426, 3.831907 ], [ 11.471381, 3.831753 ], [ 11.471339, 3.831489 ] ] } },
{ "type": "Feature", "properties": { "nom": "Route de Kribi", "classe": "primary" }, "geometry": { "type": "LineString", "coordinates": [ [ 11.471351, 3.831322 ], [ 11.471353, 3.831176 ], [ 11.471374, 3.831024 ] ] } },
{ "type": "Feature", "properties": { "nom": "Route de Kribi", "classe": "primary" }, "geometry": { "type": "LineString", "coordinates": [ [ 11.471339, 3.831489 ], [ 11.471322, 3.83146 ], [ 11.471308, 3.831434 ], [ 11.471303, 3.831405 ], [ 11.471306, 3.83138 ], [ 11.471316, 3.831357 ], [ 11.471331, 3.831337 ], [ 11.471351, 3.831322 ] ] } },
{ "type": "Feature", "properties": { "nom": "Route de Kribi", "classe": "primary" }, "geometry": { "type": "LineString", "coordinates": [ [ 11.474789, 3.837698 ], [ 11.474634, 3.837534 ], [ 11.474504, 3.837376 ], [ 11.474221, 3.837046 ], [ 11.47418, 3.836987 ], [ 11.47402, 3.836831 ], [ 11.473958, 3.83675 ], [ 11.47371, 3.836547 ], [ 11.473583, 3.836445 ], [ 11.473456, 3.836343 ], [ 11.473339, 3.836281 ], [ 11.473206, 3.836211 ], [ 11.473147, 3.836117 ], [ 11.473099, 3.836072 ], [ 11.473057, 3.835995 ], [ 11.47288, 3.835797 ], [ 11.472656, 3.835546 ], [ 11.47243, 3.835318 ], [ 11.472227, 3.835133 ], [ 11.472018, 3.834895 ], [ 11.471907, 3.834727 ], [ 11.471833, 3.834551 ], [ 11.471721, 3.834211 ], [ 11.471684, 3.834092 ], [ 11.4716, 3.833737 ], [ 11.471589, 3.83369 ], [ 11.471543, 3.833449 ], [ 11.471508, 3.83324 ], [ 11.471484, 3.833004 ], [ 11.471477, 3.832872 ], [ 11.471469, 3.832682 ], [ 11.47145, 3.83234 ], [ 11.471426, 3.831907 ] ] } },
{ "type": "Feature", "properties": { "nom": "Rue 1.794", "classe": "tertiary" }, "geometry": { "type": "LineString", "coordinates": [ [ 11.511787, 3.901976 ], [ 11.511888, 3.90204 ], [ 11.511979, 3.902081 ], [ 11.512105, 3.902126 ], [ 11.512358, 3.902186 ] ] } },
{ "type": "Feature", "properties": { "nom": "Rue 1.957", "classe": "tertiary" }, "geometry": { "type": "LineString", "coordinates": [ [ 11.505848, 3.898943 ], [ 11.505785, 3.899075 ], [ 11.50574, 3.899148 ], [ 11.505701, 3.899195 ], [ 11.505672, 3.89921 ], [ 11.505613, 3.899221 ], [ 11.505554, 3.89922 ], [ 11.50548, 3.899216 ] ] } },
{ "type": "Feature", "properties": { "nom": "Rue Ze Mendouga", "classe": "secondary" }, "geometry": { "type": "LineString", "coordinates": [ [ 11.530188, 3.85849 ], [ 11.530009, 3.85831 ] ] } },
{ "type": "Feature", "properties": { "nom": "Rue Ze Mendouga", "classe": "secondary" }, "geometry": { "type": "LineString", "coordinates": [ [ 11.530009, 3.85831 ], [ 11.52969, 3.858011 ] ] } },
{ "type": "Feature", "properties": { "nom": "Rue Ze Mendouga", "classe": "secondary" }, "geometry": { "type": "LineString", "coordinates": [ [ 11.53065, 3.861066 ], [ 11.530652, 3.860854 ], [ 11.530618, 3.860315 ], [ 11.530577, 3.859844 ], [ 11.53056, 3.859784 ], [ 11.530479, 3.859042 ], [ 11.530439, 3.858912 ], [ 11.53036, 3.858766 ], [ 11.53027, 3.85862 ], [ 11.530188, 3.85849 ] ] } },
{ "type": "Feature", "properties": { "nom": "Rue 4.098", "classe": "secondary" }, "geometry": { "type": "LineString", "coordinates": [ [ 11.530119, 3.858176 ], [ 11.530342, 3.858177 ] ] } },
{ "type": "Feature", "properties": { "nom": "Rue 4.086", "classe": "tertiary" }, "geometry": { "type": "LineString", "coordinates": [ [ 11.539062, 3.864773 ], [ 11.539264, 3.864591 ] ] } },
{ "type": "Feature", "properties": { "nom": "Rue 4.007", "classe": "secondary" }, "geometry": { "type": "LineString", "coordinates": [ [ 11.5217, 3.851017 ], [ 11.521581, 3.850956 ], [ 11.521512, 3.850911 ], [ 11.521463, 3.850865 ], [ 11.521367, 3.850759 ] ] } },
{ "type": "Feature", "properties": { "nom": "Rue 4.007", "classe": "secondary" }, "geometry": { "type": "LineString", "coordinates": [ [ 11.518642, 3.847895 ], [ 11.518657, 3.84795 ], [ 11.518666, 3.848013 ], [ 11.518677, 3.848083 ], [ 11.518679, 3.848109 ], [ 11.518669, 3.848166 ] ] } },
{ "type": "Feature", "properties": { "nom": "Rue 4.007", "classe": "secondary" }, "geometry": { "type": "LineString", "coordinates": [ [ 11.521367, 3.850759 ], [ 11.521077, 3.850541 ], [ 11.520353, 3.849988 ], [ 11.519761, 3.849442 ], [ 11.519608, 3.849276 ], [ 11.519285, 3.848926 ], [ 11.518923, 3.848568 ] ] } },
{ "type": "Feature", "properties": { "nom": "Rue 4.007", "classe": "secondary" }, "geometry": { "type": "LineString", "coordinates": [ [ 11.517549, 3.845554 ], [ 11.517516, 3.84551 ], [ 11.517482, 3.845461 ], [ 11.517452, 3.845406 ], [ 11.517415, 3.845318 ], [ 11.517399, 3.845217 ] ] } },
{ "type": "Feature", "properties": { "nom": "Rue 1.564", "classe": "secondary" }, "geometry": { "type": "LineString", "coordinates": [ [ 11.549072, 3.898784 ], [ 11.549231, 3.898683 ], [ 11.54935, 3.898651 ] ] } },
{ "type": "Feature", "properties": { "nom": "Rue 1.564", "classe": "secondary" }, "geometry": { "type": "LineString", "coordinates": [ [ 11.549369, 3.898628 ], [ 11.549442, 3.898519 ], [ 11.549476, 3.898452 ], [ 11.549527, 3.898304 ] ] } },
{ "type": "Feature", "properties": { "nom": "Rue 1.564", "classe": "secondary" }, "geometry": { "type": "LineString", "coordinates": [ [ 11.549577, 3.897633 ], [ 11.549573, 3.897662 ], [ 11.549527, 3.898304 ] ] } },
{ "type": "Feature", "properties": { "nom": "Rue 1.564", "classe": "secondary" }, "geometry": { "type": "LineString", "coordinates": [ [ 11.549577, 3.897633 ], [ 11.549591, 3.897478 ], [ 11.549613, 3.89738 ], [ 11.549649, 3.89732 ], [ 11.549708, 3.897253 ] ] } },
{ "type": "Feature", "properties": { "nom": "Rue 8.251", "classe": "trunk" }, "geometry": { "type": "LineString", "coordinates": [ [ 11.525854, 3.816222 ], [ 11.525684, 3.815986 ] ] } },
{ "type": "Feature", "properties": { "nom": "Rue 8.250", "classe": "tertiary" }, "geometry": { "type": "LineString", "coordinates": [ [ 11.522204, 3.799881 ], [ 11.522191, 3.799779 ], [ 11.52218, 3.799687 ], [ 11.522178, 3.799595 ], [ 11.522181, 3.799518 ], [ 11.522192, 3.799397 ], [ 11.522198, 3.799323 ] ] } },
{ "type": "Feature", "properties": { "nom": "Rue 8.559", "classe": "tertiary" }, "geometry": { "type": "LineString", "coordinates": [ [ 11.486736, 3.804046 ], [ 11.48695, 3.804106 ], [ 11.487021, 3.804134 ], [ 11.4871, 3.804171 ], [ 11.487349, 3.80433 ], [ 11.487559, 3.80448 ], [ 11.487686, 3.804589 ], [ 11.487858, 3.804708 ] ] } },
{ "type": "Feature", "properties": { "nom": "Rue 7.960", "classe": "tertiary" }, "geometry": { "type": "LineString", "coordinates": [ [ 11.482183, 3.799529 ], [ 11.481573, 3.798989 ], [ 11.481093, 3.798579 ], [ 11.480878, 3.798386 ], [ 11.480635, 3.798168 ], [ 11.480344, 3.797913 ], [ 11.480163, 3.797767 ], [ 11.479765, 3.797503 ], [ 11.479653, 3.797433 ], [ 11.479549, 3.797396 ], [ 11.479459, 3.797383 ], [ 11.479239, 3.797389 ], [ 11.478263, 3.797405 ], [ 11.477689, 3.79744 ], [ 11.477614, 3.797448 ], [ 11.477535, 3.797472 ], [ 11.477445, 3.797515 ] ] } },
{ "type": "Feature", "properties": { "nom": "Avenue de Biyeme Assi", "classe": "primary" }, "geometry": { "type": "LineString", "coordinates": [ [ 11.491582, 3.844166 ], [ 11.491435, 3.844001 ], [ 11.491177, 3.843699 ], [ 11.490953, 3.843461 ], [ 11.490711, 3.843202 ], [ 11.49036, 3.842835 ], [ 11.490113, 3.842566 ], [ 11.489869, 3.842289 ], [ 11.489666, 3.842058 ], [ 11.489444, 3.841817 ], [ 11.489271, 3.841629 ], [ 11.489102, 3.841434 ], [ 11.48894, 3.841248 ], [ 11.488808, 3.84111 ], [ 11.488622, 3.840913 ], [ 11.488504, 3.840815 ], [ 11.488365, 3.840664 ], [ 11.488289, 3.840582 ], [ 11.488193, 3.840479 ], [ 11.488074, 3.840352 ], [ 11.487943, 3.840208 ], [ 11.487766, 3.84001 ], [ 11.487614, 3.83984 ], [ 11.487517, 3.839722 ], [ 11.487421, 3.839605 ], [ 11.48735, 3.839526 ], [ 11.487256, 3.839423 ], [ 11.487151, 3.839301 ], [ 11.486916, 3.839061 ], [ 11.486615, 3.838743 ], [ 11.486361, 3.838461 ], [ 11.485971, 3.838029 ], [ 11.48594, 3.837995 ] ] } },
{ "type": "Feature", "properties": { "nom": "Avenue de Biyeme Assi", "classe": "primary" }, "geometry": { "type": "LineString", "coordinates": [ [ 11.491627, 3.844219 ], [ 11.491598, 3.844184 ], [ 11.491582, 3.844166 ] ] } },
{ "type": "Feature", "properties": { "nom": "Avenue Marcel Marigoh Mboua", "classe": "tertiary" }, "geometry": { "type": "LineString", "coordinates": [ [ 11.529334, 3.873512 ], [ 11.52926, 3.873208 ] ] } },
{ "type": "Feature", "properties": { "nom": "Rue 3.043", "classe": "tertiary" }, "geometry": { "type": "LineString", "coordinates": [ [ 11.511837, 3.864218 ], [ 11.511836, 3.864109 ], [ 11.511836, 3.863896 ] ] } },
{ "type": "Feature", "properties": { "nom": "Rue 3.043", "classe": "tertiary" }, "geometry": { "type": "LineString", "coordinates": [ [ 11.511864, 3.862206 ], [ 11.511745, 3.862057 ], [ 11.511701, 3.86202 ] ] } },
{ "type": "Feature", "properties": { "nom": "Rue 3.025", "classe": "tertiary" }, "geometry": { "type": "LineString", "coordinates": [ [ 11.511942, 3.864198 ], [ 11.511998, 3.864174 ], [ 11.512043, 3.864164 ] ] } },
{ "type": "Feature", "properties": { "nom": "Rue 7.628", "classe": "secondary" }, "geometry": { "type": "LineString", "coordinates": [ [ 11.471862, 3.831407 ], [ 11.471474, 3.831462 ] ] } },
{ "type": "Feature", "properties": { "nom": "Rue 1.897", "classe": "secondary" }, "geometry": { "type": "LineString", "coordinates": [ [ 11.525344, 3.901915 ], [ 11.525282, 3.901896 ], [ 11.525195, 3.901864 ], [ 11.525163, 3.901852 ], [ 11.525068, 3.901816 ], [ 11.524971, 3.901783 ] ] } },
{ "type": "Feature", "properties": { "nom": "Rue 8.138", "classe": "primary" }, "geometry": { "type": "LineString", "coordinates": [ [ 11.510997, 3.811729 ], [ 11.510704, 3.81267 ] ] } },
{ "type": "Feature", "properties": { "nom": "Avenue Mgr. François Xavier Vogt", "classe": "secondary" }, "geometry": { "type": "LineString", "coordinates": [ [ 11.523775, 3.870265 ], [ 11.523816, 3.870384 ], [ 11.523837, 3.870462 ], [ 11.523863, 3.870606 ], [ 11.523863, 3.870644 ] ] } },
{ "type": "Feature", "properties": { "nom": "Avenue Mvog-Fouda Ada", "classe": "secondary" }, "geometry": { "type": "LineString", "coordinates": [ [ 11.523695, 3.870775 ], [ 11.523589, 3.870691 ], [ 11.523527, 3.87062 ], [ 11.523472, 3.870534 ] ] } },
{ "type": "Feature", "properties": { "nom": "Avenue Konrad Adenauer", "classe": "trunk" }, "geometry": { "type": "LineString", "coordinates": [ [ 11.515972, 3.878788 ], [ 11.516025, 3.878837 ], [ 11.516065, 3.878983 ], [ 11.516135, 3.879284 ] ] } },
{ "type": "Feature", "properties": { "nom": "Rue 3.700", "classe": "secondary" }, "geometry": { "type": "LineString", "coordinates": [ [ 11.520296, 3.856084 ], [ 11.520499, 3.856183 ], [ 11.520645, 3.856266 ], [ 11.520744, 3.85631 ] ] } },
{ "type": "Feature", "properties": { "nom": "Rue Onambele Nkou", "classe": "secondary" }, "geometry": { "type": "LineString", "coordinates": [ [ 11.516869, 3.881083 ], [ 11.516966, 3.881139 ], [ 11.517068, 3.88118 ], [ 11.51715, 3.88122 ] ] } },
{ "type": "Feature", "properties": { "nom": "Rue de Djoungolo", "classe": "tertiary" }, "geometry": { "type": "LineString", "coordinates": [ [ 11.516656, 3.880843 ], [ 11.516792, 3.880715 ] ] } },
{ "type": "Feature", "properties": { "nom": "Rue 7.520", "classe": "primary" }, "geometry": { "type": "LineString", "coordinates": [ [ 11.484224, 3.836266 ], [ 11.48389, 3.83646 ] ] } },
{ "type": "Feature", "properties": { "nom": "Autoroute Yaoundé - Douala", "classe": "motorway" }, "geometry": { "type": "LineString", "coordinates": [ [ 11.390261, 3.872899 ], [ 11.390949, 3.872841 ], [ 11.39303, 3.872487 ], [ 11.394574, 3.872219 ], [ 11.395812, 3.872009 ], [ 11.396978, 3.871826 ], [ 11.398415, 3.871617 ] ] } },
{ "type": "Feature", "properties": { "nom": "Route du Mont-Fébé", "classe": "tertiary" }, "geometry": { "type": "LineString", "coordinates": [ [ 11.504489, 3.899857 ], [ 11.50448, 3.899984 ], [ 11.504483, 3.900104 ], [ 11.504505, 3.900252 ], [ 11.504609, 3.900744 ], [ 11.504693, 3.901235 ], [ 11.504689, 3.901609 ], [ 11.504622, 3.902011 ], [ 11.504575, 3.902176 ], [ 11.504472, 3.902402 ], [ 11.504337, 3.902647 ], [ 11.503638, 3.903808 ], [ 11.503322, 3.904347 ], [ 11.503112, 3.90471 ], [ 11.502918, 3.905149 ], [ 11.502832, 3.905414 ], [ 11.50273, 3.905853 ], [ 11.50259, 3.906553 ], [ 11.502477, 3.907169 ], [ 11.502218, 3.9087 ], [ 11.502, 3.909991 ], [ 11.502006, 3.910103 ], [ 11.502092, 3.910455 ] ] } },
{ "type": "Feature", "properties": { "nom": "Route du Mont-Fébé", "classe": "tertiary" }, "geometry": { "type": "LineString", "coordinates": [ [ 11.504405, 3.899855 ], [ 11.504433, 3.899639 ] ] } },
{ "type": "Feature", "properties": { "nom": "Route du Mont-Fébé", "classe": "tertiary" }, "geometry": { "type": "LineString", "coordinates": [ [ 11.504433, 3.899639 ], [ 11.504476, 3.899519 ], [ 11.504546, 3.899323 ], [ 11.504644, 3.899012 ] ] } },
{ "type": "Feature", "properties": { "nom": "Rue Onambele Nkou", "classe": "secondary" }, "geometry": { "type": "LineString", "coordinates": [ [ 11.51715, 3.88122 ], [ 11.517207, 3.881231 ] ] } },
{ "type": "Feature", "properties": { "nom": "Rue 1.034", "classe": "secondary" }, "geometry": { "type": "LineString", "coordinates": [ [ 11.515839, 3.881381 ], [ 11.515938, 3.881339 ], [ 11.515995, 3.881305 ], [ 11.516036, 3.88127 ], [ 11.516099, 3.881203 ] ] } },
{ "type": "Feature", "properties": { "nom": "Rue 4.007", "classe": "secondary" }, "geometry": { "type": "LineString", "coordinates": [ [ 11.518719, 3.848283 ], [ 11.518762, 3.848347 ], [ 11.518784, 3.848378 ], [ 11.518816, 3.848419 ], [ 11.518923, 3.848568 ] ] } },
{ "type": "Feature", "properties": { "nom": "Boulevard de la Réunification", "classe": "secondary" }, "geometry": { "type": "LineString", "coordinates": [ [ 11.512996, 3.852898 ], [ 11.512529, 3.853316 ], [ 11.512045, 3.853747 ], [ 11.511735, 3.854007 ], [ 11.51123, 3.854462 ], [ 11.510733, 3.854909 ], [ 11.51052, 3.8551 ], [ 11.510256, 3.855337 ], [ 11.510219, 3.85537 ], [ 11.509699, 3.855838 ], [ 11.509284, 3.856247 ] ] } },
{ "type": "Feature", "properties": { "nom": "", "classe": "primary" }, "geometry": { "type": "LineString", "coordinates": [ [ 11.513634, 3.844785 ], [ 11.513521, 3.844832 ], [ 11.513345, 3.844887 ], [ 11.513217, 3.844941 ] ] } },
{ "type": "Feature", "properties": { "nom": "Avenue Mgr. Henri Vieter", "classe": "primary" }, "geometry": { "type": "LineString", "coordinates": [ [ 11.513217, 3.844941 ], [ 11.513324, 3.844893 ], [ 11.513468, 3.844804 ] ] } },
{ "type": "Feature", "properties": { "nom": "Boulevard du 20 Mai 1972", "classe": "trunk" }, "geometry": { "type": "LineString", "coordinates": [ [ 11.514981, 3.866991 ], [ 11.514957, 3.867074 ], [ 11.514528, 3.868548 ] ] } },
{ "type": "Feature", "properties": { "nom": "Boulevard du 20 Mai 1972", "classe": "trunk" }, "geometry": { "type": "LineString", "coordinates": [ [ 11.515219, 3.866577 ], [ 11.514981, 3.866991 ] ] } },
{ "type": "Feature", "properties": { "nom": "Rue 1.016", "classe": "secondary" }, "geometry": { "type": "LineString", "coordinates": [ [ 11.515883, 3.866549 ], [ 11.516298, 3.866838 ] ] } },
{ "type": "Feature", "properties": { "nom": "Rue 1.016", "classe": "secondary" }, "geometry": { "type": "LineString", "coordinates": [ [ 11.515634, 3.866269 ], [ 11.515704, 3.866369 ], [ 11.515883, 3.866549 ] ] } },
{ "type": "Feature", "properties": { "nom": "Avenue du Pdt El Hadj Ahmadou Ahidjo", "classe": "secondary" }, "geometry": { "type": "LineString", "coordinates": [ [ 11.521008, 3.861826 ], [ 11.520997, 3.861918 ], [ 11.520951, 3.86207 ], [ 11.520855, 3.862311 ] ] } },
{ "type": "Feature", "properties": { "nom": "Rue Nachtigal", "classe": "secondary" }, "geometry": { "type": "LineString", "coordinates": [ [ 11.517377, 3.872366 ], [ 11.517359, 3.872149 ], [ 11.517334, 3.871841 ], [ 11.517295, 3.871424 ], [ 11.517283, 3.871287 ], [ 11.517302, 3.871179 ] ] } },
{ "type": "Feature", "properties": { "nom": "Rue Nachtigal", "classe": "secondary" }, "geometry": { "type": "LineString", "coordinates": [ [ 11.516861, 3.867302 ], [ 11.516805, 3.867233 ] ] } },
{ "type": "Feature", "properties": { "nom": "Rue Marnchal Foch", "classe": "secondary" }, "geometry": { "type": "LineString", "coordinates": [ [ 11.516744, 3.867248 ], [ 11.516706, 3.867295 ], [ 11.516654, 3.86736 ] ] } },
{ "type": "Feature", "properties": { "nom": "Rue Marnchal Foch", "classe": "secondary" }, "geometry": { "type": "LineString", "coordinates": [ [ 11.515196, 3.870608 ], [ 11.515048, 3.870909 ], [ 11.514953, 3.8711 ] ] } },
{ "type": "Feature", "properties": { "nom": "Avenue de l'Indépendance", "classe": "secondary" }, "geometry": { "type": "LineString", "coordinates": [ [ 11.518161, 3.871246 ], [ 11.518158, 3.871349 ], [ 11.517756, 3.8722 ], [ 11.517708, 3.872326 ] ] } },
{ "type": "Feature", "properties": { "nom": "Avenue Charles De Gaulle", "classe": "secondary" }, "geometry": { "type": "LineString", "coordinates": [ [ 11.516862, 3.876226 ], [ 11.516811, 3.876372 ], [ 11.516802, 3.876399 ], [ 11.516348, 3.87758 ], [ 11.516075, 3.878368 ], [ 11.516028, 3.878471 ], [ 11.515989, 3.878519 ], [ 11.515931, 3.878561 ] ] } },
{ "type": "Feature", "properties": { "nom": "Rue Zogo Fouda Ngono", "classe": "secondary" }, "geometry": { "type": "LineString", "coordinates": [ [ 11.514181, 3.872805 ], [ 11.514232, 3.872681 ], [ 11.514255, 3.872621 ], [ 11.514644, 3.871667 ] ] } },
{ "type": "Feature", "properties": { "nom": "Rue 2.010", "classe": "secondary" }, "geometry": { "type": "LineString", "coordinates": [ [ 11.512282, 3.867973 ], [ 11.512151, 3.868408 ], [ 11.512023, 3.868903 ], [ 11.511968, 3.869055 ], [ 11.511877, 3.8692 ], [ 11.511666, 3.869464 ], [ 11.511479, 3.869639 ], [ 11.511294, 3.869819 ], [ 11.51106, 3.870046 ] ] } },
{ "type": "Feature", "properties": { "nom": "Rue 2.010", "classe": "secondary" }, "geometry": { "type": "LineString", "coordinates": [ [ 11.512357, 3.867768 ], [ 11.512282, 3.867973 ] ] } },
{ "type": "Feature", "properties": { "nom": "Avenue de Mvolye", "classe": "secondary" }, "geometry": { "type": "LineString", "coordinates": [ [ 11.490825, 3.839794 ], [ 11.491001, 3.839859 ], [ 11.491169, 3.839922 ], [ 11.491355, 3.839968 ], [ 11.491498, 3.839993 ], [ 11.4916, 3.840004 ], [ 11.491711, 3.840011 ], [ 11.492006, 3.840024 ], [ 11.492452, 3.840012 ], [ 11.493209, 3.839992 ], [ 11.493452, 3.839991 ], [ 11.493732, 3.839993 ], [ 11.494187, 3.84 ], [ 11.494696, 3.839995 ], [ 11.494829, 3.839993 ], [ 11.495474, 3.839974 ] ] } },
{ "type": "Feature", "properties": { "nom": "Rue de l'Université", "classe": "secondary" }, "geometry": { "type": "LineString", "coordinates": [ [ 11.505099, 3.860141 ], [ 11.505112, 3.860087 ], [ 11.505121, 3.86002 ], [ 11.505124, 3.859973 ], [ 11.505119, 3.859939 ], [ 11.5051, 3.859905 ], [ 11.505014, 3.859791 ], [ 11.504922, 3.859682 ] ] } },
{ "type": "Feature", "properties": { "nom": "Rue de l'Université", "classe": "secondary" }, "geometry": { "type": "LineString", "coordinates": [ [ 11.504922, 3.859682 ], [ 11.505054, 3.859771 ], [ 11.505237, 3.859929 ] ] } },
{ "type": "Feature", "properties": { "nom": "Rue de la Briqueterie", "classe": "tertiary" }, "geometry": { "type": "LineString", "coordinates": [ [ 11.511295, 3.874904 ], [ 11.511402, 3.874894 ], [ 11.51152, 3.874911 ], [ 11.511947, 3.874975 ], [ 11.512086, 3.874996 ], [ 11.512226, 3.875026 ], [ 11.512431, 3.875084 ] ] } },
{ "type": "Feature", "properties": { "nom": "Rue Sebastien Essomba Abé", "classe": "secondary" }, "geometry": { "type": "LineString", "coordinates": [ [ 11.514197, 3.872966 ], [ 11.514055, 3.873163 ], [ 11.51392, 3.873339 ], [ 11.513828, 3.87346 ], [ 11.513406, 3.87399 ], [ 11.513334, 3.874021 ] ] } },
{ "type": "Feature", "properties": { "nom": "Rue 1.771", "classe": "tertiary" }, "geometry": { "type": "LineString", "coordinates": [ [ 11.511422, 3.892384 ], [ 11.511394, 3.892258 ], [ 11.511385, 3.892196 ], [ 11.511386, 3.892171 ] ] } },
{ "type": "Feature", "properties": { "nom": "Avenue John F. Kennedy", "classe": "secondary" }, "geometry": { "type": "LineString", "coordinates": [ [ 11.520617, 3.866279 ], [ 11.520551, 3.866415 ] ] } },
{ "type": "Feature", "properties": { "nom": "Rue 8.795", "classe": "trunk" }, "geometry": { "type": "LineString", "coordinates": [ [ 11.526083, 3.816256 ], [ 11.526276, 3.816545 ] ] } },
{ "type": "Feature", "properties": { "nom": "Rue 8.162", "classe": "trunk" }, "geometry": { "type": "LineString", "coordinates": [ [ 11.525632, 3.816535 ], [ 11.525852, 3.816234 ] ] } },
{ "type": "Feature", "properties": { "nom": "Rue 8.795", "classe": "trunk" }, "geometry": { "type": "LineString", "coordinates": [ [ 11.536773, 3.825374 ], [ 11.536869, 3.825368 ], [ 11.536948, 3.82537 ], [ 11.537082, 3.825374 ] ] } },
{ "type": "Feature", "properties": { "nom": "Rue 8.751", "classe": "secondary" }, "geometry": { "type": "LineString", "coordinates": [ [ 11.536605, 3.825201 ], [ 11.53666, 3.825252 ], [ 11.536694, 3.8253 ], [ 11.53672, 3.825343 ] ] } },
{ "type": "Feature", "properties": { "nom": "Rue 8.751", "classe": "secondary" }, "geometry": { "type": "LineString", "coordinates": [ [ 11.538465, 3.849461 ], [ 11.538683, 3.849039 ], [ 11.539088, 3.84818 ], [ 11.539261, 3.847839 ], [ 11.539371, 3.847643 ], [ 11.539491, 3.847451 ], [ 11.539665, 3.847219 ], [ 11.539846, 3.846974 ], [ 11.540153, 3.846566 ], [ 11.540564, 3.845943 ], [ 11.540606, 3.84588 ], [ 11.540728, 3.845696 ], [ 11.540946, 3.845371 ], [ 11.541334, 3.844773 ], [ 11.541392, 3.844688 ], [ 11.541443, 3.844604 ], [ 11.541526, 3.84444 ] ] } },
{ "type": "Feature", "properties": { "nom": "Rue Manfred Otto Fouda", "classe": "tertiary" }, "geometry": { "type": "LineString", "coordinates": [ [ 11.532123, 3.868327 ], [ 11.532175, 3.868135 ] ] } },
{ "type": "Feature", "properties": { "nom": "Rue Antoine Essomba Mani", "classe": "primary" }, "geometry": { "type": "LineString", "coordinates": [ [ 11.532213, 3.868355 ], [ 11.532438, 3.868447 ] ] } },
{ "type": "Feature", "properties": { "nom": "Rue Antoine Essomba Mani", "classe": "primary" }, "geometry": { "type": "LineString", "coordinates": [ [ 11.531879, 3.868263 ], [ 11.532098, 3.86834 ] ] } },
{ "type": "Feature", "properties": { "nom": "Place Mvog-Ada", "classe": "primary" }, "geometry": { "type": "LineString", "coordinates": [ [ 11.527034, 3.863749 ], [ 11.52687, 3.863523 ], [ 11.526806, 3.863441 ], [ 11.526753, 3.863381 ], [ 11.526574, 3.863185 ] ] } },
{ "type": "Feature", "properties": { "nom": "Place Mvog-Ada", "classe": "primary" }, "geometry": { "type": "LineString", "coordinates": [ [ 11.526788, 3.863217 ], [ 11.526925, 3.863287 ] ] } },
{ "type": "Feature", "properties": { "nom": "Rue Joseph Ayissi", "classe": "secondary" }, "geometry": { "type": "LineString", "coordinates": [ [ 11.521694, 3.850914 ], [ 11.521746, 3.850951 ], [ 11.521812, 3.851015 ], [ 11.521932, 3.851144 ] ] } },
{ "type": "Feature", "properties": { "nom": "Rue Joseph Ayissi", "classe": "secondary" }, "geometry": { "type": "LineString", "coordinates": [ [ 11.521932, 3.851144 ], [ 11.5217, 3.851017 ] ] } },
{ "type": "Feature", "properties": { "nom": "Place d'Awae", "classe": "trunk" }, "geometry": { "type": "LineString", "coordinates": [ [ 11.5217, 3.851017 ], [ 11.521699, 3.851064 ] ] } },
{ "type": "Feature", "properties": { "nom": "Place d'Awae", "classe": "trunk" }, "geometry": { "type": "LineString", "coordinates": [ [ 11.521582, 3.851033 ], [ 11.521581, 3.850956 ], [ 11.521584, 3.850861 ] ] } },
{ "type": "Feature", "properties": { "nom": "Rue Malam Ibrahim", "classe": "tertiary" }, "geometry": { "type": "LineString", "coordinates": [ [ 11.50365, 3.875096 ], [ 11.503685, 3.875321 ], [ 11.503725, 3.875429 ], [ 11.50376, 3.875505 ], [ 11.503887, 3.875732 ], [ 11.504155, 3.876131 ], [ 11.504276, 3.876292 ], [ 11.504827, 3.877105 ] ] } },
{ "type": "Feature", "properties": { "nom": "Avenue John Ngu Foncha", "classe": "secondary" }, "geometry": { "type": "LineString", "coordinates": [ [ 11.49214, 3.882713 ], [ 11.492224, 3.882729 ], [ 11.492417, 3.88283 ], [ 11.493638, 3.883409 ] ] } },
{ "type": "Feature", "properties": { "nom": "Rue 8.001", "classe": "tertiary" }, "geometry": { "type": "LineString", "coordinates": [ [ 11.518849, 3.845783 ], [ 11.518925, 3.845661 ], [ 11.519382, 3.845072 ], [ 11.520119, 3.844129 ], [ 11.520134, 3.844072 ], [ 11.520133, 3.843999 ], [ 11.520035, 3.843665 ], [ 11.519931, 3.843318 ], [ 11.519929, 3.843239 ], [ 11.519947, 3.843182 ], [ 11.519982, 3.843129 ] ] } },
{ "type": "Feature", "properties": { "nom": "Rue Mgr. René Graffin", "classe": "secondary" }, "geometry": { "type": "LineString", "coordinates": [ [ 11.524098, 3.870524 ], [ 11.524044, 3.870614 ], [ 11.523993, 3.870669 ], [ 11.523922, 3.870709 ] ] } },
{ "type": "Feature", "properties": { "nom": "Rue 1.372", "classe": "secondary" }, "geometry": { "type": "LineString", "coordinates": [ [ 11.538326, 3.884994 ], [ 11.538488, 3.884904 ], [ 11.538558, 3.884858 ], [ 11.538673, 3.884806 ] ] } },
{ "type": "Feature", "properties": { "nom": "Rue 1.372", "classe": "secondary" }, "geometry": { "type": "LineString", "coordinates": [ [ 11.536577, 3.886143 ], [ 11.536744, 3.886071 ], [ 11.536907, 3.886001 ] ] } },
{ "type": "Feature", "properties": { "nom": "Rue 1.070", "classe": "secondary" }, "geometry": { "type": "LineString", "coordinates": [ [ 11.521783, 3.883149 ], [ 11.521904, 3.883104 ], [ 11.522177, 3.882984 ], [ 11.522465, 3.882845 ], [ 11.522581, 3.882792 ], [ 11.522619, 3.882772 ], [ 11.52301, 3.882596 ], [ 11.523419, 3.882379 ] ] } },
{ "type": "Feature", "properties": { "nom": "Avenue Marc Vivien Foe", "classe": "secondary" }, "geometry": { "type": "LineString", "coordinates": [ [ 11.538895, 3.884516 ], [ 11.538915, 3.884675 ], [ 11.538926, 3.884774 ], [ 11.53893, 3.884855 ] ] } },
{ "type": "Feature", "properties": { "nom": "Route de Ngousso", "classe": "secondary" }, "geometry": { "type": "LineString", "coordinates": [ [ 11.536011, 3.885942 ], [ 11.536275, 3.886132 ] ] } },
{ "type": "Feature", "properties": { "nom": "Rue 3.018", "classe": "tertiary" }, "geometry": { "type": "LineString", "coordinates": [ [ 11.518722, 3.858599 ], [ 11.518633, 3.858624 ], [ 11.517833, 3.858915 ], [ 11.517734, 3.859405 ] ] } },
{ "type": "Feature", "properties": { "nom": "Rue 7.628", "classe": "secondary" }, "geometry": { "type": "LineString", "coordinates": [ [ 11.479641, 3.828339 ], [ 11.479394, 3.828561 ], [ 11.479103, 3.828841 ], [ 11.47888, 3.829045 ], [ 11.478574, 3.829321 ], [ 11.478176, 3.829624 ], [ 11.477853, 3.829832 ], [ 11.477445, 3.830031 ], [ 11.476384, 3.830396 ], [ 11.475473, 3.830699 ], [ 11.474526, 3.831018 ], [ 11.473852, 3.831245 ], [ 11.473701, 3.831278 ], [ 11.47353, 3.831314 ], [ 11.473313, 3.831347 ], [ 11.47323, 3.831358 ], [ 11.472937, 3.831382 ], [ 11.47267, 3.831404 ], [ 11.47199, 3.831406 ], [ 11.471862, 3.831407 ] ] } },
{ "type": "Feature", "properties": { "nom": "Rue 5.767", "classe": "trunk" }, "geometry": { "type": "LineString", "coordinates": [ [ 11.535415, 3.958181 ], [ 11.535858, 3.958545 ], [ 11.536156, 3.958804 ], [ 11.536848, 3.959379 ], [ 11.537205, 3.959675 ], [ 11.537494, 3.959995 ], [ 11.537653, 3.96017 ], [ 11.537977, 3.960589 ] ] } },
{ "type": "Feature", "properties": { "nom": "Rue 1.011", "classe": "trunk" }, "geometry": { "type": "LineString", "coordinates": [ [ 11.514674, 3.870022 ], [ 11.51447, 3.869738 ], [ 11.514303, 3.869556 ] ] } },
{ "type": "Feature", "properties": { "nom": "Rue 8.795", "classe": "trunk" }, "geometry": { "type": "LineString", "coordinates": [ [ 11.536424, 3.825421 ], [ 11.536538, 3.825385 ], [ 11.536599, 3.825377 ], [ 11.536649, 3.825376 ] ] } },
{ "type": "Feature", "properties": { "nom": "Rue Abbé Tobie Atangana", "classe": "primary" }, "geometry": { "type": "LineString", "coordinates": [ [ 11.501572, 3.844199 ], [ 11.501704, 3.844244 ], [ 11.501784, 3.844264 ], [ 11.501896, 3.844273 ], [ 11.502107, 3.844265 ], [ 11.502309, 3.844235 ] ] } },
{ "type": "Feature", "properties": { "nom": "Rue 3.007", "classe": "primary" }, "geometry": { "type": "LineString", "coordinates": [ [ 11.520303, 3.859586 ], [ 11.520372, 3.859436 ], [ 11.520416, 3.859319 ], [ 11.520445, 3.859241 ], [ 11.520682, 3.85865 ], [ 11.520815, 3.85832 ] ] } },
{ "type": "Feature", "properties": { "nom": "Rue 3.007", "classe": "primary" }, "geometry": { "type": "LineString", "coordinates": [ [ 11.520217, 3.86097 ], [ 11.520212, 3.860733 ], [ 11.520218, 3.860597 ], [ 11.520253, 3.85983 ], [ 11.520268, 3.859664 ], [ 11.520303, 3.859586 ] ] } },
{ "type": "Feature", "properties": { "nom": "Avenue de Nsimeyong", "classe": "secondary" }, "geometry": { "type": "LineString", "coordinates": [ [ 11.487473, 3.829617 ], [ 11.487351, 3.829468 ], [ 11.487115, 3.829191 ], [ 11.487051, 3.829127 ], [ 11.486851, 3.828932 ], [ 11.486494, 3.828698 ], [ 11.486095, 3.82855 ], [ 11.48589, 3.828515 ], [ 11.485702, 3.828519 ], [ 11.48541, 3.828565 ], [ 11.485224, 3.828592 ] ] } },
{ "type": "Feature", "properties": { "nom": "Carrefour Warda", "classe": "trunk" }, "geometry": { "type": "LineString", "coordinates": [ [ 11.514777, 3.870758 ], [ 11.51478, 3.87077 ], [ 11.514854, 3.870925 ], [ 11.514914, 3.87103 ] ] } },
{ "type": "Feature", "properties": { "nom": "Rue Daniel Essomba", "classe": "secondary" }, "geometry": { "type": "LineString", "coordinates": [ [ 11.521207, 3.854073 ], [ 11.521264, 3.854508 ], [ 11.521265, 3.854957 ], [ 11.521228, 3.855457 ], [ 11.521183, 3.855985 ], [ 11.521141, 3.856333 ], [ 11.521128, 3.856401 ], [ 11.521022, 3.856624 ], [ 11.520991, 3.856678 ], [ 11.520955, 3.856726 ], [ 11.520926, 3.856753 ] ] } },
{ "type": "Feature", "properties": { "nom": "", "classe": "secondary" }, "geometry": { "type": "LineString", "coordinates": [ [ 11.509611, 3.81659 ], [ 11.509978, 3.816672 ], [ 11.510241, 3.816755 ], [ 11.510425, 3.816922 ], [ 11.510467, 3.817021 ], [ 11.510492, 3.817118 ], [ 11.510513, 3.817208 ], [ 11.510587, 3.817407 ] ] } },
{ "type": "Feature", "properties": { "nom": "Rue 8.029", "classe": "secondary" }, "geometry": { "type": "LineString", "coordinates": [ [ 11.515698, 3.831479 ], [ 11.515724, 3.831533 ], [ 11.515758, 3.831628 ], [ 11.515782, 3.831739 ], [ 11.515795, 3.831829 ], [ 11.515794, 3.831922 ], [ 11.515754, 3.832048 ], [ 11.515693, 3.832166 ], [ 11.515617, 3.832305 ], [ 11.51553, 3.832448 ], [ 11.515445, 3.832622 ], [ 11.515396, 3.832746 ], [ 11.515347, 3.832932 ], [ 11.515214, 3.833421 ], [ 11.515136, 3.833627 ], [ 11.515026, 3.833845 ], [ 11.514997, 3.833893 ] ] } },
{ "type": "Feature", "properties": { "nom": "Autoroute Yaoundé-Nsimalen", "classe": "motorway" }, "geometry": { "type": "LineString", "coordinates": [ [ 11.537112, 3.720431 ], [ 11.537491, 3.719835 ], [ 11.537869, 3.719209 ], [ 11.538061, 3.718916 ], [ 11.538427, 3.71836 ] ] } },
{ "type": "Feature", "properties": { "nom": "Autoroute Yaoundé-Nsimalen", "classe": "motorway" }, "geometry": { "type": "LineString", "coordinates": [ [ 11.513021, 3.751596 ], [ 11.513348, 3.752477 ] ] } },
{ "type": "Feature", "properties": { "nom": "Autoroute Yaoundé-Nsimalen", "classe": "motorway" }, "geometry": { "type": "LineString", "coordinates": [ [ 11.512877, 3.751638 ], [ 11.512309, 3.75008 ], [ 11.512023, 3.749172 ], [ 11.511896, 3.748599 ], [ 11.511824, 3.748124 ], [ 11.5118, 3.747671 ], [ 11.511798, 3.747105 ], [ 11.511832, 3.746515 ], [ 11.511895, 3.746032 ], [ 11.512026, 3.745493 ], [ 11.512315, 3.744711 ], [ 11.51248, 3.744359 ], [ 11.512783, 3.743801 ], [ 11.513065, 3.743354 ], [ 11.513935, 3.741993 ], [ 11.514477, 3.741252 ], [ 11.514928, 3.740714 ], [ 11.515396, 3.740227 ], [ 11.515757, 3.739896 ], [ 11.520764, 3.73566 ], [ 11.521052, 3.735415 ], [ 11.521315, 3.735156 ], [ 11.521551, 3.734896 ], [ 11.523706, 3.732278 ], [ 11.525153, 3.730519 ], [ 11.5257, 3.729908 ], [ 11.526222, 3.729338 ], [ 11.529138, 3.726293 ], [ 11.529514, 3.725899 ], [ 11.529915, 3.725525 ], [ 11.53033, 3.725186 ], [ 11.530798, 3.724833 ], [ 11.531254, 3.724527 ], [ 11.531714, 3.724245 ], [ 11.532067, 3.724054 ], [ 11.532471, 3.723858 ], [ 11.534092, 3.723111 ], [ 11.534373, 3.722966 ], [ 11.534577, 3.722847 ] ] } },
{ "type": "Feature", "properties": { "nom": "", "classe": "tertiary" }, "geometry": { "type": "LineString", "coordinates": [ [ 11.41193, 3.874917 ], [ 11.411869, 3.875003 ], [ 11.411665, 3.875295 ] ] } },
{ "type": "Feature", "properties": { "nom": "", "classe": "tertiary" }, "geometry": { "type": "LineString", "coordinates": [ [ 11.412495, 3.874261 ], [ 11.41193, 3.874917 ] ] } },
{ "type": "Feature", "properties": { "nom": "", "classe": "tertiary" }, "geometry": { "type": "LineString", "coordinates": [ [ 11.411437, 3.877978 ], [ 11.411426, 3.87817 ] ] } },
{ "type": "Feature", "properties": { "nom": "", "classe": "tertiary" }, "geometry": { "type": "LineString", "coordinates": [ [ 11.411665, 3.875295 ], [ 11.411587, 3.875531 ], [ 11.41154, 3.876171 ], [ 11.411503, 3.87679 ], [ 11.411478, 3.877208 ], [ 11.41145, 3.877763 ], [ 11.411437, 3.877978 ] ] } },
{ "type": "Feature", "properties": { "nom": "", "classe": "secondary" }, "geometry": { "type": "LineString", "coordinates": [ [ 11.516708, 3.848651 ], [ 11.516462, 3.848091 ], [ 11.516424, 3.847986 ], [ 11.516403, 3.847908 ], [ 11.516396, 3.847834 ], [ 11.516393, 3.847755 ], [ 11.516394, 3.847558 ], [ 11.516386, 3.847477 ], [ 11.516357, 3.847355 ], [ 11.516284, 3.847161 ], [ 11.515897, 3.846323 ], [ 11.515265, 3.845189 ], [ 11.514792, 3.844316 ], [ 11.514275, 3.843114 ], [ 11.513757, 3.842056 ] ] } },
{ "type": "Feature", "properties": { "nom": "Rue 8.140", "classe": "tertiary" }, "geometry": { "type": "LineString", "coordinates": [ [ 11.511053, 3.829015 ], [ 11.51076, 3.828976 ], [ 11.510257, 3.828882 ], [ 11.509989, 3.828866 ], [ 11.50989, 3.828871 ], [ 11.509786, 3.828878 ], [ 11.509598, 3.828911 ] ] } },
{ "type": "Feature", "properties": { "nom": "Rue 6.751", "classe": "primary" }, "geometry": { "type": "LineString", "coordinates": [ [ 11.451449, 3.876074 ], [ 11.451458, 3.876046 ], [ 11.451791, 3.874853 ], [ 11.451914, 3.874355 ], [ 11.451937, 3.874268 ] ] } },
{ "type": "Feature", "properties": { "nom": "Rue 6.751", "classe": "primary" }, "geometry": { "type": "LineString", "coordinates": [ [ 11.451429, 3.876144 ], [ 11.451449, 3.876074 ] ] } },
{ "type": "Feature", "properties": { "nom": "Route de Douala", "classe": "trunk" }, "geometry": { "type": "LineString", "coordinates": [ [ 11.437181, 3.872928 ], [ 11.437059, 3.87297 ] ] } },
{ "type": "Feature", "properties": { "nom": "Route de Douala", "classe": "trunk" }, "geometry": { "type": "LineString", "coordinates": [ [ 11.449789, 3.874615 ], [ 11.449723, 3.874646 ], [ 11.448429, 3.875303 ], [ 11.448226, 3.875364 ], [ 11.448109, 3.875382 ], [ 11.447955, 3.875372 ], [ 11.447741, 3.875334 ], [ 11.447476, 3.875269 ], [ 11.446446, 3.874991 ], [ 11.446126, 3.874924 ], [ 11.446072, 3.874911 ], [ 11.445856, 3.874857 ], [ 11.4456, 3.874793 ], [ 11.445316, 3.874723 ], [ 11.445087, 3.874667 ], [ 11.444909, 3.874626 ], [ 11.44382, 3.874356 ], [ 11.443466, 3.874268 ], [ 11.443075, 3.874172 ], [ 11.442109, 3.873911 ], [ 11.4419, 3.873855 ], [ 11.44144, 3.873741 ], [ 11.440895, 3.873601 ] ] } },
{ "type": "Feature", "properties": { "nom": "Rue 8.184", "classe": "tertiary" }, "geometry": { "type": "LineString", "coordinates": [ [ 11.51287, 3.816111 ], [ 11.512084, 3.816452 ], [ 11.511601, 3.816597 ], [ 11.511531, 3.816628 ], [ 11.511476, 3.816644 ] ] } },
{ "type": "Feature", "properties": { "nom": "Rue 8.437", "classe": "secondary" }, "geometry": { "type": "LineString", "coordinates": [ [ 11.499793, 3.779858 ], [ 11.499676, 3.779857 ], [ 11.499409, 3.779784 ], [ 11.499009, 3.77959 ], [ 11.498749, 3.779528 ], [ 11.498637, 3.77953 ], [ 11.498584, 3.779538 ], [ 11.498441, 3.779559 ], [ 11.498346, 3.779596 ], [ 11.498247, 3.779647 ], [ 11.498012, 3.779793 ], [ 11.497739, 3.779991 ], [ 11.4975, 3.780146 ], [ 11.497403, 3.780209 ], [ 11.497089, 3.780423 ], [ 11.497034, 3.78045 ], [ 11.496992, 3.780471 ], [ 11.496778, 3.780575 ], [ 11.496581, 3.780637 ], [ 11.496197, 3.780756 ], [ 11.495722, 3.780892 ], [ 11.495052, 3.78114 ], [ 11.494504, 3.781317 ], [ 11.493795, 3.781559 ], [ 11.493504, 3.781651 ], [ 11.493315, 3.781695 ], [ 11.493011, 3.78178 ], [ 11.492761, 3.781888 ], [ 11.492507, 3.781975 ], [ 11.491996, 3.782249 ] ] } },
{ "type": "Feature", "properties": { "nom": "Rue 8.377", "classe": "tertiary" }, "geometry": { "type": "LineString", "coordinates": [ [ 11.512148, 3.803076 ], [ 11.512177, 3.80303 ], [ 11.5122, 3.802993 ] ] } },
{ "type": "Feature", "properties": { "nom": "Rue 8.377", "classe": "tertiary" }, "geometry": { "type": "LineString", "coordinates": [ [ 11.511653, 3.803867 ], [ 11.511985, 3.80336 ], [ 11.512148, 3.803076 ] ] } },
{ "type": "Feature", "properties": { "nom": "Autoroute Yaoundé-Nsimalen", "classe": "motorway" }, "geometry": { "type": "LineString", "coordinates": [ [ 11.501603, 3.79305 ], [ 11.501624, 3.793653 ] ] } },
{ "type": "Feature", "properties": { "nom": "Autoroute Yaoundé-Nsimalen", "classe": "motorway" }, "geometry": { "type": "LineString", "coordinates": [ [ 11.501624, 3.793653 ], [ 11.501644, 3.793994 ], [ 11.501662, 3.794188 ], [ 11.501685, 3.794404 ], [ 11.501721, 3.794672 ], [ 11.501756, 3.794879 ] ] } },
{ "type": "Feature", "properties": { "nom": "Rue 3.054", "classe": "tertiary" }, "geometry": { "type": "LineString", "coordinates": [ [ 11.509851, 3.862145 ], [ 11.509832, 3.862119 ], [ 11.509831, 3.862086 ], [ 11.509847, 3.862061 ], [ 11.509875, 3.862048 ], [ 11.509905, 3.862052 ], [ 11.509924, 3.862065 ], [ 11.509935, 3.862085 ], [ 11.509937, 3.862108 ], [ 11.50993, 3.862129 ], [ 11.509914, 3.862146 ], [ 11.509882, 3.862155 ], [ 11.509851, 3.862145 ] ] } },
{ "type": "Feature", "properties": { "nom": "Rue 6.284", "classe": "tertiary" }, "geometry": { "type": "LineString", "coordinates": [ [ 11.47389, 3.875552 ], [ 11.473908, 3.875929 ], [ 11.473741, 3.87627 ], [ 11.473637, 3.87656 ], [ 11.473546, 3.876803 ], [ 11.473314, 3.87747 ], [ 11.473118, 3.877934 ], [ 11.472952, 3.87816 ], [ 11.472804, 3.878356 ], [ 11.472763, 3.878422 ], [ 11.47242, 3.879017 ], [ 11.472351, 3.879153 ], [ 11.472128, 3.87961 ], [ 11.471951, 3.879909 ], [ 11.471794, 3.880086 ], [ 11.471751, 3.880135 ], [ 11.471647, 3.880194 ], [ 11.471618, 3.880205 ] ] } },
{ "type": "Feature", "properties": { "nom": "Rue 6.343", "classe": "tertiary" }, "geometry": { "type": "LineString", "coordinates": [ [ 11.468981, 3.884828 ], [ 11.46893, 3.884964 ], [ 11.468851, 3.88516 ], [ 11.46879, 3.885305 ], [ 11.468781, 3.885353 ], [ 11.468825, 3.885421 ], [ 11.468888, 3.885575 ], [ 11.468923, 3.885711 ], [ 11.468974, 3.885921 ], [ 11.469047, 3.886271 ], [ 11.469073, 3.886446 ], [ 11.46912, 3.88675 ], [ 11.469142, 3.886866 ], [ 11.469168, 3.887039 ], [ 11.469206, 3.887206 ], [ 11.469212, 3.887292 ], [ 11.469253, 3.887471 ], [ 11.469315, 3.887684 ], [ 11.469356, 3.887842 ], [ 11.469433, 3.888097 ], [ 11.469525, 3.888353 ], [ 11.469582, 3.888497 ], [ 11.469672, 3.888674 ], [ 11.46977, 3.888826 ], [ 11.469932, 3.889123 ], [ 11.470118, 3.889499 ], [ 11.470146, 3.889544 ], [ 11.470214, 3.889684 ] ] } },
{ "type": "Feature", "properties": { "nom": "Autoroute Yaoundé-Nsimalen", "classe": "motorway" }, "geometry": { "type": "LineString", "coordinates": [ [ 11.534343, 3.723124 ], [ 11.533996, 3.723306 ], [ 11.532549, 3.72397 ], [ 11.532206, 3.724134 ], [ 11.531836, 3.724325 ], [ 11.53148, 3.724539 ], [ 11.53106, 3.724813 ], [ 11.530667, 3.725106 ], [ 11.5303, 3.725391 ], [ 11.529955, 3.72568 ], [ 11.529624, 3.725994 ], [ 11.52924, 3.726396 ], [ 11.52634, 3.729416 ], [ 11.5258, 3.73 ], [ 11.525286, 3.73059 ], [ 11.521657, 3.734982 ], [ 11.52144, 3.735216 ], [ 11.521175, 3.735485 ], [ 11.520861, 3.735783 ], [ 11.51588, 3.739961 ], [ 11.515454, 3.740354 ], [ 11.515019, 3.740827 ], [ 11.514466, 3.741497 ], [ 11.51414, 3.741926 ], [ 11.513138, 3.743489 ], [ 11.512836, 3.743971 ], [ 11.512611, 3.744391 ], [ 11.512347, 3.744946 ], [ 11.512198, 3.745385 ], [ 11.512073, 3.745816 ], [ 11.511983, 3.74625 ], [ 11.511933, 3.746738 ], [ 11.511924, 3.747213 ], [ 11.511927, 3.747754 ], [ 11.511961, 3.74818 ], [ 11.512031, 3.748632 ], [ 11.512135, 3.74908 ], [ 11.512244, 3.74948 ], [ 11.512392, 3.749907 ], [ 11.513021, 3.751596 ] ] } },
{ "type": "Feature", "properties": { "nom": "Autoroute Yaoundé-Nsimalen", "classe": "motorway" }, "geometry": { "type": "LineString", "coordinates": [ [ 11.536586, 3.72113 ], [ 11.536754, 3.720921 ], [ 11.536867, 3.72077 ], [ 11.536989, 3.720604 ], [ 11.537112, 3.720431 ] ] } },
{ "type": "Feature", "properties": { "nom": "Autoroute Yaoundé-Nsimalen", "classe": "motorway" }, "geometry": { "type": "LineString", "coordinates": [ [ 11.539088, 3.717799 ], [ 11.538499, 3.718425 ], [ 11.538022, 3.719125 ], [ 11.537203, 3.720483 ] ] } },
{ "type": "Feature", "properties": { "nom": "Autoroute Yaoundé-Nsimalen", "classe": "motorway" }, "geometry": { "type": "LineString", "coordinates": [ [ 11.537203, 3.720483 ], [ 11.537079, 3.720657 ], [ 11.536946, 3.72084 ], [ 11.536813, 3.721009 ], [ 11.536656, 3.721196 ] ] } },
{ "type": "Feature", "properties": { "nom": "Autoroute Yaoundé-Nsimalen", "classe": "motorway" }, "geometry": { "type": "LineString", "coordinates": [ [ 11.501476, 3.793067 ], [ 11.501443, 3.789864 ], [ 11.50146, 3.789437 ], [ 11.501502, 3.788983 ], [ 11.501584, 3.788493 ], [ 11.501681, 3.788095 ], [ 11.501797, 3.787679 ], [ 11.501932, 3.78729 ], [ 11.502108, 3.786878 ], [ 11.50226, 3.78655 ], [ 11.502424, 3.786238 ], [ 11.502627, 3.785891 ], [ 11.502818, 3.785607 ], [ 11.503168, 3.785048 ], [ 11.503984, 3.783971 ], [ 11.50445, 3.783284 ], [ 11.504615, 3.783054 ], [ 11.505176, 3.782269 ], [ 11.506429, 3.780451 ], [ 11.506911, 3.779734 ], [ 11.507185, 3.779358 ], [ 11.507475, 3.778994 ], [ 11.507739, 3.778683 ], [ 11.508506, 3.777841 ], [ 11.508815, 3.777443 ], [ 11.509393, 3.776442 ], [ 11.509791, 3.775527 ], [ 11.509961, 3.775051 ], [ 11.510149, 3.774476 ], [ 11.510253, 3.774006 ], [ 11.510351, 3.773451 ], [ 11.511114, 3.768817 ], [ 11.511209, 3.768343 ], [ 11.513795, 3.758349 ], [ 11.513914, 3.757761 ], [ 11.513972, 3.757219 ], [ 11.514003, 3.756691 ], [ 11.514012, 3.7561 ], [ 11.513974, 3.755485 ], [ 11.513878, 3.754787 ], [ 11.513768, 3.754223 ], [ 11.513613, 3.753656 ], [ 11.513426, 3.753082 ], [ 11.513213, 3.752525 ] ] } },
{ "type": "Feature", "properties": { "nom": "Autoroute Yaoundé-Nsimalen", "classe": "motorway" }, "geometry": { "type": "LineString", "coordinates": [ [ 11.513213, 3.752525 ], [ 11.512877, 3.751638 ] ] } },
{ "type": "Feature", "properties": { "nom": "Autoroute Yaoundé-Nsimalen", "classe": "motorway" }, "geometry": { "type": "LineString", "coordinates": [ [ 11.501524, 3.794179 ], [ 11.501501, 3.793683 ] ] } },
{ "type": "Feature", "properties": { "nom": "Autoroute Yaoundé-Nsimalen", "classe": "motorway" }, "geometry": { "type": "LineString", "coordinates": [ [ 11.501501, 3.793683 ], [ 11.501476, 3.793067 ] ] } },
{ "type": "Feature", "properties": { "nom": "Autoroute Yaoundé-Nsimalen", "classe": "motorway" }, "geometry": { "type": "LineString", "coordinates": [ [ 11.501993, 3.79874 ], [ 11.501975, 3.799577 ], [ 11.501968, 3.799704 ], [ 11.501949, 3.799836 ], [ 11.50192, 3.799983 ], [ 11.501894, 3.800078 ], [ 11.501859, 3.800177 ], [ 11.501812, 3.800276 ], [ 11.501691, 3.800495 ] ] } },
{ "type": "Feature", "properties": { "nom": "Autoroute Yaoundé-Nsimalen", "classe": "motorway" }, "geometry": { "type": "LineString", "coordinates": [ [ 11.501636, 3.80039 ], [ 11.501735, 3.800122 ], [ 11.501794, 3.799923 ], [ 11.501844, 3.799673 ], [ 11.501862, 3.799415 ], [ 11.501876, 3.798682 ] ] } },
{ "type": "Feature", "properties": { "nom": "Autoroute Yaoundé-Nsimalen", "classe": "motorway" }, "geometry": { "type": "LineString", "coordinates": [ [ 11.501905, 3.798125 ], [ 11.501928, 3.79735 ], [ 11.501912, 3.796994 ], [ 11.501893, 3.796592 ], [ 11.50185, 3.796279 ], [ 11.501804, 3.795899 ], [ 11.501685, 3.795348 ], [ 11.501524, 3.794179 ] ] } },
{ "type": "Feature", "properties": { "nom": "Rue 1.891", "classe": "tertiary" }, "geometry": { "type": "LineString", "coordinates": [ [ 11.512325, 3.902739 ], [ 11.512358, 3.902186 ] ] } },
{ "type": "Feature", "properties": { "nom": "Rue 1.891", "classe": "tertiary" }, "geometry": { "type": "LineString", "coordinates": [ [ 11.512329, 3.90288 ], [ 11.512325, 3.902739 ] ] } },
{ "type": "Feature", "properties": { "nom": "Rue 8.295", "classe": "tertiary" }, "geometry": { "type": "LineString", "coordinates": [ [ 11.52228, 3.797654 ], [ 11.522177, 3.797636 ], [ 11.521645, 3.796807 ], [ 11.521422, 3.796462 ], [ 11.521329, 3.796334 ], [ 11.521127, 3.796051 ], [ 11.521069, 3.795969 ], [ 11.520979, 3.795894 ], [ 11.520908, 3.795854 ], [ 11.520711, 3.79582 ], [ 11.520469, 3.795796 ], [ 11.520349, 3.795796 ], [ 11.520272, 3.795799 ], [ 11.520183, 3.795808 ], [ 11.519993, 3.795832 ], [ 11.519924, 3.795834 ], [ 11.51984, 3.795832 ], [ 11.519767, 3.795828 ], [ 11.519395, 3.79577 ], [ 11.519282, 3.795753 ], [ 11.519205, 3.795742 ], [ 11.519073, 3.795725 ], [ 11.519031, 3.795722 ], [ 11.518957, 3.795726 ], [ 11.518902, 3.795733 ], [ 11.518838, 3.795751 ], [ 11.518756, 3.795792 ], [ 11.518575, 3.795944 ], [ 11.518521, 3.796003 ], [ 11.518362, 3.796165 ], [ 11.518256, 3.796245 ], [ 11.518184, 3.79629 ], [ 11.518112, 3.796331 ], [ 11.517983, 3.79639 ], [ 11.517876, 3.796424 ], [ 11.517748, 3.796453 ], [ 11.517622, 3.796461 ], [ 11.517505, 3.79646 ], [ 11.517425, 3.796453 ], [ 11.51731, 3.79642 ], [ 11.517062, 3.796299 ], [ 11.516763, 3.796134 ], [ 11.516679, 3.796098 ], [ 11.516222, 3.795955 ], [ 11.515787, 3.795821 ], [ 11.515387, 3.795693 ], [ 11.515093, 3.795566 ], [ 11.515022, 3.795519 ], [ 11.514929, 3.79546 ], [ 11.514844, 3.795404 ], [ 11.514741, 3.79534 ], [ 11.514572, 3.79523 ], [ 11.514439, 3.795145 ], [ 11.514278, 3.795051 ], [ 11.514224, 3.795018 ], [ 11.514054, 3.794918 ], [ 11.513976, 3.794859 ], [ 11.51392, 3.794804 ], [ 11.513856, 3.794733 ], [ 11.513807, 3.794663 ], [ 11.513754, 3.794577 ], [ 11.513662, 3.794401 ], [ 11.513545, 3.794139 ], [ 11.51341, 3.793949 ], [ 11.51334, 3.793904 ] ] } },
{ "type": "Feature", "properties": { "nom": "Rue 8.439", "classe": "tertiary" }, "geometry": { "type": "LineString", "coordinates": [ [ 11.519322, 3.786198 ], [ 11.519538, 3.786163 ], [ 11.519685, 3.786129 ], [ 11.519879, 3.786051 ], [ 11.519999, 3.785995 ], [ 11.520105, 3.785918 ], [ 11.520193, 3.785822 ], [ 11.520281, 3.785735 ], [ 11.520378, 3.78566 ], [ 11.520554, 3.785537 ] ] } },
{ "type": "Feature", "properties": { "nom": "Rue 8.439", "classe": "tertiary" }, "geometry": { "type": "LineString", "coordinates": [ [ 11.51924, 3.786213 ], [ 11.519322, 3.786198 ] ] } },
{ "type": "Feature", "properties": { "nom": "", "classe": "tertiary" }, "geometry": { "type": "LineString", "coordinates": [ [ 11.547911, 3.93986 ], [ 11.547922, 3.9399 ], [ 11.547922, 3.939946 ], [ 11.547909, 3.939989 ], [ 11.547884, 3.940027 ], [ 11.547849, 3.940055 ], [ 11.547807, 3.940073 ], [ 11.547766, 3.940078 ], [ 11.547724, 3.940072 ], [ 11.547686, 3.940055 ], [ 11.547654, 3.940029 ], [ 11.547625, 3.939984 ], [ 11.547612, 3.939932 ], [ 11.547618, 3.93988 ], [ 11.547629, 3.939852 ], [ 11.547645, 3.939827 ], [ 11.54768, 3.939794 ], [ 11.547725, 3.939773 ], [ 11.547773, 3.939767 ], [ 11.547821, 3.939776 ], [ 11.547858, 3.939796 ], [ 11.547889, 3.939824 ], [ 11.547911, 3.93986 ] ] } },
{ "type": "Feature", "properties": { "nom": "", "classe": "tertiary" }, "geometry": { "type": "LineString", "coordinates": [ [ 11.551349, 3.95888 ], [ 11.551478, 3.958807 ] ] } },
{ "type": "Feature", "properties": { "nom": "", "classe": "tertiary" }, "geometry": { "type": "LineString", "coordinates": [ [ 11.562746, 3.955598 ], [ 11.562882, 3.955563 ], [ 11.563066, 3.955484 ], [ 11.563125, 3.955417 ], [ 11.563168, 3.955345 ], [ 11.563249, 3.955204 ], [ 11.563296, 3.954963 ], [ 11.563429, 3.954222 ], [ 11.563518, 3.954039 ], [ 11.563633, 3.953931 ], [ 11.564205, 3.953716 ], [ 11.564457, 3.953636 ], [ 11.564532, 3.953633 ], [ 11.564734, 3.953631 ], [ 11.564993, 3.95364 ], [ 11.565066, 3.953624 ], [ 11.565385, 3.953554 ], [ 11.565589, 3.953441 ], [ 11.565735, 3.953286 ], [ 11.565824, 3.953192 ] ] } },
{ "type": "Feature", "properties": { "nom": "", "classe": "tertiary" }, "geometry": { "type": "LineString", "coordinates": [ [ 11.557392, 3.956609 ], [ 11.557827, 3.956522 ] ] } },
{ "type": "Feature", "properties": { "nom": "Rue 5.734", "classe": "tertiary" }, "geometry": { "type": "LineString", "coordinates": [ [ 11.575742, 3.944591 ], [ 11.575578, 3.944375 ], [ 11.575473, 3.944224 ] ] } },
{ "type": "Feature", "properties": { "nom": "", "classe": "tertiary" }, "geometry": { "type": "LineString", "coordinates": [ [ 11.575473, 3.944224 ], [ 11.57577, 3.944456 ], [ 11.575913, 3.944508 ] ] } },
{ "type": "Feature", "properties": { "nom": "Route Engola Robert", "classe": "tertiary" }, "geometry": { "type": "LineString", "coordinates": [ [ 11.576137, 3.945086 ], [ 11.576057, 3.944936 ], [ 11.575951, 3.944848 ], [ 11.575821, 3.944778 ] ] } },
{ "type": "Feature", "properties": { "nom": "Route Engola Robert", "classe": "tertiary" }, "geometry": { "type": "LineString", "coordinates": [ [ 11.575995, 3.944724 ], [ 11.576055, 3.944798 ], [ 11.576085, 3.944875 ], [ 11.576137, 3.945086 ] ] } },
{ "type": "Feature", "properties": { "nom": "", "classe": "tertiary" }, "geometry": { "type": "LineString", "coordinates": [ [ 11.575785, 3.944758 ], [ 11.575757, 3.944727 ], [ 11.575736, 3.944684 ], [ 11.575731, 3.944637 ], [ 11.575742, 3.944591 ], [ 11.575764, 3.944555 ], [ 11.575794, 3.944527 ], [ 11.575831, 3.94451 ], [ 11.575872, 3.944503 ], [ 11.575913, 3.944508 ], [ 11.575954, 3.944526 ], [ 11.575987, 3.944556 ], [ 11.576009, 3.944595 ], [ 11.576018, 3.944639 ], [ 11.576013, 3.944683 ], [ 11.575995, 3.944724 ], [ 11.575961, 3.94476 ], [ 11.575918, 3.944782 ], [ 11.575869, 3.944789 ], [ 11.575821, 3.944778 ], [ 11.575785, 3.944758 ] ] } },
{ "type": "Feature", "properties": { "nom": "Rue 5.525", "classe": "tertiary" }, "geometry": { "type": "LineString", "coordinates": [ [ 11.555967, 3.930641 ], [ 11.555905, 3.930673 ], [ 11.55584, 3.930698 ], [ 11.555091, 3.930801 ], [ 11.555024, 3.930804 ], [ 11.55497, 3.9308 ], [ 11.554834, 3.930777 ], [ 11.554734, 3.930753 ], [ 11.554657, 3.930724 ], [ 11.554571, 3.930677 ], [ 11.554495, 3.93063 ], [ 11.554428, 3.930574 ], [ 11.554367, 3.930505 ], [ 11.554255, 3.930359 ], [ 11.554142, 3.930201 ], [ 11.554039, 3.93006 ], [ 11.553797, 3.929724 ], [ 11.553766, 3.929696 ], [ 11.553739, 3.929681 ], [ 11.553702, 3.929665 ], [ 11.553613, 3.929634 ], [ 11.55352, 3.929606 ], [ 11.553475, 3.929593 ], [ 11.553449, 3.929591 ], [ 11.553422, 3.929592 ], [ 11.553073, 3.929624 ], [ 11.552689, 3.929669 ], [ 11.552641, 3.929682 ], [ 11.552441, 3.929731 ], [ 11.552365, 3.929753 ], [ 11.552301, 3.929774 ], [ 11.552191, 3.929816 ], [ 11.551851, 3.929987 ], [ 11.551688, 3.930086 ], [ 11.551538, 3.93019 ], [ 11.55136, 3.930325 ], [ 11.551271, 3.930399 ], [ 11.551208, 3.930451 ], [ 11.551037, 3.9306 ], [ 11.550893, 3.930737 ], [ 11.550738, 3.930914 ], [ 11.550627, 3.931057 ], [ 11.550545, 3.931157 ], [ 11.550148, 3.931734 ], [ 11.549874, 3.932154 ], [ 11.549809, 3.932272 ], [ 11.549744, 3.932424 ], [ 11.549462, 3.932424 ], [ 11.549213, 3.932416 ], [ 11.548995, 3.932388 ], [ 11.548857, 3.932356 ], [ 11.5488, 3.932335 ], [ 11.548744, 3.932313 ], [ 11.548634, 3.932257 ], [ 11.548514, 3.932171 ], [ 11.548367, 3.932046 ], [ 11.548185, 3.931875 ], [ 11.548125, 3.931824 ], [ 11.547982, 3.931702 ], [ 11.547828, 3.931571 ], [ 11.54766, 3.931449 ], [ 11.547574, 3.931397 ], [ 11.547515, 3.931369 ], [ 11.54748, 3.931352 ], [ 11.547318, 3.931298 ] ] } },
{ "type": "Feature", "properties": { "nom": "Carrefour de la Chapelle", "classe": "tertiary" }, "geometry": { "type": "LineString", "coordinates": [ [ 11.556043, 3.930674 ], [ 11.556015, 3.930671 ], [ 11.555989, 3.930659 ], [ 11.555967, 3.930641 ], [ 11.555952, 3.930616 ], [ 11.555944, 3.930587 ], [ 11.555946, 3.930557 ], [ 11.555957, 3.930529 ], [ 11.555976, 3.930506 ], [ 11.556001, 3.93049 ], [ 11.55603, 3.930482 ], [ 11.55606, 3.930483 ], [ 11.55609, 3.930495 ], [ 11.556111, 3.930511 ], [ 11.556131, 3.930543 ], [ 11.556137, 3.930574 ], [ 11.556133, 3.930606 ], [ 11.556119, 3.930634 ], [ 11.556097, 3.930657 ], [ 11.556071, 3.93067 ], [ 11.556043, 3.930674 ] ] } },
{ "type": "Feature", "properties": { "nom": "Rue 5.717", "classe": "tertiary" }, "geometry": { "type": "LineString", "coordinates": [ [ 11.547645, 3.939827 ], [ 11.547704, 3.939706 ], [ 11.54773, 3.939584 ], [ 11.547733, 3.939367 ] ] } },
{ "type": "Feature", "properties": { "nom": "Rue 6.501", "classe": "tertiary" }, "geometry": { "type": "LineString", "coordinates": [ [ 11.456005, 3.871338 ], [ 11.456022, 3.871245 ], [ 11.456043, 3.871164 ], [ 11.456092, 3.871073 ], [ 11.456164, 3.870964 ], [ 11.456232, 3.87086 ], [ 11.456264, 3.870838 ], [ 11.456387, 3.870761 ], [ 11.456509, 3.870684 ], [ 11.456585, 3.87064 ], [ 11.456879, 3.870476 ], [ 11.457168, 3.870303 ], [ 11.457256, 3.870224 ], [ 11.457311, 3.870144 ], [ 11.457395, 3.869993 ], [ 11.457706, 3.869506 ], [ 11.457913, 3.86918 ], [ 11.458291, 3.868613 ], [ 11.458588, 3.868192 ], [ 11.459165, 3.867351 ], [ 11.459308, 3.867153 ], [ 11.459566, 3.866746 ], [ 11.459694, 3.866586 ], [ 11.459989, 3.866408 ], [ 11.460101, 3.866326 ], [ 11.460164, 3.866268 ], [ 11.460186, 3.866241 ] ] } },
{ "type": "Feature", "properties": { "nom": "Boulevard du 20 Mai 1972", "classe": "trunk" }, "geometry": { "type": "LineString", "coordinates": [ [ 11.520856, 3.861197 ], [ 11.520289, 3.861651 ] ] } },
{ "type": "Feature", "properties": { "nom": "", "classe": "primary" }, "geometry": { "type": "LineString", "coordinates": [ [ 11.552791, 3.869222 ], [ 11.552749, 3.869096 ], [ 11.552722, 3.869024 ], [ 11.552686, 3.868909 ] ] } },
{ "type": "Feature", "properties": { "nom": "Rue 4.561", "classe": "secondary" }, "geometry": { "type": "LineString", "coordinates": [ [ 11.57439, 3.857913 ], [ 11.574698, 3.858012 ], [ 11.574803, 3.858046 ], [ 11.57487, 3.85808 ] ] } },
{ "type": "Feature", "properties": { "nom": "Rue 4.929", "classe": "primary" }, "geometry": { "type": "LineString", "coordinates": [ [ 11.552993, 3.869156 ], [ 11.55318, 3.869271 ], [ 11.553466, 3.869409 ], [ 11.553617, 3.869458 ], [ 11.553745, 3.86949 ], [ 11.553832, 3.869513 ], [ 11.553904, 3.869526 ], [ 11.553992, 3.869542 ], [ 11.554096, 3.869553 ], [ 11.554338, 3.869565 ], [ 11.554572, 3.869571 ], [ 11.5548, 3.869561 ], [ 11.555202, 3.869524 ], [ 11.555313, 3.869511 ], [ 11.555652, 3.869437 ], [ 11.555851, 3.869394 ], [ 11.555943, 3.869373 ], [ 11.556116, 3.869328 ], [ 11.556324, 3.869275 ], [ 11.556533, 3.869206 ], [ 11.556767, 3.869129 ], [ 11.556988, 3.869059 ], [ 11.557222, 3.868985 ], [ 11.557472, 3.868904 ], [ 11.557654, 3.868846 ], [ 11.557925, 3.868761 ], [ 11.558118, 3.8687 ], [ 11.55844, 3.868621 ], [ 11.558612, 3.86859 ], [ 11.558762, 3.868576 ], [ 11.558945, 3.868569 ], [ 11.559088, 3.86859 ], [ 11.559175, 3.868608 ], [ 11.559359, 3.86867 ], [ 11.55976, 3.868809 ], [ 11.559826, 3.868827 ], [ 11.559936, 3.868853 ], [ 11.560033, 3.868847 ], [ 11.560111, 3.868836 ], [ 11.560172, 3.86882 ], [ 11.560224, 3.8688 ], [ 11.561582, 3.868232 ], [ 11.562062, 3.868049 ], [ 11.56254, 3.867871 ], [ 11.563286, 3.867556 ], [ 11.563733, 3.867377 ], [ 11.564201, 3.867192 ], [ 11.564656, 3.867002 ], [ 11.56512, 3.866814 ], [ 11.565594, 3.866623 ], [ 11.566697, 3.866185 ], [ 11.567749, 3.865755 ], [ 11.56833, 3.865524 ], [ 11.568659, 3.865391 ], [ 11.56887, 3.865302 ], [ 11.569299, 3.865126 ], [ 11.569743, 3.864946 ], [ 11.569999, 3.864842 ], [ 11.570168, 3.864743 ], [ 11.570201, 3.864713 ], [ 11.570228, 3.864689 ], [ 11.570256, 3.864655 ], [ 11.570269, 3.864608 ], [ 11.570274, 3.864523 ], [ 11.57026, 3.864407 ], [ 11.570232, 3.864265 ], [ 11.570207, 3.864119 ], [ 11.570175, 3.86391 ], [ 11.570163, 3.86379 ], [ 11.570163, 3.863735 ], [ 11.570183, 3.863674 ], [ 11.5702, 3.863644 ], [ 11.570225, 3.863622 ], [ 11.570251, 3.863605 ], [ 11.570536, 3.86344 ], [ 11.570766, 3.863306 ], [ 11.570984, 3.863195 ], [ 11.571077, 3.863138 ], [ 11.571313, 3.862969 ], [ 11.571369, 3.862926 ], [ 11.571426, 3.862882 ], [ 11.571572, 3.862757 ], [ 11.571656, 3.862676 ], [ 11.571714, 3.862618 ], [ 11.571851, 3.862458 ], [ 11.572054, 3.862207 ], [ 11.572243, 3.861972 ], [ 11.572333, 3.86185 ], [ 11.572421, 3.861728 ], [ 11.572512, 3.86159 ], [ 11.572634, 3.861406 ], [ 11.573093, 3.860731 ], [ 11.573435, 3.860214 ], [ 11.574225, 3.859021 ], [ 11.574534, 3.858576 ], [ 11.574616, 3.858431 ], [ 11.574674, 3.858226 ], [ 11.574689, 3.858185 ], [ 11.574715, 3.858143 ] ] } },
{ "type": "Feature", "properties": { "nom": "Rue 4.766", "classe": "tertiary" }, "geometry": { "type": "LineString", "coordinates": [ [ 11.552847, 3.869545 ], [ 11.552838, 3.869437 ], [ 11.552827, 3.869362 ], [ 11.552798, 3.869261 ] ] } },
{ "type": "Feature", "properties": { "nom": "Rue 4.766", "classe": "tertiary" }, "geometry": { "type": "LineString", "coordinates": [ [ 11.55293, 3.86933 ], [ 11.552901, 3.869373 ], [ 11.552882, 3.869417 ], [ 11.552847, 3.869545 ] ] } },
{ "type": "Feature", "properties": { "nom": "Rue 4.561", "classe": "secondary" }, "geometry": { "type": "LineString", "coordinates": [ [ 11.552993, 3.869156 ], [ 11.553067, 3.869143 ], [ 11.553121, 3.869118 ], [ 11.553157, 3.869093 ], [ 11.553231, 3.869033 ] ] } },
{ "type": "Feature", "properties": { "nom": "Rue 4.561", "classe": "secondary" }, "geometry": { "type": "LineString", "coordinates": [ [ 11.574674, 3.858226 ], [ 11.574639, 3.858162 ], [ 11.574596, 3.858093 ], [ 11.574558, 3.858039 ], [ 11.574512, 3.857998 ], [ 11.57439, 3.857913 ] ] } },
{ "type": "Feature", "properties": { "nom": "", "classe": "primary" }, "geometry": { "type": "LineString", "coordinates": [ [ 11.55992, 3.868997 ], [ 11.559893, 3.86898 ], [ 11.559875, 3.868952 ], [ 11.559871, 3.868919 ], [ 11.559882, 3.868888 ], [ 11.559905, 3.868864 ], [ 11.559936, 3.868853 ] ] } },
{ "type": "Feature", "properties": { "nom": "", "classe": "primary" }, "geometry": { "type": "LineString", "coordinates": [ [ 11.559936, 3.868853 ], [ 11.559962, 3.868854 ], [ 11.559985, 3.868864 ], [ 11.560005, 3.86888 ], [ 11.560017, 3.868903 ], [ 11.560021, 3.868928 ], [ 11.560016, 3.868953 ], [ 11.560004, 3.868975 ], [ 11.559985, 3.868991 ] ] } },
{ "type": "Feature", "properties": { "nom": "Rue 1.032", "classe": "secondary" }, "geometry": { "type": "LineString", "coordinates": [ [ 11.513696, 3.879963 ], [ 11.513875, 3.880043 ], [ 11.514009, 3.880138 ], [ 11.514172, 3.880311 ], [ 11.514306, 3.880505 ], [ 11.514388, 3.880648 ], [ 11.514555, 3.880851 ], [ 11.514732, 3.880997 ], [ 11.514846, 3.88106 ], [ 11.51496, 3.881108 ], [ 11.515062, 3.881136 ], [ 11.51515, 3.881158 ] ] } },
{ "type": "Feature", "properties": { "nom": "Rue 6.501", "classe": "tertiary" }, "geometry": { "type": "LineString", "coordinates": [ [ 11.455998, 3.87175 ], [ 11.456005, 3.871338 ] ] } },
{ "type": "Feature", "properties": { "nom": "Rue 6.501", "classe": "tertiary" }, "geometry": { "type": "LineString", "coordinates": [ [ 11.454284, 3.872146 ], [ 11.45436, 3.87211 ], [ 11.454433, 3.872094 ], [ 11.454654, 3.872089 ], [ 11.454898, 3.872113 ], [ 11.455113, 3.872112 ], [ 11.455631, 3.872125 ], [ 11.45575, 3.872118 ], [ 11.455836, 3.872086 ], [ 11.455904, 3.872047 ], [ 11.455948, 3.872006 ], [ 11.455956, 3.87199 ], [ 11.455982, 3.871942 ], [ 11.455993, 3.871867 ], [ 11.455998, 3.87175 ] ] } },
{ "type": "Feature", "properties": { "nom": "", "classe": "tertiary" }, "geometry": { "type": "LineString", "coordinates": [ [ 11.464068, 3.80808 ], [ 11.464137, 3.808043 ], [ 11.46418, 3.807984 ], [ 11.464199, 3.807892 ], [ 11.464205, 3.807774 ] ] } },
{ "type": "Feature", "properties": { "nom": "Rue 7.936", "classe": "tertiary" }, "geometry": { "type": "LineString", "coordinates": [ [ 11.463258, 3.822999 ], [ 11.463296, 3.82307 ], [ 11.463344, 3.823133 ], [ 11.463414, 3.823234 ], [ 11.463487, 3.823316 ], [ 11.463612, 3.823444 ], [ 11.46371, 3.823542 ], [ 11.463782, 3.8236 ], [ 11.463844, 3.82365 ], [ 11.463918, 3.823704 ] ] } },
{ "type": "Feature", "properties": { "nom": "", "classe": "motorway" }, "geometry": { "type": "LineString", "coordinates": [ [ 11.540691, 3.716609 ], [ 11.540243, 3.7169 ], [ 11.539891, 3.717145 ], [ 11.539692, 3.717298 ], [ 11.539506, 3.717436 ], [ 11.539377, 3.717553 ], [ 11.539224, 3.717677 ], [ 11.539088, 3.717799 ] ] } },
{ "type": "Feature", "properties": { "nom": "", "classe": "motorway" }, "geometry": { "type": "LineString", "coordinates": [ [ 11.538427, 3.71836 ], [ 11.538565, 3.718184 ], [ 11.538909, 3.717812 ], [ 11.539212, 3.717518 ], [ 11.539564, 3.717217 ], [ 11.539868, 3.716993 ], [ 11.540246, 3.716781 ], [ 11.540685, 3.716519 ] ] } },
{ "type": "Feature", "properties": { "nom": "Rue 3.025", "classe": "tertiary" }, "geometry": { "type": "LineString", "coordinates": [ [ 11.519525, 3.858236 ], [ 11.519515, 3.858268 ], [ 11.519485, 3.85836 ] ] } },
{ "type": "Feature", "properties": { "nom": "Rue 3.025", "classe": "tertiary" }, "geometry": { "type": "LineString", "coordinates": [ [ 11.519384, 3.858249 ], [ 11.519525, 3.858236 ] ] } },
{ "type": "Feature", "properties": { "nom": "Rue 8.138", "classe": "primary" }, "geometry": { "type": "LineString", "coordinates": [ [ 11.507789, 3.826468 ], [ 11.507791, 3.826528 ], [ 11.507793, 3.826559 ], [ 11.507791, 3.826592 ] ] } },
{ "type": "Feature", "properties": { "nom": "", "classe": "tertiary" }, "geometry": { "type": "LineString", "coordinates": [ [ 11.557827, 3.956522 ], [ 11.557906, 3.956506 ], [ 11.55887, 3.956309 ], [ 11.559503, 3.956193 ], [ 11.560104, 3.956131 ], [ 11.560675, 3.956029 ], [ 11.561245, 3.95589 ], [ 11.562107, 3.955733 ], [ 11.562496, 3.955639 ], [ 11.562746, 3.955598 ] ] } },
{ "type": "Feature", "properties": { "nom": "Rue 5.734", "classe": "tertiary" }, "geometry": { "type": "LineString", "coordinates": [ [ 11.571885, 3.941975 ], [ 11.572112, 3.942166 ], [ 11.572263, 3.942284 ], [ 11.572399, 3.942385 ], [ 11.572548, 3.942468 ], [ 11.572702, 3.942543 ] ] } },
{ "type": "Feature", "properties": { "nom": "Rue 5.734", "classe": "tertiary" }, "geometry": { "type": "LineString", "coordinates": [ [ 11.573004, 3.942638 ], [ 11.573312, 3.942737 ], [ 11.573568, 3.942837 ], [ 11.573861, 3.942971 ], [ 11.574177, 3.943129 ], [ 11.574458, 3.943251 ], [ 11.574584, 3.943333 ], [ 11.574917, 3.943624 ], [ 11.575158, 3.943892 ], [ 11.575473, 3.944224 ] ] } },
{ "type": "Feature", "properties": { "nom": "Rue 5.734", "classe": "tertiary" }, "geometry": { "type": "LineString", "coordinates": [ [ 11.572702, 3.942543 ], [ 11.573004, 3.942638 ] ] } },
{ "type": "Feature", "properties": { "nom": "Rue 5.858", "classe": "tertiary" }, "geometry": { "type": "LineString", "coordinates": [ [ 11.514394, 3.924793 ], [ 11.514173, 3.924697 ] ] } },
{ "type": "Feature", "properties": { "nom": "Rue 5.858", "classe": "tertiary" }, "geometry": { "type": "LineString", "coordinates": [ [ 11.516369, 3.92527 ], [ 11.515603, 3.925161 ], [ 11.515524, 3.92515 ], [ 11.515277, 3.925108 ], [ 11.515104, 3.92507 ], [ 11.51504, 3.925051 ], [ 11.514833, 3.924978 ], [ 11.514394, 3.924793 ] ] } },
{ "type": "Feature", "properties": { "nom": "", "classe": "trunk" }, "geometry": { "type": "LineString", "coordinates": [ [ 11.520027, 3.931208 ], [ 11.520053, 3.930755 ] ] } },
{ "type": "Feature", "properties": { "nom": "", "classe": "trunk" }, "geometry": { "type": "LineString", "coordinates": [ [ 11.519987, 3.931663 ], [ 11.520027, 3.931208 ] ] } },
{ "type": "Feature", "properties": { "nom": "Rue 5.767", "classe": "trunk" }, "geometry": { "type": "LineString", "coordinates": [ [ 11.520136, 3.931216 ], [ 11.520101, 3.931666 ] ] } },
{ "type": "Feature", "properties": { "nom": "Rue 5.767", "classe": "trunk" }, "geometry": { "type": "LineString", "coordinates": [ [ 11.520051, 3.917544 ], [ 11.519999, 3.917767 ], [ 11.519951, 3.917969 ], [ 11.519812, 3.918568 ], [ 11.519707, 3.919047 ], [ 11.519597, 3.919506 ], [ 11.519556, 3.919679 ], [ 11.51942, 3.92023 ], [ 11.519262, 3.920925 ], [ 11.519196, 3.921199 ], [ 11.519133, 3.921578 ], [ 11.519113, 3.921748 ], [ 11.51909, 3.922029 ], [ 11.519079, 3.922363 ], [ 11.5191, 3.922825 ], [ 11.5191, 3.922877 ], [ 11.519107, 3.923112 ], [ 11.519172, 3.923658 ], [ 11.519201, 3.923894 ], [ 11.51922, 3.92406 ], [ 11.519272, 3.924457 ], [ 11.519303, 3.924628 ], [ 11.519335, 3.924767 ], [ 11.51941, 3.925044 ], [ 11.519512, 3.925324 ], [ 11.519613, 3.92555 ], [ 11.519718, 3.92579 ], [ 11.519875, 3.926092 ], [ 11.520089, 3.92652 ], [ 11.520212, 3.926798 ], [ 11.520279, 3.926984 ], [ 11.52032, 3.927248 ], [ 11.520351, 3.927526 ], [ 11.520368, 3.927846 ], [ 11.520357, 3.928126 ], [ 11.520331, 3.928771 ], [ 11.5203, 3.929128 ], [ 11.520261, 3.929636 ], [ 11.520221, 3.930056 ], [ 11.520198, 3.930278 ], [ 11.520151, 3.931021 ], [ 11.520136, 3.931216 ] ] } },
{ "type": "Feature", "properties": { "nom": "Rue 6.284", "classe": "tertiary" }, "geometry": { "type": "LineString", "coordinates": [ [ 11.456804, 3.888791 ], [ 11.456601, 3.888916 ], [ 11.456468, 3.888974 ], [ 11.456363, 3.88901 ], [ 11.456221, 3.889053 ], [ 11.456114, 3.88907 ], [ 11.455776, 3.889123 ], [ 11.455678, 3.889152 ] ] } },
{ "type": "Feature", "properties": { "nom": "Rue 6.284", "classe": "tertiary" }, "geometry": { "type": "LineString", "coordinates": [ [ 11.456914, 3.888704 ], [ 11.456804, 3.888791 ] ] } },
{ "type": "Feature", "properties": { "nom": "Avenue Marc Vivien Foe", "classe": "secondary" }, "geometry": { "type": "LineString", "coordinates": [ [ 11.539852, 3.877461 ], [ 11.539791, 3.877617 ] ] } },
{ "type": "Feature", "properties": { "nom": "Avenue Marc Vivien Foe", "classe": "secondary" }, "geometry": { "type": "LineString", "coordinates": [ [ 11.540472, 3.874025 ], [ 11.540483, 3.874347 ], [ 11.540471, 3.874651 ], [ 11.540456, 3.874913 ], [ 11.540404, 3.87544 ], [ 11.540354, 3.875873 ], [ 11.540318, 3.876156 ], [ 11.540243, 3.87656 ], [ 11.540208, 3.876687 ], [ 11.540167, 3.876803 ], [ 11.540007, 3.877142 ], [ 11.539852, 3.877461 ] ] } },
{ "type": "Feature", "properties": { "nom": "Rue 4.766", "classe": "tertiary" }, "geometry": { "type": "LineString", "coordinates": [ [ 11.570463, 3.878848 ], [ 11.570616, 3.878896 ] ] } },
{ "type": "Feature", "properties": { "nom": "Rue 4.766", "classe": "tertiary" }, "geometry": { "type": "LineString", "coordinates": [ [ 11.566622, 3.876703 ], [ 11.566811, 3.877109 ], [ 11.567176, 3.877686 ], [ 11.567436, 3.877938 ], [ 11.567621, 3.878063 ], [ 11.567788, 3.878156 ], [ 11.567992, 3.878223 ], [ 11.568589, 3.878339 ], [ 11.568696, 3.878362 ], [ 11.569137, 3.878469 ], [ 11.569359, 3.878503 ], [ 11.569529, 3.878545 ], [ 11.569728, 3.878605 ], [ 11.569883, 3.878665 ], [ 11.570107, 3.878727 ], [ 11.570299, 3.878796 ], [ 11.570463, 3.878848 ] ] } },
{ "type": "Feature", "properties": { "nom": "Nouvelle Route Bastos", "classe": "secondary" }, "geometry": { "type": "LineString", "coordinates": [ [ 11.505595, 3.88668 ], [ 11.505222, 3.886801 ], [ 11.504921, 3.886884 ], [ 11.504314, 3.887052 ], [ 11.504203, 3.887075 ], [ 11.503916, 3.88712 ], [ 11.503737, 3.887143 ], [ 11.503477, 3.887172 ], [ 11.503316, 3.887186 ], [ 11.503151, 3.887195 ], [ 11.503125, 3.887196 ], [ 11.502923, 3.887204 ], [ 11.502819, 3.887208 ], [ 11.502746, 3.88721 ], [ 11.502438, 3.887195 ] ] } },
{ "type": "Feature", "properties": { "nom": "Nouvelle Route Bastos", "classe": "secondary" }, "geometry": { "type": "LineString", "coordinates": [ [ 11.505829, 3.886591 ], [ 11.505595, 3.88668 ] ] } },
{ "type": "Feature", "properties": { "nom": "Rue 6.251", "classe": "secondary" }, "geometry": { "type": "LineString", "coordinates": [ [ 11.48696, 3.878306 ], [ 11.486729, 3.878276 ], [ 11.486512, 3.878201 ], [ 11.485944, 3.878003 ], [ 11.48529, 3.877713 ], [ 11.485087, 3.877605 ], [ 11.485021, 3.877572 ], [ 11.484699, 3.877361 ], [ 11.484378, 3.877152 ], [ 11.484152, 3.87702 ], [ 11.483846, 3.876852 ] ] } },
{ "type": "Feature", "properties": { "nom": "Rue 8.318", "classe": "secondary" }, "geometry": { "type": "LineString", "coordinates": [ [ 11.487272, 3.778935 ], [ 11.487153, 3.778874 ], [ 11.486796, 3.778663 ], [ 11.486602, 3.778547 ], [ 11.486474, 3.778446 ], [ 11.485963, 3.778027 ], [ 11.485832, 3.777931 ] ] } },
{ "type": "Feature", "properties": { "nom": "Rue 8.318", "classe": "secondary" }, "geometry": { "type": "LineString", "coordinates": [ [ 11.487416, 3.779028 ], [ 11.487272, 3.778935 ] ] } },
{ "type": "Feature", "properties": { "nom": "", "classe": "trunk" }, "geometry": { "type": "LineString", "coordinates": [ [ 11.484215, 3.794603 ], [ 11.484385, 3.794594 ] ] } },
{ "type": "Feature", "properties": { "nom": "", "classe": "trunk" }, "geometry": { "type": "LineString", "coordinates": [ [ 11.468772, 3.786046 ], [ 11.469033, 3.78625 ], [ 11.46927, 3.786469 ], [ 11.469327, 3.786522 ], [ 11.469523, 3.786716 ], [ 11.469886, 3.787089 ], [ 11.470028, 3.787254 ], [ 11.470176, 3.787433 ], [ 11.470272, 3.787579 ], [ 11.470692, 3.788168 ], [ 11.470942, 3.788512 ], [ 11.472093, 3.790192 ], [ 11.472231, 3.790395 ], [ 11.472768, 3.791191 ], [ 11.472833, 3.791288 ], [ 11.47301, 3.791551 ], [ 11.473187, 3.791832 ], [ 11.473366, 3.792088 ], [ 11.473524, 3.792316 ], [ 11.473611, 3.792431 ], [ 11.473807, 3.792667 ], [ 11.474097, 3.792995 ], [ 11.474304, 3.793203 ], [ 11.474783, 3.793609 ], [ 11.47494, 3.793743 ], [ 11.475272, 3.793948 ], [ 11.475532, 3.794108 ], [ 11.476067, 3.794364 ], [ 11.476478, 3.794525 ], [ 11.476699, 3.79461 ], [ 11.476908, 3.79467 ], [ 11.477217, 3.794747 ], [ 11.477576, 3.794821 ], [ 11.478001, 3.794879 ], [ 11.478234, 3.794899 ], [ 11.478544, 3.794903 ], [ 11.47881, 3.794898 ], [ 11.479417, 3.794855 ], [ 11.48062, 3.7948 ], [ 11.481435, 3.794755 ], [ 11.481858, 3.794731 ], [ 11.482504, 3.794701 ], [ 11.48281, 3.794687 ], [ 11.483307, 3.794665 ], [ 11.48352, 3.794655 ], [ 11.484132, 3.794608 ], [ 11.484194, 3.794603 ], [ 11.484215, 3.794603 ] ] } },
{ "type": "Feature", "properties": { "nom": "Rue Charles Bindzi", "classe": "tertiary" }, "geometry": { "type": "LineString", "coordinates": [ [ 11.523153, 3.895585 ], [ 11.52304, 3.895629 ] ] } },
{ "type": "Feature", "properties": { "nom": "Rue 1.319", "classe": "tertiary" }, "geometry": { "type": "LineString", "coordinates": [ [ 11.544336, 3.869958 ], [ 11.544189, 3.870045 ] ] } },
{ "type": "Feature", "properties": { "nom": "Rue Charles Bindzi", "classe": "tertiary" }, "geometry": { "type": "LineString", "coordinates": [ [ 11.522789, 3.895713 ], [ 11.522613, 3.895965 ] ] } },
{ "type": "Feature", "properties": { "nom": "Rue 1.810", "classe": "tertiary" }, "geometry": { "type": "LineString", "coordinates": [ [ 11.521784, 3.8928 ], [ 11.521715, 3.892796 ] ] } },
{ "type": "Feature", "properties": { "nom": "", "classe": "tertiary" }, "geometry": { "type": "LineString", "coordinates": [ [ 11.581953, 3.939213 ], [ 11.581873, 3.939235 ], [ 11.581807, 3.939257 ], [ 11.581742, 3.939276 ], [ 11.581681, 3.939297 ], [ 11.581632, 3.939305 ] ] } },
{ "type": "Feature", "properties": { "nom": "Rue 8.437", "classe": "secondary" }, "geometry": { "type": "LineString", "coordinates": [ [ 11.507054, 3.78028 ], [ 11.507478, 3.780363 ], [ 11.50772, 3.780403 ], [ 11.507988, 3.78043 ], [ 11.508383, 3.780446 ], [ 11.508778, 3.780427 ], [ 11.509184, 3.780371 ], [ 11.509716, 3.780241 ], [ 11.510389, 3.780049 ], [ 11.511876, 3.779615 ], [ 11.512249, 3.779541 ], [ 11.512611, 3.779516 ], [ 11.512964, 3.779502 ], [ 11.513309, 3.779504 ], [ 11.514607, 3.779568 ], [ 11.514699, 3.779622 ] ] } },
{ "type": "Feature", "properties": { "nom": "Rue 8.437", "classe": "secondary" }, "geometry": { "type": "LineString", "coordinates": [ [ 11.514699, 3.779622 ], [ 11.514658, 3.779673 ], [ 11.514617, 3.779687 ], [ 11.513288, 3.779623 ], [ 11.512936, 3.779623 ], [ 11.51261, 3.779642 ], [ 11.512267, 3.779683 ], [ 11.511884, 3.779743 ], [ 11.509744, 3.780374 ], [ 11.50957, 3.78041 ], [ 11.509209, 3.780473 ], [ 11.508858, 3.78052 ], [ 11.508416, 3.780556 ], [ 11.508029, 3.780542 ], [ 11.507713, 3.78051 ], [ 11.507445, 3.780474 ], [ 11.506985, 3.780383 ] ] } },
{ "type": "Feature", "properties": { "nom": "Rue 8.437", "classe": "secondary" }, "geometry": { "type": "LineString", "coordinates": [ [ 11.506985, 3.780383 ], [ 11.506179, 3.780213 ] ] } },
{ "type": "Feature", "properties": { "nom": "Rue 8.437", "classe": "secondary" }, "geometry": { "type": "LineString", "coordinates": [ [ 11.506233, 3.780114 ], [ 11.507054, 3.78028 ] ] } },
{ "type": "Feature", "properties": { "nom": "Rue 8.437", "classe": "secondary" }, "geometry": { "type": "LineString", "coordinates": [ [ 11.499793, 3.779858 ], [ 11.500162, 3.779827 ], [ 11.500482, 3.779903 ], [ 11.500738, 3.779937 ], [ 11.50103, 3.77997 ], [ 11.501304, 3.779988 ], [ 11.501622, 3.77999 ], [ 11.501895, 3.779967 ], [ 11.502159, 3.779929 ], [ 11.502771, 3.779824 ], [ 11.503094, 3.779773 ], [ 11.503455, 3.779737 ], [ 11.504144, 3.779733 ], [ 11.504459, 3.77977 ], [ 11.506233, 3.780114 ] ] } },
{ "type": "Feature", "properties": { "nom": "", "classe": "motorway" }, "geometry": { "type": "LineString", "coordinates": [ [ 11.540685, 3.716519 ], [ 11.540814, 3.716448 ] ] } },
{ "type": "Feature", "properties": { "nom": "Rue 4.766", "classe": "tertiary" }, "geometry": { "type": "LineString", "coordinates": [ [ 11.566463, 3.876492 ], [ 11.566507, 3.876564 ], [ 11.566563, 3.876626 ], [ 11.566595, 3.876661 ], [ 11.566622, 3.876703 ] ] } },
{ "type": "Feature", "properties": { "nom": "", "classe": "tertiary" }, "geometry": { "type": "LineString", "coordinates": [ [ 11.557135, 3.802592 ], [ 11.557081, 3.802509 ], [ 11.557041, 3.802424 ], [ 11.556705, 3.801873 ], [ 11.556421, 3.801412 ], [ 11.556394, 3.801369 ], [ 11.556282, 3.801075 ], [ 11.556263, 3.80082 ], [ 11.55626, 3.80078 ], [ 11.556357, 3.800384 ], [ 11.556507, 3.800058 ], [ 11.557019, 3.799178 ], [ 11.557393, 3.798524 ] ] } },
{ "type": "Feature", "properties": { "nom": "", "classe": "tertiary" }, "geometry": { "type": "LineString", "coordinates": [ [ 11.557613, 3.803183 ], [ 11.557456, 3.802983 ], [ 11.557306, 3.802817 ], [ 11.557135, 3.802592 ] ] } },
{ "type": "Feature", "properties": { "nom": "", "classe": "trunk" }, "geometry": { "type": "LineString", "coordinates": [ [ 11.501746, 3.798163 ], [ 11.501809, 3.798253 ], [ 11.501866, 3.798305 ], [ 11.502754, 3.798815 ], [ 11.5033, 3.799115 ], [ 11.503524, 3.799246 ], [ 11.504217, 3.799667 ], [ 11.504488, 3.799861 ], [ 11.504795, 3.800082 ], [ 11.505059, 3.800265 ], [ 11.50541, 3.800526 ], [ 11.505914, 3.800992 ], [ 11.506132, 3.801186 ], [ 11.506513, 3.801569 ], [ 11.506845, 3.801917 ], [ 11.507048, 3.802112 ], [ 11.507256, 3.802245 ] ] } },
{ "type": "Feature", "properties": { "nom": "", "classe": "trunk" }, "geometry": { "type": "LineString", "coordinates": [ [ 11.501549, 3.798393 ], [ 11.501479, 3.798383 ], [ 11.501416, 3.798351 ], [ 11.501369, 3.798299 ], [ 11.501341, 3.798234 ], [ 11.501337, 3.798163 ], [ 11.501358, 3.798096 ], [ 11.501397, 3.798042 ], [ 11.501452, 3.798003 ], [ 11.501517, 3.797984 ], [ 11.501584, 3.797987 ], [ 11.501643, 3.79801 ], [ 11.501693, 3.798049 ], [ 11.501728, 3.798102 ], [ 11.501746, 3.798163 ], [ 11.501748, 3.79821 ], [ 11.501736, 3.798266 ], [ 11.501678, 3.798341 ], [ 11.501648, 3.79836 ], [ 11.501618, 3.798378 ], [ 11.501549, 3.798393 ] ] } },
{ "type": "Feature", "properties": { "nom": "Autoroute Yaoundé-Nsimalen", "classe": "motorway" }, "geometry": { "type": "LineString", "coordinates": [ [ 11.502013, 3.798168 ], [ 11.501993, 3.79874 ] ] } },
{ "type": "Feature", "properties": { "nom": "Autoroute Yaoundé-Nsimalen", "classe": "motorway" }, "geometry": { "type": "LineString", "coordinates": [ [ 11.501876, 3.798682 ], [ 11.501905, 3.798125 ] ] } },
{ "type": "Feature", "properties": { "nom": "Autoroute Yaoundé-Nsimalen", "classe": "motorway" }, "geometry": { "type": "LineString", "coordinates": [ [ 11.501756, 3.794879 ], [ 11.501774, 3.795069 ], [ 11.501916, 3.795905 ], [ 11.50195, 3.796174 ] ] } },
{ "type": "Feature", "properties": { "nom": "Rue 2.065", "classe": "tertiary" }, "geometry": { "type": "LineString", "coordinates": [ [ 11.512597, 3.879189 ], [ 11.512602, 3.879323 ], [ 11.512619, 3.879441 ], [ 11.512648, 3.879503 ], [ 11.512686, 3.879561 ] ] } },
{ "type": "Feature", "properties": { "nom": "Rue 2.065", "classe": "tertiary" }, "geometry": { "type": "LineString", "coordinates": [ [ 11.512417, 3.879413 ], [ 11.512486, 3.879369 ], [ 11.512548, 3.879292 ], [ 11.512597, 3.879189 ] ] } },
{ "type": "Feature", "properties": { "nom": "Rue 7.068", "classe": "tertiary" }, "geometry": { "type": "LineString", "coordinates": [ [ 11.464157, 3.849364 ], [ 11.46404, 3.849387 ], [ 11.463922, 3.849429 ], [ 11.463591, 3.849538 ], [ 11.463529, 3.849557 ], [ 11.463433, 3.8496 ], [ 11.463401, 3.849616 ], [ 11.463347, 3.849656 ], [ 11.463238, 3.849751 ], [ 11.46313, 3.849884 ], [ 11.462972, 3.850096 ], [ 11.462899, 3.85018 ], [ 11.462811, 3.850293 ], [ 11.46269, 3.850379 ], [ 11.462487, 3.850481 ], [ 11.462444, 3.850503 ], [ 11.462292, 3.850553 ], [ 11.462104, 3.850611 ], [ 11.461902, 3.850686 ], [ 11.461885, 3.850692 ], [ 11.461464, 3.85085 ], [ 11.461258, 3.850943 ], [ 11.461035, 3.851018 ] ] } },
{ "type": "Feature", "properties": { "nom": "Rue 6.513", "classe": "tertiary" }, "geometry": { "type": "LineString", "coordinates": [ [ 11.460186, 3.866241 ], [ 11.460162, 3.866149 ], [ 11.460149, 3.866081 ], [ 11.460126, 3.866014 ], [ 11.460097, 3.865926 ], [ 11.460064, 3.865853 ], [ 11.46003, 3.865795 ], [ 11.459997, 3.865767 ], [ 11.459954, 3.865739 ], [ 11.459835, 3.865698 ], [ 11.459742, 3.865679 ], [ 11.459311, 3.865698 ], [ 11.459091, 3.865687 ], [ 11.458981, 3.865645 ], [ 11.458893, 3.86559 ], [ 11.458824, 3.865482 ], [ 11.458794, 3.865382 ], [ 11.45875, 3.865223 ], [ 11.458665, 3.864628 ], [ 11.458596, 3.864352 ] ] } },
{ "type": "Feature", "properties": { "nom": "Rue 6.517", "classe": "tertiary" }, "geometry": { "type": "LineString", "coordinates": [ [ 11.454216, 3.872613 ], [ 11.45424, 3.87244 ], [ 11.454253, 3.872267 ], [ 11.454262, 3.872204 ], [ 11.454284, 3.872146 ] ] } },
{ "type": "Feature", "properties": { "nom": "Rue 6.545", "classe": "tertiary" }, "geometry": { "type": "LineString", "coordinates": [ [ 11.459859, 3.862203 ], [ 11.459831, 3.862087 ] ] } },
{ "type": "Feature", "properties": { "nom": "Rue 6.545", "classe": "tertiary" }, "geometry": { "type": "LineString", "coordinates": [ [ 11.460353, 3.863711 ], [ 11.46037, 3.863671 ], [ 11.460038, 3.862596 ], [ 11.459873, 3.862246 ], [ 11.459859, 3.862203 ] ] } },
{ "type": "Feature", "properties": { "nom": "Rue 5.767", "classe": "trunk" }, "geometry": { "type": "LineString", "coordinates": [ [ 11.51992, 3.917603 ], [ 11.52006, 3.916897 ] ] } },
{ "type": "Feature", "properties": { "nom": "Rue 5.760", "classe": "secondary" }, "geometry": { "type": "LineString", "coordinates": [ [ 11.520051, 3.917544 ], [ 11.51992, 3.917603 ] ] } },
{ "type": "Feature", "properties": { "nom": "Rue 5.767", "classe": "trunk" }, "geometry": { "type": "LineString", "coordinates": [ [ 11.520351, 3.915939 ], [ 11.520326, 3.916061 ], [ 11.520226, 3.916669 ], [ 11.520051, 3.917544 ] ] } },
{ "type": "Feature", "properties": { "nom": "Rue 5.767", "classe": "trunk" }, "geometry": { "type": "LineString", "coordinates": [ [ 11.520413, 3.915475 ], [ 11.520398, 3.915573 ], [ 11.52037, 3.915787 ], [ 11.520351, 3.915939 ] ] } },
{ "type": "Feature", "properties": { "nom": "Avenue Konrad Adenauer", "classe": "trunk" }, "geometry": { "type": "LineString", "coordinates": [ [ 11.515931, 3.878561 ], [ 11.51594, 3.878608 ], [ 11.515972, 3.878788 ] ] } },
{ "type": "Feature", "properties": { "nom": "Avenue Konrad Adenauer", "classe": "trunk" }, "geometry": { "type": "LineString", "coordinates": [ [ 11.515118, 3.875327 ], [ 11.515166, 3.875539 ], [ 11.515178, 3.875594 ], [ 11.51536, 3.876265 ], [ 11.515512, 3.876891 ], [ 11.515742, 3.877812 ], [ 11.515865, 3.8783 ], [ 11.515931, 3.878561 ] ] } },
{ "type": "Feature", "properties": { "nom": "Avenue Charles De Gaulle", "classe": "secondary" }, "geometry": { "type": "LineString", "coordinates": [ [ 11.517036, 3.875729 ], [ 11.516949, 3.875987 ], [ 11.516862, 3.876226 ] ] } },
{ "type": "Feature", "properties": { "nom": "Rue 3.010", "classe": "secondary" }, "geometry": { "type": "LineString", "coordinates": [ [ 11.519709, 3.861202 ], [ 11.51963, 3.861231 ], [ 11.518854, 3.861517 ], [ 11.51865, 3.861591 ], [ 11.517877, 3.861873 ] ] } },
{ "type": "Feature", "properties": { "nom": "Rue 8.437", "classe": "secondary" }, "geometry": { "type": "LineString", "coordinates": [ [ 11.506179, 3.780213 ], [ 11.505176, 3.780003 ], [ 11.504917, 3.779945 ], [ 11.504576, 3.779894 ], [ 11.504121, 3.77985 ], [ 11.503754, 3.779839 ], [ 11.503437, 3.779855 ], [ 11.502955, 3.779917 ], [ 11.502491, 3.780009 ], [ 11.50228, 3.780052 ], [ 11.50197, 3.780095 ], [ 11.501665, 3.780118 ], [ 11.501345, 3.780126 ], [ 11.501079, 3.780121 ], [ 11.500797, 3.780092 ], [ 11.500469, 3.780029 ], [ 11.500131, 3.779949 ], [ 11.499793, 3.779858 ] ] } },
{ "type": "Feature", "properties": { "nom": "", "classe": "tertiary" }, "geometry": { "type": "LineString", "coordinates": [ [ 11.452532, 3.80144 ], [ 11.452433, 3.801455 ], [ 11.451858, 3.80154 ], [ 11.451553, 3.801556 ], [ 11.451392, 3.801619 ], [ 11.451218, 3.801677 ], [ 11.451063, 3.801764 ], [ 11.450903, 3.801886 ], [ 11.450584, 3.802041 ], [ 11.45038, 3.802128 ], [ 11.450252, 3.802165 ], [ 11.450089, 3.802201 ], [ 11.449709, 3.80229 ], [ 11.449426, 3.802394 ], [ 11.449023, 3.802579 ], [ 11.448754, 3.802715 ], [ 11.44817, 3.803157 ], [ 11.44773, 3.803489 ], [ 11.446967, 3.8041 ], [ 11.446469, 3.804499 ], [ 11.445961, 3.804923 ], [ 11.445695, 3.805151 ], [ 11.445388, 3.805375 ], [ 11.44504, 3.805664 ], [ 11.444897, 3.805774 ], [ 11.444703, 3.805899 ], [ 11.444507, 3.806007 ], [ 11.444251, 3.806139 ], [ 11.444034, 3.806204 ], [ 11.443574, 3.80634 ], [ 11.443288, 3.806423 ], [ 11.44302, 3.806512 ], [ 11.442832, 3.806581 ], [ 11.442676, 3.806653 ], [ 11.442345, 3.806851 ], [ 11.442328, 3.806875 ], [ 11.442135, 3.807146 ], [ 11.442051, 3.807286 ], [ 11.441964, 3.807487 ], [ 11.441816, 3.807901 ], [ 11.441768, 3.80805 ], [ 11.441728, 3.808185 ], [ 11.441691, 3.808359 ], [ 11.441677, 3.808481 ], [ 11.441666, 3.808606 ], [ 11.441663, 3.808673 ], [ 11.44166, 3.808756 ], [ 11.441677, 3.809141 ], [ 11.441684, 3.809449 ], [ 11.441689, 3.809691 ], [ 11.441671, 3.809918 ], [ 11.441677, 3.810041 ], [ 11.441664, 3.810181 ], [ 11.441609, 3.810688 ], [ 11.441586, 3.81085 ], [ 11.441539, 3.811095 ], [ 11.441524, 3.811186 ], [ 11.441531, 3.811289 ], [ 11.441487, 3.811378 ], [ 11.441435, 3.811566 ], [ 11.441362, 3.811666 ], [ 11.441272, 3.811825 ], [ 11.441137, 3.811981 ], [ 11.440849, 3.812229 ], [ 11.440718, 3.812282 ], [ 11.440321, 3.812567 ], [ 11.440005, 3.81272 ], [ 11.439756, 3.812864 ], [ 11.439603, 3.812939 ], [ 11.439367, 3.81299 ], [ 11.439179, 3.813035 ], [ 11.439109, 3.813064 ], [ 11.439031, 3.813123 ], [ 11.438689, 3.813173 ], [ 11.438426, 3.813224 ], [ 11.438144, 3.81329 ], [ 11.438101, 3.813277 ], [ 11.438072, 3.813255 ], [ 11.437919, 3.813276 ], [ 11.437731, 3.813248 ], [ 11.437567, 3.813216 ], [ 11.437401, 3.813156 ], [ 11.437229, 3.813086 ], [ 11.436909, 3.813003 ], [ 11.436891, 3.812987 ] ] } },
{ "type": "Feature", "properties": { "nom": "Rue 6.131", "classe": "tertiary" }, "geometry": { "type": "LineString", "coordinates": [ [ 11.50068, 3.914729 ], [ 11.500655, 3.914984 ], [ 11.500607, 3.915514 ], [ 11.500577, 3.915723 ], [ 11.500518, 3.91603 ], [ 11.500471, 3.916233 ], [ 11.500341, 3.916638 ], [ 11.500267, 3.91686 ], [ 11.500144, 3.917225 ] ] } },
{ "type": "Feature", "properties": { "nom": "Rue 2.356", "classe": "tertiary" }, "geometry": { "type": "LineString", "coordinates": [ [ 11.500457, 3.880194 ], [ 11.500186, 3.880229 ] ] } },
{ "type": "Feature", "properties": { "nom": "Rue 2.356", "classe": "tertiary" }, "geometry": { "type": "LineString", "coordinates": [ [ 11.500186, 3.880229 ], [ 11.500383, 3.880066 ] ] } },
{ "type": "Feature", "properties": { "nom": "Rue 2.356", "classe": "tertiary" }, "geometry": { "type": "LineString", "coordinates": [ [ 11.500583, 3.880018 ], [ 11.50086, 3.880067 ] ] } },
{ "type": "Feature", "properties": { "nom": "Rue 2.356", "classe": "tertiary" }, "geometry": { "type": "LineString", "coordinates": [ [ 11.50086, 3.880067 ], [ 11.500594, 3.880139 ] ] } },
{ "type": "Feature", "properties": { "nom": "Rue 2.356", "classe": "tertiary" }, "geometry": { "type": "LineString", "coordinates": [ [ 11.500559, 3.879996 ], [ 11.500583, 3.880018 ], [ 11.500599, 3.880046 ], [ 11.500606, 3.880077 ], [ 11.500605, 3.880109 ], [ 11.500594, 3.880139 ], [ 11.500575, 3.880165 ], [ 11.50055, 3.880185 ], [ 11.50052, 3.880197 ], [ 11.500488, 3.8802 ], [ 11.500457, 3.880194 ], [ 11.500428, 3.880179 ], [ 11.500405, 3.880157 ], [ 11.500389, 3.880129 ], [ 11.500381, 3.880098 ], [ 11.500383, 3.880066 ], [ 11.500393, 3.880036 ], [ 11.500412, 3.88001 ], [ 11.500437, 3.87999 ], [ 11.500467, 3.879978 ], [ 11.500499, 3.879975 ], [ 11.500531, 3.879981 ], [ 11.500559, 3.879996 ] ] } },
{ "type": "Feature", "properties": { "nom": "Rue 2.356", "classe": "tertiary" }, "geometry": { "type": "LineString", "coordinates": [ [ 11.500186, 3.880229 ], [ 11.500163, 3.880249 ], [ 11.500116, 3.880299 ] ] } },
{ "type": "Feature", "properties": { "nom": "Yaounde - Obala", "classe": "trunk" }, "geometry": { "type": "LineString", "coordinates": [ [ 11.552042, 3.981739 ], [ 11.552253, 3.982235 ], [ 11.552489, 3.982813 ], [ 11.552592, 3.983066 ], [ 11.552742, 3.983353 ], [ 11.552882, 3.983589 ], [ 11.55306, 3.983842 ], [ 11.553376, 3.984224 ], [ 11.55365, 3.984527 ], [ 11.554254, 3.985131 ], [ 11.554478, 3.985345 ], [ 11.554645, 3.985561 ], [ 11.554879, 3.985881 ], [ 11.555023, 3.986088 ], [ 11.555075, 3.986178 ], [ 11.555343, 3.986664 ], [ 11.555411, 3.986844 ], [ 11.555563, 3.987244 ], [ 11.555601, 3.987313 ], [ 11.555592, 3.987354 ], [ 11.555726, 3.987866 ], [ 11.555754, 3.988159 ], [ 11.555784, 3.988609 ], [ 11.555823, 3.989087 ], [ 11.555869, 3.989571 ], [ 11.555881, 3.989741 ], [ 11.555899, 3.989838 ] ] } },
{ "type": "Feature", "properties": { "nom": "", "classe": "trunk" }, "geometry": { "type": "LineString", "coordinates": [ [ 11.50706, 3.802381 ], [ 11.506957, 3.802233 ], [ 11.506778, 3.801987 ], [ 11.506444, 3.80164 ], [ 11.505985, 3.801194 ], [ 11.505832, 3.801056 ], [ 11.505489, 3.800762 ], [ 11.50525, 3.800555 ], [ 11.505039, 3.80039 ], [ 11.504964, 3.800332 ], [ 11.504821, 3.80022 ], [ 11.504725, 3.800145 ], [ 11.504557, 3.800031 ], [ 11.504471, 3.799973 ], [ 11.504359, 3.799904 ], [ 11.503453, 3.799333 ], [ 11.50323, 3.799203 ], [ 11.502667, 3.798879 ], [ 11.501944, 3.79846 ], [ 11.501825, 3.798405 ], [ 11.501724, 3.798374 ], [ 11.501648, 3.79836 ] ] } },
{ "type": "Feature", "properties": { "nom": "Rue 8.078", "classe": "trunk" }, "geometry": { "type": "LineString", "coordinates": [ [ 11.508197, 3.803792 ], [ 11.507778, 3.80321 ], [ 11.507572, 3.802968 ], [ 11.507396, 3.802784 ], [ 11.50726, 3.802701 ] ] } },
{ "type": "Feature", "properties": { "nom": "Échangeur", "classe": "trunk" }, "geometry": { "type": "LineString", "coordinates": [ [ 11.507139, 3.802285 ], [ 11.507195, 3.802257 ], [ 11.507256, 3.802245 ], [ 11.507306, 3.802248 ], [ 11.507354, 3.802262 ], [ 11.507416, 3.802299 ], [ 11.507463, 3.802354 ], [ 11.50749, 3.802421 ], [ 11.507494, 3.802494 ], [ 11.507478, 3.802557 ], [ 11.507437, 3.802624 ], [ 11.507392, 3.802662 ], [ 11.507338, 3.802688 ], [ 11.50726, 3.802701 ], [ 11.507203, 3.802689 ], [ 11.507134, 3.802655 ], [ 11.507081, 3.802601 ], [ 11.507049, 3.802531 ], [ 11.507041, 3.802455 ], [ 11.50706, 3.802381 ], [ 11.507093, 3.802328 ], [ 11.507139, 3.802285 ] ] } },
{ "type": "Feature", "properties": { "nom": "Rue 8.078", "classe": "trunk" }, "geometry": { "type": "LineString", "coordinates": [ [ 11.507478, 3.802557 ], [ 11.50754, 3.802708 ], [ 11.507677, 3.802928 ], [ 11.507808, 3.803106 ], [ 11.508283, 3.803786 ], [ 11.50846, 3.804124 ] ] } },
{ "type": "Feature", "properties": { "nom": "Avenue Germaine Ahidjo", "classe": "secondary" }, "geometry": { "type": "LineString", "coordinates": [ [ 11.529725, 3.873502 ], [ 11.529456, 3.873609 ] ] } },
{ "type": "Feature", "properties": { "nom": "Avenue Germaine Ahidjo", "classe": "secondary" }, "geometry": { "type": "LineString", "coordinates": [ [ 11.529468, 3.873536 ], [ 11.529725, 3.873502 ] ] } },
{ "type": "Feature", "properties": { "nom": "", "classe": "secondary" }, "geometry": { "type": "LineString", "coordinates": [ [ 11.56492, 3.706704 ], [ 11.565256, 3.706585 ], [ 11.565809, 3.706333 ], [ 11.56594, 3.706275 ], [ 11.566377, 3.70608 ], [ 11.567155, 3.705654 ], [ 11.567507, 3.70541 ], [ 11.567751, 3.705175 ], [ 11.567914, 3.704909 ], [ 11.568156, 3.704361 ], [ 11.568282, 3.703975 ], [ 11.568472, 3.703504 ], [ 11.568886, 3.702795 ], [ 11.569135, 3.702327 ], [ 11.569416, 3.701798 ], [ 11.569574, 3.701594 ], [ 11.569944, 3.701179 ], [ 11.57029, 3.70078 ], [ 11.5704, 3.700665 ], [ 11.570481, 3.700504 ], [ 11.57077, 3.69998 ], [ 11.57101, 3.699489 ], [ 11.571173, 3.699161 ], [ 11.571392, 3.698872 ], [ 11.57159, 3.698622 ] ] } },
{ "type": "Feature", "properties": { "nom": "", "classe": "secondary" }, "geometry": { "type": "LineString", "coordinates": [ [ 11.557973, 3.699297 ], [ 11.558491, 3.69994 ], [ 11.558915, 3.700309 ], [ 11.559252, 3.700555 ], [ 11.559368, 3.700671 ], [ 11.559554, 3.700857 ], [ 11.559619, 3.700932 ], [ 11.559799, 3.701139 ], [ 11.559997, 3.70146 ], [ 11.560025, 3.701504 ], [ 11.560477, 3.702215 ], [ 11.560802, 3.702726 ], [ 11.561034, 3.7031 ], [ 11.561383, 3.703547 ], [ 11.561834, 3.704072 ], [ 11.56191, 3.704164 ], [ 11.562072, 3.704358 ], [ 11.562378, 3.704725 ], [ 11.562411, 3.704766 ], [ 11.562526, 3.704912 ], [ 11.562751, 3.705113 ], [ 11.562909, 3.705228 ], [ 11.563121, 3.7054 ], [ 11.563341, 3.705652 ], [ 11.563532, 3.705868 ], [ 11.563717, 3.705964 ], [ 11.563905, 3.706036 ], [ 11.564226, 3.706153 ], [ 11.564443, 3.706272 ], [ 11.564492, 3.706299 ], [ 11.564747, 3.706494 ], [ 11.564835, 3.70658 ], [ 11.56492, 3.706704 ] ] } },
{ "type": "Feature", "properties": { "nom": "Autoroute Yaoundé - Douala", "classe": "motorway" }, "geometry": { "type": "LineString", "coordinates": [ [ 11.398456, 3.871814 ], [ 11.397196, 3.871976 ], [ 11.397026, 3.872009 ], [ 11.39583, 3.8722 ], [ 11.393606, 3.87258 ], [ 11.390813, 3.873022 ] ] } },
{ "type": "Feature", "properties": { "nom": "", "classe": "tertiary" }, "geometry": { "type": "LineString", "coordinates": [ [ 11.575246, 3.944605 ], [ 11.575536, 3.944607 ], [ 11.575622, 3.944616 ], [ 11.575731, 3.944637 ] ] } },
{ "type": "Feature", "properties": { "nom": "", "classe": "tertiary" }, "geometry": { "type": "LineString", "coordinates": [ [ 11.543238, 3.964426 ], [ 11.543103, 3.964589 ] ] } },
{ "type": "Feature", "properties": { "nom": "", "classe": "tertiary" }, "geometry": { "type": "LineString", "coordinates": [ [ 11.543103, 3.964589 ], [ 11.542736, 3.964997 ], [ 11.542414, 3.965381 ] ] } },
{ "type": "Feature", "properties": { "nom": "", "classe": "tertiary" }, "geometry": { "type": "LineString", "coordinates": [ [ 11.543418, 3.963592 ], [ 11.543399, 3.96377 ], [ 11.543363, 3.964008 ], [ 11.543337, 3.964123 ], [ 11.543306, 3.964236 ], [ 11.543277, 3.964339 ], [ 11.543258, 3.964382 ], [ 11.543238, 3.964426 ] ] } },
{ "type": "Feature", "properties": { "nom": "", "classe": "tertiary" }, "geometry": { "type": "LineString", "coordinates": [ [ 11.542414, 3.965381 ], [ 11.542118, 3.965695 ], [ 11.542075, 3.965744 ], [ 11.54187, 3.965975 ], [ 11.541606, 3.966249 ] ] } },
{ "type": "Feature", "properties": { "nom": "", "classe": "tertiary" }, "geometry": { "type": "LineString", "coordinates": [ [ 11.54381, 3.961766 ], [ 11.543724, 3.961976 ], [ 11.543693, 3.962117 ], [ 11.543608, 3.962565 ], [ 11.543537, 3.963014 ], [ 11.543418, 3.963592 ] ] } },
{ "type": "Feature", "properties": { "nom": "Rue Zogo Fouda Ngono", "classe": "secondary" }, "geometry": { "type": "LineString", "coordinates": [ [ 11.514064, 3.873465 ], [ 11.514197, 3.872966 ] ] } },
{ "type": "Feature", "properties": { "nom": "Rue Zogo Fouda Ngono", "classe": "secondary" }, "geometry": { "type": "LineString", "coordinates": [ [ 11.514197, 3.872966 ], [ 11.514181, 3.872805 ] ] } },
{ "type": "Feature", "properties": { "nom": "", "classe": "trunk" }, "geometry": { "type": "LineString", "coordinates": [ [ 11.537193, 3.720958 ], [ 11.537266, 3.721059 ], [ 11.537323, 3.721188 ], [ 11.537399, 3.721481 ] ] } },
{ "type": "Feature", "properties": { "nom": "Axe principal du campus", "classe": "tertiary" }, "geometry": { "type": "LineString", "coordinates": [ [ 11.497229, 3.861716 ], [ 11.497091, 3.861767 ], [ 11.496781, 3.861882 ], [ 11.496636, 3.861926 ], [ 11.496369, 3.862017 ], [ 11.495774, 3.862211 ], [ 11.49564, 3.862291 ], [ 11.495546, 3.862384 ], [ 11.495404, 3.862584 ], [ 11.49526, 3.862709 ], [ 11.495151, 3.86277 ], [ 11.495066, 3.862801 ], [ 11.494959, 3.862831 ], [ 11.494808, 3.862846 ], [ 11.494656, 3.862899 ], [ 11.494566, 3.862951 ], [ 11.494519, 3.862993 ], [ 11.494399, 3.863138 ] ] } },
{ "type": "Feature", "properties": { "nom": "Axe principal du campus", "classe": "tertiary" }, "geometry": { "type": "LineString", "coordinates": [ [ 11.498853, 3.855989 ], [ 11.498849, 3.856022 ], [ 11.498863, 3.856072 ], [ 11.49892, 3.856258 ], [ 11.498966, 3.856395 ], [ 11.498978, 3.856476 ], [ 11.498974, 3.856599 ], [ 11.498891, 3.856711 ], [ 11.498755, 3.856844 ], [ 11.498346, 3.857206 ], [ 11.498082, 3.85744 ], [ 11.497708, 3.857743 ], [ 11.497397, 3.857976 ], [ 11.497205, 3.858191 ], [ 11.497009, 3.85841 ], [ 11.496622, 3.858893 ], [ 11.496516, 3.859022 ], [ 11.496474, 3.859076 ], [ 11.496307, 3.859288 ], [ 11.496214, 3.859431 ], [ 11.496168, 3.859578 ], [ 11.496159, 3.859689 ], [ 11.496169, 3.859812 ], [ 11.496203, 3.859926 ], [ 11.496308, 3.860082 ], [ 11.496481, 3.860272 ], [ 11.496675, 3.860494 ], [ 11.496772, 3.860629 ], [ 11.496924, 3.860757 ], [ 11.497163, 3.860907 ], [ 11.497251, 3.861013 ], [ 11.497285, 3.861093 ], [ 11.497299, 3.861192 ], [ 11.497278, 3.861295 ], [ 11.497223, 3.861622 ], [ 11.497229, 3.861716 ] ] } },
{ "type": "Feature", "properties": { "nom": "Axe principal du campus", "classe": "tertiary" }, "geometry": { "type": "LineString", "coordinates": [ [ 11.499008, 3.855856 ], [ 11.498973, 3.855875 ], [ 11.498949, 3.855893 ], [ 11.498921, 3.855909 ], [ 11.498899, 3.855927 ], [ 11.498874, 3.855957 ], [ 11.498853, 3.855989 ] ] } },
{ "type": "Feature", "properties": { "nom": "Rue Nachtigal", "classe": "secondary" }, "geometry": { "type": "LineString", "coordinates": [ [ 11.517182, 3.870023 ], [ 11.517258, 3.870757 ], [ 11.517279, 3.870959 ], [ 11.517284, 3.871009 ], [ 11.517302, 3.871179 ] ] } },
{ "type": "Feature", "properties": { "nom": "Rue Nachtigal", "classe": "secondary" }, "geometry": { "type": "LineString", "coordinates": [ [ 11.517073, 3.869023 ], [ 11.517161, 3.869828 ], [ 11.517182, 3.870023 ] ] } },
{ "type": "Feature", "properties": { "nom": "Rue Nachtigal", "classe": "secondary" }, "geometry": { "type": "LineString", "coordinates": [ [ 11.516861, 3.867302 ], [ 11.516872, 3.867389 ], [ 11.516946, 3.867996 ] ] } },
{ "type": "Feature", "properties": { "nom": "Rue 1.016", "classe": "secondary" }, "geometry": { "type": "LineString", "coordinates": [ [ 11.516298, 3.866838 ], [ 11.516509, 3.866985 ] ] } },
{ "type": "Feature", "properties": { "nom": "Rue Tsoungui Akoa", "classe": "secondary" }, "geometry": { "type": "LineString", "coordinates": [ [ 11.500549, 3.854934 ], [ 11.500423, 3.854863 ], [ 11.500002, 3.854598 ], [ 11.499608, 3.854322 ], [ 11.49945, 3.854187 ], [ 11.499382, 3.854104 ], [ 11.499329, 3.854019 ], [ 11.498954, 3.853231 ], [ 11.498856, 3.852973 ], [ 11.498836, 3.852918 ] ] } },
{ "type": "Feature", "properties": { "nom": "Rue Tsoungui Akoa", "classe": "secondary" }, "geometry": { "type": "LineString", "coordinates": [ [ 11.502867, 3.855504 ], [ 11.502575, 3.855476 ], [ 11.501852, 3.855391 ], [ 11.501395, 3.855297 ], [ 11.501002, 3.855172 ], [ 11.500549, 3.854934 ] ] } },
{ "type": "Feature", "properties": { "nom": "Boulevard Rodolph Manga Bell", "classe": "primary" }, "geometry": { "type": "LineString", "coordinates": [ [ 11.509557, 3.869229 ], [ 11.509648, 3.86919 ], [ 11.509977, 3.869033 ] ] } },
{ "type": "Feature", "properties": { "nom": "Rue Martin Paul Samba", "classe": "secondary" }, "geometry": { "type": "LineString", "coordinates": [ [ 11.509977, 3.869033 ], [ 11.509799, 3.869005 ], [ 11.509664, 3.868975 ], [ 11.509536, 3.868941 ] ] } },
{ "type": "Feature", "properties": { "nom": "Boulevard du 20 Mai 1972", "classe": "trunk" }, "geometry": { "type": "LineString", "coordinates": [ [ 11.518003, 3.863568 ], [ 11.518864, 3.862798 ], [ 11.518885, 3.862776 ], [ 11.520234, 3.861591 ] ] } },
{ "type": "Feature", "properties": { "nom": "Boulevard du 20 Mai 1972", "classe": "trunk" }, "geometry": { "type": "LineString", "coordinates": [ [ 11.517107, 3.864378 ], [ 11.517603, 3.863926 ], [ 11.518003, 3.863568 ] ] } },
{ "type": "Feature", "properties": { "nom": "Rue 8.502", "classe": "secondary" }, "geometry": { "type": "LineString", "coordinates": [ [ 11.491766, 3.816749 ], [ 11.491639, 3.816711 ], [ 11.491435, 3.816648 ], [ 11.491169, 3.816568 ], [ 11.490613, 3.816402 ], [ 11.489679, 3.816126 ], [ 11.489555, 3.816096 ], [ 11.489468, 3.816082 ] ] } },
{ "type": "Feature", "properties": { "nom": "Rue 3.725", "classe": "tertiary" }, "geometry": { "type": "LineString", "coordinates": [ [ 11.502258, 3.848563 ], [ 11.502054, 3.848346 ] ] } },
{ "type": "Feature", "properties": { "nom": "Rue Abbé Tobie Atangana", "classe": "primary" }, "geometry": { "type": "LineString", "coordinates": [ [ 11.505861, 3.84356 ], [ 11.505965, 3.843565 ], [ 11.506379, 3.843646 ], [ 11.506508, 3.843652 ], [ 11.50664, 3.843632 ], [ 11.506824, 3.843571 ], [ 11.50776, 3.843115 ], [ 11.507924, 3.84302 ], [ 11.507991, 3.842975 ] ] } },
{ "type": "Feature", "properties": { "nom": "Rue 8.029", "classe": "secondary" }, "geometry": { "type": "LineString", "coordinates": [ [ 11.514756, 3.830551 ], [ 11.51503, 3.830696 ], [ 11.515211, 3.830817 ], [ 11.515365, 3.830967 ], [ 11.515572, 3.831265 ] ] } },
{ "type": "Feature", "properties": { "nom": "Rue André Amougou", "classe": "primary" }, "geometry": { "type": "LineString", "coordinates": [ [ 11.520914, 3.847093 ], [ 11.521139, 3.846676 ], [ 11.521293, 3.846429 ], [ 11.5214, 3.846276 ] ] } },
{ "type": "Feature", "properties": { "nom": "Rue André Amougou", "classe": "primary" }, "geometry": { "type": "LineString", "coordinates": [ [ 11.5214, 3.846276 ], [ 11.521471, 3.846181 ], [ 11.521565, 3.846071 ] ] } },
{ "type": "Feature", "properties": { "nom": "Rue André Amougou", "classe": "primary" }, "geometry": { "type": "LineString", "coordinates": [ [ 11.521565, 3.846071 ], [ 11.521662, 3.84599 ], [ 11.521792, 3.845925 ], [ 11.521911, 3.845899 ], [ 11.522028, 3.84589 ], [ 11.522123, 3.845915 ], [ 11.522196, 3.845959 ], [ 11.522469, 3.846337 ], [ 11.522698, 3.846614 ], [ 11.522933, 3.846847 ], [ 11.523113, 3.846976 ], [ 11.523316, 3.847094 ], [ 11.523567, 3.847208 ], [ 11.523855, 3.847296 ], [ 11.524128, 3.847347 ], [ 11.524316, 3.847361 ], [ 11.52447, 3.847339 ], [ 11.52461, 3.847312 ], [ 11.524885, 3.847206 ], [ 11.525098, 3.847054 ], [ 11.5253, 3.846857 ], [ 11.525467, 3.846676 ], [ 11.52555, 3.846583 ], [ 11.525963, 3.846159 ], [ 11.526295, 3.845896 ] ] } },
{ "type": "Feature", "properties": { "nom": "Rue André Amougou", "classe": "primary" }, "geometry": { "type": "LineString", "coordinates": [ [ 11.526295, 3.845896 ], [ 11.526531, 3.84573 ], [ 11.526899, 3.845472 ], [ 11.527126, 3.845316 ], [ 11.52774, 3.844905 ], [ 11.528298, 3.84453 ], [ 11.528583, 3.844336 ], [ 11.529053, 3.844022 ], [ 11.529851, 3.843507 ], [ 11.530111, 3.843321 ], [ 11.530363, 3.843153 ], [ 11.53068, 3.842937 ], [ 11.530967, 3.842789 ], [ 11.531215, 3.842702 ], [ 11.531597, 3.842637 ], [ 11.531789, 3.842643 ] ] } },
{ "type": "Feature", "properties": { "nom": "Rue 4.255", "classe": "trunk" }, "geometry": { "type": "LineString", "coordinates": [ [ 11.551222, 3.840186 ], [ 11.551194, 3.840791 ], [ 11.551192, 3.841103 ] ] } },
{ "type": "Feature", "properties": { "nom": "Route de Kribi", "classe": "secondary" }, "geometry": { "type": "LineString", "coordinates": [ [ 11.492848, 3.858237 ], [ 11.492775, 3.858042 ], [ 11.492705, 3.857856 ], [ 11.492664, 3.857745 ] ] } },
{ "type": "Feature", "properties": { "nom": "Route de Kribi", "classe": "secondary" }, "geometry": { "type": "LineString", "coordinates": [ [ 11.493905, 3.862612 ], [ 11.493867, 3.862527 ] ] } },
{ "type": "Feature", "properties": { "nom": "Rue de Melen", "classe": "secondary" }, "geometry": { "type": "LineString", "coordinates": [ [ 11.493905, 3.862612 ], [ 11.494064, 3.862789 ], [ 11.494144, 3.862885 ], [ 11.494204, 3.862959 ], [ 11.494301, 3.863052 ], [ 11.494399, 3.863138 ] ] } },
{ "type": "Feature", "properties": { "nom": "Rue de Melen", "classe": "secondary" }, "geometry": { "type": "LineString", "coordinates": [ [ 11.494399, 3.863138 ], [ 11.494967, 3.863598 ], [ 11.495245, 3.863745 ], [ 11.495481, 3.863815 ], [ 11.495743, 3.863863 ], [ 11.49587, 3.863882 ] ] } },
{ "type": "Feature", "properties": { "nom": "Rue Elig Efa", "classe": "secondary" }, "geometry": { "type": "LineString", "coordinates": [ [ 11.496574, 3.864034 ], [ 11.496545, 3.864093 ], [ 11.496546, 3.864112 ], [ 11.49655, 3.864149 ], [ 11.496548, 3.864221 ], [ 11.496547, 3.8643 ], [ 11.496509, 3.865032 ], [ 11.49649, 3.865126 ], [ 11.496449, 3.865322 ], [ 11.496433, 3.865402 ], [ 11.496327, 3.865753 ], [ 11.496317, 3.865794 ], [ 11.496287, 3.865911 ], [ 11.496192, 3.866214 ], [ 11.496167, 3.866293 ], [ 11.496158, 3.866322 ], [ 11.496132, 3.866398 ], [ 11.496118, 3.866441 ] ] } },
{ "type": "Feature", "properties": { "nom": "Rue Tsoungui Akoa", "classe": "secondary" }, "geometry": { "type": "LineString", "coordinates": [ [ 11.503053, 3.855544 ], [ 11.502867, 3.855504 ] ] } },
{ "type": "Feature", "properties": { "nom": "Rue de l'Université", "classe": "secondary" }, "geometry": { "type": "LineString", "coordinates": [ [ 11.503769, 3.856428 ], [ 11.503676, 3.856294 ], [ 11.503295, 3.855743 ], [ 11.50319, 3.855637 ], [ 11.503053, 3.855544 ] ] } },
{ "type": "Feature", "properties": { "nom": "Rue de l'Université", "classe": "secondary" }, "geometry": { "type": "LineString", "coordinates": [ [ 11.504056, 3.857039 ], [ 11.503769, 3.856428 ] ] } },
{ "type": "Feature", "properties": { "nom": "Rue 3.700", "classe": "secondary" }, "geometry": { "type": "LineString", "coordinates": [ [ 11.513863, 3.852876 ], [ 11.513967, 3.852889 ], [ 11.514063, 3.852905 ], [ 11.514175, 3.852935 ], [ 11.514265, 3.852975 ], [ 11.514378, 3.85303 ], [ 11.514509, 3.853098 ], [ 11.515422, 3.853594 ], [ 11.51562, 3.853696 ], [ 11.515885, 3.85384 ], [ 11.516215, 3.854019 ] ] } },
{ "type": "Feature", "properties": { "nom": "Rue Many Ewondo", "classe": "primary" }, "geometry": { "type": "LineString", "coordinates": [ [ 11.523105, 3.861414 ], [ 11.524474, 3.862105 ], [ 11.525964, 3.86282 ] ] } },
{ "type": "Feature", "properties": { "nom": "Rue Many Ewondo", "classe": "primary" }, "geometry": { "type": "LineString", "coordinates": [ [ 11.525964, 3.86282 ], [ 11.526788, 3.863217 ] ] } },
{ "type": "Feature", "properties": { "nom": "Rue Antoine Essomba Mani", "classe": "primary" }, "geometry": { "type": "LineString", "coordinates": [ [ 11.527034, 3.863749 ], [ 11.52764, 3.864392 ], [ 11.527925, 3.864695 ], [ 11.52805, 3.864834 ] ] } },
{ "type": "Feature", "properties": { "nom": "Rue Antoine Essomba Mani", "classe": "primary" }, "geometry": { "type": "LineString", "coordinates": [ [ 11.532438, 3.868447 ], [ 11.532852, 3.86861 ], [ 11.533104, 3.868725 ], [ 11.533235, 3.868802 ] ] } },
{ "type": "Feature", "properties": { "nom": "Rue Antoine Essomba Mani", "classe": "primary" }, "geometry": { "type": "LineString", "coordinates": [ [ 11.533235, 3.868802 ], [ 11.533319, 3.868851 ], [ 11.533386, 3.868928 ] ] } },
{ "type": "Feature", "properties": { "nom": "Rue 1.319", "classe": "tertiary" }, "geometry": { "type": "LineString", "coordinates": [ [ 11.541705, 3.871436 ], [ 11.541487, 3.871553 ], [ 11.540937, 3.871873 ], [ 11.540598, 3.872064 ], [ 11.540186, 3.872274 ] ] } },
{ "type": "Feature", "properties": { "nom": "Rue 4.929", "classe": "primary" }, "geometry": { "type": "LineString", "coordinates": [ [ 11.571913, 3.862491 ], [ 11.571698, 3.862717 ], [ 11.571608, 3.8628 ], [ 11.571476, 3.862917 ], [ 11.571411, 3.862971 ], [ 11.571347, 3.863018 ], [ 11.571105, 3.86318 ], [ 11.571017, 3.863237 ], [ 11.570715, 3.863406 ], [ 11.570608, 3.863474 ], [ 11.570544, 3.863522 ], [ 11.570483, 3.863575 ], [ 11.570436, 3.86362 ], [ 11.570398, 3.863666 ], [ 11.570365, 3.863724 ], [ 11.570355, 3.863742 ], [ 11.570331, 3.863797 ], [ 11.570309, 3.863864 ], [ 11.570297, 3.863911 ], [ 11.570293, 3.863941 ], [ 11.570279, 3.864048 ], [ 11.570306, 3.864242 ], [ 11.570422, 3.864549 ], [ 11.570438, 3.864609 ], [ 11.570444, 3.864647 ], [ 11.570448, 3.864674 ], [ 11.570442, 3.864702 ], [ 11.570433, 3.864719 ] ] } },
{ "type": "Feature", "properties": { "nom": "Rue 4.762", "classe": "primary" }, "geometry": { "type": "LineString", "coordinates": [ [ 11.551964, 3.866778 ], [ 11.55206, 3.866865 ], [ 11.55215, 3.866969 ], [ 11.552215, 3.867069 ], [ 11.552275, 3.867184 ], [ 11.552512, 3.867713 ], [ 11.552533, 3.867787 ], [ 11.552552, 3.867859 ], [ 11.552572, 3.867995 ], [ 11.55262, 3.868375 ], [ 11.552632, 3.868563 ], [ 11.552636, 3.868814 ], [ 11.552657, 3.868861 ], [ 11.552686, 3.868909 ] ] } },
{ "type": "Feature", "properties": { "nom": "Rue Jean Abanda Bili", "classe": "primary" }, "geometry": { "type": "LineString", "coordinates": [ [ 11.536974, 3.872629 ], [ 11.536732, 3.872375 ], [ 11.536642, 3.872281 ], [ 11.536537, 3.872191 ], [ 11.536342, 3.872041 ], [ 11.536248, 3.871978 ], [ 11.536147, 3.871923 ], [ 11.535797, 3.871762 ], [ 11.535605, 3.871683 ], [ 11.535134, 3.871511 ], [ 11.535008, 3.871451 ], [ 11.534898, 3.871374 ], [ 11.534743, 3.87124 ], [ 11.534513, 3.870973 ], [ 11.53442, 3.870856 ], [ 11.534364, 3.870773 ], [ 11.53435, 3.870745 ], [ 11.534337, 3.870723 ] ] } },
{ "type": "Feature", "properties": { "nom": "Rue de Melen", "classe": "secondary" }, "geometry": { "type": "LineString", "coordinates": [ [ 11.496108, 3.863918 ], [ 11.496321, 3.863951 ], [ 11.496426, 3.863962 ], [ 11.496556, 3.86397 ] ] } },
{ "type": "Feature", "properties": { "nom": "Rue Martin Paul Samba", "classe": "secondary" }, "geometry": { "type": "LineString", "coordinates": [ [ 11.504349, 3.862708 ], [ 11.504215, 3.862613 ] ] } },
{ "type": "Feature", "properties": { "nom": "Rue Samba Paul Martin", "classe": "secondary" }, "geometry": { "type": "LineString", "coordinates": [ [ 11.504195, 3.862471 ], [ 11.50428, 3.86258 ], [ 11.504349, 3.862708 ] ] } },
{ "type": "Feature", "properties": { "nom": "Rue 1.273", "classe": "secondary" }, "geometry": { "type": "LineString", "coordinates": [ [ 11.54047, 3.873172 ], [ 11.540446, 3.873036 ], [ 11.540351, 3.872758 ], [ 11.540186, 3.872274 ], [ 11.54015, 3.872178 ], [ 11.540094, 3.872027 ], [ 11.539849, 3.871458 ], [ 11.539741, 3.871223 ], [ 11.53962, 3.871007 ], [ 11.539575, 3.870936 ], [ 11.53951, 3.870863 ], [ 11.539391, 3.870767 ], [ 11.539155, 3.870618 ] ] } },
{ "type": "Feature", "properties": { "nom": "Rue 1.273", "classe": "secondary" }, "geometry": { "type": "LineString", "coordinates": [ [ 11.539155, 3.870618 ], [ 11.538582, 3.870257 ], [ 11.538351, 3.870103 ], [ 11.537989, 3.869882 ] ] } },
{ "type": "Feature", "properties": { "nom": "Rue 4.179", "classe": "tertiary" }, "geometry": { "type": "LineString", "coordinates": [ [ 11.548784, 3.867426 ], [ 11.549214, 3.867206 ] ] } },
{ "type": "Feature", "properties": { "nom": "Rue 4.751", "classe": "secondary" }, "geometry": { "type": "LineString", "coordinates": [ [ 11.548767, 3.864586 ], [ 11.548819, 3.864785 ], [ 11.5489, 3.865271 ] ] } },
{ "type": "Feature", "properties": { "nom": "Rue 4.509", "classe": "tertiary" }, "geometry": { "type": "LineString", "coordinates": [ [ 11.548574, 3.864264 ], [ 11.548531, 3.863978 ], [ 11.548446, 3.863418 ], [ 11.548419, 3.863268 ], [ 11.548402, 3.863198 ], [ 11.54838, 3.86313 ], [ 11.548316, 3.862963 ], [ 11.548246, 3.862782 ], [ 11.547709, 3.861905 ], [ 11.547669, 3.861826 ] ] } },
{ "type": "Feature", "properties": { "nom": "Rue 4.014", "classe": "secondary" }, "geometry": { "type": "LineString", "coordinates": [ [ 11.518132, 3.848349 ], [ 11.517255, 3.848527 ] ] } },
{ "type": "Feature", "properties": { "nom": "Avenue Charles Atangana", "classe": "primary" }, "geometry": { "type": "LineString", "coordinates": [ [ 11.514714, 3.84685 ], [ 11.514682, 3.846754 ], [ 11.514653, 3.846664 ], [ 11.514649, 3.84665 ], [ 11.514608, 3.846517 ], [ 11.514446, 3.846134 ] ] } },
{ "type": "Feature", "properties": { "nom": "Avenue Charles Atangana", "classe": "primary" }, "geometry": { "type": "LineString", "coordinates": [ [ 11.51487, 3.847997 ], [ 11.514886, 3.847877 ], [ 11.514902, 3.84759 ] ] } },
{ "type": "Feature", "properties": { "nom": "Avenue Charles Atangana", "classe": "primary" }, "geometry": { "type": "LineString", "coordinates": [ [ 11.514034, 3.845021 ], [ 11.514066, 3.845062 ], [ 11.514095, 3.845111 ], [ 11.514143, 3.845213 ], [ 11.51421, 3.845406 ] ] } },
{ "type": "Feature", "properties": { "nom": "Avenue Charles Atangana", "classe": "primary" }, "geometry": { "type": "LineString", "coordinates": [ [ 11.514792, 3.846767 ], [ 11.514862, 3.846975 ], [ 11.514949, 3.847301 ], [ 11.51496, 3.84734 ], [ 11.514985, 3.847471 ], [ 11.514999, 3.847586 ], [ 11.514979, 3.847891 ] ] } },
{ "type": "Feature", "properties": { "nom": "Rue Elig Efa", "classe": "secondary" }, "geometry": { "type": "LineString", "coordinates": [ [ 11.496118, 3.866441 ], [ 11.496099, 3.866502 ], [ 11.496038, 3.866687 ] ] } },
{ "type": "Feature", "properties": { "nom": "Rue Elig Efa", "classe": "secondary" }, "geometry": { "type": "LineString", "coordinates": [ [ 11.496038, 3.866687 ], [ 11.495995, 3.866819 ] ] } },
{ "type": "Feature", "properties": { "nom": "Rue de Melen", "classe": "secondary" }, "geometry": { "type": "LineString", "coordinates": [ [ 11.496574, 3.864034 ], [ 11.496337, 3.864018 ], [ 11.495743, 3.863933 ], [ 11.495531, 3.863902 ], [ 11.495482, 3.863889 ], [ 11.495383, 3.863855 ] ] } },
{ "type": "Feature", "properties": { "nom": "Rue de Melen", "classe": "secondary" }, "geometry": { "type": "LineString", "coordinates": [ [ 11.49587, 3.863882 ], [ 11.496108, 3.863918 ] ] } },
{ "type": "Feature", "properties": { "nom": "Rue Elig Efa", "classe": "secondary" }, "geometry": { "type": "LineString", "coordinates": [ [ 11.495995, 3.866819 ], [ 11.49598, 3.866864 ], [ 11.495973, 3.866887 ], [ 11.495899, 3.867129 ] ] } },
{ "type": "Feature", "properties": { "nom": "Rue Elig Efa", "classe": "secondary" }, "geometry": { "type": "LineString", "coordinates": [ [ 11.495899, 3.867129 ], [ 11.49593, 3.867435 ], [ 11.49594, 3.8675 ] ] } },
{ "type": "Feature", "properties": { "nom": "Rue 5.717", "classe": "tertiary" }, "geometry": { "type": "LineString", "coordinates": [ [ 11.547733, 3.939367 ], [ 11.547773, 3.939512 ], [ 11.547821, 3.939776 ] ] } },
{ "type": "Feature", "properties": { "nom": "Rue 3.391", "classe": "secondary" }, "geometry": { "type": "LineString", "coordinates": [ [ 11.495222, 3.868209 ], [ 11.495309, 3.868075 ], [ 11.495385, 3.86795 ], [ 11.495527, 3.867694 ], [ 11.495617, 3.867556 ] ] } },
{ "type": "Feature", "properties": { "nom": "Rue 3.391", "classe": "secondary" }, "geometry": { "type": "LineString", "coordinates": [ [ 11.495617, 3.867556 ], [ 11.495728, 3.867386 ], [ 11.495841, 3.867216 ] ] } },
{ "type": "Feature", "properties": { "nom": "Rue 3.391", "classe": "secondary" }, "geometry": { "type": "LineString", "coordinates": [ [ 11.495841, 3.867216 ], [ 11.495899, 3.867129 ] ] } },
{ "type": "Feature", "properties": { "nom": "", "classe": "tertiary" }, "geometry": { "type": "LineString", "coordinates": [ [ 11.445849, 3.769751 ], [ 11.446107, 3.770136 ], [ 11.446177, 3.770342 ], [ 11.44616, 3.770584 ] ] } },
{ "type": "Feature", "properties": { "nom": "", "classe": "tertiary" }, "geometry": { "type": "LineString", "coordinates": [ [ 11.456493, 3.767728 ], [ 11.456481, 3.767693 ], [ 11.456481, 3.767657 ], [ 11.456494, 3.767622 ], [ 11.456517, 3.767594 ], [ 11.456548, 3.767575 ], [ 11.456583, 3.767567 ], [ 11.456618, 3.767571 ], [ 11.45665, 3.767586 ], [ 11.456676, 3.767611 ], [ 11.456692, 3.767642 ], [ 11.456698, 3.767677 ], [ 11.456691, 3.767712 ], [ 11.456674, 3.767743 ], [ 11.456648, 3.767767 ], [ 11.456615, 3.767781 ], [ 11.45658, 3.767784 ], [ 11.456545, 3.767776 ], [ 11.456515, 3.767756 ], [ 11.456493, 3.767728 ] ] } },
{ "type": "Feature", "properties": { "nom": "", "classe": "tertiary" }, "geometry": { "type": "LineString", "coordinates": [ [ 11.456493, 3.767728 ], [ 11.456327, 3.767714 ], [ 11.455938, 3.767699 ], [ 11.455715, 3.767712 ], [ 11.455545, 3.767761 ], [ 11.455415, 3.767837 ], [ 11.454822, 3.768235 ], [ 11.45469, 3.76831 ], [ 11.454574, 3.768347 ], [ 11.454462, 3.768367 ], [ 11.454334, 3.768376 ], [ 11.454223, 3.768355 ], [ 11.454099, 3.768299 ], [ 11.454016, 3.768256 ], [ 11.453634, 3.767959 ], [ 11.453435, 3.767796 ], [ 11.453324, 3.767685 ], [ 11.453218, 3.767542 ], [ 11.453142, 3.767419 ], [ 11.453063, 3.767258 ], [ 11.452828, 3.766687 ], [ 11.452648, 3.766282 ], [ 11.452272, 3.765387 ], [ 11.452143, 3.765101 ], [ 11.452084, 3.764985 ], [ 11.452023, 3.764892 ], [ 11.451943, 3.764775 ], [ 11.451817, 3.764659 ], [ 11.451685, 3.764573 ], [ 11.45155, 3.764517 ], [ 11.451401, 3.764484 ], [ 11.451251, 3.764465 ], [ 11.451081, 3.764478 ], [ 11.450856, 3.764521 ], [ 11.450513, 3.764585 ], [ 11.450327, 3.764601 ], [ 11.450072, 3.764608 ], [ 11.449917, 3.764589 ], [ 11.449725, 3.76454 ], [ 11.449581, 3.764472 ], [ 11.449469, 3.764395 ], [ 11.449353, 3.764292 ], [ 11.449266, 3.764187 ], [ 11.449101, 3.763968 ], [ 11.448462, 3.763047 ], [ 11.448037, 3.762424 ], [ 11.447888, 3.762248 ], [ 11.447797, 3.762164 ], [ 11.447669, 3.762059 ], [ 11.447524, 3.761969 ], [ 11.447363, 3.761892 ], [ 11.447183, 3.761826 ], [ 11.446978, 3.76178 ], [ 11.446718, 3.761764 ], [ 11.446216, 3.761791 ], [ 11.445744, 3.761793 ], [ 11.445348, 3.761788 ], [ 11.445145, 3.761805 ], [ 11.444988, 3.761844 ], [ 11.444825, 3.761887 ], [ 11.444655, 3.761968 ], [ 11.444502, 3.762046 ], [ 11.444351, 3.762154 ], [ 11.444223, 3.762265 ], [ 11.444074, 3.762428 ], [ 11.443742, 3.762834 ], [ 11.443622, 3.762991 ], [ 11.443459, 3.76322 ], [ 11.443322, 3.76344 ], [ 11.443231, 3.763632 ], [ 11.443171, 3.763774 ], [ 11.443099, 3.763987 ], [ 11.443058, 3.764133 ], [ 11.44302, 3.764356 ], [ 11.443008, 3.76447 ], [ 11.442996, 3.76468 ], [ 11.443008, 3.764936 ], [ 11.443051, 3.765204 ], [ 11.443134, 3.765486 ], [ 11.443221, 3.765701 ], [ 11.443333, 3.765946 ], [ 11.443502, 3.766282 ], [ 11.443839, 3.766926 ], [ 11.444145, 3.767501 ], [ 11.444447, 3.768105 ], [ 11.444602, 3.768407 ], [ 11.444724, 3.768625 ], [ 11.444835, 3.768782 ], [ 11.444988, 3.768947 ], [ 11.445143, 3.769089 ], [ 11.445474, 3.769362 ], [ 11.445724, 3.769568 ], [ 11.445849, 3.769751 ] ] } },
{ "type": "Feature", "properties": { "nom": "", "classe": "tertiary" }, "geometry": { "type": "LineString", "coordinates": [ [ 11.456691, 3.767712 ], [ 11.456679, 3.76785 ], [ 11.456665, 3.768023 ], [ 11.456673, 3.768256 ], [ 11.456694, 3.768674 ], [ 11.45669, 3.769035 ], [ 11.456673, 3.769229 ], [ 11.45664, 3.769458 ], [ 11.456524, 3.770118 ], [ 11.45645, 3.7705 ], [ 11.456404, 3.770667 ], [ 11.456345, 3.770807 ], [ 11.456239, 3.77099 ], [ 11.456123, 3.771149 ], [ 11.456014, 3.771263 ], [ 11.455875, 3.77138 ], [ 11.455656, 3.771551 ], [ 11.45552, 3.771636 ], [ 11.45534, 3.771727 ], [ 11.455129, 3.771828 ], [ 11.454693, 3.772011 ], [ 11.454505, 3.772117 ], [ 11.454379, 3.772205 ], [ 11.454288, 3.772296 ], [ 11.454207, 3.772399 ], [ 11.454127, 3.772523 ], [ 11.454047, 3.772654 ], [ 11.454004, 3.772757 ], [ 11.453921, 3.772988 ], [ 11.453864, 3.773134 ], [ 11.453817, 3.77326 ], [ 11.453685, 3.773558 ], [ 11.453556, 3.773825 ], [ 11.453346, 3.774276 ], [ 11.453143, 3.774694 ], [ 11.453032, 3.774923 ], [ 11.452891, 3.775184 ], [ 11.452809, 3.775354 ], [ 11.452763, 3.775463 ], [ 11.452744, 3.775571 ], [ 11.452734, 3.775686 ], [ 11.45274, 3.775765 ], [ 11.452769, 3.775864 ], [ 11.452832, 3.776086 ], [ 11.452863, 3.776238 ], [ 11.452911, 3.776477 ], [ 11.452997, 3.776898 ], [ 11.453035, 3.777187 ], [ 11.453035, 3.777361 ], [ 11.453026, 3.777477 ], [ 11.453005, 3.777618 ], [ 11.452983, 3.777703 ], [ 11.452924, 3.777879 ], [ 11.452858, 3.778034 ], [ 11.452747, 3.778277 ], [ 11.452616, 3.778582 ], [ 11.452557, 3.778784 ], [ 11.452547, 3.778884 ], [ 11.452564, 3.778991 ], [ 11.452587, 3.779082 ], [ 11.452622, 3.779174 ], [ 11.452655, 3.779235 ], [ 11.452809, 3.779463 ], [ 11.453072, 3.779828 ], [ 11.45332, 3.780166 ], [ 11.453435, 3.780316 ], [ 11.453498, 3.780388 ], [ 11.453622, 3.780498 ], [ 11.453758, 3.780591 ], [ 11.453979, 3.78072 ], [ 11.454057, 3.780755 ], [ 11.45427, 3.78085 ], [ 11.454506, 3.78094 ], [ 11.454848, 3.781033 ], [ 11.45503, 3.78108 ], [ 11.455084, 3.781094 ], [ 11.45546, 3.7812 ], [ 11.455721, 3.781302 ], [ 11.456008, 3.781404 ], [ 11.456139, 3.78145 ], [ 11.456319, 3.78149 ], [ 11.456564, 3.781531 ], [ 11.456798, 3.781547 ], [ 11.457026, 3.781565 ], [ 11.457222, 3.781595 ], [ 11.457389, 3.781641 ], [ 11.457623, 3.781734 ], [ 11.457885, 3.781878 ], [ 11.458245, 3.782117 ], [ 11.45834, 3.782183 ], [ 11.458449, 3.782258 ], [ 11.458623, 3.782389 ], [ 11.458735, 3.782505 ], [ 11.458797, 3.7826 ], [ 11.458857, 3.782703 ], [ 11.458883, 3.782773 ], [ 11.458908, 3.782868 ], [ 11.458918, 3.782936 ], [ 11.458917, 3.783039 ], [ 11.458904, 3.783179 ], [ 11.458861, 3.783662 ], [ 11.458853, 3.783835 ], [ 11.458869, 3.783984 ], [ 11.458926, 3.784116 ], [ 11.458971, 3.784197 ], [ 11.459029, 3.784288 ], [ 11.459122, 3.78441 ], [ 11.459184, 3.784515 ], [ 11.459221, 3.784627 ], [ 11.45922, 3.784746 ] ] } },
{ "type": "Feature", "properties": { "nom": "", "classe": "secondary" }, "geometry": { "type": "LineString", "coordinates": [ [ 11.493399, 3.850737 ], [ 11.493412, 3.850677 ], [ 11.493451, 3.850544 ] ] } },
{ "type": "Feature", "properties": { "nom": "", "classe": "secondary" }, "geometry": { "type": "LineString", "coordinates": [ [ 11.492786, 3.857026 ], [ 11.492861, 3.856884 ], [ 11.492918, 3.856769 ], [ 11.493048, 3.856274 ], [ 11.49308, 3.85608 ], [ 11.493087, 3.856052 ], [ 11.493091, 3.856025 ] ] } },
{ "type": "Feature", "properties": { "nom": "Avenue Charles Atangana", "classe": "primary" }, "geometry": { "type": "LineString", "coordinates": [ [ 11.514737, 3.846641 ], [ 11.514764, 3.846678 ], [ 11.514792, 3.846767 ] ] } },
{ "type": "Feature", "properties": { "nom": "Avenue Charles Atangana", "classe": "primary" }, "geometry": { "type": "LineString", "coordinates": [ [ 11.514285, 3.845751 ], [ 11.514078, 3.845259 ], [ 11.514032, 3.845162 ], [ 11.514005, 3.845115 ], [ 11.51398, 3.845074 ], [ 11.513924, 3.844986 ], [ 11.513845, 3.844906 ], [ 11.513806, 3.84487 ], [ 11.513701, 3.844794 ] ] } },
{ "type": "Feature", "properties": { "nom": "Avenue Charles Atangana", "classe": "primary" }, "geometry": { "type": "LineString", "coordinates": [ [ 11.514446, 3.846134 ], [ 11.514285, 3.845751 ] ] } },
{ "type": "Feature", "properties": { "nom": "Avenue Charles Atangana", "classe": "primary" }, "geometry": { "type": "LineString", "coordinates": [ [ 11.51421, 3.845406 ], [ 11.514688, 3.846457 ], [ 11.51473, 3.846621 ], [ 11.514737, 3.846641 ] ] } },
{ "type": "Feature", "properties": { "nom": "Avenue Charles Atangana", "classe": "primary" }, "geometry": { "type": "LineString", "coordinates": [ [ 11.513953, 3.844918 ], [ 11.514034, 3.845021 ] ] } },
{ "type": "Feature", "properties": { "nom": "", "classe": "primary" }, "geometry": { "type": "LineString", "coordinates": [ [ 11.513536, 3.844344 ], [ 11.513418, 3.844117 ] ] } },
{ "type": "Feature", "properties": { "nom": "", "classe": "primary" }, "geometry": { "type": "LineString", "coordinates": [ [ 11.513642, 3.844425 ], [ 11.513662, 3.844563 ], [ 11.513682, 3.844653 ] ] } },
{ "type": "Feature", "properties": { "nom": "Avenue Mgr. Henri Vieter", "classe": "primary" }, "geometry": { "type": "LineString", "coordinates": [ [ 11.513468, 3.844804 ], [ 11.513499, 3.844792 ], [ 11.513607, 3.844749 ] ] } },
{ "type": "Feature", "properties": { "nom": "Avenue Mgr. Henri Vieter", "classe": "primary" }, "geometry": { "type": "LineString", "coordinates": [ [ 11.513088, 3.845021 ], [ 11.513217, 3.844941 ] ] } },
{ "type": "Feature", "properties": { "nom": "Avenue Mgr. Henri Vieter", "classe": "primary" }, "geometry": { "type": "LineString", "coordinates": [ [ 11.51272, 3.845183 ], [ 11.512804, 3.845123 ], [ 11.513011, 3.84504 ], [ 11.513088, 3.845021 ] ] } },
{ "type": "Feature", "properties": { "nom": "Rue Jean Abanda Bili", "classe": "primary" }, "geometry": { "type": "LineString", "coordinates": [ [ 11.540472, 3.874025 ], [ 11.540375, 3.873984 ], [ 11.540252, 3.873957 ], [ 11.540087, 3.873943 ], [ 11.53993, 3.873942 ], [ 11.538928, 3.873963 ], [ 11.538748, 3.873945 ], [ 11.538573, 3.873899 ], [ 11.538423, 3.873831 ], [ 11.538284, 3.873759 ], [ 11.537487, 3.873167 ] ] } },
{ "type": "Feature", "properties": { "nom": "Rue Tsoungui Akoa", "classe": "secondary" }, "geometry": { "type": "LineString", "coordinates": [ [ 11.498836, 3.852918 ], [ 11.498769, 3.852737 ], [ 11.498735, 3.852617 ], [ 11.498719, 3.852533 ] ] } },
{ "type": "Feature", "properties": { "nom": "Rue Tsoungui Akoa", "classe": "secondary" }, "geometry": { "type": "LineString", "coordinates": [ [ 11.498719, 3.852533 ], [ 11.498706, 3.85246 ], [ 11.498699, 3.852417 ] ] } },
{ "type": "Feature", "properties": { "nom": "Rue Tsoungui Akoa", "classe": "secondary" }, "geometry": { "type": "LineString", "coordinates": [ [ 11.498699, 3.852417 ], [ 11.498716, 3.852335 ], [ 11.498747, 3.852202 ], [ 11.498793, 3.852031 ] ] } },
{ "type": "Feature", "properties": { "nom": "Rue Tsoungui Akoa", "classe": "secondary" }, "geometry": { "type": "LineString", "coordinates": [ [ 11.498793, 3.852031 ], [ 11.49886, 3.851928 ], [ 11.498969, 3.851825 ], [ 11.499158, 3.851675 ], [ 11.499419, 3.851511 ] ] } },
{ "type": "Feature", "properties": { "nom": "Rue Tsoungui Akoa", "classe": "secondary" }, "geometry": { "type": "LineString", "coordinates": [ [ 11.499419, 3.851511 ], [ 11.499645, 3.851367 ], [ 11.49974, 3.851293 ], [ 11.499916, 3.851056 ], [ 11.50005, 3.850863 ], [ 11.500171, 3.850689 ], [ 11.500234, 3.850605 ], [ 11.500355, 3.850464 ], [ 11.500387, 3.850438 ], [ 11.50052, 3.850301 ], [ 11.500563, 3.850258 ], [ 11.500708, 3.850104 ], [ 11.500888, 3.849909 ], [ 11.500948, 3.849809 ], [ 11.500996, 3.849702 ], [ 11.501259, 3.849043 ] ] } },
{ "type": "Feature", "properties": { "nom": "Rue Tsoungui Akoa", "classe": "secondary" }, "geometry": { "type": "LineString", "coordinates": [ [ 11.501259, 3.849043 ], [ 11.501308, 3.848962 ], [ 11.501374, 3.848891 ], [ 11.501993, 3.848403 ], [ 11.502036, 3.848367 ], [ 11.502054, 3.848346 ] ] } },
{ "type": "Feature", "properties": { "nom": "Rue 8.795", "classe": "trunk" }, "geometry": { "type": "LineString", "coordinates": [ [ 11.55082, 3.829323 ], [ 11.550934, 3.829481 ], [ 11.55104, 3.829659 ], [ 11.551189, 3.829921 ], [ 11.551513, 3.830507 ] ] } },
{ "type": "Feature", "properties": { "nom": "Rue 4.007", "classe": "secondary" }, "geometry": { "type": "LineString", "coordinates": [ [ 11.518642, 3.847895 ], [ 11.518593, 3.847588 ] ] } },
{ "type": "Feature", "properties": { "nom": "Rue André Amougou", "classe": "primary" }, "geometry": { "type": "LineString", "coordinates": [ [ 11.53653, 3.843514 ], [ 11.53683, 3.843572 ], [ 11.537188, 3.843638 ], [ 11.537615, 3.843718 ], [ 11.537781, 3.843749 ], [ 11.538216, 3.843828 ] ] } },
{ "type": "Feature", "properties": { "nom": "Rue André Amougou", "classe": "primary" }, "geometry": { "type": "LineString", "coordinates": [ [ 11.538216, 3.843828 ], [ 11.538839, 3.843938 ], [ 11.53893, 3.843952 ], [ 11.539374, 3.844035 ], [ 11.539911, 3.84414 ] ] } },
{ "type": "Feature", "properties": { "nom": "Rue André Amougou", "classe": "primary" }, "geometry": { "type": "LineString", "coordinates": [ [ 11.539911, 3.84414 ], [ 11.540397, 3.844233 ], [ 11.54078, 3.844297 ], [ 11.541278, 3.84439 ], [ 11.541526, 3.84444 ] ] } },
{ "type": "Feature", "properties": { "nom": "Route de Kribi", "classe": "secondary" }, "geometry": { "type": "LineString", "coordinates": [ [ 11.486372, 3.849616 ], [ 11.486125, 3.849337 ], [ 11.485853, 3.849049 ], [ 11.485785, 3.848993 ], [ 11.485743, 3.848959 ], [ 11.485577, 3.848854 ], [ 11.485516, 3.848806 ], [ 11.485332, 3.848702 ], [ 11.484941, 3.84855 ], [ 11.484791, 3.848492 ], [ 11.48452, 3.848401 ] ] } },
{ "type": "Feature", "properties": { "nom": "Route de Kribi", "classe": "secondary" }, "geometry": { "type": "LineString", "coordinates": [ [ 11.486674, 3.85019 ], [ 11.486628, 3.850108 ], [ 11.486486, 3.849858 ], [ 11.486372, 3.849616 ] ] } },
{ "type": "Feature", "properties": { "nom": "Rue Noah Tsogo", "classe": "secondary" }, "geometry": { "type": "LineString", "coordinates": [ [ 11.53049, 3.886943 ], [ 11.530486, 3.887068 ], [ 11.53048, 3.887211 ], [ 11.530469, 3.887292 ], [ 11.53044, 3.887425 ], [ 11.530391, 3.88756 ], [ 11.530306, 3.887739 ], [ 11.530232, 3.88791 ], [ 11.53017, 3.888066 ], [ 11.530123, 3.888207 ], [ 11.530091, 3.888341 ], [ 11.530054, 3.888625 ] ] } },
{ "type": "Feature", "properties": { "nom": "Rue Noah Tsogo", "classe": "secondary" }, "geometry": { "type": "LineString", "coordinates": [ [ 11.530054, 3.888625 ], [ 11.530028, 3.888996 ], [ 11.529995, 3.88924 ] ] } },
{ "type": "Feature", "properties": { "nom": "Rue 1.064", "classe": "secondary" }, "geometry": { "type": "LineString", "coordinates": [ [ 11.530357, 3.885437 ], [ 11.530366, 3.885461 ], [ 11.530379, 3.885544 ], [ 11.530408, 3.885809 ], [ 11.530443, 3.886057 ], [ 11.53046, 3.886249 ], [ 11.53047, 3.886392 ], [ 11.530477, 3.886531 ], [ 11.530488, 3.886663 ], [ 11.53049, 3.886851 ], [ 11.53049, 3.886943 ] ] } },
{ "type": "Feature", "properties": { "nom": "Rue 1.070", "classe": "secondary" }, "geometry": { "type": "LineString", "coordinates": [ [ 11.521043, 3.883295 ], [ 11.521505, 3.883223 ], [ 11.521633, 3.883196 ], [ 11.521783, 3.883149 ] ] } },
{ "type": "Feature", "properties": { "nom": "Rue Zogo Fouda Ngono", "classe": "secondary" }, "geometry": { "type": "LineString", "coordinates": [ [ 11.51515, 3.881158 ], [ 11.515127, 3.880997 ], [ 11.515044, 3.880466 ], [ 11.515024, 3.880383 ], [ 11.514536, 3.878309 ] ] } },
{ "type": "Feature", "properties": { "nom": "Rue Many Ewondo", "classe": "primary" }, "geometry": { "type": "LineString", "coordinates": [ [ 11.521019, 3.861419 ], [ 11.521425, 3.86134 ] ] } },
{ "type": "Feature", "properties": { "nom": "Rue Many Ewondo", "classe": "primary" }, "geometry": { "type": "LineString", "coordinates": [ [ 11.521434, 3.861436 ], [ 11.521353, 3.861487 ], [ 11.52128, 3.861535 ], [ 11.521191, 3.861629 ], [ 11.521083, 3.861741 ], [ 11.521046, 3.861748 ] ] } },
{ "type": "Feature", "properties": { "nom": "Rue Jean Abanda Bili", "classe": "primary" }, "geometry": { "type": "LineString", "coordinates": [ [ 11.545146, 3.875771 ], [ 11.543988, 3.875296 ], [ 11.543624, 3.875146 ], [ 11.542601, 3.874853 ], [ 11.542115, 3.874691 ], [ 11.541141, 3.874322 ], [ 11.540986, 3.874253 ] ] } },
{ "type": "Feature", "properties": { "nom": "Rue Jean Abanda Bili", "classe": "primary" }, "geometry": { "type": "LineString", "coordinates": [ [ 11.545522, 3.875926 ], [ 11.545146, 3.875771 ] ] } },
{ "type": "Feature", "properties": { "nom": "Rue Jean Abanda Bili", "classe": "primary" }, "geometry": { "type": "LineString", "coordinates": [ [ 11.550387, 3.88004 ], [ 11.550346, 3.879976 ], [ 11.550296, 3.879907 ], [ 11.550012, 3.879386 ], [ 11.549743, 3.878891 ] ] } },
{ "type": "Feature", "properties": { "nom": "Rue 5.008", "classe": "secondary" }, "geometry": { "type": "LineString", "coordinates": [ [ 11.556668, 3.884022 ], [ 11.556666, 3.883947 ], [ 11.556651, 3.883754 ], [ 11.556648, 3.883684 ], [ 11.556652, 3.883631 ], [ 11.556657, 3.883519 ], [ 11.556688, 3.883379 ], [ 11.556734, 3.883231 ], [ 11.556779, 3.883108 ], [ 11.556841, 3.882986 ], [ 11.55693, 3.882844 ], [ 11.556983, 3.882751 ], [ 11.557058, 3.882613 ], [ 11.557126, 3.882489 ], [ 11.557151, 3.88241 ], [ 11.557181, 3.882238 ], [ 11.557188, 3.882188 ], [ 11.557188, 3.882112 ], [ 11.557181, 3.881941 ], [ 11.557152, 3.881761 ], [ 11.557111, 3.881523 ], [ 11.557096, 3.881437 ], [ 11.557041, 3.881172 ], [ 11.556996, 3.88102 ], [ 11.556896, 3.880737 ], [ 11.556862, 3.880651 ], [ 11.556767, 3.880403 ], [ 11.556678, 3.880214 ], [ 11.556564, 3.87998 ], [ 11.556468, 3.879829 ], [ 11.556382, 3.879736 ], [ 11.556282, 3.879656 ], [ 11.556152, 3.879598 ], [ 11.556019, 3.879582 ], [ 11.555778, 3.879587 ], [ 11.555511, 3.879625 ], [ 11.555072, 3.879705 ], [ 11.554661, 3.879779 ], [ 11.55441, 3.879796 ], [ 11.554158, 3.879792 ], [ 11.553918, 3.879778 ], [ 11.553671, 3.879752 ], [ 11.553415, 3.879726 ], [ 11.553187, 3.879708 ], [ 11.552953, 3.879699 ], [ 11.55264, 3.879706 ], [ 11.552408, 3.879725 ] ] } },
{ "type": "Feature", "properties": { "nom": "Rue 5.008", "classe": "secondary" }, "geometry": { "type": "LineString", "coordinates": [ [ 11.556721, 3.884761 ], [ 11.5567, 3.884669 ], [ 11.556683, 3.884554 ], [ 11.556676, 3.884456 ], [ 11.556669, 3.884329 ], [ 11.556678, 3.884197 ], [ 11.556668, 3.884022 ] ] } },
{ "type": "Feature", "properties": { "nom": "Rue 5.118", "classe": "tertiary" }, "geometry": { "type": "LineString", "coordinates": [ [ 11.564333, 3.883298 ], [ 11.564737, 3.883168 ], [ 11.564791, 3.883151 ], [ 11.564952, 3.883097 ], [ 11.565593, 3.88287 ], [ 11.56604, 3.882725 ] ] } },
{ "type": "Feature", "properties": { "nom": "Rue 5.089", "classe": "tertiary" }, "geometry": { "type": "LineString", "coordinates": [ [ 11.567361, 3.884334 ], [ 11.567332, 3.884029 ], [ 11.567232, 3.883723 ], [ 11.567197, 3.88364 ], [ 11.567141, 3.883503 ], [ 11.566918, 3.882998 ], [ 11.566833, 3.882817 ], [ 11.566784, 3.882685 ], [ 11.566765, 3.882639 ] ] } },
{ "type": "Feature", "properties": { "nom": "Rue 5.118", "classe": "tertiary" }, "geometry": { "type": "LineString", "coordinates": [ [ 11.56604, 3.882725 ], [ 11.566328, 3.882638 ], [ 11.566544, 3.882568 ], [ 11.56667, 3.88254 ] ] } },
{ "type": "Feature", "properties": { "nom": "Rue 5.055", "classe": "tertiary" }, "geometry": { "type": "LineString", "coordinates": [ [ 11.564185, 3.88343 ], [ 11.564224, 3.883395 ], [ 11.564333, 3.883298 ], [ 11.564516, 3.882925 ], [ 11.564578, 3.882799 ], [ 11.564727, 3.882511 ], [ 11.56496, 3.882117 ], [ 11.564988, 3.882071 ], [ 11.565244, 3.881535 ], [ 11.565656, 3.880774 ], [ 11.56654, 3.878839 ], [ 11.566826, 3.878334 ], [ 11.567176, 3.877686 ] ] } },
{ "type": "Feature", "properties": { "nom": "Rue 5.055", "classe": "tertiary" }, "geometry": { "type": "LineString", "coordinates": [ [ 11.562279, 3.884338 ], [ 11.562761, 3.884124 ], [ 11.563227, 3.883866 ], [ 11.563849, 3.883603 ], [ 11.564185, 3.88343 ] ] } },
{ "type": "Feature", "properties": { "nom": "Rue 5.008", "classe": "secondary" }, "geometry": { "type": "LineString", "coordinates": [ [ 11.552408, 3.879725 ], [ 11.551858, 3.879768 ], [ 11.551407, 3.879848 ], [ 11.550858, 3.879952 ], [ 11.55076, 3.87997 ] ] } },
{ "type": "Feature", "properties": { "nom": "Rue 5.008", "classe": "secondary" }, "geometry": { "type": "LineString", "coordinates": [ [ 11.55076, 3.87997 ], [ 11.550387, 3.88004 ] ] } },
{ "type": "Feature", "properties": { "nom": "Rue 1.271", "classe": "tertiary" }, "geometry": { "type": "LineString", "coordinates": [ [ 11.548438, 3.878946 ], [ 11.54956, 3.878677 ] ] } },
{ "type": "Feature", "properties": { "nom": "Rue 7.147", "classe": "tertiary" }, "geometry": { "type": "LineString", "coordinates": [ [ 11.465495, 3.84597 ], [ 11.465418, 3.845981 ], [ 11.465336, 3.845993 ], [ 11.465213, 3.846005 ], [ 11.465066, 3.846054 ], [ 11.46499, 3.846123 ], [ 11.464876, 3.846306 ], [ 11.464806, 3.846429 ], [ 11.464748, 3.846507 ], [ 11.4647, 3.846624 ], [ 11.464645, 3.846729 ] ] } },
{ "type": "Feature", "properties": { "nom": "Rue 5.525", "classe": "tertiary" }, "geometry": { "type": "LineString", "coordinates": [ [ 11.564246, 3.906477 ], [ 11.564127, 3.906767 ], [ 11.56402, 3.90709 ], [ 11.563983, 3.907191 ], [ 11.56395, 3.907254 ], [ 11.563902, 3.907329 ], [ 11.563851, 3.907388 ], [ 11.563794, 3.907442 ], [ 11.563609, 3.907596 ], [ 11.56323, 3.907894 ], [ 11.563038, 3.908062 ], [ 11.562893, 3.908192 ], [ 11.562827, 3.908247 ], [ 11.562593, 3.908451 ], [ 11.562423, 3.908599 ], [ 11.562168, 3.908829 ], [ 11.561865, 3.909118 ], [ 11.561823, 3.909163 ], [ 11.56169, 3.909297 ], [ 11.561587, 3.909404 ], [ 11.561498, 3.9095 ], [ 11.561445, 3.909584 ], [ 11.561352, 3.909769 ], [ 11.561331, 3.909818 ], [ 11.561296, 3.909904 ], [ 11.56125, 3.910065 ], [ 11.561223, 3.910214 ], [ 11.56121, 3.910392 ], [ 11.561221, 3.910544 ], [ 11.561253, 3.910732 ], [ 11.561288, 3.910864 ], [ 11.561322, 3.910978 ], [ 11.561341, 3.91104 ], [ 11.56141, 3.911305 ], [ 11.56144, 3.911503 ], [ 11.561461, 3.911682 ], [ 11.561489, 3.911948 ], [ 11.561506, 3.912187 ], [ 11.561521, 3.912335 ], [ 11.561532, 3.912577 ], [ 11.561557, 3.912793 ], [ 11.561578, 3.912962 ], [ 11.5616, 3.91308 ], [ 11.561636, 3.913227 ], [ 11.561697, 3.913394 ], [ 11.561764, 3.913604 ], [ 11.561811, 3.913816 ], [ 11.561822, 3.913983 ], [ 11.561829, 3.914139 ], [ 11.561882, 3.914989 ], [ 11.561887, 3.91512 ], [ 11.561869, 3.91525 ], [ 11.561839, 3.915358 ], [ 11.561756, 3.915559 ], [ 11.561666, 3.91577 ], [ 11.561562, 3.916019 ], [ 11.561508, 3.916165 ], [ 11.561485, 3.916241 ], [ 11.561419, 3.916467 ], [ 11.561371, 3.916664 ], [ 11.561337, 3.916849 ], [ 11.561328, 3.916989 ], [ 11.56132, 3.917089 ], [ 11.561287, 3.917406 ], [ 11.561269, 3.917575 ], [ 11.561225, 3.917747 ], [ 11.561148, 3.917995 ], [ 11.561095, 3.918161 ], [ 11.561023, 3.91835 ], [ 11.560948, 3.918542 ], [ 11.560891, 3.918699 ], [ 11.560845, 3.918889 ], [ 11.560835, 3.919043 ], [ 11.56083, 3.919188 ], [ 11.560838, 3.919392 ], [ 11.560854, 3.91954 ], [ 11.560877, 3.919697 ], [ 11.5609, 3.919913 ], [ 11.560912, 3.920026 ], [ 11.560931, 3.920213 ], [ 11.560935, 3.920268 ], [ 11.560935, 3.920441 ], [ 11.560923, 3.920714 ], [ 11.560881, 3.921062 ], [ 11.560842, 3.921302 ], [ 11.560814, 3.921534 ], [ 11.560794, 3.92182 ], [ 11.560776, 3.921974 ], [ 11.560763, 3.922139 ], [ 11.560738, 3.922303 ], [ 11.560716, 3.922487 ], [ 11.560704, 3.922666 ], [ 11.560686, 3.922866 ], [ 11.560675, 3.923112 ], [ 11.560667, 3.92326 ], [ 11.560659, 3.923389 ], [ 11.560655, 3.923462 ], [ 11.56064, 3.923597 ], [ 11.5606, 3.923817 ], [ 11.560551, 3.923974 ], [ 11.560512, 3.92408 ], [ 11.560445, 3.92422 ], [ 11.560356, 3.924391 ], [ 11.560318, 3.924462 ], [ 11.560214, 3.924701 ], [ 11.560157, 3.924925 ], [ 11.56014, 3.92503 ], [ 11.560134, 3.925149 ], [ 11.560132, 3.925178 ], [ 11.560134, 3.925268 ], [ 11.560144, 3.925408 ], [ 11.560151, 3.925557 ], [ 11.560151, 3.925647 ], [ 11.560149, 3.925719 ], [ 11.560137, 3.925868 ], [ 11.560128, 3.925951 ], [ 11.560102, 3.926041 ], [ 11.560074, 3.926117 ], [ 11.560004, 3.926233 ], [ 11.559938, 3.926332 ], [ 11.55983, 3.926445 ], [ 11.559643, 3.926654 ], [ 11.559403, 3.92692 ], [ 11.559283, 3.927053 ], [ 11.559218, 3.927121 ], [ 11.559158, 3.927181 ], [ 11.559031, 3.927306 ], [ 11.558949, 3.92738 ], [ 11.55885, 3.927465 ], [ 11.558761, 3.927525 ], [ 11.558686, 3.927574 ], [ 11.558603, 3.927627 ], [ 11.558524, 3.92767 ], [ 11.55846, 3.9277 ], [ 11.558392, 3.927727 ], [ 11.558303, 3.927757 ], [ 11.558213, 3.927779 ], [ 11.558121, 3.92779 ], [ 11.558023, 3.927793 ], [ 11.557927, 3.927786 ], [ 11.557786, 3.92777 ], [ 11.557653, 3.927763 ], [ 11.557545, 3.927764 ], [ 11.557469, 3.927771 ], [ 11.557376, 3.927785 ], [ 11.557291, 3.927817 ], [ 11.557207, 3.927865 ], [ 11.557142, 3.927914 ], [ 11.557063, 3.927987 ], [ 11.556946, 3.92813 ], [ 11.556824, 3.928268 ], [ 11.556772, 3.928335 ], [ 11.556716, 3.928412 ], [ 11.556606, 3.92857 ], [ 11.5565, 3.92874 ], [ 11.556416, 3.928886 ], [ 11.556347, 3.929014 ], [ 11.55629, 3.929145 ], [ 11.556225, 3.929327 ], [ 11.556186, 3.929517 ], [ 11.55616, 3.929685 ], [ 11.556143, 3.929881 ], [ 11.556121, 3.930132 ], [ 11.556106, 3.930302 ], [ 11.556111, 3.930511 ] ] } },
{ "type": "Feature", "properties": { "nom": "Rue 3.054", "classe": "tertiary" }, "geometry": { "type": "LineString", "coordinates": [ [ 11.505321, 3.861302 ], [ 11.505185, 3.861267 ], [ 11.505023, 3.8612 ], [ 11.50498, 3.861179 ], [ 11.504769, 3.861052 ] ] } },
{ "type": "Feature", "properties": { "nom": "Rue de Melen", "classe": "secondary" }, "geometry": { "type": "LineString", "coordinates": [ [ 11.495383, 3.863855 ], [ 11.495236, 3.863803 ], [ 11.494948, 3.86365 ] ] } },
{ "type": "Feature", "properties": { "nom": "Rue de Melen", "classe": "secondary" }, "geometry": { "type": "LineString", "coordinates": [ [ 11.494948, 3.86365 ], [ 11.494737, 3.863475 ], [ 11.494571, 3.863339 ], [ 11.494184, 3.863019 ] ] } },
{ "type": "Feature", "properties": { "nom": "Rue André Amougou", "classe": "primary" }, "geometry": { "type": "LineString", "coordinates": [ [ 11.541526, 3.84444 ], [ 11.541739, 3.844478 ], [ 11.541923, 3.844509 ], [ 11.542144, 3.844547 ], [ 11.543029, 3.844713 ], [ 11.543263, 3.84476 ], [ 11.543619, 3.844829 ], [ 11.543913, 3.844883 ], [ 11.544199, 3.844937 ], [ 11.544605, 3.84501 ], [ 11.544947, 3.845076 ] ] } },
{ "type": "Feature", "properties": { "nom": "Rue de l'Université", "classe": "secondary" }, "geometry": { "type": "LineString", "coordinates": [ [ 11.505237, 3.859929 ], [ 11.505327, 3.85998 ] ] } },
{ "type": "Feature", "properties": { "nom": "Rue Mgr. René Graffin", "classe": "secondary" }, "geometry": { "type": "LineString", "coordinates": [ [ 11.525557, 3.868105 ], [ 11.525503, 3.868148 ], [ 11.525443, 3.868209 ], [ 11.525347, 3.868338 ], [ 11.525158, 3.8687 ], [ 11.524961, 3.869089 ] ] } },
{ "type": "Feature", "properties": { "nom": "Rue Jean Abanda Bili", "classe": "primary" }, "geometry": { "type": "LineString", "coordinates": [ [ 11.540986, 3.874253 ], [ 11.540472, 3.874025 ] ] } },
{ "type": "Feature", "properties": { "nom": "Rue 1.273", "classe": "secondary" }, "geometry": { "type": "LineString", "coordinates": [ [ 11.540472, 3.874025 ], [ 11.54047, 3.873172 ] ] } },
{ "type": "Feature", "properties": { "nom": "", "classe": "tertiary" }, "geometry": { "type": "LineString", "coordinates": [ [ 11.56427, 3.906417 ], [ 11.564246, 3.906477 ] ] } },
{ "type": "Feature", "properties": { "nom": "Boulevard de la Réunification", "classe": "secondary" }, "geometry": { "type": "LineString", "coordinates": [ [ 11.504769, 3.861052 ], [ 11.504622, 3.861364 ], [ 11.504409, 3.861776 ], [ 11.504206, 3.862233 ] ] } },
{ "type": "Feature", "properties": { "nom": "Rue de Melen", "classe": "secondary" }, "geometry": { "type": "LineString", "coordinates": [ [ 11.503781, 3.862524 ], [ 11.503762, 3.862526 ], [ 11.50368, 3.862534 ], [ 11.503525, 3.862555 ], [ 11.503009, 3.862637 ] ] } },
{ "type": "Feature", "properties": { "nom": "Rue Martin Paul Samba", "classe": "secondary" }, "geometry": { "type": "LineString", "coordinates": [ [ 11.504577, 3.863367 ], [ 11.50458, 3.863192 ], [ 11.504558, 3.863056 ], [ 11.504523, 3.862968 ], [ 11.504463, 3.862856 ], [ 11.504349, 3.862708 ] ] } },
{ "type": "Feature", "properties": { "nom": "Boulevard de la réunification", "classe": "secondary" }, "geometry": { "type": "LineString", "coordinates": [ [ 11.504206, 3.862233 ], [ 11.504106, 3.862348 ] ] } },
{ "type": "Feature", "properties": { "nom": "Boulevard de la réunification", "classe": "secondary" }, "geometry": { "type": "LineString", "coordinates": [ [ 11.504106, 3.862348 ], [ 11.504075, 3.862375 ], [ 11.504036, 3.862403 ] ] } },
{ "type": "Feature", "properties": { "nom": "Avenue de l'Indépendance", "classe": "secondary" }, "geometry": { "type": "LineString", "coordinates": [ [ 11.518438, 3.87056 ], [ 11.518413, 3.870624 ], [ 11.51839, 3.87068 ] ] } },
{ "type": "Feature", "properties": { "nom": "Avenue de l'Indépendance", "classe": "secondary" }, "geometry": { "type": "LineString", "coordinates": [ [ 11.51839, 3.87068 ], [ 11.518169, 3.871226 ], [ 11.518161, 3.871246 ] ] } },
{ "type": "Feature", "properties": { "nom": "Avenue de l'Indépendance", "classe": "secondary" }, "geometry": { "type": "LineString", "coordinates": [ [ 11.519052, 3.869152 ], [ 11.519008, 3.869252 ], [ 11.518946, 3.869393 ] ] } },
{ "type": "Feature", "properties": { "nom": "Avenue de l'Indépendance", "classe": "secondary" }, "geometry": { "type": "LineString", "coordinates": [ [ 11.518946, 3.869393 ], [ 11.518791, 3.869746 ], [ 11.518735, 3.869873 ], [ 11.518482, 3.870447 ], [ 11.518438, 3.87056 ] ] } },
{ "type": "Feature", "properties": { "nom": "Avenue de l'Indépendance", "classe": "secondary" }, "geometry": { "type": "LineString", "coordinates": [ [ 11.520262, 3.866644 ], [ 11.520111, 3.866849 ], [ 11.519965, 3.867159 ] ] } },
{ "type": "Feature", "properties": { "nom": "Avenue de l'Indépendance", "classe": "secondary" }, "geometry": { "type": "LineString", "coordinates": [ [ 11.519965, 3.867159 ], [ 11.519661, 3.867808 ] ] } },
{ "type": "Feature", "properties": { "nom": "Avenue de l'Indépendance", "classe": "secondary" }, "geometry": { "type": "LineString", "coordinates": [ [ 11.520414, 3.866553 ], [ 11.520262, 3.866644 ] ] } },
{ "type": "Feature", "properties": { "nom": "Avenue de Nsimeyong", "classe": "secondary" }, "geometry": { "type": "LineString", "coordinates": [ [ 11.495964, 3.83981 ], [ 11.495987, 3.839773 ], [ 11.496005, 3.839745 ], [ 11.496023, 3.839719 ], [ 11.496047, 3.839686 ], [ 11.496068, 3.839654 ], [ 11.496085, 3.839621 ], [ 11.496103, 3.839584 ], [ 11.496123, 3.839525 ], [ 11.496143, 3.839472 ], [ 11.496155, 3.839421 ], [ 11.496166, 3.839368 ], [ 11.496174, 3.839326 ], [ 11.496189, 3.83924 ], [ 11.496207, 3.83912 ], [ 11.496231, 3.838967 ], [ 11.496249, 3.838866 ], [ 11.49626, 3.838775 ], [ 11.496268, 3.838703 ], [ 11.496298, 3.838461 ], [ 11.49632, 3.838274 ], [ 11.49635, 3.838108 ], [ 11.496384, 3.837924 ], [ 11.496407, 3.837727 ], [ 11.496433, 3.837591 ], [ 11.496457, 3.837413 ], [ 11.496472, 3.8373 ], [ 11.496477, 3.837197 ], [ 11.496476, 3.837093 ], [ 11.496466, 3.836995 ], [ 11.496453, 3.836895 ], [ 11.496434, 3.836791 ], [ 11.496409, 3.836699 ], [ 11.496379, 3.836603 ], [ 11.496339, 3.836505 ], [ 11.49628, 3.836387 ], [ 11.49621, 3.836275 ], [ 11.496123, 3.83617 ], [ 11.496042, 3.836082 ], [ 11.495966, 3.836013 ] ] } },
{ "type": "Feature", "properties": { "nom": "Avenue de Nsimeyong", "classe": "secondary" }, "geometry": { "type": "LineString", "coordinates": [ [ 11.496033, 3.835967 ], [ 11.496097, 3.836046 ], [ 11.496175, 3.836136 ], [ 11.49626, 3.83624 ], [ 11.496341, 3.836366 ], [ 11.496391, 3.836472 ], [ 11.496431, 3.836571 ], [ 11.496465, 3.836671 ], [ 11.496493, 3.83677 ], [ 11.496514, 3.836878 ], [ 11.496527, 3.836985 ], [ 11.496535, 3.837101 ], [ 11.496535, 3.837199 ], [ 11.496533, 3.837309 ], [ 11.496519, 3.837426 ], [ 11.496498, 3.837595 ], [ 11.496482, 3.837703 ], [ 11.496404, 3.838231 ], [ 11.496367, 3.838469 ], [ 11.496333, 3.838686 ], [ 11.49631, 3.838863 ], [ 11.496294, 3.838966 ], [ 11.496282, 3.83904 ], [ 11.496267, 3.839128 ], [ 11.496249, 3.839247 ], [ 11.496232, 3.839339 ], [ 11.496217, 3.839418 ], [ 11.496202, 3.839495 ], [ 11.496188, 3.839551 ], [ 11.496168, 3.839614 ], [ 11.496156, 3.839651 ], [ 11.496136, 3.839708 ], [ 11.496116, 3.839751 ], [ 11.496093, 3.839793 ], [ 11.496077, 3.839821 ], [ 11.49604, 3.839871 ] ] } },
{ "type": "Feature", "properties": { "nom": "Rue Abbé Tobie Atangana", "classe": "secondary" }, "geometry": { "type": "LineString", "coordinates": [ [ 11.496241, 3.840157 ], [ 11.496305, 3.84018 ], [ 11.496339, 3.840191 ], [ 11.496392, 3.840206 ], [ 11.496445, 3.840222 ], [ 11.496478, 3.840231 ], [ 11.49652, 3.840242 ], [ 11.496566, 3.840252 ], [ 11.496655, 3.840264 ], [ 11.496841, 3.840276 ], [ 11.497022, 3.840264 ], [ 11.497159, 3.84024 ], [ 11.497294, 3.840228 ], [ 11.497361, 3.84023 ], [ 11.497439, 3.840236 ], [ 11.49755, 3.840254 ], [ 11.497661, 3.840279 ], [ 11.497763, 3.840314 ], [ 11.497858, 3.840356 ], [ 11.497978, 3.840422 ], [ 11.49821, 3.840585 ], [ 11.498474, 3.840769 ] ] } },
{ "type": "Feature", "properties": { "nom": "", "classe": "secondary" }, "geometry": { "type": "LineString", "coordinates": [ [ 11.498646, 3.845639 ], [ 11.498595, 3.845661 ], [ 11.497807, 3.846002 ], [ 11.497628, 3.846094 ], [ 11.497568, 3.846132 ], [ 11.497484, 3.846185 ], [ 11.497438, 3.846219 ], [ 11.497389, 3.846256 ], [ 11.497352, 3.846285 ], [ 11.497296, 3.846331 ], [ 11.497171, 3.846456 ], [ 11.497092, 3.846546 ], [ 11.496885, 3.846768 ], [ 11.496765, 3.846937 ], [ 11.496656, 3.847117 ], [ 11.496555, 3.847292 ] ] } },
{ "type": "Feature", "properties": { "nom": "Rue 8.795", "classe": "trunk" }, "geometry": { "type": "LineString", "coordinates": [ [ 11.550167, 3.828508 ], [ 11.550393, 3.82877 ], [ 11.55082, 3.829323 ] ] } },
{ "type": "Feature", "properties": { "nom": "Avenue de Nsimeyong", "classe": "secondary" }, "geometry": { "type": "LineString", "coordinates": [ [ 11.494984, 3.835345 ], [ 11.495133, 3.835393 ], [ 11.495185, 3.835409 ], [ 11.495225, 3.835422 ], [ 11.495293, 3.835451 ], [ 11.495361, 3.835485 ], [ 11.495407, 3.835513 ], [ 11.495501, 3.835576 ], [ 11.495598, 3.835648 ], [ 11.495852, 3.835839 ], [ 11.495942, 3.835904 ], [ 11.496033, 3.835967 ] ] } },
{ "type": "Feature", "properties": { "nom": "Avenue de Nsimeyong", "classe": "secondary" }, "geometry": { "type": "LineString", "coordinates": [ [ 11.495966, 3.836013 ], [ 11.49591, 3.835971 ], [ 11.495797, 3.835888 ], [ 11.495581, 3.835715 ], [ 11.495467, 3.835638 ], [ 11.495367, 3.83557 ], [ 11.495324, 3.835545 ], [ 11.495268, 3.83551 ], [ 11.495202, 3.835477 ], [ 11.495068, 3.835434 ], [ 11.494952, 3.83541 ], [ 11.494832, 3.835401 ], [ 11.494749, 3.835401 ], [ 11.494669, 3.835403 ] ] } },
{ "type": "Feature", "properties": { "nom": "Rue 3.054", "classe": "tertiary" }, "geometry": { "type": "LineString", "coordinates": [ [ 11.504769, 3.861052 ], [ 11.504674, 3.86103 ] ] } },
{ "type": "Feature", "properties": { "nom": "Rue 3.700", "classe": "secondary" }, "geometry": { "type": "LineString", "coordinates": [ [ 11.518233, 3.855039 ], [ 11.518618, 3.855214 ], [ 11.518983, 3.8554 ], [ 11.519382, 3.855612 ], [ 11.519549, 3.855706 ], [ 11.519727, 3.855794 ], [ 11.52003, 3.855949 ], [ 11.520296, 3.856084 ] ] } },
{ "type": "Feature", "properties": { "nom": "Rue 3.700", "classe": "secondary" }, "geometry": { "type": "LineString", "coordinates": [ [ 11.516215, 3.854019 ], [ 11.516609, 3.854247 ] ] } },
{ "type": "Feature", "properties": { "nom": "Boulevard de la Réunification", "classe": "secondary" }, "geometry": { "type": "LineString", "coordinates": [ [ 11.509284, 3.856247 ], [ 11.508472, 3.856975 ], [ 11.507917, 3.857462 ], [ 11.507446, 3.857876 ], [ 11.507212, 3.858089 ], [ 11.50707, 3.858217 ], [ 11.506785, 3.858477 ], [ 11.50617, 3.859052 ] ] } },
{ "type": "Feature", "properties": { "nom": "Ancienne Route de Douala", "classe": "trunk" }, "geometry": { "type": "LineString", "coordinates": [ [ 11.409642, 3.870937 ], [ 11.409726, 3.870909 ], [ 11.409813, 3.870922 ], [ 11.409884, 3.870974 ], [ 11.409923, 3.871053 ], [ 11.409926, 3.871116 ], [ 11.409908, 3.871175 ], [ 11.409871, 3.871225 ], [ 11.409788, 3.871272 ], [ 11.409692, 3.871272 ], [ 11.40961, 3.871223 ], [ 11.409576, 3.871177 ], [ 11.409558, 3.871122 ], [ 11.409558, 3.871065 ], [ 11.409573, 3.871015 ], [ 11.409602, 3.870971 ], [ 11.409642, 3.870937 ] ] } },
{ "type": "Feature", "properties": { "nom": "Ancienne Route de Douala", "classe": "trunk" }, "geometry": { "type": "LineString", "coordinates": [ [ 11.409871, 3.871225 ], [ 11.410182, 3.87163 ], [ 11.410496, 3.872028 ] ] } },
{ "type": "Feature", "properties": { "nom": "Autoroute Yaoundé - Douala", "classe": "motorway" }, "geometry": { "type": "LineString", "coordinates": [ [ 11.40961, 3.871223 ], [ 11.409464, 3.871219 ], [ 11.409164, 3.87123 ], [ 11.408767, 3.871222 ], [ 11.408382, 3.871111 ], [ 11.407861, 3.870894 ], [ 11.407282, 3.870616 ], [ 11.406652, 3.870584 ], [ 11.406, 3.870592 ], [ 11.398845, 3.871752 ], [ 11.398456, 3.871814 ] ] } },
{ "type": "Feature", "properties": { "nom": "Autoroute Yaoundé - Douala", "classe": "motorway" }, "geometry": { "type": "LineString", "coordinates": [ [ 11.398415, 3.871617 ], [ 11.398699, 3.871584 ], [ 11.402772, 3.870925 ], [ 11.405981, 3.870453 ], [ 11.406331, 3.870446 ], [ 11.406652, 3.870452 ], [ 11.406994, 3.870434 ], [ 11.407315, 3.870472 ], [ 11.407926, 3.870755 ], [ 11.408473, 3.871023 ], [ 11.408799, 3.871103 ], [ 11.409157, 3.871109 ], [ 11.409454, 3.871072 ], [ 11.409558, 3.871065 ] ] } },
{ "type": "Feature", "properties": { "nom": "Avenue de Biyeme Assi", "classe": "secondary" }, "geometry": { "type": "LineString", "coordinates": [ [ 11.480033, 3.828777 ], [ 11.479641, 3.828339 ] ] } },
{ "type": "Feature", "properties": { "nom": "Avenue de Biyeme Assi", "classe": "secondary" }, "geometry": { "type": "LineString", "coordinates": [ [ 11.482972, 3.832039 ], [ 11.48281, 3.831832 ], [ 11.482641, 3.831617 ], [ 11.482558, 3.83152 ], [ 11.482493, 3.831445 ], [ 11.482462, 3.831411 ], [ 11.482281, 3.831213 ], [ 11.482081, 3.830993 ], [ 11.481957, 3.830856 ], [ 11.481905, 3.8308 ], [ 11.481734, 3.830625 ], [ 11.481514, 3.830402 ], [ 11.48129, 3.83016 ], [ 11.481202, 3.830058 ], [ 11.480888, 3.829712 ], [ 11.480583, 3.829385 ], [ 11.480033, 3.828777 ] ] } },
{ "type": "Feature", "properties": { "nom": "Rue 2.037", "classe": "secondary" }, "geometry": { "type": "LineString", "coordinates": [ [ 11.513396, 3.879832 ], [ 11.513218, 3.879776 ], [ 11.512756, 3.879596 ], [ 11.512686, 3.879561 ], [ 11.512522, 3.879495 ], [ 11.512417, 3.879413 ], [ 11.512323, 3.87934 ] ] } },
{ "type": "Feature", "properties": { "nom": "Rue 2.037", "classe": "secondary" }, "geometry": { "type": "LineString", "coordinates": [ [ 11.513696, 3.879963 ], [ 11.513396, 3.879832 ] ] } },
{ "type": "Feature", "properties": { "nom": "Rue Martin Paul Samba", "classe": "secondary" }, "geometry": { "type": "LineString", "coordinates": [ [ 11.50823, 3.868505 ], [ 11.507967, 3.868493 ], [ 11.507811, 3.868485 ], [ 11.507612, 3.868476 ], [ 11.507363, 3.868503 ], [ 11.507155, 3.868526 ] ] } },
{ "type": "Feature", "properties": { "nom": "Rue Marnchal Foch", "classe": "secondary" }, "geometry": { "type": "LineString", "coordinates": [ [ 11.515793, 3.86928 ], [ 11.515806, 3.869248 ], [ 11.516281, 3.868193 ], [ 11.516648, 3.867375 ], [ 11.516654, 3.86736 ] ] } },
{ "type": "Feature", "properties": { "nom": "Boulevard de l'U.R.S.S.", "classe": "tertiary" }, "geometry": { "type": "LineString", "coordinates": [ [ 11.514527, 3.894141 ], [ 11.514065, 3.894059 ], [ 11.513542, 3.893992 ], [ 11.513365, 3.893958 ], [ 11.513296, 3.893917 ] ] } },
{ "type": "Feature", "properties": { "nom": "Rue Joseph Mballa Eloumdem", "classe": "secondary" }, "geometry": { "type": "LineString", "coordinates": [ [ 11.517743, 3.885505 ], [ 11.517864, 3.885451 ], [ 11.517933, 3.885419 ], [ 11.518237, 3.885308 ], [ 11.518532, 3.885184 ], [ 11.518662, 3.885118 ], [ 11.518763, 3.885055 ], [ 11.518828, 3.884993 ] ] } },
{ "type": "Feature", "properties": { "nom": "Rue Joseph Mballa Eloumdem", "classe": "secondary" }, "geometry": { "type": "LineString", "coordinates": [ [ 11.517173, 3.885808 ], [ 11.517452, 3.885647 ], [ 11.517621, 3.885559 ], [ 11.517743, 3.885505 ] ] } },
{ "type": "Feature", "properties": { "nom": "", "classe": "tertiary" }, "geometry": { "type": "LineString", "coordinates": [ [ 11.57374, 3.908036 ], [ 11.573856, 3.907961 ] ] } },
{ "type": "Feature", "properties": { "nom": "", "classe": "tertiary" }, "geometry": { "type": "LineString", "coordinates": [ [ 11.572807, 3.909322 ], [ 11.572931, 3.9092 ], [ 11.573069, 3.909041 ], [ 11.573242, 3.908772 ], [ 11.573486, 3.908314 ], [ 11.573603, 3.908168 ], [ 11.57374, 3.908036 ] ] } },
{ "type": "Feature", "properties": { "nom": "", "classe": "tertiary" }, "geometry": { "type": "LineString", "coordinates": [ [ 11.572807, 3.909322 ], [ 11.57266, 3.909485 ], [ 11.572409, 3.909806 ], [ 11.572236, 3.909947 ], [ 11.572081, 3.910065 ], [ 11.571865, 3.910168 ], [ 11.571551, 3.910269 ], [ 11.570471, 3.910543 ], [ 11.570169, 3.910634 ], [ 11.570094, 3.91065 ] ] } },
{ "type": "Feature", "properties": { "nom": "Rue Martin Abega Atangana", "classe": "secondary" }, "geometry": { "type": "LineString", "coordinates": [ [ 11.507464, 3.839586 ], [ 11.507461, 3.839579 ], [ 11.5074, 3.839442 ], [ 11.507339, 3.839294 ], [ 11.507298, 3.83913 ], [ 11.507188, 3.838334 ], [ 11.507068, 3.837473 ], [ 11.506954, 3.836745 ], [ 11.506839, 3.836014 ], [ 11.506739, 3.835659 ], [ 11.506636, 3.8354 ], [ 11.506559, 3.835197 ], [ 11.506486, 3.834987 ] ] } },
{ "type": "Feature", "properties": { "nom": "Avenue du Pdt El Hadj Ahmadou Ahidjo", "classe": "secondary" }, "geometry": { "type": "LineString", "coordinates": [ [ 11.516778, 3.867054 ], [ 11.516909, 3.866823 ] ] } },
{ "type": "Feature", "properties": { "nom": "Rue 8.251", "classe": "trunk" }, "geometry": { "type": "LineString", "coordinates": [ [ 11.524262, 3.813961 ], [ 11.524137, 3.813736 ], [ 11.523967, 3.813417 ], [ 11.523813, 3.813122 ], [ 11.523215, 3.812019 ], [ 11.522883, 3.81141 ], [ 11.522586, 3.810855 ], [ 11.522397, 3.8105 ], [ 11.522261, 3.81026 ], [ 11.522168, 3.810106 ], [ 11.522123, 3.81004 ] ] } },
{ "type": "Feature", "properties": { "nom": "Rue 8.251", "classe": "trunk" }, "geometry": { "type": "LineString", "coordinates": [ [ 11.518583, 3.807421 ], [ 11.518186, 3.807319 ], [ 11.517906, 3.807261 ], [ 11.517602, 3.80722 ], [ 11.517534, 3.807211 ], [ 11.517061, 3.807166 ], [ 11.516981, 3.807158 ], [ 11.516708, 3.80713 ], [ 11.515937, 3.807048 ], [ 11.5155, 3.806952 ], [ 11.515049, 3.806802 ] ] } },
{ "type": "Feature", "properties": { "nom": "", "classe": "primary" }, "geometry": { "type": "LineString", "coordinates": [ [ 11.459118, 3.947884 ], [ 11.45922, 3.947363 ], [ 11.459255, 3.947058 ] ] } },
{ "type": "Feature", "properties": { "nom": "Rue Jean Tsanga Manga", "classe": "tertiary" }, "geometry": { "type": "LineString", "coordinates": [ [ 11.491755, 3.904028 ], [ 11.491262, 3.904383 ], [ 11.49075, 3.90472 ] ] } },
{ "type": "Feature", "properties": { "nom": "Rue Jean Tsanga Manga", "classe": "tertiary" }, "geometry": { "type": "LineString", "coordinates": [ [ 11.49075, 3.90472 ], [ 11.490532, 3.904899 ], [ 11.490327, 3.905068 ], [ 11.490263, 3.905114 ], [ 11.490134, 3.905218 ], [ 11.489519, 3.905712 ], [ 11.489226, 3.905935 ], [ 11.488979, 3.906153 ], [ 11.488359, 3.906814 ], [ 11.488137, 3.907075 ], [ 11.488003, 3.907266 ], [ 11.487929, 3.907394 ], [ 11.487845, 3.907545 ], [ 11.487759, 3.907664 ], [ 11.48767, 3.907751 ] ] } },
{ "type": "Feature", "properties": { "nom": "Rue Jean Tsanga Manga", "classe": "tertiary" }, "geometry": { "type": "LineString", "coordinates": [ [ 11.491025, 3.89841 ], [ 11.49108, 3.898519 ], [ 11.491162, 3.898682 ], [ 11.491295, 3.898916 ] ] } },
{ "type": "Feature", "properties": { "nom": "Rue Jean Tsanga Manga", "classe": "tertiary" }, "geometry": { "type": "LineString", "coordinates": [ [ 11.492782, 3.902173 ], [ 11.492786, 3.902215 ], [ 11.492788, 3.902419 ], [ 11.492758, 3.902624 ], [ 11.492715, 3.90284 ], [ 11.492648, 3.903076 ], [ 11.492581, 3.90325 ], [ 11.492545, 3.90331 ], [ 11.492496, 3.903392 ], [ 11.492366, 3.903549 ], [ 11.492292, 3.903622 ], [ 11.491755, 3.904028 ] ] } },
{ "type": "Feature", "properties": { "nom": "Rue 8.078", "classe": "trunk" }, "geometry": { "type": "LineString", "coordinates": [ [ 11.50846, 3.804124 ], [ 11.508197, 3.803792 ] ] } },
{ "type": "Feature", "properties": { "nom": "Rue 1.596", "classe": "tertiary" }, "geometry": { "type": "LineString", "coordinates": [ [ 11.540543, 3.89734 ], [ 11.541076, 3.897547 ] ] } },
{ "type": "Feature", "properties": { "nom": "Rue 1.074", "classe": "primary" }, "geometry": { "type": "LineString", "coordinates": [ [ 11.529135, 3.886829 ], [ 11.529766, 3.886846 ], [ 11.529873, 3.886849 ], [ 11.530181, 3.886851 ], [ 11.53049, 3.886851 ], [ 11.530678, 3.886859 ] ] } },
{ "type": "Feature", "properties": { "nom": "Rue 1.074", "classe": "primary" }, "geometry": { "type": "LineString", "coordinates": [ [ 11.522674, 3.889072 ], [ 11.522517, 3.889113 ], [ 11.522369, 3.889162 ] ] } },
{ "type": "Feature", "properties": { "nom": "Rue 1.810", "classe": "tertiary" }, "geometry": { "type": "LineString", "coordinates": [ [ 11.522813, 3.892899 ], [ 11.522699, 3.892872 ] ] } },
{ "type": "Feature", "properties": { "nom": "Rue Joseph Omgba Nsi", "classe": "secondary" }, "geometry": { "type": "LineString", "coordinates": [ [ 11.526278, 3.872507 ], [ 11.526553, 3.87285 ], [ 11.526638, 3.872944 ], [ 11.526738, 3.873022 ], [ 11.526831, 3.873074 ], [ 11.526927, 3.873115 ] ] } },
{ "type": "Feature", "properties": { "nom": "Rue Albert Ateba Ebé", "classe": "trunk" }, "geometry": { "type": "LineString", "coordinates": [ [ 11.518792, 3.883976 ], [ 11.518761, 3.883821 ], [ 11.518729, 3.883721 ], [ 11.518698, 3.88365 ], [ 11.51865, 3.883588 ] ] } },
{ "type": "Feature", "properties": { "nom": "Rue Albert Ateba Ebé", "classe": "trunk" }, "geometry": { "type": "LineString", "coordinates": [ [ 11.51865, 3.883588 ], [ 11.518499, 3.883456 ], [ 11.518367, 3.883348 ], [ 11.518227, 3.883233 ], [ 11.517881, 3.882969 ] ] } },
{ "type": "Feature", "properties": { "nom": "Carrefour Warda", "classe": "trunk" }, "geometry": { "type": "LineString", "coordinates": [ [ 11.514914, 3.87103 ], [ 11.514953, 3.8711 ], [ 11.514862, 3.871322 ], [ 11.514744, 3.871617 ] ] } },
{ "type": "Feature", "properties": { "nom": "Avenue Dr. Eugène Jamot (2.001)", "classe": "secondary" }, "geometry": { "type": "LineString", "coordinates": [ [ 11.514262, 3.869383 ], [ 11.514348, 3.869457 ], [ 11.514427, 3.869538 ] ] } },
{ "type": "Feature", "properties": { "nom": "Rue 1.009", "classe": "trunk" }, "geometry": { "type": "LineString", "coordinates": [ [ 11.514303, 3.869556 ], [ 11.514264, 3.869452 ], [ 11.514262, 3.869383 ] ] } },
{ "type": "Feature", "properties": { "nom": "Rue 5.767", "classe": "trunk" }, "geometry": { "type": "LineString", "coordinates": [ [ 11.520101, 3.931666 ], [ 11.520082, 3.931959 ], [ 11.520009, 3.932457 ], [ 11.51995, 3.932742 ], [ 11.519857, 3.933019 ], [ 11.519711, 3.933358 ], [ 11.519579, 3.93358 ], [ 11.519483, 3.933725 ], [ 11.519375, 3.933872 ], [ 11.519244, 3.93405 ], [ 11.518779, 3.934521 ], [ 11.518123, 3.935133 ], [ 11.517834, 3.935422 ], [ 11.517538, 3.935827 ], [ 11.517364, 3.936118 ], [ 11.517218, 3.936412 ], [ 11.517073, 3.936791 ], [ 11.516987, 3.937175 ], [ 11.516963, 3.937433 ], [ 11.516925, 3.937886 ], [ 11.516939, 3.938188 ], [ 11.516983, 3.938456 ] ] } },
{ "type": "Feature", "properties": { "nom": "Rue 5.767", "classe": "trunk" }, "geometry": { "type": "LineString", "coordinates": [ [ 11.516983, 3.938456 ], [ 11.517181, 3.939123 ], [ 11.517468, 3.93979 ], [ 11.517618, 3.940156 ], [ 11.517896, 3.940793 ] ] } },
{ "type": "Feature", "properties": { "nom": "Rue Charles Bindzi", "classe": "tertiary" }, "geometry": { "type": "LineString", "coordinates": [ [ 11.523003, 3.895477 ], [ 11.523115, 3.895431 ] ] } },
{ "type": "Feature", "properties": { "nom": "Rue Albert Ateba Ebe", "classe": "trunk" }, "geometry": { "type": "LineString", "coordinates": [ [ 11.523003, 3.895477 ], [ 11.522953, 3.895263 ], [ 11.52293, 3.895168 ], [ 11.522874, 3.894938 ], [ 11.522821, 3.89465 ], [ 11.52276, 3.89428 ], [ 11.522727, 3.893945 ], [ 11.522705, 3.8936 ], [ 11.522696, 3.893208 ], [ 11.522699, 3.892872 ], [ 11.522714, 3.892616 ], [ 11.522802, 3.89159 ], [ 11.522809, 3.891471 ], [ 11.522828, 3.891143 ], [ 11.522825, 3.890956 ], [ 11.522807, 3.890673 ], [ 11.522777, 3.890443 ], [ 11.522743, 3.890278 ], [ 11.5227, 3.890091 ], [ 11.522625, 3.889866 ], [ 11.522369, 3.889162 ], [ 11.522338, 3.889084 ], [ 11.522116, 3.888567 ], [ 11.521605, 3.887257 ], [ 11.52126, 3.886388 ], [ 11.521084, 3.88599 ], [ 11.520925, 3.88565 ], [ 11.520734, 3.885366 ], [ 11.520589, 3.885195 ], [ 11.52041, 3.885028 ], [ 11.520243, 3.884878 ], [ 11.520039, 3.884739 ], [ 11.519878, 3.884646 ], [ 11.519693, 3.884559 ], [ 11.519617, 3.88454 ], [ 11.519436, 3.884513 ] ] } },
{ "type": "Feature", "properties": { "nom": "Rue 4.104", "classe": "tertiary" }, "geometry": { "type": "LineString", "coordinates": [ [ 11.53387, 3.862049 ], [ 11.53396, 3.862072 ], [ 11.534031, 3.862098 ], [ 11.534262, 3.862368 ], [ 11.535021, 3.863255 ], [ 11.535186, 3.863399 ], [ 11.535363, 3.863536 ], [ 11.535643, 3.863706 ] ] } },
{ "type": "Feature", "properties": { "nom": "Rue 4.104", "classe": "tertiary" }, "geometry": { "type": "LineString", "coordinates": [ [ 11.533318, 3.861934 ], [ 11.53387, 3.862049 ] ] } },
{ "type": "Feature", "properties": { "nom": "", "classe": "secondary" }, "geometry": { "type": "LineString", "coordinates": [ [ 11.570207, 3.910861 ], [ 11.570225, 3.911058 ], [ 11.570428, 3.912249 ], [ 11.57053, 3.912754 ], [ 11.57057, 3.913015 ] ] } },
{ "type": "Feature", "properties": { "nom": "", "classe": "secondary" }, "geometry": { "type": "LineString", "coordinates": [ [ 11.570505, 3.913082 ], [ 11.570459, 3.912772 ], [ 11.570369, 3.912267 ], [ 11.570168, 3.911085 ], [ 11.570144, 3.910899 ] ] } },
{ "type": "Feature", "properties": { "nom": "", "classe": "secondary" }, "geometry": { "type": "LineString", "coordinates": [ [ 11.575163, 3.918916 ], [ 11.574749, 3.918617 ], [ 11.573973, 3.918063 ], [ 11.573516, 3.917719 ], [ 11.573287, 3.917548 ], [ 11.572796, 3.917188 ], [ 11.57239, 3.916854 ], [ 11.572214, 3.916679 ], [ 11.572014, 3.916466 ], [ 11.571823, 3.916218 ], [ 11.571733, 3.916065 ], [ 11.571444, 3.915575 ], [ 11.571282, 3.915226 ], [ 11.571148, 3.914883 ], [ 11.571097, 3.91477 ], [ 11.571047, 3.914665 ], [ 11.570959, 3.914469 ], [ 11.570869, 3.914269 ], [ 11.570704, 3.913821 ], [ 11.570527, 3.913167 ], [ 11.570505, 3.913082 ] ] } },
{ "type": "Feature", "properties": { "nom": "", "classe": "secondary" }, "geometry": { "type": "LineString", "coordinates": [ [ 11.57057, 3.913015 ], [ 11.57066, 3.91342 ], [ 11.570782, 3.91379 ], [ 11.570951, 3.914237 ], [ 11.571036, 3.914446 ], [ 11.571118, 3.914639 ], [ 11.571163, 3.914747 ], [ 11.571211, 3.914856 ], [ 11.571295, 3.915029 ], [ 11.571363, 3.915194 ], [ 11.571487, 3.91546 ], [ 11.571718, 3.915914 ], [ 11.571885, 3.916183 ], [ 11.571929, 3.91624 ], [ 11.572069, 3.916429 ], [ 11.572234, 3.916606 ], [ 11.572262, 3.916637 ], [ 11.572555, 3.916918 ], [ 11.573149, 3.917374 ], [ 11.573245, 3.917447 ], [ 11.573322, 3.917508 ], [ 11.573407, 3.917569 ], [ 11.57356, 3.917685 ], [ 11.573972, 3.917984 ] ] } },
{ "type": "Feature", "properties": { "nom": "Rue 8.751", "classe": "secondary" }, "geometry": { "type": "LineString", "coordinates": [ [ 11.539956, 3.831792 ], [ 11.539738, 3.831231 ], [ 11.539527, 3.830687 ], [ 11.539365, 3.830251 ], [ 11.539291, 3.830068 ], [ 11.539201, 3.829844 ], [ 11.539119, 3.829633 ], [ 11.539022, 3.829402 ], [ 11.538858, 3.828935 ], [ 11.538797, 3.828829 ], [ 11.538431, 3.828257 ], [ 11.538301, 3.828056 ], [ 11.538183, 3.827869 ], [ 11.538093, 3.827757 ], [ 11.537862, 3.827395 ], [ 11.537621, 3.827013 ], [ 11.537311, 3.826503 ], [ 11.537064, 3.82607 ], [ 11.537042, 3.826029 ], [ 11.536853, 3.82568 ] ] } },
{ "type": "Feature", "properties": { "nom": "Rue 8.751", "classe": "secondary" }, "geometry": { "type": "LineString", "coordinates": [ [ 11.540335, 3.832766 ], [ 11.540093, 3.832119 ], [ 11.539967, 3.831812 ], [ 11.539956, 3.831792 ] ] } },
{ "type": "Feature", "properties": { "nom": "Route de Douala", "classe": "trunk" }, "geometry": { "type": "LineString", "coordinates": [ [ 11.451942, 3.873544 ], [ 11.451821, 3.873598 ], [ 11.451644, 3.873693 ], [ 11.451427, 3.87381 ], [ 11.451176, 3.873943 ], [ 11.450991, 3.874046 ], [ 11.450867, 3.874115 ], [ 11.450815, 3.874137 ], [ 11.449789, 3.874615 ] ] } },
{ "type": "Feature", "properties": { "nom": "Route de Douala", "classe": "trunk" }, "geometry": { "type": "LineString", "coordinates": [ [ 11.438774, 3.873039 ], [ 11.43837, 3.872926 ], [ 11.438176, 3.872863 ], [ 11.4381, 3.87285 ], [ 11.437808, 3.872799 ], [ 11.437614, 3.872795 ], [ 11.437453, 3.872833 ], [ 11.437181, 3.872928 ] ] } },
{ "type": "Feature", "properties": { "nom": "Route de Douala", "classe": "trunk" }, "geometry": { "type": "LineString", "coordinates": [ [ 11.412495, 3.874261 ], [ 11.412238, 3.874074 ], [ 11.41196, 3.873827 ], [ 11.411564, 3.87339 ], [ 11.411527, 3.873341 ], [ 11.411276, 3.873008 ] ] } },
{ "type": "Feature", "properties": { "nom": "Route de Douala", "classe": "trunk" }, "geometry": { "type": "LineString", "coordinates": [ [ 11.419977, 3.878025 ], [ 11.419656, 3.87794 ], [ 11.419326, 3.877889 ], [ 11.418848, 3.877931 ], [ 11.418239, 3.878001 ], [ 11.417648, 3.878049 ], [ 11.417444, 3.878075 ], [ 11.417183, 3.878091 ], [ 11.417046, 3.878073 ], [ 11.416918, 3.878036 ], [ 11.416772, 3.877969 ], [ 11.416678, 3.877911 ], [ 11.416575, 3.877807 ], [ 11.416486, 3.877704 ], [ 11.415683, 3.876255 ], [ 11.415545, 3.876041 ], [ 11.415427, 3.875892 ], [ 11.415323, 3.87578 ], [ 11.415265, 3.875733 ], [ 11.415187, 3.875678 ], [ 11.414682, 3.875392 ], [ 11.413595, 3.874859 ], [ 11.412495, 3.874261 ] ] } },
{ "type": "Feature", "properties": { "nom": "Route de Douala", "classe": "trunk" }, "geometry": { "type": "LineString", "coordinates": [ [ 11.421522, 3.878246 ], [ 11.421345, 3.878318 ], [ 11.421091, 3.878365 ], [ 11.420888, 3.878372 ], [ 11.420648, 3.878296 ], [ 11.420316, 3.878172 ], [ 11.420197, 3.878114 ], [ 11.419977, 3.878025 ] ] } },
{ "type": "Feature", "properties": { "nom": "Route de Douala", "classe": "trunk" }, "geometry": { "type": "LineString", "coordinates": [ [ 11.42321, 3.876413 ], [ 11.423155, 3.876491 ], [ 11.422994, 3.87668 ], [ 11.422832, 3.876888 ], [ 11.422461, 3.877329 ], [ 11.422219, 3.877602 ], [ 11.422068, 3.877769 ], [ 11.421711, 3.878106 ], [ 11.421522, 3.878246 ] ] } },
{ "type": "Feature", "properties": { "nom": "Route de Douala", "classe": "trunk" }, "geometry": { "type": "LineString", "coordinates": [ [ 11.440895, 3.873601 ], [ 11.440032, 3.873389 ], [ 11.439312, 3.87319 ], [ 11.438774, 3.873039 ] ] } },
{ "type": "Feature", "properties": { "nom": "Route de Douala", "classe": "trunk" }, "geometry": { "type": "LineString", "coordinates": [ [ 11.453118, 3.872954 ], [ 11.452794, 3.873115 ] ] } },
{ "type": "Feature", "properties": { "nom": "", "classe": "secondary" }, "geometry": { "type": "LineString", "coordinates": [ [ 11.575205, 3.918883 ], [ 11.575551, 3.919127 ], [ 11.576273, 3.919659 ], [ 11.576563, 3.919873 ], [ 11.577113, 3.920261 ], [ 11.577696, 3.920691 ], [ 11.578054, 3.920962 ], [ 11.578162, 3.921052 ], [ 11.57824, 3.921122 ], [ 11.57871, 3.921561 ] ] } },
{ "type": "Feature", "properties": { "nom": "Rue 5.500", "classe": "secondary" }, "geometry": { "type": "LineString", "coordinates": [ [ 11.54534, 3.888974 ], [ 11.54554, 3.889315 ], [ 11.545719, 3.88961 ], [ 11.545909, 3.889914 ], [ 11.546127, 3.890194 ], [ 11.547052, 3.891383 ], [ 11.547074, 3.891416 ], [ 11.547445, 3.8919 ], [ 11.547759, 3.892293 ], [ 11.547918, 3.892511 ], [ 11.548435, 3.893315 ], [ 11.548676, 3.893694 ], [ 11.548908, 3.894061 ] ] } },
{ "type": "Feature", "properties": { "nom": "Rue 3.083", "classe": "secondary" }, "geometry": { "type": "LineString", "coordinates": [ [ 11.514166, 3.864191 ], [ 11.513733, 3.864664 ], [ 11.513497, 3.864921 ] ] } },
{ "type": "Feature", "properties": { "nom": "Rue 8.140", "classe": "secondary" }, "geometry": { "type": "LineString", "coordinates": [ [ 11.511041, 3.829085 ], [ 11.511027, 3.829166 ], [ 11.511019, 3.829331 ], [ 11.511059, 3.829464 ], [ 11.511098, 3.829554 ], [ 11.511136, 3.829614 ], [ 11.511201, 3.829692 ], [ 11.511345, 3.829806 ], [ 11.511798, 3.829991 ], [ 11.512495, 3.830276 ], [ 11.512691, 3.830356 ] ] } },
{ "type": "Feature", "properties": { "nom": "Rue 8.140", "classe": "secondary" }, "geometry": { "type": "LineString", "coordinates": [ [ 11.511093, 3.828935 ], [ 11.511053, 3.829015 ], [ 11.511041, 3.829085 ] ] } },
{ "type": "Feature", "properties": { "nom": "Rue 8.251", "classe": "trunk" }, "geometry": { "type": "LineString", "coordinates": [ [ 11.522123, 3.81004 ], [ 11.522081, 3.809979 ], [ 11.521819, 3.809636 ], [ 11.521389, 3.809133 ], [ 11.521118, 3.808852 ], [ 11.5208, 3.808573 ], [ 11.520273, 3.808183 ], [ 11.519934, 3.80797 ], [ 11.519487, 3.807741 ], [ 11.51925, 3.807638 ], [ 11.518997, 3.807553 ], [ 11.518751, 3.80747 ], [ 11.518583, 3.807421 ] ] } },
{ "type": "Feature", "properties": { "nom": "Rue 8.251", "classe": "trunk" }, "geometry": { "type": "LineString", "coordinates": [ [ 11.525684, 3.815986 ], [ 11.525669, 3.815969 ], [ 11.525553, 3.815836 ], [ 11.525293, 3.81553 ], [ 11.52509, 3.815279 ], [ 11.524853, 3.814954 ], [ 11.524704, 3.814724 ], [ 11.524522, 3.814436 ], [ 11.524262, 3.813961 ] ] } },
{ "type": "Feature", "properties": { "nom": "", "classe": "trunk" }, "geometry": { "type": "LineString", "coordinates": [ [ 11.501341, 3.798234 ], [ 11.501277, 3.798143 ], [ 11.5012, 3.798069 ], [ 11.500993, 3.797938 ], [ 11.500135, 3.797483 ], [ 11.499508, 3.797139 ], [ 11.498628, 3.796648 ], [ 11.498143, 3.796403 ], [ 11.497721, 3.796206 ], [ 11.496957, 3.795875 ], [ 11.496481, 3.795696 ], [ 11.495902, 3.795496 ], [ 11.494982, 3.795276 ], [ 11.49436, 3.795161 ], [ 11.494248, 3.795097 ] ] } },
{ "type": "Feature", "properties": { "nom": "", "classe": "trunk" }, "geometry": { "type": "LineString", "coordinates": [ [ 11.494248, 3.795097 ], [ 11.494443, 3.795085 ], [ 11.494832, 3.795155 ], [ 11.495915, 3.795401 ], [ 11.496473, 3.79559 ], [ 11.497006, 3.795806 ], [ 11.497714, 3.796114 ], [ 11.498207, 3.796355 ], [ 11.498671, 3.79659 ], [ 11.499602, 3.797084 ], [ 11.500213, 3.797399 ], [ 11.501043, 3.797863 ], [ 11.501204, 3.797942 ], [ 11.501308, 3.797983 ], [ 11.501389, 3.798 ], [ 11.501452, 3.798003 ] ] } },
{ "type": "Feature", "properties": { "nom": "", "classe": "tertiary" }, "geometry": { "type": "LineString", "coordinates": [ [ 11.4792, 3.962462 ], [ 11.479258, 3.962483 ], [ 11.479279, 3.962513 ], [ 11.479283, 3.962537 ], [ 11.479112, 3.962967 ], [ 11.47909, 3.96307 ], [ 11.47909, 3.963138 ], [ 11.479195, 3.96406 ], [ 11.479189, 3.964183 ], [ 11.479154, 3.964303 ], [ 11.478763, 3.965122 ], [ 11.478731, 3.96521 ], [ 11.478484, 3.965966 ], [ 11.478444, 3.966053 ], [ 11.477984, 3.966747 ], [ 11.47797, 3.966785 ], [ 11.477968, 3.966822 ], [ 11.478044, 3.967253 ], [ 11.478025, 3.967538 ], [ 11.477708, 3.968007 ], [ 11.477669, 3.968525 ], [ 11.477824, 3.969096 ], [ 11.477915, 3.969277 ], [ 11.477967, 3.969504 ], [ 11.477951, 3.96973 ], [ 11.477776, 3.969995 ], [ 11.47748, 3.970533 ], [ 11.477462, 3.970826 ], [ 11.477882, 3.971368 ], [ 11.478114, 3.971667 ], [ 11.478683, 3.972303 ], [ 11.478784, 3.972416 ], [ 11.479148, 3.972828 ], [ 11.479732, 3.973488 ], [ 11.480236, 3.974058 ], [ 11.480595, 3.974372 ], [ 11.480935, 3.974765 ], [ 11.480961, 3.975142 ], [ 11.480558, 3.975839 ], [ 11.480356, 3.976325 ], [ 11.480208, 3.977058 ], [ 11.480229, 3.977263 ], [ 11.480631, 3.977989 ], [ 11.480724, 3.97825 ], [ 11.48092, 3.979279 ], [ 11.481112, 3.979812 ], [ 11.481133, 3.97987 ], [ 11.481351, 3.980248 ], [ 11.481374, 3.980362 ], [ 11.481354, 3.980569 ], [ 11.481275, 3.980872 ], [ 11.480593, 3.982351 ], [ 11.480244, 3.983578 ], [ 11.480091, 3.983926 ], [ 11.47995, 3.984108 ], [ 11.479729, 3.984285 ], [ 11.479357, 3.984451 ], [ 11.479278, 3.984478 ], [ 11.478571, 3.984721 ], [ 11.478322, 3.98484 ], [ 11.477823, 3.985076 ], [ 11.477602, 3.985318 ], [ 11.477376, 3.98572 ], [ 11.477161, 3.986258 ], [ 11.477132, 3.986457 ], [ 11.477129, 3.987165 ], [ 11.477334, 3.987925 ], [ 11.477347, 3.988415 ], [ 11.477341, 3.988593 ], [ 11.47727, 3.988871 ], [ 11.477186, 3.989157 ], [ 11.477248, 3.989433 ] ] } },
{ "type": "Feature", "properties": { "nom": "", "classe": "tertiary" }, "geometry": { "type": "LineString", "coordinates": [ [ 11.477248, 3.989433 ], [ 11.477751, 3.98986 ] ] } },
{ "type": "Feature", "properties": { "nom": "", "classe": "primary" }, "geometry": { "type": "LineString", "coordinates": [ [ 11.448457, 3.94168 ], [ 11.448323, 3.941332 ], [ 11.448277, 3.941229 ], [ 11.448233, 3.941156 ], [ 11.448085, 3.940977 ], [ 11.447546, 3.940466 ], [ 11.447285, 3.940218 ], [ 11.446997, 3.939948 ], [ 11.445972, 3.938987 ], [ 11.445335, 3.938441 ], [ 11.445262, 3.938361 ], [ 11.444947, 3.938061 ], [ 11.444824, 3.937919 ], [ 11.44465, 3.937685 ], [ 11.444439, 3.937329 ], [ 11.444319, 3.937139 ], [ 11.444245, 3.937 ], [ 11.444115, 3.936656 ], [ 11.443999, 3.936306 ], [ 11.443949, 3.936153 ], [ 11.443907, 3.935968 ], [ 11.443775, 3.935344 ], [ 11.443768, 3.935233 ], [ 11.443771, 3.934684 ], [ 11.443784, 3.934516 ], [ 11.443893, 3.933869 ], [ 11.444078, 3.932909 ], [ 11.444205, 3.932247 ], [ 11.444246, 3.932037 ], [ 11.444278, 3.931876 ], [ 11.444342, 3.931553 ], [ 11.4444, 3.93122 ], [ 11.444413, 3.930979 ], [ 11.444404, 3.930715 ], [ 11.444368, 3.930413 ], [ 11.444323, 3.930191 ], [ 11.444239, 3.929927 ], [ 11.444137, 3.92969 ], [ 11.443814, 3.929085 ], [ 11.443142, 3.927792 ], [ 11.442964, 3.927387 ], [ 11.442914, 3.927234 ], [ 11.44287, 3.927063 ], [ 11.442828, 3.92684 ], [ 11.442801, 3.926709 ] ] } },
{ "type": "Feature", "properties": { "nom": "", "classe": "primary" }, "geometry": { "type": "LineString", "coordinates": [ [ 11.442801, 3.926709 ], [ 11.442782, 3.926524 ], [ 11.442787, 3.926351 ], [ 11.442799, 3.92607 ], [ 11.442832, 3.925732 ] ] } },
{ "type": "Feature", "properties": { "nom": "", "classe": "primary" }, "geometry": { "type": "LineString", "coordinates": [ [ 11.442832, 3.925732 ], [ 11.442913, 3.925256 ], [ 11.442962, 3.925028 ], [ 11.443028, 3.924829 ], [ 11.443163, 3.924525 ], [ 11.443227, 3.924413 ], [ 11.443356, 3.924184 ], [ 11.443564, 3.923868 ], [ 11.444002, 3.923202 ], [ 11.444232, 3.922845 ], [ 11.444479, 3.922462 ], [ 11.444821, 3.921925 ], [ 11.444975, 3.921638 ], [ 11.445098, 3.921369 ], [ 11.445125, 3.92131 ], [ 11.445174, 3.921175 ], [ 11.445226, 3.921032 ], [ 11.445296, 3.920772 ], [ 11.445337, 3.92053 ], [ 11.445351, 3.920311 ], [ 11.44534, 3.920146 ], [ 11.445304, 3.919956 ], [ 11.445243, 3.919727 ], [ 11.445163, 3.919481 ], [ 11.444968, 3.918937 ] ] } },
{ "type": "Feature", "properties": { "nom": "", "classe": "secondary" }, "geometry": { "type": "LineString", "coordinates": [ [ 11.522172, 3.945858 ], [ 11.522099, 3.945933 ], [ 11.522053, 3.945957 ], [ 11.521883, 3.946043 ], [ 11.521642, 3.946165 ], [ 11.521607, 3.946203 ], [ 11.521594, 3.946253 ], [ 11.521561, 3.946332 ], [ 11.521541, 3.946476 ], [ 11.521554, 3.94659 ], [ 11.521574, 3.946665 ], [ 11.521604, 3.94674 ], [ 11.521683, 3.946867 ], [ 11.521727, 3.946936 ], [ 11.521759, 3.946994 ], [ 11.521839, 3.947405 ], [ 11.521927, 3.947839 ], [ 11.522066, 3.94829 ], [ 11.5221, 3.94843 ], [ 11.522122, 3.948589 ], [ 11.522113, 3.948718 ], [ 11.522074, 3.948847 ], [ 11.521918, 3.949338 ], [ 11.52184, 3.949583 ], [ 11.521769, 3.949842 ], [ 11.521705, 3.950075 ], [ 11.521495, 3.950904 ], [ 11.521387, 3.951354 ], [ 11.521342, 3.951735 ], [ 11.521323, 3.951889 ], [ 11.521321, 3.952544 ], [ 11.52132, 3.952638 ], [ 11.521327, 3.952909 ], [ 11.521341, 3.953242 ], [ 11.521361, 3.953385 ], [ 11.521407, 3.953691 ], [ 11.521436, 3.953863 ], [ 11.521497, 3.954242 ], [ 11.521559, 3.954673 ], [ 11.521576, 3.954841 ], [ 11.521586, 3.955015 ], [ 11.521582, 3.955297 ], [ 11.521551, 3.955566 ], [ 11.521486, 3.955845 ], [ 11.521314, 3.95657 ] ] } },
{ "type": "Feature", "properties": { "nom": "", "classe": "secondary" }, "geometry": { "type": "LineString", "coordinates": [ [ 11.521314, 3.95657 ], [ 11.521239, 3.957006 ], [ 11.52123, 3.957107 ], [ 11.521239, 3.957218 ], [ 11.521434, 3.958173 ], [ 11.52148, 3.958426 ], [ 11.521528, 3.958647 ] ] } },
{ "type": "Feature", "properties": { "nom": "Rue 8.078", "classe": "trunk" }, "geometry": { "type": "LineString", "coordinates": [ [ 11.51287, 3.816111 ], [ 11.512847, 3.816057 ], [ 11.512539, 3.815323 ], [ 11.512055, 3.81418 ], [ 11.512018, 3.814085 ], [ 11.511893, 3.813767 ], [ 11.511773, 3.813431 ], [ 11.511654, 3.813086 ], [ 11.511465, 3.812532 ], [ 11.511285, 3.811956 ], [ 11.511187, 3.811671 ], [ 11.511042, 3.811206 ], [ 11.510692, 3.810044 ], [ 11.510558, 3.809732 ], [ 11.510483, 3.80947 ] ] } },
{ "type": "Feature", "properties": { "nom": "Avenue Joseph Onambele Mbazoa", "classe": "primary" }, "geometry": { "type": "LineString", "coordinates": [ [ 11.512181, 3.837293 ], [ 11.512513, 3.836777 ], [ 11.512637, 3.836532 ], [ 11.512785, 3.836218 ], [ 11.513056, 3.83542 ], [ 11.513063, 3.835274 ], [ 11.513058, 3.835178 ], [ 11.513018, 3.83498 ], [ 11.512949, 3.834839 ], [ 11.512863, 3.834714 ], [ 11.512411, 3.834099 ], [ 11.512306, 3.833957 ] ] } },
{ "type": "Feature", "properties": { "nom": "Rue Abbé Jean Tabi", "classe": "secondary" }, "geometry": { "type": "LineString", "coordinates": [ [ 11.507781, 3.840369 ], [ 11.507642, 3.840038 ], [ 11.507464, 3.839586 ] ] } },
{ "type": "Feature", "properties": { "nom": "Rue 1.074", "classe": "primary" }, "geometry": { "type": "LineString", "coordinates": [ [ 11.522338, 3.889084 ], [ 11.52241, 3.889062 ], [ 11.522488, 3.889037 ] ] } },
{ "type": "Feature", "properties": { "nom": "", "classe": "tertiary" }, "geometry": { "type": "LineString", "coordinates": [ [ 11.597136, 3.794306 ], [ 11.597508, 3.79435 ], [ 11.597664, 3.794332 ], [ 11.59791, 3.794304 ], [ 11.598156, 3.794236 ], [ 11.598211, 3.794221 ], [ 11.598269, 3.794194 ], [ 11.59854, 3.794068 ], [ 11.598683, 3.793982 ], [ 11.598952, 3.793819 ], [ 11.599201, 3.793691 ], [ 11.599239, 3.793671 ], [ 11.599235, 3.793537 ] ] } },
{ "type": "Feature", "properties": { "nom": "", "classe": "tertiary" }, "geometry": { "type": "LineString", "coordinates": [ [ 11.598156, 3.794236 ], [ 11.598151, 3.795182 ] ] } },
{ "type": "Feature", "properties": { "nom": "", "classe": "tertiary" }, "geometry": { "type": "LineString", "coordinates": [ [ 11.597664, 3.794332 ], [ 11.5977, 3.794912 ], [ 11.597795, 3.795542 ] ] } },
{ "type": "Feature", "properties": { "nom": "", "classe": "tertiary" }, "geometry": { "type": "LineString", "coordinates": [ [ 11.598683, 3.793982 ], [ 11.598679, 3.794918 ] ] } },
{ "type": "Feature", "properties": { "nom": "", "classe": "tertiary" }, "geometry": { "type": "LineString", "coordinates": [ [ 11.598269, 3.794194 ], [ 11.598173, 3.793718 ], [ 11.598225, 3.793329 ] ] } },
{ "type": "Feature", "properties": { "nom": "", "classe": "tertiary" }, "geometry": { "type": "LineString", "coordinates": [ [ 11.599239, 3.793671 ], [ 11.599295, 3.793674 ], [ 11.59955, 3.793689 ] ] } },
{ "type": "Feature", "properties": { "nom": "", "classe": "tertiary" }, "geometry": { "type": "LineString", "coordinates": [ [ 11.599201, 3.793691 ], [ 11.599221, 3.794332 ] ] } },
{ "type": "Feature", "properties": { "nom": "Rue 4.258", "classe": "trunk" }, "geometry": { "type": "LineString", "coordinates": [ [ 11.565066, 3.847017 ], [ 11.565318, 3.846916 ], [ 11.565583, 3.846821 ], [ 11.565893, 3.846757 ], [ 11.566007, 3.846743 ], [ 11.566153, 3.846737 ], [ 11.56643, 3.846759 ], [ 11.566745, 3.846826 ], [ 11.566834, 3.846847 ], [ 11.567085, 3.846909 ], [ 11.567452, 3.847002 ], [ 11.568667, 3.847263 ], [ 11.569005, 3.847345 ], [ 11.569273, 3.847407 ], [ 11.569681, 3.847536 ], [ 11.569866, 3.847606 ], [ 11.57016, 3.847745 ], [ 11.570294, 3.847794 ], [ 11.570425, 3.847828 ], [ 11.57064, 3.847846 ], [ 11.570911, 3.847826 ], [ 11.571093, 3.847814 ], [ 11.571366, 3.847802 ], [ 11.571604, 3.847816 ], [ 11.571803, 3.847834 ], [ 11.572686, 3.847903 ], [ 11.573635, 3.847981 ], [ 11.574617, 3.848106 ], [ 11.575132, 3.848171 ], [ 11.575201, 3.848186 ], [ 11.575606, 3.84828 ], [ 11.575878, 3.848385 ], [ 11.576138, 3.848495 ], [ 11.576503, 3.848666 ], [ 11.576849, 3.848836 ], [ 11.577353, 3.84907 ], [ 11.577689, 3.849239 ], [ 11.577866, 3.849347 ], [ 11.577977, 3.849438 ], [ 11.57813, 3.849595 ] ] } },
{ "type": "Feature", "properties": { "nom": "Rue Joseph Omgba Nsi", "classe": "secondary" }, "geometry": { "type": "LineString", "coordinates": [ [ 11.525917, 3.872101 ], [ 11.526011, 3.872184 ], [ 11.52615, 3.87235 ], [ 11.526278, 3.872507 ] ] } },
{ "type": "Feature", "properties": { "nom": "Rue 5.500", "classe": "secondary" }, "geometry": { "type": "LineString", "coordinates": [ [ 11.550399, 3.898489 ], [ 11.550526, 3.898649 ], [ 11.550674, 3.898826 ], [ 11.550821, 3.898977 ], [ 11.550977, 3.899108 ], [ 11.551148, 3.899244 ], [ 11.55133, 3.899365 ], [ 11.551565, 3.899488 ], [ 11.551833, 3.899601 ], [ 11.552034, 3.899676 ], [ 11.552281, 3.899747 ], [ 11.552405, 3.899777 ], [ 11.552508, 3.899796 ], [ 11.552569, 3.899807 ], [ 11.552741, 3.899833 ], [ 11.55294, 3.899845 ], [ 11.553066, 3.89985 ], [ 11.553216, 3.899849 ], [ 11.55343, 3.899834 ], [ 11.553651, 3.899807 ], [ 11.553885, 3.899779 ], [ 11.554141, 3.899742 ], [ 11.554333, 3.899715 ], [ 11.554964, 3.899635 ], [ 11.555171, 3.899621 ], [ 11.55538, 3.899615 ], [ 11.555553, 3.899623 ], [ 11.555717, 3.899636 ], [ 11.555834, 3.899652 ], [ 11.556085, 3.899705 ], [ 11.556368, 3.899782 ], [ 11.556601, 3.899868 ], [ 11.55675, 3.899935 ], [ 11.55692, 3.900009 ], [ 11.557093, 3.900103 ], [ 11.557187, 3.900162 ], [ 11.55727, 3.900216 ], [ 11.557348, 3.900272 ], [ 11.557446, 3.900346 ], [ 11.557527, 3.900422 ], [ 11.55763, 3.900519 ], [ 11.557698, 3.900586 ], [ 11.557741, 3.900625 ] ] } },
{ "type": "Feature", "properties": { "nom": "Rue 5.500", "classe": "secondary" }, "geometry": { "type": "LineString", "coordinates": [ [ 11.560043, 3.904139 ], [ 11.560098, 3.904196 ], [ 11.560185, 3.904284 ], [ 11.560285, 3.904375 ], [ 11.56037, 3.90445 ], [ 11.560491, 3.90455 ], [ 11.560621, 3.904653 ], [ 11.560722, 3.904729 ], [ 11.560858, 3.904817 ], [ 11.561001, 3.904903 ], [ 11.561175, 3.905001 ], [ 11.561344, 3.905084 ], [ 11.561473, 3.905147 ], [ 11.561622, 3.905216 ], [ 11.561781, 3.905295 ], [ 11.561966, 3.905375 ], [ 11.561997, 3.905389 ], [ 11.562198, 3.905477 ], [ 11.562361, 3.905547 ], [ 11.562538, 3.905626 ], [ 11.562739, 3.905727 ], [ 11.562892, 3.905802 ], [ 11.563045, 3.905874 ], [ 11.563171, 3.905931 ], [ 11.563312, 3.905986 ], [ 11.563447, 3.906043 ] ] } },
{ "type": "Feature", "properties": { "nom": "Rue 5.500", "classe": "secondary" }, "geometry": { "type": "LineString", "coordinates": [ [ 11.563416, 3.906106 ], [ 11.563285, 3.906051 ], [ 11.563063, 3.90596 ], [ 11.562825, 3.905864 ], [ 11.56263, 3.905774 ], [ 11.562328, 3.905634 ], [ 11.562029, 3.905496 ], [ 11.561855, 3.905411 ], [ 11.561679, 3.905332 ], [ 11.561469, 3.905238 ], [ 11.561234, 3.905127 ], [ 11.561106, 3.905057 ], [ 11.560933, 3.904955 ], [ 11.56078, 3.90486 ], [ 11.560679, 3.90479 ], [ 11.560585, 3.904724 ], [ 11.560448, 3.904621 ], [ 11.560322, 3.904513 ], [ 11.560187, 3.904394 ], [ 11.560112, 3.90432 ], [ 11.560067, 3.904276 ], [ 11.559975, 3.904176 ] ] } },
{ "type": "Feature", "properties": { "nom": "", "classe": "secondary" }, "geometry": { "type": "LineString", "coordinates": [ [ 11.578665, 3.921599 ], [ 11.578205, 3.921166 ], [ 11.578139, 3.921113 ], [ 11.578007, 3.921 ], [ 11.576918, 3.920207 ], [ 11.576761, 3.920093 ], [ 11.575965, 3.919513 ], [ 11.575682, 3.919303 ], [ 11.575534, 3.919196 ], [ 11.575163, 3.918916 ] ] } },
{ "type": "Feature", "properties": { "nom": "", "classe": "secondary" }, "geometry": { "type": "LineString", "coordinates": [ [ 11.573972, 3.917984 ], [ 11.574009, 3.91801 ], [ 11.574462, 3.91834 ], [ 11.574784, 3.918581 ], [ 11.575096, 3.918807 ], [ 11.575205, 3.918883 ] ] } },
{ "type": "Feature", "properties": { "nom": "Rue 6.335", "classe": "tertiary" }, "geometry": { "type": "LineString", "coordinates": [ [ 11.467454, 3.88298 ], [ 11.467689, 3.883211 ], [ 11.4678, 3.88333 ], [ 11.46794, 3.883487 ], [ 11.468072, 3.883614 ], [ 11.468385, 3.883947 ], [ 11.468551, 3.884164 ], [ 11.468691, 3.884371 ], [ 11.468798, 3.884568 ], [ 11.468884, 3.884696 ], [ 11.468981, 3.884828 ] ] } },
{ "type": "Feature", "properties": { "nom": "Rue 6.343", "classe": "tertiary" }, "geometry": { "type": "LineString", "coordinates": [ [ 11.470214, 3.889684 ], [ 11.470231, 3.889756 ], [ 11.470292, 3.890006 ], [ 11.470299, 3.890124 ], [ 11.470288, 3.890245 ], [ 11.470264, 3.890382 ], [ 11.470232, 3.890479 ], [ 11.470173, 3.890627 ], [ 11.470196, 3.890746 ], [ 11.470237, 3.890959 ], [ 11.470303, 3.891164 ], [ 11.470356, 3.891279 ], [ 11.470406, 3.89136 ], [ 11.470466, 3.89143 ], [ 11.470597, 3.891517 ], [ 11.470651, 3.891561 ], [ 11.470747, 3.891664 ] ] } },
{ "type": "Feature", "properties": { "nom": "Rue 6.483", "classe": "tertiary" }, "geometry": { "type": "LineString", "coordinates": [ [ 11.471151, 3.892228 ], [ 11.471077, 3.892113 ], [ 11.471036, 3.892055 ], [ 11.470997, 3.892002 ], [ 11.470957, 3.89195 ], [ 11.470923, 3.891897 ], [ 11.470876, 3.891827 ], [ 11.47083, 3.891768 ], [ 11.470791, 3.891719 ], [ 11.470747, 3.891664 ] ] } },
{ "type": "Feature", "properties": { "nom": "Rue 6.261", "classe": "tertiary" }, "geometry": { "type": "LineString", "coordinates": [ [ 11.491025, 3.897412 ], [ 11.490818, 3.897591 ], [ 11.490762, 3.897613 ], [ 11.490643, 3.89771 ], [ 11.490536, 3.897796 ], [ 11.490304, 3.897944 ] ] } },
{ "type": "Feature", "properties": { "nom": "Route de Douala", "classe": "primary" }, "geometry": { "type": "LineString", "coordinates": [ [ 11.459792, 3.872922 ], [ 11.459725, 3.872922 ], [ 11.459632, 3.87292 ] ] } },
{ "type": "Feature", "properties": { "nom": "Ancienne Route de Douala", "classe": "primary" }, "geometry": { "type": "LineString", "coordinates": [ [ 11.459796, 3.872852 ], [ 11.461031, 3.872907 ], [ 11.461481, 3.872876 ] ] } },
{ "type": "Feature", "properties": { "nom": "Ancienne Route de Douala", "classe": "primary" }, "geometry": { "type": "LineString", "coordinates": [ [ 11.459633, 3.872846 ], [ 11.459729, 3.87285 ], [ 11.459796, 3.872852 ] ] } },
{ "type": "Feature", "properties": { "nom": "Route de Douala", "classe": "primary" }, "geometry": { "type": "LineString", "coordinates": [ [ 11.461472, 3.872997 ], [ 11.461371, 3.872984 ], [ 11.460095, 3.872934 ], [ 11.459792, 3.872922 ] ] } },
{ "type": "Feature", "properties": { "nom": "Rue 6.449", "classe": "tertiary" }, "geometry": { "type": "LineString", "coordinates": [ [ 11.461023, 3.874506 ], [ 11.460992, 3.874585 ] ] } },
{ "type": "Feature", "properties": { "nom": "Rue 6.449", "classe": "tertiary" }, "geometry": { "type": "LineString", "coordinates": [ [ 11.461472, 3.872997 ], [ 11.461448, 3.87301 ], [ 11.461417, 3.873032 ], [ 11.461395, 3.873054 ], [ 11.461377, 3.873081 ], [ 11.461223, 3.873739 ], [ 11.461162, 3.874004 ], [ 11.461151, 3.874068 ], [ 11.461141, 3.874112 ], [ 11.461123, 3.874186 ], [ 11.461108, 3.874252 ], [ 11.46107, 3.87437 ], [ 11.461023, 3.874506 ] ] } },
{ "type": "Feature", "properties": { "nom": "Rue 6.148", "classe": "tertiary" }, "geometry": { "type": "LineString", "coordinates": [ [ 11.500505, 3.923545 ], [ 11.500604, 3.923598 ] ] } },
{ "type": "Feature", "properties": { "nom": "Rue 6.148", "classe": "tertiary" }, "geometry": { "type": "LineString", "coordinates": [ [ 11.507688, 3.923274 ], [ 11.507779, 3.923214 ], [ 11.507866, 3.923171 ], [ 11.507991, 3.923114 ], [ 11.508141, 3.923071 ], [ 11.508281, 3.923052 ], [ 11.508409, 3.923053 ], [ 11.508627, 3.923095 ], [ 11.509049, 3.923211 ] ] } },
{ "type": "Feature", "properties": { "nom": "Rue 6.148", "classe": "tertiary" }, "geometry": { "type": "LineString", "coordinates": [ [ 11.507554, 3.923379 ], [ 11.507688, 3.923274 ] ] } },
{ "type": "Feature", "properties": { "nom": "Rue 6.148", "classe": "tertiary" }, "geometry": { "type": "LineString", "coordinates": [ [ 11.499681, 3.922632 ], [ 11.499845, 3.922857 ], [ 11.500312, 3.923389 ], [ 11.500422, 3.92349 ], [ 11.500505, 3.923545 ] ] } },
{ "type": "Feature", "properties": { "nom": "Rue 6.133", "classe": "tertiary" }, "geometry": { "type": "LineString", "coordinates": [ [ 11.499681, 3.922632 ], [ 11.499663, 3.922265 ], [ 11.499668, 3.922027 ], [ 11.499684, 3.921679 ], [ 11.499703, 3.921347 ], [ 11.499728, 3.921109 ], [ 11.499761, 3.920423 ], [ 11.499757, 3.92026 ] ] } },
{ "type": "Feature", "properties": { "nom": "", "classe": "tertiary" }, "geometry": { "type": "LineString", "coordinates": [ [ 11.566714, 3.882632 ], [ 11.566687, 3.882608 ], [ 11.566671, 3.882576 ], [ 11.56667, 3.88254 ], [ 11.566683, 3.882507 ], [ 11.566709, 3.882482 ], [ 11.566743, 3.88247 ], [ 11.566779, 3.882472 ], [ 11.566811, 3.882489 ], [ 11.566833, 3.882518 ], [ 11.566842, 3.882552 ], [ 11.566835, 3.882588 ], [ 11.566815, 3.882617 ], [ 11.566785, 3.882636 ], [ 11.566765, 3.882639 ], [ 11.566749, 3.882642 ], [ 11.566714, 3.882632 ] ] } },
{ "type": "Feature", "properties": { "nom": "Rue 5.281", "classe": "tertiary" }, "geometry": { "type": "LineString", "coordinates": [ [ 11.557741, 3.900625 ], [ 11.557769, 3.900551 ], [ 11.55779, 3.9005 ], [ 11.557826, 3.900419 ], [ 11.557957, 3.900095 ], [ 11.558012, 3.899957 ], [ 11.558061, 3.899789 ], [ 11.558104, 3.899613 ], [ 11.558154, 3.899248 ], [ 11.55817, 3.899065 ], [ 11.558217, 3.898761 ], [ 11.558249, 3.898563 ] ] } },
{ "type": "Feature", "properties": { "nom": "Rue 5.271", "classe": "tertiary" }, "geometry": { "type": "LineString", "coordinates": [ [ 11.558427, 3.895746 ], [ 11.558427, 3.896019 ], [ 11.558406, 3.896257 ], [ 11.558382, 3.896426 ], [ 11.558362, 3.896584 ], [ 11.558365, 3.896791 ], [ 11.558344, 3.897083 ], [ 11.558294, 3.89762 ], [ 11.55826, 3.898227 ], [ 11.558249, 3.898563 ] ] } },
{ "type": "Feature", "properties": { "nom": "Rue 5.271", "classe": "tertiary" }, "geometry": { "type": "LineString", "coordinates": [ [ 11.558278, 3.894914 ], [ 11.558338, 3.895098 ], [ 11.558383, 3.895265 ], [ 11.5584, 3.895385 ], [ 11.558406, 3.895456 ], [ 11.558414, 3.895568 ], [ 11.558427, 3.895746 ] ] } },
{ "type": "Feature", "properties": { "nom": "", "classe": "primary" }, "geometry": { "type": "LineString", "coordinates": [ [ 11.513326, 3.843486 ], [ 11.51332, 3.84338 ], [ 11.513304, 3.843097 ], [ 11.513267, 3.842893 ], [ 11.513245, 3.842796 ], [ 11.513214, 3.842676 ], [ 11.513163, 3.84258 ], [ 11.512493, 3.841444 ], [ 11.512399, 3.841286 ] ] } },
{ "type": "Feature", "properties": { "nom": "", "classe": "tertiary" }, "geometry": { "type": "LineString", "coordinates": [ [ 11.436321, 3.939093 ], [ 11.436396, 3.93892 ], [ 11.436434, 3.93887 ], [ 11.436483, 3.938826 ], [ 11.437736, 3.937806 ], [ 11.438132, 3.937541 ], [ 11.438427, 3.937381 ], [ 11.438888, 3.93715 ], [ 11.438963, 3.937087 ], [ 11.439027, 3.937008 ], [ 11.439611, 3.936248 ], [ 11.439942, 3.935822 ], [ 11.440314, 3.935343 ], [ 11.440506, 3.935176 ], [ 11.440717, 3.935001 ], [ 11.44093, 3.934908 ], [ 11.441472, 3.934721 ], [ 11.441871, 3.934579 ], [ 11.442051, 3.934557 ], [ 11.442242, 3.934548 ], [ 11.442344, 3.934564 ], [ 11.442438, 3.934587 ], [ 11.442525, 3.934632 ], [ 11.442618, 3.93469 ], [ 11.44276, 3.934809 ], [ 11.442855, 3.934909 ], [ 11.443124, 3.935273 ], [ 11.443296, 3.935488 ], [ 11.443363, 3.935544 ], [ 11.443461, 3.935603 ], [ 11.443514, 3.935649 ], [ 11.443561, 3.935709 ], [ 11.443634, 3.935898 ], [ 11.443788, 3.936103 ], [ 11.443872, 3.936189 ], [ 11.443999, 3.936306 ] ] } },
{ "type": "Feature", "properties": { "nom": "", "classe": "tertiary" }, "geometry": { "type": "LineString", "coordinates": [ [ 11.434891, 3.94461 ], [ 11.434978, 3.94417 ], [ 11.435023, 3.943971 ], [ 11.435075, 3.943678 ], [ 11.435114, 3.943457 ], [ 11.435156, 3.942594 ], [ 11.43519, 3.941934 ], [ 11.435265, 3.941315 ], [ 11.435325, 3.941084 ], [ 11.435551, 3.940552 ], [ 11.435733, 3.940159 ], [ 11.435802, 3.940024 ], [ 11.435983, 3.93977 ], [ 11.436085, 3.939647 ], [ 11.436179, 3.939421 ], [ 11.43625, 3.939257 ] ] } },
{ "type": "Feature", "properties": { "nom": "", "classe": "tertiary" }, "geometry": { "type": "LineString", "coordinates": [ [ 11.43625, 3.939257 ], [ 11.436321, 3.939093 ] ] } },
{ "type": "Feature", "properties": { "nom": "", "classe": "tertiary" }, "geometry": { "type": "LineString", "coordinates": [ [ 11.391006, 3.883958 ], [ 11.39118, 3.883637 ], [ 11.391414, 3.883422 ], [ 11.391682, 3.883223 ], [ 11.391947, 3.883021 ], [ 11.392109, 3.882789 ], [ 11.3925, 3.882663 ], [ 11.392597, 3.882677 ], [ 11.392965, 3.882806 ], [ 11.393349, 3.883054 ], [ 11.39386, 3.883455 ], [ 11.394277, 3.884083 ], [ 11.39453, 3.884094 ], [ 11.39466, 3.884126 ], [ 11.395239, 3.884499 ], [ 11.395801, 3.884919 ] ] } },
{ "type": "Feature", "properties": { "nom": "", "classe": "tertiary" }, "geometry": { "type": "LineString", "coordinates": [ [ 11.394277, 3.884083 ], [ 11.393727, 3.884364 ] ] } },
{ "type": "Feature", "properties": { "nom": "", "classe": "tertiary" }, "geometry": { "type": "LineString", "coordinates": [ [ 11.395239, 3.884499 ], [ 11.395281, 3.884476 ], [ 11.395486, 3.884321 ], [ 11.395495, 3.884314 ] ] } },
{ "type": "Feature", "properties": { "nom": "", "classe": "tertiary" }, "geometry": { "type": "LineString", "coordinates": [ [ 11.390118, 3.886007 ], [ 11.390694, 3.885899 ], [ 11.391196, 3.885836 ], [ 11.391467, 3.88573 ], [ 11.39175, 3.885644 ], [ 11.39232, 3.885593 ], [ 11.392659, 3.885763 ] ] } },
{ "type": "Feature", "properties": { "nom": "", "classe": "tertiary" }, "geometry": { "type": "LineString", "coordinates": [ [ 11.39011, 3.886584 ], [ 11.39079, 3.8865 ] ] } },
{ "type": "Feature", "properties": { "nom": "", "classe": "tertiary" }, "geometry": { "type": "LineString", "coordinates": [ [ 11.390219, 3.888517 ], [ 11.390038, 3.888561 ] ] } },
{ "type": "Feature", "properties": { "nom": "Route du Mont-Fébé", "classe": "tertiary" }, "geometry": { "type": "LineString", "coordinates": [ [ 11.502075, 3.91081 ], [ 11.50207, 3.910897 ], [ 11.50205, 3.910978 ], [ 11.501991, 3.911155 ], [ 11.501932, 3.911404 ] ] } },
{ "type": "Feature", "properties": { "nom": "Rue 5.328", "classe": "secondary" }, "geometry": { "type": "LineString", "coordinates": [ [ 11.568768, 3.898107 ], [ 11.56878, 3.898043 ] ] } },
{ "type": "Feature", "properties": { "nom": "Rue 5.328", "classe": "secondary" }, "geometry": { "type": "LineString", "coordinates": [ [ 11.568677, 3.898468 ], [ 11.568737, 3.898256 ], [ 11.568768, 3.898107 ] ] } },
{ "type": "Feature", "properties": { "nom": "Rue 5.328", "classe": "secondary" }, "geometry": { "type": "LineString", "coordinates": [ [ 11.568837, 3.898128 ], [ 11.568811, 3.898262 ], [ 11.56874, 3.898484 ] ] } },
{ "type": "Feature", "properties": { "nom": "Rue 5.328", "classe": "secondary" }, "geometry": { "type": "LineString", "coordinates": [ [ 11.568853, 3.898045 ], [ 11.568837, 3.898128 ] ] } },
{ "type": "Feature", "properties": { "nom": "", "classe": "secondary" }, "geometry": { "type": "LineString", "coordinates": [ [ 11.566837, 3.891268 ], [ 11.566856, 3.891245 ], [ 11.566882, 3.89123 ], [ 11.56691, 3.891223 ], [ 11.56694, 3.891226 ], [ 11.566967, 3.891237 ], [ 11.56699, 3.891256 ], [ 11.567005, 3.891282 ] ] } },
{ "type": "Feature", "properties": { "nom": "", "classe": "secondary" }, "geometry": { "type": "LineString", "coordinates": [ [ 11.567005, 3.891282 ], [ 11.567012, 3.89131 ], [ 11.567009, 3.89134 ], [ 11.566998, 3.891367 ], [ 11.566978, 3.891389 ], [ 11.566953, 3.891405 ], [ 11.566925, 3.891411 ], [ 11.566895, 3.891409 ], [ 11.566868, 3.891398 ], [ 11.566845, 3.891378 ], [ 11.56683, 3.891353 ], [ 11.566823, 3.891324 ], [ 11.566826, 3.891295 ], [ 11.566837, 3.891268 ] ] } },
{ "type": "Feature", "properties": { "nom": "", "classe": "secondary" }, "geometry": { "type": "LineString", "coordinates": [ [ 11.56864, 3.898495 ], [ 11.568656, 3.898478 ], [ 11.568677, 3.898468 ], [ 11.5687, 3.898465 ], [ 11.568723, 3.89847 ], [ 11.56874, 3.898484 ], [ 11.568756, 3.898502 ] ] } },
{ "type": "Feature", "properties": { "nom": "Rue 5.328", "classe": "secondary" }, "geometry": { "type": "LineString", "coordinates": [ [ 11.567101, 3.893996 ], [ 11.567216, 3.894324 ], [ 11.567229, 3.894359 ], [ 11.567286, 3.894523 ], [ 11.567649, 3.895161 ], [ 11.567747, 3.89534 ], [ 11.567827, 3.895462 ], [ 11.567941, 3.89566 ], [ 11.568047, 3.89584 ], [ 11.568121, 3.895967 ], [ 11.568339, 3.896354 ], [ 11.568436, 3.896571 ], [ 11.568513, 3.896775 ], [ 11.568679, 3.897196 ], [ 11.568684, 3.897206 ], [ 11.568737, 3.897337 ], [ 11.568796, 3.897523 ], [ 11.568864, 3.897784 ], [ 11.568869, 3.897903 ], [ 11.568871, 3.897951 ], [ 11.568853, 3.898045 ] ] } },
{ "type": "Feature", "properties": { "nom": "Rue 5.328", "classe": "secondary" }, "geometry": { "type": "LineString", "coordinates": [ [ 11.567014, 3.893291 ], [ 11.567025, 3.893572 ], [ 11.567031, 3.89363 ], [ 11.567037, 3.893699 ], [ 11.567101, 3.893996 ] ] } },
{ "type": "Feature", "properties": { "nom": "Rue 5.169", "classe": "secondary" }, "geometry": { "type": "LineString", "coordinates": [ [ 11.566978, 3.891389 ], [ 11.567032, 3.891976 ], [ 11.567049, 3.892299 ], [ 11.567055, 3.892659 ], [ 11.567014, 3.893291 ] ] } },
{ "type": "Feature", "properties": { "nom": "", "classe": "secondary" }, "geometry": { "type": "LineString", "coordinates": [ [ 11.568756, 3.898502 ], [ 11.568763, 3.898524 ], [ 11.568761, 3.89855 ], [ 11.568753, 3.898569 ], [ 11.568737, 3.898586 ], [ 11.568716, 3.898596 ], [ 11.568693, 3.898599 ], [ 11.56867, 3.898594 ], [ 11.56865, 3.898581 ], [ 11.568636, 3.898562 ], [ 11.568629, 3.89854 ], [ 11.568631, 3.898517 ], [ 11.56864, 3.898495 ] ] } },
{ "type": "Feature", "properties": { "nom": "Rue 5.294", "classe": "secondary" }, "geometry": { "type": "LineString", "coordinates": [ [ 11.557824, 3.900782 ], [ 11.557894, 3.90077 ], [ 11.558111, 3.900759 ], [ 11.558277, 3.900784 ], [ 11.558467, 3.900825 ], [ 11.558849, 3.900985 ], [ 11.5592, 3.901143 ], [ 11.559307, 3.901201 ], [ 11.559467, 3.901284 ], [ 11.559727, 3.901465 ], [ 11.560128, 3.901789 ], [ 11.560275, 3.901919 ], [ 11.560467, 3.902054 ], [ 11.560621, 3.902154 ], [ 11.560711, 3.902192 ], [ 11.560761, 3.902193 ], [ 11.560836, 3.902167 ], [ 11.560908, 3.902138 ], [ 11.561098, 3.902039 ], [ 11.561361, 3.901893 ], [ 11.561646, 3.901778 ], [ 11.562097, 3.901661 ], [ 11.562271, 3.901642 ], [ 11.56239, 3.90163 ], [ 11.562682, 3.901638 ], [ 11.562939, 3.901642 ], [ 11.563082, 3.901632 ], [ 11.563142, 3.901629 ], [ 11.563203, 3.901626 ], [ 11.563272, 3.901617 ], [ 11.563605, 3.90155 ], [ 11.5637, 3.901518 ], [ 11.563947, 3.901362 ], [ 11.564232, 3.901087 ], [ 11.56447, 3.900817 ], [ 11.564502, 3.90078 ], [ 11.564651, 3.900605 ], [ 11.564682, 3.90057 ], [ 11.564724, 3.90053 ], [ 11.564807, 3.900441 ], [ 11.564889, 3.900375 ], [ 11.56508, 3.900256 ], [ 11.565509, 3.900101 ], [ 11.565812, 3.900015 ], [ 11.565951, 3.899965 ], [ 11.566033, 3.899933 ], [ 11.566123, 3.8999 ], [ 11.566369, 3.899802 ], [ 11.566552, 3.899735 ], [ 11.566711, 3.899664 ], [ 11.566865, 3.899588 ], [ 11.567225, 3.899423 ], [ 11.567344, 3.899357 ], [ 11.567666, 3.899171 ], [ 11.567743, 3.899126 ], [ 11.567915, 3.899034 ], [ 11.568034, 3.898979 ], [ 11.568113, 3.898939 ], [ 11.568281, 3.898862 ], [ 11.568342, 3.898829 ], [ 11.568385, 3.898802 ], [ 11.568428, 3.898772 ], [ 11.568491, 3.898725 ], [ 11.568629, 3.89854 ] ] } },
{ "type": "Feature", "properties": { "nom": "Rue 5.008", "classe": "secondary" }, "geometry": { "type": "LineString", "coordinates": [ [ 11.556763, 3.884757 ], [ 11.55679, 3.884859 ], [ 11.556821, 3.884935 ], [ 11.556857, 3.885004 ], [ 11.556902, 3.885067 ], [ 11.556966, 3.885129 ], [ 11.557065, 3.885192 ], [ 11.5572, 3.885253 ], [ 11.557363, 3.885316 ], [ 11.557782, 3.885474 ], [ 11.558416, 3.88571 ], [ 11.558509, 3.885743 ], [ 11.558568, 3.885772 ], [ 11.558635, 3.885807 ], [ 11.558785, 3.885896 ], [ 11.558933, 3.88603 ], [ 11.559073, 3.886158 ], [ 11.559364, 3.886448 ], [ 11.559542, 3.886619 ], [ 11.559684, 3.886738 ], [ 11.559785, 3.8868 ], [ 11.559875, 3.886859 ], [ 11.559981, 3.886929 ], [ 11.560123, 3.887011 ], [ 11.5604, 3.887167 ], [ 11.560503, 3.88724 ], [ 11.560601, 3.887321 ], [ 11.560833, 3.887511 ], [ 11.561022, 3.887668 ], [ 11.561196, 3.887826 ], [ 11.561418, 3.888018 ], [ 11.561623, 3.888204 ], [ 11.561764, 3.888313 ], [ 11.561924, 3.888413 ], [ 11.562311, 3.888632 ], [ 11.562479, 3.888719 ], [ 11.562619, 3.888797 ], [ 11.562763, 3.888895 ], [ 11.562959, 3.889042 ], [ 11.563085, 3.889165 ], [ 11.563226, 3.889313 ], [ 11.563358, 3.889464 ], [ 11.563534, 3.889656 ], [ 11.563781, 3.889917 ], [ 11.563971, 3.890135 ], [ 11.564129, 3.890333 ], [ 11.564426, 3.890713 ], [ 11.564542, 3.890868 ], [ 11.564679, 3.890983 ], [ 11.564836, 3.891104 ], [ 11.564985, 3.891171 ], [ 11.565115, 3.891208 ], [ 11.565288, 3.891229 ], [ 11.565516, 3.891224 ], [ 11.565798, 3.891219 ], [ 11.566092, 3.891216 ], [ 11.566361, 3.891207 ], [ 11.566517, 3.891209 ], [ 11.566688, 3.891222 ], [ 11.566856, 3.891245 ] ] } },
{ "type": "Feature", "properties": { "nom": "Rue 5.008", "classe": "secondary" }, "geometry": { "type": "LineString", "coordinates": [ [ 11.556715, 3.884017 ], [ 11.556727, 3.884199 ], [ 11.55673, 3.884341 ], [ 11.556735, 3.884462 ], [ 11.556742, 3.884553 ], [ 11.556745, 3.884657 ], [ 11.556763, 3.884757 ] ] } },
{ "type": "Feature", "properties": { "nom": "Rue 5.008", "classe": "secondary" }, "geometry": { "type": "LineString", "coordinates": [ [ 11.552398, 3.87967 ], [ 11.55261, 3.879662 ], [ 11.552937, 3.879662 ], [ 11.553178, 3.879673 ], [ 11.553415, 3.879689 ], [ 11.553678, 3.879709 ], [ 11.55392, 3.879723 ], [ 11.554162, 3.87974 ], [ 11.554417, 3.879738 ], [ 11.554654, 3.87971 ], [ 11.555061, 3.879639 ], [ 11.555509, 3.879559 ], [ 11.555752, 3.879514 ], [ 11.556014, 3.879499 ], [ 11.55618, 3.879525 ], [ 11.556336, 3.879607 ], [ 11.556426, 3.879689 ], [ 11.556514, 3.879785 ], [ 11.556613, 3.879946 ], [ 11.556731, 3.880176 ], [ 11.556826, 3.880384 ], [ 11.556922, 3.880623 ], [ 11.556956, 3.880715 ], [ 11.557039, 3.880992 ], [ 11.557099, 3.881157 ], [ 11.557154, 3.881426 ], [ 11.557172, 3.88151 ], [ 11.557206, 3.881755 ], [ 11.557229, 3.881938 ], [ 11.557241, 3.882114 ], [ 11.557236, 3.882194 ], [ 11.557225, 3.882252 ], [ 11.557192, 3.882425 ], [ 11.557159, 3.8825 ], [ 11.557099, 3.882633 ], [ 11.55702, 3.882783 ], [ 11.556972, 3.882872 ], [ 11.556892, 3.883022 ], [ 11.556824, 3.883137 ], [ 11.556775, 3.883255 ], [ 11.556734, 3.88338 ], [ 11.556702, 3.883526 ], [ 11.556695, 3.883627 ], [ 11.556694, 3.883683 ], [ 11.556696, 3.883755 ], [ 11.556711, 3.883938 ], [ 11.556715, 3.884017 ] ] } },
{ "type": "Feature", "properties": { "nom": "Rue 5.008", "classe": "secondary" }, "geometry": { "type": "LineString", "coordinates": [ [ 11.550346, 3.879976 ], [ 11.550735, 3.879906 ] ] } },
{ "type": "Feature", "properties": { "nom": "Rue 5.008", "classe": "secondary" }, "geometry": { "type": "LineString", "coordinates": [ [ 11.550735, 3.879906 ], [ 11.550837, 3.879893 ], [ 11.551383, 3.879804 ], [ 11.551854, 3.879726 ], [ 11.552398, 3.87967 ] ] } },
{ "type": "Feature", "properties": { "nom": "Rue 3.391", "classe": "secondary" }, "geometry": { "type": "LineString", "coordinates": [ [ 11.489672, 3.871391 ], [ 11.489667, 3.871349 ], [ 11.489658, 3.871302 ], [ 11.489641, 3.871239 ], [ 11.489617, 3.871165 ], [ 11.489562, 3.871025 ], [ 11.489485, 3.870752 ], [ 11.48943, 3.870452 ] ] } },
{ "type": "Feature", "properties": { "nom": "Rue 3.391", "classe": "secondary" }, "geometry": { "type": "LineString", "coordinates": [ [ 11.48943, 3.870452 ], [ 11.489426, 3.870244 ], [ 11.489429, 3.870027 ], [ 11.489444, 3.869957 ], [ 11.489473, 3.869923 ], [ 11.489523, 3.869887 ], [ 11.489567, 3.86987 ], [ 11.489633, 3.869862 ], [ 11.489756, 3.86988 ], [ 11.489882, 3.869931 ], [ 11.490154, 3.870056 ], [ 11.490441, 3.870164 ], [ 11.490888, 3.870293 ] ] } },
{ "type": "Feature", "properties": { "nom": "Rue 3.391", "classe": "secondary" }, "geometry": { "type": "LineString", "coordinates": [ [ 11.493389, 3.86952 ], [ 11.493487, 3.869482 ], [ 11.493653, 3.869445 ], [ 11.493976, 3.869378 ], [ 11.49408, 3.869341 ], [ 11.494163, 3.869293 ], [ 11.494276, 3.869196 ], [ 11.494654, 3.868781 ], [ 11.495053, 3.868389 ], [ 11.495222, 3.868209 ] ] } },
{ "type": "Feature", "properties": { "nom": "Rue 8.162", "classe": "trunk" }, "geometry": { "type": "LineString", "coordinates": [ [ 11.516864, 3.825246 ], [ 11.517276, 3.824816 ], [ 11.517717, 3.824377 ], [ 11.517764, 3.824336 ], [ 11.517806, 3.824299 ] ] } },
{ "type": "Feature", "properties": { "nom": "Rue 8.162", "classe": "trunk" }, "geometry": { "type": "LineString", "coordinates": [ [ 11.517806, 3.824299 ], [ 11.517922, 3.824197 ], [ 11.518136, 3.824045 ], [ 11.518402, 3.8239 ], [ 11.518486, 3.823855 ], [ 11.518847, 3.823701 ], [ 11.519532, 3.823417 ], [ 11.519836, 3.823283 ], [ 11.520021, 3.823203 ], [ 11.520186, 3.823123 ], [ 11.520545, 3.822904 ], [ 11.520574, 3.822883 ] ] } },
{ "type": "Feature", "properties": { "nom": "Rue 8.162", "classe": "trunk" }, "geometry": { "type": "LineString", "coordinates": [ [ 11.520574, 3.822883 ], [ 11.520957, 3.82261 ], [ 11.521083, 3.822467 ], [ 11.521188, 3.822354 ], [ 11.52136, 3.822147 ], [ 11.521594, 3.821836 ], [ 11.521607, 3.821819 ] ] } },
{ "type": "Feature", "properties": { "nom": "Rue 8.162", "classe": "trunk" }, "geometry": { "type": "LineString", "coordinates": [ [ 11.521607, 3.821819 ], [ 11.521898, 3.821422 ], [ 11.522013, 3.82128 ], [ 11.522311, 3.820846 ], [ 11.522327, 3.820821 ] ] } },
{ "type": "Feature", "properties": { "nom": "Rue 8.162", "classe": "trunk" }, "geometry": { "type": "LineString", "coordinates": [ [ 11.523711, 3.818234 ], [ 11.523984, 3.817964 ], [ 11.524099, 3.817872 ], [ 11.524334, 3.817681 ], [ 11.52487, 3.817214 ], [ 11.525081, 3.817032 ], [ 11.525632, 3.816535 ] ] } },
{ "type": "Feature", "properties": { "nom": "Rue 4.929", "classe": "primary" }, "geometry": { "type": "LineString", "coordinates": [ [ 11.573059, 3.860907 ], [ 11.572707, 3.86144 ], [ 11.572375, 3.861893 ], [ 11.572105, 3.86224 ], [ 11.571913, 3.862491 ] ] } },
{ "type": "Feature", "properties": { "nom": "Rue 4.929", "classe": "primary" }, "geometry": { "type": "LineString", "coordinates": [ [ 11.574936, 3.858291 ], [ 11.574873, 3.858318 ], [ 11.574796, 3.858371 ], [ 11.574744, 3.858411 ], [ 11.574701, 3.858458 ], [ 11.574647, 3.858521 ], [ 11.574535, 3.858675 ], [ 11.574364, 3.858917 ], [ 11.574285, 3.859041 ], [ 11.574104, 3.859326 ], [ 11.573875, 3.859672 ], [ 11.573059, 3.860907 ] ] } },
{ "type": "Feature", "properties": { "nom": "Rue Abbé Tobie Atangana", "classe": "primary" }, "geometry": { "type": "LineString", "coordinates": [ [ 11.504653, 3.843755 ], [ 11.505172, 3.84367 ], [ 11.505523, 3.843582 ], [ 11.505641, 3.843567 ], [ 11.505738, 3.843559 ], [ 11.505861, 3.84356 ] ] } },
{ "type": "Feature", "properties": { "nom": "Avenue Charles Atangana", "classe": "primary" }, "geometry": { "type": "LineString", "coordinates": [ [ 11.514902, 3.84759 ], [ 11.514899, 3.847515 ], [ 11.514881, 3.847391 ], [ 11.514781, 3.847054 ], [ 11.514714, 3.84685 ] ] } },
{ "type": "Feature", "properties": { "nom": "Boulevard de l'OCAM", "classe": "trunk" }, "geometry": { "type": "LineString", "coordinates": [ [ 11.521728, 3.8515 ], [ 11.521757, 3.851579 ], [ 11.521794, 3.851672 ], [ 11.521827, 3.851757 ], [ 11.522144, 3.852554 ], [ 11.522253, 3.852827 ], [ 11.522289, 3.852936 ], [ 11.522327, 3.853148 ], [ 11.522328, 3.853283 ], [ 11.522316, 3.853385 ], [ 11.522265, 3.853542 ], [ 11.522182, 3.853769 ], [ 11.522167, 3.853808 ] ] } },
{ "type": "Feature", "properties": { "nom": "Rue 8.720", "classe": "secondary" }, "geometry": { "type": "LineString", "coordinates": [ [ 11.492437, 3.802381 ], [ 11.492371, 3.802395 ] ] } },
{ "type": "Feature", "properties": { "nom": "Rue 8.720", "classe": "secondary" }, "geometry": { "type": "LineString", "coordinates": [ [ 11.495059, 3.801987 ], [ 11.495019, 3.801997 ], [ 11.494827, 3.802058 ], [ 11.49432, 3.802192 ], [ 11.493712, 3.802346 ], [ 11.493494, 3.802398 ], [ 11.493393, 3.802418 ], [ 11.49329, 3.802426 ], [ 11.492763, 3.802397 ], [ 11.492547, 3.802375 ], [ 11.492437, 3.802381 ] ] } },
{ "type": "Feature", "properties": { "nom": "", "classe": "tertiary" }, "geometry": { "type": "LineString", "coordinates": [ [ 11.428691, 3.912908 ], [ 11.4279, 3.912043 ], [ 11.427421, 3.911555 ], [ 11.426877, 3.911067 ], [ 11.426672, 3.910927 ], [ 11.4265, 3.910893 ], [ 11.426054, 3.910801 ], [ 11.425921, 3.910724 ], [ 11.42562, 3.910475 ], [ 11.425312, 3.910067 ], [ 11.425199, 3.90988 ], [ 11.425126, 3.90976 ], [ 11.425026, 3.909446 ], [ 11.425026, 3.909239 ], [ 11.425025, 3.908765 ], [ 11.425024, 3.908388 ], [ 11.424928, 3.907878 ], [ 11.424574, 3.907223 ], [ 11.424426, 3.907047 ], [ 11.424303, 3.9069 ], [ 11.424085, 3.90671 ], [ 11.423873, 3.906565 ], [ 11.423418, 3.906267 ], [ 11.423037, 3.906195 ], [ 11.422466, 3.906203 ], [ 11.421586, 3.90641 ], [ 11.421065, 3.906315 ], [ 11.420745, 3.906194 ], [ 11.420547, 3.9061 ], [ 11.420339, 3.906001 ], [ 11.4202, 3.905904 ], [ 11.42002, 3.905779 ], [ 11.419998, 3.905738 ], [ 11.41935, 3.904563 ], [ 11.41902, 3.904165 ], [ 11.418858, 3.904086 ], [ 11.417641, 3.903493 ], [ 11.416942, 3.903107 ], [ 11.416665, 3.902979 ], [ 11.416415, 3.902937 ], [ 11.416201, 3.902932 ], [ 11.415868, 3.902976 ], [ 11.41544, 3.90304 ] ] } },
{ "type": "Feature", "properties": { "nom": "Rue 6.133", "classe": "tertiary" }, "geometry": { "type": "LineString", "coordinates": [ [ 11.499756, 3.920162 ], [ 11.499789, 3.919809 ], [ 11.499825, 3.919358 ], [ 11.499868, 3.919082 ], [ 11.499908, 3.91878 ], [ 11.499931, 3.918645 ], [ 11.499982, 3.918088 ], [ 11.500036, 3.917724 ], [ 11.500068, 3.917545 ], [ 11.500111, 3.91736 ], [ 11.500144, 3.917225 ] ] } },
{ "type": "Feature", "properties": { "nom": "Rue 6.133", "classe": "tertiary" }, "geometry": { "type": "LineString", "coordinates": [ [ 11.499757, 3.92026 ], [ 11.499756, 3.920162 ] ] } },
{ "type": "Feature", "properties": { "nom": "Rue 1.596", "classe": "tertiary" }, "geometry": { "type": "LineString", "coordinates": [ [ 11.546758, 3.899587 ], [ 11.547031, 3.899703 ] ] } },
{ "type": "Feature", "properties": { "nom": "Rue 1.596", "classe": "tertiary" }, "geometry": { "type": "LineString", "coordinates": [ [ 11.547031, 3.899703 ], [ 11.547214, 3.8997 ], [ 11.547329, 3.899754 ] ] } },
{ "type": "Feature", "properties": { "nom": "Rue 1.596", "classe": "tertiary" }, "geometry": { "type": "LineString", "coordinates": [ [ 11.547264, 3.899866 ], [ 11.547145, 3.899811 ], [ 11.547031, 3.899703 ] ] } },
{ "type": "Feature", "properties": { "nom": "Rue 1.564", "classe": "secondary" }, "geometry": { "type": "LineString", "coordinates": [ [ 11.547143, 3.90016 ], [ 11.547139, 3.899869 ], [ 11.547145, 3.899811 ], [ 11.547214, 3.8997 ], [ 11.547302, 3.899609 ], [ 11.547502, 3.899516 ] ] } },
{ "type": "Feature", "properties": { "nom": "Rue 1.564", "classe": "secondary" }, "geometry": { "type": "LineString", "coordinates": [ [ 11.547502, 3.899516 ], [ 11.547421, 3.89964 ], [ 11.547366, 3.899705 ], [ 11.547329, 3.899754 ], [ 11.547314, 3.899777 ], [ 11.547285, 3.899821 ], [ 11.547264, 3.899866 ], [ 11.547143, 3.90016 ] ] } },
{ "type": "Feature", "properties": { "nom": "Rue 1.564", "classe": "secondary" }, "geometry": { "type": "LineString", "coordinates": [ [ 11.549072, 3.898784 ], [ 11.548894, 3.898856 ], [ 11.548627, 3.898983 ], [ 11.548211, 3.899169 ], [ 11.547842, 3.899355 ], [ 11.547755, 3.899399 ], [ 11.547612, 3.899463 ], [ 11.547502, 3.899516 ] ] } },
{ "type": "Feature", "properties": { "nom": "Rue 4.509", "classe": "tertiary" }, "geometry": { "type": "LineString", "coordinates": [ [ 11.547641, 3.855294 ], [ 11.547777, 3.855173 ], [ 11.548374, 3.854659 ], [ 11.548661, 3.854407 ], [ 11.549046, 3.854093 ], [ 11.549376, 3.853889 ], [ 11.549522, 3.853812 ], [ 11.55014, 3.853523 ], [ 11.550464, 3.853372 ], [ 11.55095, 3.853144 ], [ 11.551314, 3.853019 ], [ 11.551419, 3.852987 ], [ 11.551867, 3.852852 ], [ 11.552346, 3.85273 ], [ 11.552732, 3.852594 ], [ 11.552836, 3.852549 ] ] } },
{ "type": "Feature", "properties": { "nom": "Avenue Winston Churchill", "classe": "tertiary" }, "geometry": { "type": "LineString", "coordinates": [ [ 11.518791, 3.869746 ], [ 11.518922, 3.869811 ], [ 11.518987, 3.869862 ], [ 11.519077, 3.869992 ], [ 11.51914, 3.870132 ], [ 11.519209, 3.870311 ], [ 11.519244, 3.870687 ], [ 11.519244, 3.870988 ], [ 11.519207, 3.871288 ], [ 11.519167, 3.871527 ], [ 11.519089, 3.872295 ], [ 11.518996, 3.873344 ], [ 11.518831, 3.873746 ], [ 11.518685, 3.874226 ], [ 11.518484, 3.874758 ], [ 11.518299, 3.875268 ], [ 11.518133, 3.875727 ], [ 11.518075, 3.875874 ], [ 11.518016, 3.876017 ], [ 11.517685, 3.876954 ], [ 11.517292, 3.878033 ], [ 11.517113, 3.878383 ], [ 11.516929, 3.878663 ], [ 11.516836, 3.878814 ], [ 11.516666, 3.878871 ], [ 11.516317, 3.878936 ], [ 11.516065, 3.878983 ] ] } },
{ "type": "Feature", "properties": { "nom": "Rue 2.065", "classe": "tertiary" }, "geometry": { "type": "LineString", "coordinates": [ [ 11.512597, 3.879189 ], [ 11.512602, 3.878978 ], [ 11.512614, 3.878507 ], [ 11.512588, 3.877567 ], [ 11.512582, 3.877269 ], [ 11.51258, 3.876991 ], [ 11.512568, 3.876815 ], [ 11.512535, 3.876517 ], [ 11.512498, 3.87626 ], [ 11.512453, 3.876117 ], [ 11.512413, 3.876045 ], [ 11.512393, 3.876009 ], [ 11.512337, 3.875931 ], [ 11.512293, 3.875892 ], [ 11.512238, 3.875843 ], [ 11.512033, 3.87574 ], [ 11.51189, 3.875702 ] ] } },
{ "type": "Feature", "properties": { "nom": "Rue Malam Ibrahim", "classe": "tertiary" }, "geometry": { "type": "LineString", "coordinates": [ [ 11.503542, 3.872478 ], [ 11.503515, 3.872507 ], [ 11.503555, 3.873022 ], [ 11.503608, 3.873483 ], [ 11.50364, 3.873815 ], [ 11.503646, 3.873879 ], [ 11.503662, 3.874079 ], [ 11.503682, 3.874315 ], [ 11.503683, 3.874364 ], [ 11.503657, 3.874793 ], [ 11.503641, 3.87496 ] ] } },
{ "type": "Feature", "properties": { "nom": "Rue Charles Bindzi", "classe": "tertiary" }, "geometry": { "type": "LineString", "coordinates": [ [ 11.522613, 3.895965 ], [ 11.522314, 3.896409 ], [ 11.522255, 3.896492 ], [ 11.522182, 3.896588 ], [ 11.522157, 3.896618 ], [ 11.522117, 3.896666 ], [ 11.522027, 3.896754 ], [ 11.52194, 3.896836 ], [ 11.521846, 3.896912 ], [ 11.521773, 3.896968 ], [ 11.521675, 3.897021 ], [ 11.521608, 3.897054 ], [ 11.521455, 3.897121 ], [ 11.520888, 3.897322 ], [ 11.520843, 3.897339 ], [ 11.520529, 3.897454 ], [ 11.520172, 3.897632 ], [ 11.519914, 3.897783 ], [ 11.519017, 3.898302 ], [ 11.518516, 3.898597 ], [ 11.51836, 3.898697 ], [ 11.517851, 3.899007 ], [ 11.517573, 3.899228 ], [ 11.517394, 3.899412 ], [ 11.517233, 3.899582 ], [ 11.517132, 3.899698 ], [ 11.516996, 3.899869 ], [ 11.516632, 3.900418 ], [ 11.516557, 3.90053 ], [ 11.516263, 3.900957 ], [ 11.515997, 3.901388 ], [ 11.515907, 3.901524 ], [ 11.515645, 3.901918 ], [ 11.515106, 3.90274 ], [ 11.514965, 3.902972 ], [ 11.51464, 3.903468 ], [ 11.514052, 3.904366 ], [ 11.514005, 3.904439 ], [ 11.513581, 3.905086 ], [ 11.513287, 3.905538 ] ] } },
{ "type": "Feature", "properties": { "nom": "", "classe": "tertiary" }, "geometry": { "type": "LineString", "coordinates": [ [ 11.551349, 3.95888 ], [ 11.551044, 3.959049 ], [ 11.551008, 3.95907 ], [ 11.550669, 3.959257 ], [ 11.550491, 3.959345 ], [ 11.550168, 3.959531 ], [ 11.549176, 3.960063 ], [ 11.548808, 3.960258 ], [ 11.548663, 3.960343 ], [ 11.548496, 3.960428 ], [ 11.548321, 3.960488 ], [ 11.548069, 3.960541 ], [ 11.547679, 3.960604 ], [ 11.547282, 3.960642 ], [ 11.546743, 3.960722 ], [ 11.546362, 3.96079 ], [ 11.546244, 3.96081 ], [ 11.546053, 3.960838 ], [ 11.545711, 3.960891 ], [ 11.545293, 3.960989 ], [ 11.544793, 3.961138 ], [ 11.54443, 3.961271 ], [ 11.544108, 3.9614 ], [ 11.544041, 3.96147 ], [ 11.543965, 3.961539 ], [ 11.543887, 3.961632 ], [ 11.54381, 3.961766 ] ] } },
{ "type": "Feature", "properties": { "nom": "Boulevard du Président Paul Biya", "classe": "secondary" }, "geometry": { "type": "LineString", "coordinates": [ [ 11.591717, 3.957616 ], [ 11.591659, 3.957557 ], [ 11.590839, 3.956651 ], [ 11.590622, 3.956427 ], [ 11.590493, 3.956286 ] ] } },
{ "type": "Feature", "properties": { "nom": "", "classe": "tertiary" }, "geometry": { "type": "LineString", "coordinates": [ [ 11.588528, 3.949483 ], [ 11.588586, 3.949464 ], [ 11.588614, 3.949463 ], [ 11.588645, 3.949474 ], [ 11.588709, 3.94953 ], [ 11.58874, 3.949549 ], [ 11.58879, 3.949563 ], [ 11.588829, 3.949564 ], [ 11.58887, 3.949557 ], [ 11.589089, 3.949464 ], [ 11.589286, 3.949396 ], [ 11.58935, 3.949381 ], [ 11.589681, 3.949281 ], [ 11.589941, 3.949199 ], [ 11.590292, 3.949102 ], [ 11.590667, 3.948984 ], [ 11.591088, 3.94881 ], [ 11.591588, 3.948488 ], [ 11.592156, 3.948154 ], [ 11.592465, 3.947939 ] ] } },
{ "type": "Feature", "properties": { "nom": "", "classe": "tertiary" }, "geometry": { "type": "LineString", "coordinates": [ [ 11.592465, 3.947939 ], [ 11.59279, 3.947837 ], [ 11.593001, 3.94781 ], [ 11.593525, 3.947809 ], [ 11.593875, 3.947749 ], [ 11.594124, 3.947683 ], [ 11.594578, 3.947553 ], [ 11.594739, 3.947547 ], [ 11.594861, 3.947584 ], [ 11.594988, 3.947655 ], [ 11.59548, 3.948249 ], [ 11.59561, 3.948594 ] ] } },
{ "type": "Feature", "properties": { "nom": "", "classe": "tertiary" }, "geometry": { "type": "LineString", "coordinates": [ [ 11.597801, 3.945496 ], [ 11.598086, 3.945233 ], [ 11.598325, 3.945006 ], [ 11.598511, 3.944926 ], [ 11.598819, 3.944831 ], [ 11.599563, 3.944489 ] ] } },
{ "type": "Feature", "properties": { "nom": "", "classe": "tertiary" }, "geometry": { "type": "LineString", "coordinates": [ [ 11.586864, 3.90117 ], [ 11.586768, 3.901295 ], [ 11.586649, 3.901421 ], [ 11.58652, 3.901553 ], [ 11.586344, 3.90171 ], [ 11.586161, 3.901879 ], [ 11.585939, 3.902079 ], [ 11.585748, 3.902228 ], [ 11.585514, 3.902447 ], [ 11.585165, 3.902779 ], [ 11.585125, 3.902822 ], [ 11.585109, 3.902874 ] ] } },
{ "type": "Feature", "properties": { "nom": "", "classe": "secondary" }, "geometry": { "type": "LineString", "coordinates": [ [ 11.57871, 3.921561 ], [ 11.579005, 3.921967 ], [ 11.57924, 3.922456 ], [ 11.57933, 3.922821 ], [ 11.579341, 3.922923 ], [ 11.579355, 3.923029 ], [ 11.57938, 3.923315 ], [ 11.579351, 3.92373 ], [ 11.57926, 3.924241 ], [ 11.579114, 3.924675 ], [ 11.579081, 3.924755 ], [ 11.579018, 3.92492 ], [ 11.578777, 3.925487 ], [ 11.578568, 3.925981 ], [ 11.578503, 3.926128 ], [ 11.578462, 3.926212 ], [ 11.578288, 3.926667 ], [ 11.578254, 3.926754 ], [ 11.578146, 3.927209 ], [ 11.578084, 3.927717 ], [ 11.578056, 3.928315 ], [ 11.578085, 3.928618 ], [ 11.578178, 3.929078 ], [ 11.578291, 3.929413 ], [ 11.578347, 3.929556 ], [ 11.578402, 3.92969 ], [ 11.57854, 3.929976 ], [ 11.578747, 3.930293 ], [ 11.578854, 3.930462 ], [ 11.578928, 3.930547 ], [ 11.579014, 3.930652 ], [ 11.579076, 3.930711 ], [ 11.579407, 3.931044 ], [ 11.579829, 3.931389 ], [ 11.580477, 3.931867 ], [ 11.580775, 3.93208 ], [ 11.581102, 3.93233 ], [ 11.581561, 3.932766 ], [ 11.581838, 3.933155 ], [ 11.581991, 3.933444 ], [ 11.582092, 3.933661 ], [ 11.582164, 3.933902 ], [ 11.582209, 3.934064 ], [ 11.582259, 3.934268 ], [ 11.582298, 3.934609 ], [ 11.58229, 3.934869 ], [ 11.582251, 3.935284 ], [ 11.582235, 3.935483 ], [ 11.582222, 3.935587 ], [ 11.582176, 3.936005 ], [ 11.582123, 3.936477 ], [ 11.582078, 3.936817 ], [ 11.582073, 3.936873 ], [ 11.58199, 3.937614 ], [ 11.581969, 3.93779 ], [ 11.581922, 3.938164 ], [ 11.58192, 3.938224 ], [ 11.581908, 3.938631 ], [ 11.581931, 3.939003 ], [ 11.581948, 3.93916 ] ] } },
{ "type": "Feature", "properties": { "nom": "Rue Minlo Medjo Pierre", "classe": "tertiary" }, "geometry": { "type": "LineString", "coordinates": [ [ 11.593129, 3.97818 ], [ 11.593074, 3.978329 ], [ 11.59302, 3.978456 ], [ 11.592942, 3.978659 ], [ 11.592899, 3.978972 ], [ 11.592897, 3.979165 ], [ 11.592918, 3.979725 ], [ 11.592879, 3.980291 ], [ 11.592836, 3.980924 ], [ 11.59283, 3.981026 ], [ 11.592808, 3.981157 ], [ 11.592736, 3.981453 ], [ 11.592708, 3.981685 ], [ 11.5927, 3.981934 ], [ 11.592705, 3.982079 ], [ 11.592727, 3.982226 ], [ 11.592779, 3.982435 ], [ 11.592805, 3.98252 ] ] } },
{ "type": "Feature", "properties": { "nom": "", "classe": "tertiary" }, "geometry": { "type": "LineString", "coordinates": [ [ 11.597051, 3.98608 ], [ 11.597073, 3.986177 ], [ 11.597087, 3.986336 ], [ 11.59712, 3.98662 ], [ 11.597166, 3.986752 ], [ 11.597215, 3.986832 ], [ 11.59727, 3.986893 ], [ 11.597321, 3.986918 ], [ 11.597438, 3.986944 ], [ 11.597531, 3.986952 ], [ 11.597617, 3.986947 ], [ 11.597648, 3.986947 ], [ 11.59775, 3.986936 ], [ 11.597915, 3.986908 ], [ 11.598076, 3.986891 ], [ 11.598296, 3.986886 ], [ 11.598408, 3.986877 ], [ 11.598558, 3.986879 ], [ 11.598695, 3.986896 ], [ 11.598766, 3.986905 ], [ 11.598839, 3.986909 ], [ 11.598928, 3.986908 ], [ 11.599002, 3.986901 ], [ 11.599093, 3.986889 ], [ 11.599236, 3.98686 ], [ 11.599355, 3.986805 ], [ 11.599526, 3.986714 ], [ 11.599761, 3.986584 ], [ 11.599953, 3.986481 ] ] } },
{ "type": "Feature", "properties": { "nom": "Rue Ntonga Pie", "classe": "tertiary" }, "geometry": { "type": "LineString", "coordinates": [ [ 11.592805, 3.98252 ], [ 11.592859, 3.982633 ], [ 11.592955, 3.98282 ], [ 11.5931, 3.983084 ], [ 11.593295, 3.983429 ], [ 11.593396, 3.983621 ], [ 11.593466, 3.98374 ], [ 11.593532, 3.983843 ], [ 11.593573, 3.983898 ], [ 11.593615, 3.983943 ], [ 11.593707, 3.984032 ], [ 11.59375, 3.984074 ], [ 11.593812, 3.984109 ], [ 11.594161, 3.98426 ], [ 11.594279, 3.984301 ], [ 11.594401, 3.984331 ], [ 11.594487, 3.984333 ], [ 11.59462, 3.984339 ], [ 11.594673, 3.984347 ], [ 11.59476, 3.984366 ], [ 11.594844, 3.984393 ], [ 11.595124, 3.984485 ], [ 11.595384, 3.984565 ], [ 11.595492, 3.984613 ], [ 11.595544, 3.984648 ], [ 11.595655, 3.984737 ], [ 11.595834, 3.984901 ], [ 11.595894, 3.984945 ], [ 11.596091, 3.985043 ], [ 11.596264, 3.985143 ], [ 11.596332, 3.985178 ], [ 11.596443, 3.985242 ], [ 11.596594, 3.985373 ], [ 11.596712, 3.985508 ], [ 11.596806, 3.985652 ], [ 11.596878, 3.985793 ], [ 11.597019, 3.986011 ], [ 11.597051, 3.98608 ] ] } },
{ "type": "Feature", "properties": { "nom": "", "classe": "secondary" }, "geometry": { "type": "LineString", "coordinates": [ [ 11.581948, 3.93916 ], [ 11.581953, 3.939213 ], [ 11.581956, 3.939244 ], [ 11.582058, 3.939662 ], [ 11.582206, 3.940043 ], [ 11.582301, 3.940284 ], [ 11.582347, 3.940379 ] ] } },
{ "type": "Feature", "properties": { "nom": "Boulevard du Président Paul Biya", "classe": "secondary" }, "geometry": { "type": "LineString", "coordinates": [ [ 11.593559, 3.967295 ], [ 11.593536, 3.967258 ], [ 11.593517, 3.967179 ], [ 11.593511, 3.966963 ], [ 11.593508, 3.966835 ], [ 11.593504, 3.966693 ], [ 11.593493, 3.966392 ], [ 11.593486, 3.966224 ], [ 11.593482, 3.966049 ], [ 11.593478, 3.965891 ], [ 11.593488, 3.965515 ], [ 11.593578, 3.964832 ], [ 11.593808, 3.963387 ], [ 11.593913, 3.962777 ], [ 11.593981, 3.96236 ], [ 11.594023, 3.961662 ], [ 11.593999, 3.961182 ], [ 11.593978, 3.961045 ], [ 11.59395, 3.960882 ], [ 11.593911, 3.960742 ], [ 11.593862, 3.960562 ], [ 11.593709, 3.960147 ], [ 11.59367, 3.960073 ], [ 11.593354, 3.959469 ], [ 11.592971, 3.958973 ], [ 11.592765, 3.958753 ], [ 11.592738, 3.958719 ], [ 11.592334, 3.95828 ], [ 11.591784, 3.957682 ], [ 11.591717, 3.957616 ] ] } },
{ "type": "Feature", "properties": { "nom": "Boulevard du Président Paul Biya", "classe": "secondary" }, "geometry": { "type": "LineString", "coordinates": [ [ 11.591766, 3.957569 ], [ 11.591835, 3.957649 ], [ 11.592791, 3.958683 ], [ 11.592814, 3.958711 ], [ 11.593014, 3.958935 ], [ 11.593086, 3.959023 ], [ 11.593408, 3.95942 ], [ 11.593517, 3.959616 ], [ 11.593781, 3.960105 ], [ 11.593931, 3.960538 ], [ 11.594027, 3.960869 ], [ 11.594056, 3.961035 ], [ 11.594077, 3.961165 ], [ 11.594103, 3.961662 ], [ 11.594056, 3.962359 ], [ 11.593992, 3.962749 ], [ 11.593877, 3.963405 ], [ 11.593846, 3.963606 ], [ 11.593837, 3.963671 ], [ 11.593747, 3.964236 ], [ 11.593671, 3.96467 ], [ 11.593641, 3.964839 ], [ 11.593591, 3.965253 ], [ 11.593561, 3.965501 ], [ 11.593527, 3.965888 ], [ 11.593537, 3.966065 ], [ 11.593546, 3.966225 ], [ 11.593554, 3.966534 ], [ 11.593571, 3.967167 ], [ 11.593574, 3.967258 ], [ 11.593559, 3.967295 ] ] } },
{ "type": "Feature", "properties": { "nom": "Boulevard du Président Paul Biya", "classe": "secondary" }, "geometry": { "type": "LineString", "coordinates": [ [ 11.59057, 3.956261 ], [ 11.590679, 3.956375 ], [ 11.590895, 3.956619 ], [ 11.591719, 3.957517 ], [ 11.591766, 3.957569 ] ] } },
{ "type": "Feature", "properties": { "nom": "", "classe": "secondary" }, "geometry": { "type": "LineString", "coordinates": [ [ 11.590493, 3.956286 ], [ 11.590394, 3.956174 ], [ 11.590041, 3.955735 ], [ 11.589772, 3.955334 ], [ 11.589712, 3.955201 ], [ 11.589649, 3.955075 ], [ 11.589447, 3.954593 ], [ 11.589408, 3.954483 ], [ 11.589381, 3.954396 ], [ 11.589355, 3.954296 ], [ 11.589208, 3.953512 ], [ 11.589188, 3.953045 ], [ 11.589159, 3.951965 ], [ 11.589148, 3.951549 ], [ 11.589084, 3.950993 ], [ 11.589018, 3.950732 ], [ 11.588951, 3.950498 ], [ 11.588776, 3.950036 ], [ 11.588696, 3.949899 ], [ 11.588532, 3.949615 ], [ 11.588186, 3.949139 ], [ 11.58772, 3.94867 ], [ 11.587417, 3.948443 ], [ 11.587193, 3.948283 ], [ 11.587119, 3.94823 ], [ 11.587031, 3.948165 ], [ 11.58675, 3.947972 ], [ 11.586293, 3.947659 ], [ 11.586095, 3.94751 ], [ 11.585878, 3.947327 ], [ 11.585579, 3.947052 ], [ 11.585371, 3.946794 ], [ 11.585118, 3.946402 ], [ 11.584941, 3.946071 ], [ 11.584152, 3.944279 ], [ 11.584116, 3.944195 ], [ 11.584076, 3.94411 ], [ 11.584053, 3.944061 ], [ 11.583769, 3.943389 ], [ 11.583476, 3.942724 ], [ 11.583313, 3.942402 ], [ 11.5833, 3.942376 ], [ 11.583039, 3.941847 ], [ 11.58282, 3.941413 ], [ 11.582704, 3.941216 ], [ 11.582701, 3.941211 ], [ 11.582687, 3.941183 ], [ 11.58231, 3.940459 ], [ 11.582288, 3.940412 ], [ 11.582244, 3.940318 ], [ 11.582134, 3.940067 ], [ 11.581989, 3.939679 ], [ 11.581914, 3.939392 ], [ 11.581879, 3.93926 ], [ 11.581873, 3.939235 ], [ 11.581862, 3.939179 ], [ 11.581843, 3.939023 ], [ 11.581841, 3.939007 ], [ 11.581845, 3.938628 ], [ 11.581859, 3.938142 ], [ 11.581886, 3.937908 ], [ 11.581926, 3.937602 ], [ 11.582022, 3.936862 ], [ 11.582113, 3.93599 ], [ 11.582157, 3.935593 ], [ 11.582188, 3.935288 ], [ 11.582216, 3.934579 ], [ 11.582203, 3.934481 ], [ 11.582178, 3.934287 ], [ 11.582133, 3.93408 ], [ 11.58209, 3.933927 ], [ 11.58202, 3.9337 ], [ 11.581766, 3.933192 ], [ 11.581485, 3.932793 ], [ 11.581362, 3.932673 ], [ 11.581053, 3.932372 ], [ 11.580847, 3.932217 ], [ 11.580732, 3.932125 ], [ 11.5798, 3.93146 ], [ 11.579359, 3.931095 ], [ 11.579056, 3.930801 ], [ 11.578957, 3.930695 ], [ 11.578878, 3.930597 ], [ 11.5788, 3.930486 ], [ 11.578686, 3.930328 ], [ 11.578484, 3.930006 ], [ 11.578345, 3.929725 ], [ 11.578232, 3.929445 ], [ 11.578117, 3.929095 ], [ 11.578081, 3.928905 ], [ 11.578028, 3.928633 ], [ 11.577986, 3.928321 ], [ 11.577988, 3.927773 ], [ 11.57806, 3.927208 ], [ 11.578179, 3.926741 ], [ 11.578387, 3.926186 ], [ 11.578429, 3.926095 ], [ 11.578471, 3.926011 ], [ 11.578502, 3.925953 ], [ 11.578713, 3.925434 ], [ 11.578924, 3.924919 ], [ 11.578939, 3.924888 ], [ 11.579002, 3.924755 ], [ 11.579049, 3.924654 ], [ 11.579197, 3.924224 ], [ 11.579258, 3.923843 ], [ 11.579282, 3.923678 ], [ 11.579298, 3.92349 ], [ 11.579303, 3.92323 ], [ 11.579282, 3.92301 ], [ 11.579254, 3.922822 ], [ 11.579165, 3.922474 ], [ 11.579022, 3.922163 ], [ 11.578665, 3.921599 ] ] } },
{ "type": "Feature", "properties": { "nom": "", "classe": "secondary" }, "geometry": { "type": "LineString", "coordinates": [ [ 11.582347, 3.940379 ], [ 11.582382, 3.940441 ], [ 11.582572, 3.940827 ], [ 11.582768, 3.941188 ], [ 11.582882, 3.941393 ], [ 11.583114, 3.941817 ], [ 11.583385, 3.942359 ], [ 11.58356, 3.942706 ], [ 11.584051, 3.943878 ], [ 11.584079, 3.943942 ], [ 11.584119, 3.944035 ], [ 11.584143, 3.944091 ], [ 11.584182, 3.944189 ], [ 11.584731, 3.945451 ], [ 11.584977, 3.946012 ], [ 11.585032, 3.946118 ], [ 11.585172, 3.946389 ], [ 11.585444, 3.946798 ], [ 11.585665, 3.947055 ], [ 11.586008, 3.947363 ], [ 11.586146, 3.947477 ], [ 11.586362, 3.94763 ], [ 11.586918, 3.948031 ], [ 11.587065, 3.948138 ], [ 11.587152, 3.948208 ], [ 11.587219, 3.948256 ], [ 11.587739, 3.948628 ], [ 11.587859, 3.948724 ], [ 11.588224, 3.949109 ], [ 11.588528, 3.949483 ], [ 11.588605, 3.949603 ], [ 11.588637, 3.949654 ], [ 11.588747, 3.949853 ], [ 11.588831, 3.950042 ], [ 11.589013, 3.950478 ], [ 11.589076, 3.950711 ], [ 11.589097, 3.950804 ], [ 11.589142, 3.951013 ], [ 11.589215, 3.951556 ], [ 11.589249, 3.953025 ], [ 11.589252, 3.953061 ], [ 11.589285, 3.953514 ], [ 11.589323, 3.953752 ], [ 11.589356, 3.953962 ], [ 11.589446, 3.954385 ], [ 11.589485, 3.954487 ], [ 11.589519, 3.954579 ], [ 11.589717, 3.955065 ], [ 11.589772, 3.955168 ], [ 11.589882, 3.955357 ], [ 11.589954, 3.955481 ], [ 11.590094, 3.955707 ], [ 11.590485, 3.956163 ], [ 11.59057, 3.956261 ] ] } },
{ "type": "Feature", "properties": { "nom": "Avenue de l'Université", "classe": "secondary" }, "geometry": { "type": "LineString", "coordinates": [ [ 11.595231, 3.975659 ], [ 11.595074, 3.975517 ], [ 11.594972, 3.975402 ], [ 11.594876, 3.975268 ], [ 11.594787, 3.975105 ], [ 11.594613, 3.974652 ], [ 11.59452, 3.974331 ], [ 11.594419, 3.973908 ], [ 11.594396, 3.973811 ], [ 11.594245, 3.973173 ], [ 11.594179, 3.972856 ], [ 11.59405, 3.972246 ], [ 11.593918, 3.971624 ], [ 11.593864, 3.971377 ], [ 11.593693, 3.970504 ], [ 11.593639, 3.970139 ], [ 11.59362, 3.969884 ], [ 11.59361, 3.969746 ], [ 11.5936, 3.969418 ], [ 11.593591, 3.968937 ], [ 11.593582, 3.968301 ], [ 11.593581, 3.968075 ], [ 11.593558, 3.96766 ], [ 11.593556, 3.967542 ], [ 11.593559, 3.967295 ] ] } },
{ "type": "Feature", "properties": { "nom": "Avenue Chantal Biya", "classe": "secondary" }, "geometry": { "type": "LineString", "coordinates": [ [ 11.599972, 3.979206 ], [ 11.599892, 3.979012 ], [ 11.599804, 3.978766 ], [ 11.59971, 3.978533 ], [ 11.599655, 3.978445 ], [ 11.599521, 3.978173 ], [ 11.599502, 3.97814 ], [ 11.599401, 3.977963 ], [ 11.59924, 3.977728 ], [ 11.599138, 3.977599 ], [ 11.59906, 3.977517 ], [ 11.598768, 3.977289 ], [ 11.598526, 3.977116 ], [ 11.598321, 3.976997 ], [ 11.5981, 3.97689 ], [ 11.597839, 3.976785 ], [ 11.597639, 3.976717 ], [ 11.596721, 3.976365 ], [ 11.596229, 3.976167 ], [ 11.595863, 3.976004 ], [ 11.595507, 3.975825 ], [ 11.595343, 3.975742 ], [ 11.595231, 3.975659 ] ] } },
{ "type": "Feature", "properties": { "nom": "Rue 4.258", "classe": "trunk" }, "geometry": { "type": "LineString", "coordinates": [ [ 11.551192, 3.841103 ], [ 11.551216, 3.841352 ], [ 11.551267, 3.841713 ], [ 11.551298, 3.841965 ], [ 11.551382, 3.842422 ], [ 11.551474, 3.842819 ], [ 11.551582, 3.843217 ], [ 11.551715, 3.843609 ], [ 11.551847, 3.84393 ], [ 11.551888, 3.844036 ], [ 11.551972, 3.844228 ], [ 11.552138, 3.84454 ], [ 11.552463, 3.84515 ], [ 11.552625, 3.845486 ], [ 11.552742, 3.84573 ], [ 11.552765, 3.845784 ], [ 11.553066, 3.846496 ], [ 11.553123, 3.846629 ], [ 11.553312, 3.847068 ], [ 11.5536, 3.847746 ], [ 11.553783, 3.848193 ], [ 11.554109, 3.848994 ], [ 11.554226, 3.849279 ], [ 11.554364, 3.849614 ], [ 11.554584, 3.850119 ], [ 11.554622, 3.850249 ], [ 11.554655, 3.850335 ], [ 11.554712, 3.850428 ], [ 11.554776, 3.85052 ], [ 11.554891, 3.850672 ], [ 11.554998, 3.850786 ], [ 11.555129, 3.850889 ], [ 11.555245, 3.850977 ], [ 11.555366, 3.851044 ], [ 11.555445, 3.851083 ], [ 11.555568, 3.851117 ], [ 11.55571, 3.851135 ], [ 11.556311, 3.851139 ], [ 11.55654, 3.851139 ], [ 11.556821, 3.851139 ], [ 11.557355, 3.851131 ], [ 11.557618, 3.851134 ], [ 11.558193, 3.851139 ], [ 11.558444, 3.851138 ], [ 11.558673, 3.851137 ], [ 11.558932, 3.851138 ], [ 11.559143, 3.851128 ], [ 11.559269, 3.851106 ], [ 11.559393, 3.851077 ], [ 11.559541, 3.851028 ], [ 11.560244, 3.850733 ], [ 11.560383, 3.850668 ], [ 11.560566, 3.850582 ], [ 11.561029, 3.850379 ], [ 11.561303, 3.850247 ], [ 11.561474, 3.85017 ], [ 11.56186, 3.849981 ], [ 11.56205, 3.849888 ], [ 11.562145, 3.849841 ], [ 11.562336, 3.849762 ], [ 11.562538, 3.849663 ], [ 11.562585, 3.849642 ], [ 11.562735, 3.849573 ], [ 11.562806, 3.849537 ], [ 11.563088, 3.849393 ], [ 11.563158, 3.849347 ], [ 11.563224, 3.849294 ], [ 11.563329, 3.849197 ], [ 11.56341, 3.849105 ], [ 11.56344, 3.849058 ], [ 11.563479, 3.848976 ], [ 11.563589, 3.848752 ], [ 11.563632, 3.84866 ], [ 11.563663, 3.84858 ], [ 11.563722, 3.848409 ], [ 11.563804, 3.848181 ], [ 11.563834, 3.848092 ], [ 11.563887, 3.847979 ], [ 11.563947, 3.847858 ], [ 11.564019, 3.847723 ], [ 11.564088, 3.847646 ], [ 11.564238, 3.847484 ], [ 11.564364, 3.847366 ], [ 11.564486, 3.847286 ], [ 11.56454, 3.847251 ], [ 11.564836, 3.84711 ], [ 11.565066, 3.847017 ] ] } },
{ "type": "Feature", "properties": { "nom": "", "classe": "tertiary" }, "geometry": { "type": "LineString", "coordinates": [ [ 11.59998, 3.910502 ], [ 11.599867, 3.910424 ], [ 11.599615, 3.910181 ], [ 11.599199, 3.909785 ], [ 11.599089, 3.909678 ], [ 11.599018, 3.90954 ], [ 11.59899, 3.909464 ], [ 11.598967, 3.909375 ], [ 11.598959, 3.909308 ], [ 11.598955, 3.909251 ], [ 11.598958, 3.909108 ], [ 11.598957, 3.908754 ], [ 11.598961, 3.908626 ], [ 11.598945, 3.908527 ], [ 11.598925, 3.908441 ], [ 11.59886, 3.908232 ], [ 11.598842, 3.908174 ], [ 11.598762, 3.907968 ], [ 11.598745, 3.907933 ], [ 11.598641, 3.907757 ], [ 11.598514, 3.907569 ], [ 11.598435, 3.907479 ], [ 11.598263, 3.907292 ], [ 11.598118, 3.907125 ], [ 11.598034, 3.907039 ], [ 11.59796, 3.906895 ], [ 11.597862, 3.906699 ], [ 11.597815, 3.906579 ], [ 11.597787, 3.906464 ], [ 11.59774, 3.906365 ], [ 11.597754, 3.905999 ], [ 11.597804, 3.905625 ], [ 11.597834, 3.905406 ], [ 11.597854, 3.905263 ], [ 11.597878, 3.905097 ], [ 11.597892, 3.905004 ], [ 11.597902, 3.904939 ], [ 11.597993, 3.904419 ], [ 11.598006, 3.904353 ], [ 11.598104, 3.903823 ], [ 11.598112, 3.903727 ], [ 11.598124, 3.90349 ] ] } },
{ "type": "Feature", "properties": { "nom": "", "classe": "tertiary" }, "geometry": { "type": "LineString", "coordinates": [ [ 11.463396, 3.749491 ], [ 11.463132, 3.749258 ], [ 11.462877, 3.74907 ], [ 11.462675, 3.748933 ], [ 11.462212, 3.74873 ], [ 11.462086, 3.748688 ], [ 11.461803, 3.748633 ], [ 11.461262, 3.748601 ], [ 11.460894, 3.748581 ], [ 11.460627, 3.748543 ], [ 11.460458, 3.74852 ], [ 11.46029, 3.748484 ], [ 11.459939, 3.748362 ], [ 11.459341, 3.748154 ], [ 11.458796, 3.74801 ], [ 11.458443, 3.747997 ], [ 11.457769, 3.748084 ], [ 11.457401, 3.748024 ], [ 11.457088, 3.747927 ], [ 11.456787, 3.747772 ], [ 11.456616, 3.747675 ], [ 11.456466, 3.747525 ], [ 11.456202, 3.747243 ], [ 11.456005, 3.746983 ], [ 11.455806, 3.746787 ], [ 11.455715, 3.746658 ], [ 11.455597, 3.746567 ], [ 11.455347, 3.746452 ], [ 11.455144, 3.746263 ], [ 11.454807, 3.745849 ], [ 11.454701, 3.745636 ], [ 11.454632, 3.745432 ], [ 11.454561, 3.745007 ], [ 11.454401, 3.744447 ], [ 11.454348, 3.744374 ], [ 11.454461, 3.744181 ], [ 11.454559, 3.744024 ], [ 11.454878, 3.743699 ], [ 11.45512, 3.743396 ], [ 11.455319, 3.743109 ], [ 11.45552, 3.742955 ], [ 11.45574, 3.742934 ], [ 11.456214, 3.742964 ], [ 11.456546, 3.742986 ], [ 11.456759, 3.742972 ], [ 11.456942, 3.74294 ], [ 11.457209, 3.74288 ], [ 11.457386, 3.742816 ], [ 11.457598, 3.742715 ], [ 11.457783, 3.742591 ], [ 11.45791, 3.742424 ], [ 11.458033, 3.742227 ], [ 11.458215, 3.741874 ], [ 11.458305, 3.741494 ], [ 11.45819, 3.741051 ], [ 11.458038, 3.740614 ], [ 11.457938, 3.740354 ], [ 11.457679, 3.73965 ], [ 11.457572, 3.739406 ], [ 11.457453, 3.739126 ], [ 11.457407, 3.738875 ], [ 11.457329, 3.738703 ], [ 11.457053, 3.738346 ], [ 11.456933, 3.738121 ], [ 11.456803, 3.7379 ], [ 11.456554, 3.737497 ], [ 11.456256, 3.737101 ], [ 11.456019, 3.736784 ], [ 11.455808, 3.736618 ], [ 11.455437, 3.736279 ], [ 11.455309, 3.736127 ], [ 11.455226, 3.735942 ], [ 11.455087, 3.735425 ], [ 11.454961, 3.734975 ], [ 11.454852, 3.734509 ], [ 11.454782, 3.734182 ], [ 11.454655, 3.733743 ], [ 11.45446, 3.732803 ], [ 11.454417, 3.732437 ], [ 11.454475, 3.731736 ], [ 11.454437, 3.731326 ], [ 11.454341, 3.730738 ], [ 11.454299, 3.730405 ], [ 11.454306, 3.730018 ], [ 11.454374, 3.729375 ], [ 11.454551, 3.728829 ], [ 11.454618, 3.72862 ], [ 11.454671, 3.728414 ], [ 11.454661, 3.727998 ], [ 11.454631, 3.727701 ], [ 11.454631, 3.727561 ], [ 11.45461, 3.727388 ], [ 11.454471, 3.726923 ], [ 11.454416, 3.726606 ], [ 11.45428, 3.726332 ], [ 11.454031, 3.726098 ], [ 11.453266, 3.725459 ], [ 11.452573, 3.724681 ], [ 11.451536, 3.723234 ], [ 11.451469, 3.723053 ], [ 11.45145, 3.722937 ], [ 11.451347, 3.722714 ], [ 11.451257, 3.722558 ], [ 11.451143, 3.722432 ], [ 11.450923, 3.722232 ], [ 11.450661, 3.722041 ], [ 11.450544, 3.722001 ], [ 11.450296, 3.721922 ], [ 11.449856, 3.721817 ], [ 11.449613, 3.72183 ], [ 11.449402, 3.721873 ], [ 11.448992, 3.721988 ], [ 11.448694, 3.722029 ], [ 11.448429, 3.722038 ], [ 11.447953, 3.722065 ], [ 11.447628, 3.722101 ], [ 11.447442, 3.722122 ], [ 11.446905, 3.722202 ], [ 11.446354, 3.722303 ], [ 11.44603, 3.722363 ], [ 11.44535, 3.722551 ], [ 11.444947, 3.722657 ], [ 11.444343, 3.722828 ], [ 11.444115, 3.722898 ], [ 11.44392, 3.723002 ], [ 11.443022, 3.723567 ], [ 11.442376, 3.723899 ], [ 11.441738, 3.724182 ], [ 11.440911, 3.724526 ], [ 11.439869, 3.724991 ], [ 11.438783, 3.725334 ], [ 11.438474, 3.725431 ], [ 11.43816, 3.725532 ], [ 11.437274, 3.725802 ], [ 11.436938, 3.72589 ], [ 11.436271, 3.726063 ], [ 11.435568, 3.726188 ], [ 11.434943, 3.726239 ], [ 11.43471, 3.72623 ], [ 11.434361, 3.726217 ], [ 11.434205, 3.726168 ], [ 11.433957, 3.726044 ], [ 11.433909, 3.726015 ], [ 11.433876, 3.725996 ], [ 11.433639, 3.725856 ], [ 11.433485, 3.725759 ], [ 11.433312, 3.725633 ], [ 11.433087, 3.725398 ], [ 11.432928, 3.725152 ], [ 11.432665, 3.724643 ], [ 11.432595, 3.724501 ], [ 11.432215, 3.723601 ], [ 11.432017, 3.723135 ], [ 11.431944, 3.722961 ], [ 11.431879, 3.722809 ], [ 11.431809, 3.722748 ], [ 11.431756, 3.722633 ], [ 11.431687, 3.722457 ], [ 11.43162, 3.722124 ], [ 11.431595, 3.721872 ], [ 11.431451, 3.720338 ], [ 11.431355, 3.720091 ], [ 11.431199, 3.719897 ], [ 11.431015, 3.719656 ], [ 11.430737, 3.71932 ], [ 11.430548, 3.718969 ], [ 11.430467, 3.718857 ], [ 11.430327, 3.718708 ], [ 11.430291, 3.718611 ], [ 11.430263, 3.718538 ], [ 11.43018, 3.71833 ], [ 11.430092, 3.718148 ], [ 11.430059, 3.717997 ], [ 11.429993, 3.717805 ], [ 11.429924, 3.717555 ], [ 11.429933, 3.717231 ], [ 11.430003, 3.716924 ], [ 11.430046, 3.71674 ], [ 11.430217, 3.716098 ], [ 11.43033, 3.715563 ], [ 11.430365, 3.715383 ], [ 11.430369, 3.715191 ], [ 11.430343, 3.714847 ], [ 11.43033, 3.714659 ], [ 11.430311, 3.714535 ], [ 11.430206, 3.714159 ], [ 11.430089, 3.713898 ], [ 11.429826, 3.71359 ], [ 11.429534, 3.713346 ], [ 11.429268, 3.713049 ], [ 11.429068, 3.712761 ], [ 11.428913, 3.712567 ], [ 11.428796, 3.71227 ], [ 11.428767, 3.711989 ], [ 11.428773, 3.71182 ], [ 11.428828, 3.71139 ], [ 11.428881, 3.710949 ], [ 11.42892, 3.710392 ], [ 11.428892, 3.709807 ], [ 11.428458, 3.709785 ], [ 11.427911, 3.709749 ], [ 11.427398, 3.709653 ], [ 11.426685, 3.709484 ], [ 11.425678, 3.709232 ], [ 11.425273, 3.709128 ], [ 11.424856, 3.709048 ], [ 11.42473, 3.708989 ], [ 11.424591, 3.708953 ], [ 11.424523, 3.708931 ], [ 11.424486, 3.708914 ], [ 11.424435, 3.708888 ], [ 11.424323, 3.708829 ], [ 11.424144, 3.708724 ], [ 11.423939, 3.708594 ], [ 11.423716, 3.708441 ], [ 11.423567, 3.708354 ], [ 11.423412, 3.708245 ], [ 11.423287, 3.708142 ], [ 11.423169, 3.708048 ], [ 11.423027, 3.707885 ], [ 11.42284, 3.707667 ], [ 11.42254, 3.707313 ], [ 11.422419, 3.707183 ], [ 11.422278, 3.706999 ], [ 11.422121, 3.70678 ], [ 11.421963, 3.706525 ], [ 11.421596, 3.705908 ], [ 11.421294, 3.705363 ], [ 11.421187, 3.705189 ], [ 11.420686, 3.7045 ], [ 11.420275, 3.703965 ], [ 11.41995, 3.703519 ], [ 11.419745, 3.703222 ], [ 11.419526, 3.702905 ], [ 11.419434, 3.702774 ], [ 11.419374, 3.702638 ], [ 11.419304, 3.702506 ], [ 11.419247, 3.702368 ], [ 11.419017, 3.701821 ], [ 11.418934, 3.701671 ], [ 11.418873, 3.701593 ], [ 11.418833, 3.701545 ], [ 11.418785, 3.70149 ], [ 11.418738, 3.701446 ], [ 11.418677, 3.701387 ], [ 11.418579, 3.701324 ], [ 11.418436, 3.701239 ], [ 11.418248, 3.701161 ], [ 11.418046, 3.701075 ], [ 11.417942, 3.701047 ], [ 11.4178, 3.701003 ], [ 11.417748, 3.700985 ], [ 11.417684, 3.700968 ], [ 11.417631, 3.700959 ], [ 11.417544, 3.700953 ], [ 11.417373, 3.70095 ], [ 11.417147, 3.700952 ], [ 11.416996, 3.700951 ], [ 11.41685, 3.70095 ], [ 11.416714, 3.700962 ], [ 11.416626, 3.700966 ], [ 11.416585, 3.700968 ], [ 11.4165, 3.700964 ], [ 11.416406, 3.700952 ], [ 11.416345, 3.700941 ], [ 11.416284, 3.700923 ], [ 11.416213, 3.700892 ], [ 11.416101, 3.700822 ], [ 11.415992, 3.700758 ], [ 11.415865, 3.700664 ], [ 11.415707, 3.700528 ], [ 11.415589, 3.700405 ], [ 11.41531, 3.700177 ], [ 11.415204, 3.700093 ], [ 11.41492, 3.699919 ], [ 11.414796, 3.699857 ], [ 11.414658, 3.699799 ], [ 11.414596, 3.699777 ], [ 11.414478, 3.699759 ], [ 11.413819, 3.699657 ], [ 11.413109, 3.699544 ], [ 11.412783, 3.699481 ], [ 11.412356, 3.699393 ], [ 11.412249, 3.69935 ], [ 11.412088, 3.69928 ], [ 11.411993, 3.699239 ], [ 11.411828, 3.699143 ], [ 11.411603, 3.698992 ], [ 11.41134, 3.698796 ], [ 11.411123, 3.698649 ], [ 11.410857, 3.698489 ], [ 11.410726, 3.698404 ], [ 11.410631, 3.698326 ], [ 11.410528, 3.698236 ], [ 11.410471, 3.698164 ], [ 11.410427, 3.698099 ], [ 11.410371, 3.697993 ], [ 11.410326, 3.697913 ], [ 11.410289, 3.697798 ], [ 11.410258, 3.697701 ], [ 11.410211, 3.697503 ], [ 11.410128, 3.697151 ], [ 11.409937, 3.696548 ], [ 11.409856, 3.696366 ], [ 11.409761, 3.696186 ], [ 11.409603, 3.695958 ], [ 11.409532, 3.695858 ], [ 11.409477, 3.695789 ], [ 11.409391, 3.695691 ], [ 11.409341, 3.695644 ], [ 11.40927, 3.695583 ], [ 11.409228, 3.695541 ], [ 11.409168, 3.695493 ], [ 11.409105, 3.695452 ], [ 11.409046, 3.695418 ], [ 11.408981, 3.695386 ], [ 11.408828, 3.695325 ], [ 11.408674, 3.695255 ], [ 11.408519, 3.695187 ], [ 11.408386, 3.695111 ], [ 11.408249, 3.695022 ], [ 11.40815, 3.694953 ], [ 11.408052, 3.69487 ], [ 11.407741, 3.694625 ], [ 11.407647, 3.694551 ], [ 11.407602, 3.694517 ], [ 11.407253, 3.694251 ], [ 11.406896, 3.693968 ], [ 11.406425, 3.693622 ], [ 11.405956, 3.693292 ], [ 11.405727, 3.693124 ], [ 11.405669, 3.693082 ], [ 11.405604, 3.693023 ], [ 11.405584, 3.693003 ], [ 11.405544, 3.692962 ], [ 11.405506, 3.692891 ], [ 11.405386, 3.692617 ], [ 11.4052, 3.692033 ], [ 11.405079, 3.69175 ], [ 11.405012, 3.691552 ], [ 11.404993, 3.691466 ], [ 11.404974, 3.691375 ], [ 11.404952, 3.6913 ], [ 11.40492, 3.691243 ], [ 11.404897, 3.691213 ], [ 11.404863, 3.691175 ], [ 11.404808, 3.691144 ], [ 11.404761, 3.691123 ], [ 11.404645, 3.691082 ], [ 11.404459, 3.691024 ], [ 11.40422, 3.690956 ], [ 11.404124, 3.690925 ], [ 11.40406, 3.690898 ], [ 11.403972, 3.690849 ], [ 11.40387, 3.69078 ], [ 11.403811, 3.690734 ], [ 11.403762, 3.690684 ], [ 11.403635, 3.690535 ], [ 11.40359, 3.690476 ], [ 11.403391, 3.690248 ], [ 11.403295, 3.690136 ] ] } },
{ "type": "Feature", "properties": { "nom": "", "classe": "tertiary" }, "geometry": { "type": "LineString", "coordinates": [ [ 11.539791, 3.80166 ], [ 11.539909, 3.801711 ], [ 11.540124, 3.801819 ], [ 11.540231, 3.801871 ], [ 11.540306, 3.801921 ], [ 11.540369, 3.801972 ], [ 11.540459, 3.802049 ], [ 11.540565, 3.802113 ], [ 11.5407, 3.802183 ], [ 11.540881, 3.802276 ], [ 11.541191, 3.802474 ], [ 11.541293, 3.802529 ], [ 11.541556, 3.802683 ], [ 11.541928, 3.802885 ], [ 11.542121, 3.803004 ], [ 11.542218, 3.803048 ], [ 11.542331, 3.803095 ], [ 11.542527, 3.803131 ], [ 11.542665, 3.803137 ], [ 11.542837, 3.803147 ], [ 11.542967, 3.803154 ], [ 11.543039, 3.803148 ], [ 11.543352, 3.803087 ], [ 11.543669, 3.803036 ], [ 11.543865, 3.803012 ], [ 11.543931, 3.803005 ], [ 11.544229, 3.802979 ], [ 11.54451, 3.802968 ], [ 11.54463, 3.802967 ], [ 11.544749, 3.80298 ], [ 11.544825, 3.802991 ], [ 11.544908, 3.803018 ], [ 11.545033, 3.803059 ], [ 11.545097, 3.803078 ], [ 11.54517, 3.803091 ], [ 11.545266, 3.803098 ], [ 11.545373, 3.803102 ], [ 11.54552, 3.803084 ], [ 11.545586, 3.803076 ], [ 11.545892, 3.803027 ], [ 11.546137, 3.802983 ], [ 11.54647, 3.802904 ], [ 11.546899, 3.802809 ], [ 11.546974, 3.80279 ], [ 11.547039, 3.802773 ], [ 11.547332, 3.802697 ], [ 11.547436, 3.802662 ], [ 11.547791, 3.80251 ], [ 11.547867, 3.802478 ], [ 11.547899, 3.802465 ], [ 11.548108, 3.802256 ], [ 11.548277, 3.802132 ], [ 11.54845, 3.802048 ], [ 11.54859, 3.801995 ], [ 11.548762, 3.80193 ], [ 11.548899, 3.801857 ], [ 11.549121, 3.801702 ], [ 11.549195, 3.80164 ], [ 11.549268, 3.801549 ], [ 11.54941, 3.801283 ], [ 11.549462, 3.801029 ], [ 11.549477, 3.800882 ], [ 11.54948, 3.800784 ], [ 11.549477, 3.800582 ], [ 11.549441, 3.80012 ], [ 11.549428, 3.800013 ], [ 11.549258, 3.799624 ], [ 11.549247, 3.799566 ], [ 11.549167, 3.799258 ], [ 11.549166, 3.799171 ], [ 11.549222, 3.799067 ], [ 11.549301, 3.798935 ], [ 11.549353, 3.79883 ], [ 11.549369, 3.798761 ] ] } },
{ "type": "Feature", "properties": { "nom": "Rue 1.393", "classe": "secondary" }, "geometry": { "type": "LineString", "coordinates": [ [ 11.539547, 3.887048 ], [ 11.539416, 3.886934 ], [ 11.539374, 3.886899 ], [ 11.539212, 3.886712 ], [ 11.539103, 3.886547 ], [ 11.539012, 3.886417 ], [ 11.538951, 3.886288 ], [ 11.538913, 3.886208 ], [ 11.538839, 3.886041 ], [ 11.538806, 3.88594 ], [ 11.538775, 3.88576 ], [ 11.538775, 3.885527 ], [ 11.538777, 3.885477 ], [ 11.53878, 3.885372 ] ] } },
{ "type": "Feature", "properties": { "nom": "", "classe": "tertiary" }, "geometry": { "type": "LineString", "coordinates": [ [ 11.539763, 3.793993 ], [ 11.539979, 3.794053 ], [ 11.54061, 3.794256 ], [ 11.540998, 3.794417 ], [ 11.541328, 3.794451 ], [ 11.541564, 3.794447 ], [ 11.541683, 3.794445 ], [ 11.542109, 3.794451 ], [ 11.5424, 3.794476 ], [ 11.542638, 3.794538 ], [ 11.543053, 3.794652 ], [ 11.543164, 3.794679 ], [ 11.543655, 3.794777 ], [ 11.543952, 3.79479 ], [ 11.544106, 3.794815 ], [ 11.544367, 3.794883 ], [ 11.544597, 3.794971 ], [ 11.544833, 3.795149 ], [ 11.544982, 3.795291 ], [ 11.545094, 3.795487 ], [ 11.545339, 3.795995 ], [ 11.545505, 3.796275 ], [ 11.545662, 3.796476 ], [ 11.545911, 3.796759 ], [ 11.546257, 3.797038 ], [ 11.546757, 3.797387 ], [ 11.546943, 3.797516 ], [ 11.547162, 3.797666 ], [ 11.54721, 3.797698 ], [ 11.547489, 3.797877 ], [ 11.547884, 3.798124 ], [ 11.548108, 3.798273 ], [ 11.548555, 3.798531 ], [ 11.548778, 3.798672 ], [ 11.549008, 3.798759 ], [ 11.549166, 3.798779 ], [ 11.549328, 3.798765 ], [ 11.549369, 3.798761 ], [ 11.549589, 3.798725 ], [ 11.550172, 3.798556 ], [ 11.550507, 3.798468 ], [ 11.550776, 3.798394 ], [ 11.550826, 3.798385 ], [ 11.550879, 3.798376 ], [ 11.550996, 3.798377 ], [ 11.551234, 3.798403 ], [ 11.551304, 3.798418 ], [ 11.551505, 3.798472 ], [ 11.551725, 3.798517 ], [ 11.551881, 3.798548 ], [ 11.55198, 3.798566 ], [ 11.552132, 3.798572 ], [ 11.552296, 3.798558 ], [ 11.55234, 3.798554 ], [ 11.552734, 3.7985 ], [ 11.553151, 3.798435 ], [ 11.553999, 3.798289 ], [ 11.55405, 3.798284 ], [ 11.55422, 3.798278 ], [ 11.554334, 3.798294 ], [ 11.554447, 3.798309 ], [ 11.554621, 3.798337 ], [ 11.554695, 3.798349 ], [ 11.554801, 3.798363 ], [ 11.555101, 3.798391 ], [ 11.555393, 3.798415 ], [ 11.555677, 3.798455 ], [ 11.555816, 3.79847 ], [ 11.555902, 3.798472 ], [ 11.555961, 3.798474 ], [ 11.55645, 3.798467 ], [ 11.556935, 3.798461 ], [ 11.557113, 3.798461 ], [ 11.557224, 3.798461 ], [ 11.557393, 3.798524 ] ] } },
{ "type": "Feature", "properties": { "nom": "", "classe": "tertiary" }, "geometry": { "type": "LineString", "coordinates": [ [ 11.564037, 3.801923 ], [ 11.563836, 3.801545 ], [ 11.563745, 3.801371 ], [ 11.563463, 3.800838 ], [ 11.56344, 3.80077 ], [ 11.563343, 3.800582 ], [ 11.562797, 3.799662 ], [ 11.562556, 3.799259 ], [ 11.562537, 3.799202 ], [ 11.56252, 3.799167 ], [ 11.562433, 3.799063 ], [ 11.562337, 3.79896 ], [ 11.562141, 3.798761 ], [ 11.561972, 3.798586 ], [ 11.561805, 3.798408 ], [ 11.561688, 3.798258 ], [ 11.561612, 3.79815 ], [ 11.561538, 3.79805 ], [ 11.561769, 3.797691 ], [ 11.561965, 3.797275 ], [ 11.562239, 3.796665 ], [ 11.562295, 3.796449 ], [ 11.56233, 3.796237 ], [ 11.562385, 3.795795 ], [ 11.562432, 3.795418 ], [ 11.562453, 3.795051 ], [ 11.562454, 3.794695 ], [ 11.562375, 3.794011 ], [ 11.562248, 3.793422 ], [ 11.562178, 3.793114 ], [ 11.56216, 3.792925 ] ] } },
{ "type": "Feature", "properties": { "nom": "Rue Albert Ateba Ebé", "classe": "trunk" }, "geometry": { "type": "LineString", "coordinates": [ [ 11.516388, 3.880757 ], [ 11.516423, 3.880926 ], [ 11.51646, 3.881059 ], [ 11.516485, 3.881141 ], [ 11.516499, 3.881203 ], [ 11.516539, 3.88131 ], [ 11.516598, 3.881431 ], [ 11.516648, 3.881532 ], [ 11.51671, 3.881639 ] ] } },
{ "type": "Feature", "properties": { "nom": "", "classe": "trunk" }, "geometry": { "type": "LineString", "coordinates": [ [ 11.516655, 3.881667 ], [ 11.516585, 3.881543 ], [ 11.516568, 3.881505 ], [ 11.516505, 3.881369 ], [ 11.516475, 3.881292 ], [ 11.516445, 3.881219 ], [ 11.516369, 3.880958 ], [ 11.516324, 3.880774 ] ] } },
{ "type": "Feature", "properties": { "nom": "Rue 4.103", "classe": "tertiary" }, "geometry": { "type": "LineString", "coordinates": [ [ 11.530349, 3.858176 ], [ 11.53048, 3.857688 ], [ 11.530698, 3.857056 ], [ 11.530796, 3.856594 ], [ 11.530919, 3.856073 ], [ 11.531058, 3.855558 ], [ 11.53124, 3.855091 ], [ 11.531259, 3.855076 ], [ 11.531289, 3.855071 ], [ 11.531786, 3.855201 ], [ 11.532352, 3.855333 ], [ 11.532847, 3.855461 ], [ 11.533064, 3.855499 ], [ 11.533248, 3.855539 ], [ 11.533483, 3.855596 ], [ 11.533881, 3.855725 ], [ 11.533925, 3.855754 ], [ 11.533962, 3.85579 ], [ 11.53399, 3.85583 ], [ 11.534012, 3.855876 ], [ 11.534026, 3.855932 ], [ 11.534029, 3.85598 ], [ 11.534019, 3.856089 ], [ 11.53399, 3.856254 ] ] } },
{ "type": "Feature", "properties": { "nom": "Rue 1.596", "classe": "tertiary" }, "geometry": { "type": "LineString", "coordinates": [ [ 11.541076, 3.897547 ], [ 11.541158, 3.897579 ], [ 11.541935, 3.897867 ], [ 11.542386, 3.898031 ], [ 11.543226, 3.898337 ], [ 11.543605, 3.898471 ], [ 11.544533, 3.898783 ], [ 11.544996, 3.898946 ], [ 11.545463, 3.899109 ], [ 11.546406, 3.899435 ], [ 11.546758, 3.899587 ] ] } },
{ "type": "Feature", "properties": { "nom": "Rue 4.256", "classe": "tertiary" }, "geometry": { "type": "LineString", "coordinates": [ [ 11.551222, 3.840186 ], [ 11.552082, 3.840218 ], [ 11.552901, 3.840291 ], [ 11.552937, 3.84029 ], [ 11.553194, 3.840285 ], [ 11.553446, 3.840299 ], [ 11.553908, 3.840366 ], [ 11.554185, 3.840375 ], [ 11.554343, 3.84038 ], [ 11.554419, 3.840385 ], [ 11.554482, 3.840399 ], [ 11.554792, 3.840561 ], [ 11.554973, 3.84067 ], [ 11.555335, 3.840887 ], [ 11.55543, 3.840945 ], [ 11.555745, 3.841125 ], [ 11.556473, 3.841546 ], [ 11.556744, 3.841669 ], [ 11.556999, 3.841758 ], [ 11.557936, 3.842089 ], [ 11.558736, 3.84243 ], [ 11.559636, 3.842754 ], [ 11.561111, 3.843157 ], [ 11.561483, 3.843226 ], [ 11.56176, 3.843248 ], [ 11.562112, 3.843243 ], [ 11.56244, 3.843191 ], [ 11.562895, 3.84307 ], [ 11.563314, 3.842903 ], [ 11.564136, 3.842625 ], [ 11.564707, 3.842507 ] ] } },
{ "type": "Feature", "properties": { "nom": "Rue 5.294", "classe": "secondary" }, "geometry": { "type": "LineString", "coordinates": [ [ 11.56867, 3.898594 ], [ 11.568526, 3.898755 ], [ 11.568463, 3.898805 ], [ 11.568432, 3.898832 ], [ 11.568371, 3.898869 ], [ 11.568295, 3.898904 ], [ 11.568142, 3.89899 ], [ 11.568056, 3.899031 ], [ 11.567934, 3.899092 ], [ 11.567792, 3.899165 ], [ 11.567695, 3.899218 ], [ 11.567375, 3.899392 ], [ 11.567266, 3.899463 ], [ 11.566876, 3.899653 ], [ 11.566734, 3.899719 ], [ 11.56657, 3.899784 ], [ 11.566548, 3.899792 ], [ 11.566377, 3.899855 ], [ 11.566132, 3.899945 ], [ 11.566057, 3.899977 ], [ 11.565973, 3.900004 ], [ 11.565823, 3.90005 ], [ 11.565516, 3.900153 ], [ 11.565099, 3.900329 ], [ 11.56494, 3.900435 ], [ 11.564849, 3.900497 ], [ 11.564771, 3.900575 ], [ 11.564737, 3.900607 ], [ 11.56469, 3.900658 ], [ 11.564559, 3.900826 ], [ 11.56452, 3.900868 ], [ 11.564271, 3.901144 ], [ 11.563986, 3.901399 ], [ 11.563721, 3.901564 ], [ 11.563624, 3.901609 ], [ 11.563348, 3.901658 ], [ 11.563222, 3.901677 ], [ 11.563145, 3.901681 ], [ 11.563094, 3.901684 ], [ 11.562964, 3.901693 ], [ 11.562677, 3.901701 ], [ 11.562404, 3.901691 ], [ 11.562283, 3.901698 ], [ 11.562112, 3.901715 ], [ 11.561671, 3.901821 ], [ 11.561383, 3.901942 ], [ 11.561122, 3.902083 ], [ 11.560842, 3.902248 ], [ 11.56078, 3.902264 ], [ 11.560721, 3.90226 ], [ 11.560589, 3.902204 ], [ 11.560434, 3.902107 ], [ 11.560251, 3.901946 ], [ 11.560104, 3.901817 ], [ 11.559701, 3.901516 ], [ 11.559451, 3.90137 ], [ 11.559279, 3.90127 ], [ 11.55917, 3.901216 ], [ 11.558809, 3.901045 ], [ 11.55844, 3.900883 ], [ 11.558265, 3.90084 ], [ 11.558118, 3.900821 ], [ 11.557945, 3.900822 ], [ 11.557876, 3.900835 ] ] } },
{ "type": "Feature", "properties": { "nom": "Avenue de Nsimeyong", "classe": "secondary" }, "geometry": { "type": "LineString", "coordinates": [ [ 11.485045, 3.828625 ], [ 11.484846, 3.82866 ], [ 11.484639, 3.828694 ], [ 11.484333, 3.828728 ], [ 11.48398, 3.828771 ], [ 11.483757, 3.828832 ], [ 11.483615, 3.828905 ], [ 11.483477, 3.828979 ], [ 11.48322, 3.82915 ], [ 11.483166, 3.829186 ], [ 11.482979, 3.829286 ], [ 11.482803, 3.829381 ], [ 11.482563, 3.829457 ], [ 11.482162, 3.829545 ], [ 11.481692, 3.829633 ], [ 11.480888, 3.829712 ] ] } },
{ "type": "Feature", "properties": { "nom": "", "classe": "primary" }, "geometry": { "type": "LineString", "coordinates": [ [ 11.552856, 3.86912 ], [ 11.552886, 3.869111 ], [ 11.552918, 3.869111 ], [ 11.552947, 3.869119 ], [ 11.552972, 3.869134 ], [ 11.552993, 3.869156 ], [ 11.553009, 3.869188 ], [ 11.553014, 3.869224 ], [ 11.553008, 3.86926 ], [ 11.55299, 3.869291 ], [ 11.552963, 3.869315 ], [ 11.55293, 3.86933 ], [ 11.552898, 3.869333 ], [ 11.552866, 3.869327 ], [ 11.552837, 3.869312 ], [ 11.552814, 3.869289 ], [ 11.552798, 3.869261 ], [ 11.552791, 3.869222 ], [ 11.552795, 3.869191 ], [ 11.552808, 3.869162 ], [ 11.552829, 3.869138 ], [ 11.552856, 3.86912 ] ] } },
{ "type": "Feature", "properties": { "nom": "Avenue de Nsimeyong", "classe": "secondary" }, "geometry": { "type": "LineString", "coordinates": [ [ 11.485224, 3.828592 ], [ 11.485045, 3.828625 ] ] } },
{ "type": "Feature", "properties": { "nom": "", "classe": "tertiary" }, "geometry": { "type": "LineString", "coordinates": [ [ 11.498604, 3.96467 ], [ 11.499027, 3.965128 ], [ 11.499113, 3.965196 ], [ 11.499547, 3.965461 ], [ 11.499607, 3.96549 ], [ 11.499892, 3.965626 ], [ 11.500264, 3.965826 ], [ 11.500324, 3.965862 ], [ 11.500515, 3.96601 ], [ 11.500547, 3.966039 ], [ 11.50072, 3.966268 ], [ 11.501101, 3.966713 ], [ 11.501457, 3.967015 ], [ 11.501551, 3.967082 ], [ 11.501662, 3.967137 ], [ 11.501786, 3.967165 ], [ 11.502485, 3.967213 ], [ 11.503042, 3.96724 ], [ 11.503202, 3.967256 ], [ 11.503357, 3.967297 ], [ 11.503555, 3.967367 ], [ 11.503716, 3.967439 ], [ 11.503879, 3.967525 ], [ 11.504133, 3.967685 ], [ 11.504396, 3.967879 ], [ 11.50457, 3.968024 ], [ 11.504753, 3.968222 ], [ 11.505027, 3.968624 ], [ 11.505082, 3.968738 ], [ 11.505115, 3.968873 ], [ 11.505126, 3.96892 ], [ 11.505138, 3.969074 ], [ 11.505111, 3.969203 ], [ 11.505089, 3.969319 ], [ 11.505033, 3.96945 ], [ 11.504811, 3.969914 ], [ 11.50477, 3.969999 ], [ 11.504732, 3.970121 ], [ 11.504507, 3.97087 ], [ 11.504447, 3.971176 ], [ 11.504447, 3.971424 ], [ 11.504404, 3.971838 ], [ 11.504411, 3.972013 ], [ 11.504429, 3.972403 ], [ 11.504437, 3.972942 ], [ 11.504473, 3.973698 ], [ 11.504503, 3.974233 ], [ 11.504523, 3.974485 ], [ 11.50455, 3.974824 ], [ 11.504573, 3.975059 ], [ 11.504609, 3.97541 ], [ 11.504652, 3.975512 ], [ 11.504729, 3.975584 ], [ 11.504807, 3.97563 ], [ 11.504876, 3.975686 ], [ 11.505199, 3.97573 ], [ 11.505553, 3.975716 ], [ 11.505586, 3.975715 ], [ 11.50617, 3.975623 ], [ 11.506702, 3.975552 ], [ 11.50694, 3.975529 ], [ 11.507526, 3.975475 ], [ 11.507677, 3.975461 ], [ 11.508482, 3.975341 ], [ 11.508778, 3.975309 ], [ 11.50916, 3.975268 ], [ 11.50948, 3.975223 ], [ 11.509667, 3.975218 ], [ 11.510067, 3.975186 ], [ 11.510282, 3.975169 ], [ 11.510794, 3.975175 ], [ 11.511014, 3.975204 ], [ 11.511289, 3.975222 ], [ 11.511396, 3.975219 ], [ 11.511488, 3.975194 ], [ 11.511952, 3.975075 ], [ 11.512022, 3.975057 ], [ 11.512441, 3.974922 ], [ 11.513494, 3.974584 ], [ 11.513602, 3.974566 ], [ 11.513705, 3.974565 ], [ 11.513806, 3.974589 ], [ 11.514157, 3.974705 ], [ 11.514226, 3.974723 ], [ 11.514312, 3.974727 ], [ 11.515071, 3.974609 ], [ 11.515795, 3.974476 ], [ 11.515994, 3.974447 ], [ 11.516516, 3.974372 ], [ 11.516734, 3.974338 ], [ 11.516793, 3.974332 ], [ 11.517283, 3.974242 ], [ 11.517702, 3.974191 ], [ 11.51806, 3.974153 ], [ 11.518309, 3.974137 ], [ 11.518531, 3.974135 ] ] } },
{ "type": "Feature", "properties": { "nom": "Boulevard de la Réunification", "classe": "secondary" }, "geometry": { "type": "LineString", "coordinates": [ [ 11.503943, 3.862327 ], [ 11.503966, 3.862311 ], [ 11.504031, 3.862259 ], [ 11.504066, 3.862228 ], [ 11.504114, 3.862164 ], [ 11.504185, 3.862038 ], [ 11.504208, 3.861996 ], [ 11.504471, 3.861458 ], [ 11.504674, 3.86103 ], [ 11.505015, 3.860312 ], [ 11.505099, 3.860141 ], [ 11.505237, 3.859929 ], [ 11.505379, 3.859747 ], [ 11.50556, 3.859549 ], [ 11.505855, 3.859288 ], [ 11.50617, 3.859052 ] ] } },
{ "type": "Feature", "properties": { "nom": "Boulevard de la réunification", "classe": "secondary" }, "geometry": { "type": "LineString", "coordinates": [ [ 11.504036, 3.862403 ], [ 11.503962, 3.862456 ], [ 11.503894, 3.862484 ], [ 11.503781, 3.862524 ] ] } },
{ "type": "Feature", "properties": { "nom": "Rue Samba Paul Martin", "classe": "secondary" }, "geometry": { "type": "LineString", "coordinates": [ [ 11.504031, 3.862259 ], [ 11.504106, 3.862348 ], [ 11.504195, 3.862471 ] ] } },
{ "type": "Feature", "properties": { "nom": "", "classe": "tertiary" }, "geometry": { "type": "LineString", "coordinates": [ [ 11.492849, 3.958023 ], [ 11.492792, 3.958624 ], [ 11.49282, 3.958747 ], [ 11.493091, 3.959219 ], [ 11.493117, 3.959379 ], [ 11.49316, 3.959728 ], [ 11.493198, 3.95995 ], [ 11.493236, 3.960083 ], [ 11.49327, 3.960267 ], [ 11.493295, 3.960636 ], [ 11.493315, 3.960769 ], [ 11.493516, 3.961099 ], [ 11.493871, 3.961832 ], [ 11.493922, 3.961888 ], [ 11.493982, 3.961954 ], [ 11.495423, 3.963328 ], [ 11.495572, 3.963444 ], [ 11.495788, 3.963541 ], [ 11.49582, 3.963558 ], [ 11.495949, 3.96363 ], [ 11.496469, 3.963781 ], [ 11.496819, 3.963883 ], [ 11.49695, 3.963912 ], [ 11.497303, 3.96393 ], [ 11.497452, 3.963938 ], [ 11.497831, 3.963936 ], [ 11.49789, 3.963941 ], [ 11.497948, 3.963963 ], [ 11.497995, 3.963994 ], [ 11.498275, 3.96424 ], [ 11.498399, 3.964394 ], [ 11.498444, 3.96445 ], [ 11.498604, 3.96467 ] ] } },
{ "type": "Feature", "properties": { "nom": "", "classe": "tertiary" }, "geometry": { "type": "LineString", "coordinates": [ [ 11.497526, 3.954201 ], [ 11.49754, 3.954136 ], [ 11.497569, 3.954051 ], [ 11.497626, 3.953912 ], [ 11.497996, 3.953253 ], [ 11.498068, 3.953148 ], [ 11.498376, 3.952826 ], [ 11.498458, 3.952748 ], [ 11.499131, 3.952305 ], [ 11.499205, 3.952265 ], [ 11.49928, 3.952235 ], [ 11.499639, 3.952097 ], [ 11.499763, 3.952061 ], [ 11.500024, 3.951991 ], [ 11.500639, 3.951692 ], [ 11.500915, 3.951532 ], [ 11.501377, 3.951161 ], [ 11.501464, 3.951077 ], [ 11.501662, 3.950831 ], [ 11.501855, 3.950525 ], [ 11.502216, 3.949883 ], [ 11.502353, 3.949716 ], [ 11.502526, 3.949551 ], [ 11.502754, 3.949378 ], [ 11.502864, 3.949357 ], [ 11.503635, 3.948996 ], [ 11.503949, 3.948846 ], [ 11.504098, 3.948767 ], [ 11.5045, 3.9485 ], [ 11.504625, 3.948435 ], [ 11.505115, 3.948236 ], [ 11.505486, 3.948126 ], [ 11.506065, 3.948003 ], [ 11.506226, 3.947957 ], [ 11.506393, 3.947883 ], [ 11.506496, 3.947828 ], [ 11.50672, 3.94762 ], [ 11.506923, 3.947405 ], [ 11.507115, 3.947165 ], [ 11.507185, 3.947032 ], [ 11.507385, 3.946775 ], [ 11.50744, 3.94673 ], [ 11.507497, 3.946702 ], [ 11.50757, 3.946708 ], [ 11.507874, 3.946829 ], [ 11.508293, 3.947019 ], [ 11.508407, 3.947068 ], [ 11.508643, 3.947092 ], [ 11.508829, 3.947096 ], [ 11.509277, 3.947049 ], [ 11.509335, 3.947036 ], [ 11.509745, 3.946946 ], [ 11.510204, 3.946842 ], [ 11.510251, 3.946826 ], [ 11.510297, 3.946803 ], [ 11.510336, 3.94677 ], [ 11.510817, 3.946338 ], [ 11.511141, 3.946075 ], [ 11.511304, 3.945893 ], [ 11.511332, 3.945881 ], [ 11.511401, 3.945867 ], [ 11.511562, 3.945948 ], [ 11.511593, 3.945955 ], [ 11.511627, 3.945957 ], [ 11.511658, 3.94595 ], [ 11.511896, 3.945906 ], [ 11.512094, 3.945871 ], [ 11.51215, 3.945865 ], [ 11.512203, 3.945865 ], [ 11.512512, 3.945891 ], [ 11.513131, 3.945976 ], [ 11.513198, 3.945992 ], [ 11.513472, 3.946054 ], [ 11.513591, 3.946092 ], [ 11.513665, 3.94612 ] ] } },
{ "type": "Feature", "properties": { "nom": "Rue 5.717", "classe": "tertiary" }, "geometry": { "type": "LineString", "coordinates": [ [ 11.54418, 3.931505 ], [ 11.544192, 3.931871 ], [ 11.544197, 3.931967 ], [ 11.544197, 3.932465 ], [ 11.544225, 3.93299 ], [ 11.54427, 3.933244 ], [ 11.544281, 3.933291 ], [ 11.544311, 3.933368 ], [ 11.544401, 3.933522 ], [ 11.544528, 3.933682 ], [ 11.544653, 3.933802 ], [ 11.54502, 3.93415 ], [ 11.545507, 3.934627 ], [ 11.546132, 3.935385 ], [ 11.546314, 3.935597 ], [ 11.546564, 3.935834 ], [ 11.546674, 3.935947 ], [ 11.546869, 3.936173 ], [ 11.546965, 3.936368 ], [ 11.547108, 3.936649 ], [ 11.547332, 3.937117 ], [ 11.547393, 3.937257 ], [ 11.547485, 3.937562 ], [ 11.547569, 3.938001 ], [ 11.547636, 3.938361 ], [ 11.54767, 3.938743 ], [ 11.547685, 3.938901 ], [ 11.547733, 3.939367 ] ] } },
{ "type": "Feature", "properties": { "nom": "", "classe": "tertiary" }, "geometry": { "type": "LineString", "coordinates": [ [ 11.463946, 3.940208 ], [ 11.464009, 3.940388 ], [ 11.464215, 3.940829 ], [ 11.464547, 3.941494 ], [ 11.465032, 3.94248 ], [ 11.465059, 3.942573 ], [ 11.465073, 3.942686 ], [ 11.46507, 3.943319 ], [ 11.465105, 3.943531 ], [ 11.46517, 3.943787 ], [ 11.465279, 3.944056 ], [ 11.46544, 3.944328 ], [ 11.46585, 3.944883 ] ] } },
{ "type": "Feature", "properties": { "nom": "", "classe": "tertiary" }, "geometry": { "type": "LineString", "coordinates": [ [ 11.46585, 3.944883 ], [ 11.466357, 3.945442 ], [ 11.46687, 3.945951 ], [ 11.467374, 3.946394 ], [ 11.467482, 3.946474 ], [ 11.467583, 3.94653 ], [ 11.468115, 3.946763 ], [ 11.468219, 3.946795 ], [ 11.468337, 3.946822 ], [ 11.469405, 3.947065 ], [ 11.470048, 3.947191 ], [ 11.470132, 3.947215 ], [ 11.470781, 3.947435 ], [ 11.471492, 3.947649 ], [ 11.471564, 3.947681 ], [ 11.471626, 3.947708 ], [ 11.471695, 3.947761 ], [ 11.47176, 3.947812 ], [ 11.472093, 3.94812 ], [ 11.472149, 3.948168 ], [ 11.472324, 3.948319 ], [ 11.472379, 3.948366 ], [ 11.472886, 3.948727 ], [ 11.47295, 3.948785 ], [ 11.472999, 3.948853 ], [ 11.473392, 3.949411 ], [ 11.473461, 3.949521 ], [ 11.473834, 3.950226 ], [ 11.474011, 3.950525 ], [ 11.474106, 3.950646 ], [ 11.474383, 3.950928 ], [ 11.474451, 3.950989 ], [ 11.474745, 3.951242 ], [ 11.47479, 3.951273 ], [ 11.475213, 3.951515 ], [ 11.475281, 3.951542 ], [ 11.475921, 3.95175 ], [ 11.476377, 3.951914 ], [ 11.476447, 3.951944 ], [ 11.476845, 3.952136 ], [ 11.47692, 3.952184 ], [ 11.477191, 3.952441 ], [ 11.477247, 3.952506 ], [ 11.47737, 3.952665 ], [ 11.477413, 3.952737 ], [ 11.477619, 3.953107 ], [ 11.477843, 3.953645 ], [ 11.477989, 3.953995 ], [ 11.478234, 3.954666 ], [ 11.478292, 3.954801 ], [ 11.478395, 3.954996 ], [ 11.478625, 3.955395 ], [ 11.478664, 3.955514 ], [ 11.478685, 3.955651 ], [ 11.47868, 3.955758 ], [ 11.478664, 3.955877 ], [ 11.478634, 3.955992 ], [ 11.478601, 3.956069 ], [ 11.478555, 3.956153 ], [ 11.478078, 3.956856 ], [ 11.477818, 3.957293 ], [ 11.477728, 3.957475 ], [ 11.477569, 3.957841 ], [ 11.477549, 3.957886 ], [ 11.477535, 3.957951 ], [ 11.477391, 3.958578 ], [ 11.477319, 3.95895 ], [ 11.477289, 3.95906 ], [ 11.477132, 3.95946 ], [ 11.476891, 3.959958 ], [ 11.476873, 3.960018 ], [ 11.476863, 3.960079 ], [ 11.476865, 3.960351 ], [ 11.476876, 3.960418 ], [ 11.476899, 3.960482 ], [ 11.477011, 3.960746 ], [ 11.47704, 3.9608 ], [ 11.477284, 3.961187 ], [ 11.477555, 3.961586 ], [ 11.477615, 3.961641 ], [ 11.477667, 3.961683 ], [ 11.477726, 3.961719 ], [ 11.478498, 3.962071 ], [ 11.4792, 3.962462 ] ] } },
{ "type": "Feature", "properties": { "nom": "", "classe": "tertiary" }, "geometry": { "type": "LineString", "coordinates": [ [ 11.544288, 3.786826 ], [ 11.54434, 3.786419 ], [ 11.544429, 3.785931 ], [ 11.544493, 3.785556 ], [ 11.54465, 3.784864 ], [ 11.544755, 3.784516 ], [ 11.544787, 3.784415 ], [ 11.544825, 3.7843 ], [ 11.544897, 3.784119 ], [ 11.545008, 3.783943 ], [ 11.545211, 3.783713 ], [ 11.545437, 3.783508 ], [ 11.54561, 3.783376 ], [ 11.545692, 3.783276 ], [ 11.545738, 3.783151 ], [ 11.545735, 3.783044 ], [ 11.545697, 3.782921 ], [ 11.545604, 3.782718 ], [ 11.545414, 3.782473 ], [ 11.545347, 3.782342 ], [ 11.545318, 3.782241 ], [ 11.545292, 3.782069 ], [ 11.545295, 3.781907 ], [ 11.545335, 3.781803 ], [ 11.545354, 3.781751 ], [ 11.545442, 3.781606 ], [ 11.545467, 3.781564 ], [ 11.545756, 3.781248 ], [ 11.545905, 3.781088 ], [ 11.546102, 3.780843 ], [ 11.546175, 3.780688 ], [ 11.546231, 3.78047 ], [ 11.546238, 3.780387 ], [ 11.546255, 3.780186 ], [ 11.546259, 3.779993 ], [ 11.546241, 3.779839 ], [ 11.546251, 3.779748 ], [ 11.54629, 3.779582 ], [ 11.546392, 3.779328 ], [ 11.546589, 3.779058 ] ] } },
{ "type": "Feature", "properties": { "nom": "", "classe": "tertiary" }, "geometry": { "type": "LineString", "coordinates": [ [ 11.537222, 3.774072 ], [ 11.537313, 3.774076 ], [ 11.537404, 3.774071 ], [ 11.537504, 3.774043 ], [ 11.537892, 3.773836 ], [ 11.538253, 3.773599 ], [ 11.538592, 3.77336 ], [ 11.538969, 3.773124 ], [ 11.539136, 3.772986 ], [ 11.539248, 3.772912 ], [ 11.539461, 3.772917 ], [ 11.539774, 3.772911 ], [ 11.540127, 3.773009 ], [ 11.540528, 3.773044 ], [ 11.540853, 3.77303 ], [ 11.540958, 3.773027 ], [ 11.541299, 3.772971 ], [ 11.541355, 3.772949 ], [ 11.541422, 3.772927 ], [ 11.541783, 3.772786 ], [ 11.541958, 3.772721 ], [ 11.542271, 3.772604 ], [ 11.542672, 3.772518 ], [ 11.542966, 3.772489 ], [ 11.54316, 3.772498 ], [ 11.543347, 3.772573 ], [ 11.543674, 3.772786 ], [ 11.54397, 3.772978 ], [ 11.544035, 3.773025 ], [ 11.544102, 3.773092 ], [ 11.544348, 3.773287 ], [ 11.544515, 3.773457 ], [ 11.54476, 3.773687 ], [ 11.545, 3.773902 ], [ 11.545177, 3.773999 ], [ 11.545687, 3.774249 ], [ 11.545834, 3.774326 ], [ 11.545932, 3.774385 ], [ 11.546042, 3.774473 ], [ 11.546254, 3.774687 ], [ 11.546408, 3.774865 ], [ 11.546536, 3.775058 ], [ 11.546574, 3.775142 ], [ 11.546682, 3.775382 ], [ 11.5467, 3.775451 ], [ 11.546788, 3.775928 ], [ 11.546824, 3.77629 ], [ 11.546823, 3.77649 ], [ 11.546663, 3.777513 ], [ 11.546618, 3.777695 ], [ 11.546537, 3.777935 ], [ 11.546472, 3.778216 ], [ 11.546439, 3.778342 ], [ 11.546472, 3.778545 ], [ 11.546493, 3.778748 ], [ 11.546527, 3.77888 ], [ 11.546589, 3.779058 ], [ 11.546644, 3.779171 ], [ 11.546877, 3.779473 ], [ 11.54715, 3.779779 ], [ 11.547413, 3.780039 ], [ 11.54764, 3.780264 ], [ 11.54788, 3.78046 ], [ 11.548086, 3.780623 ], [ 11.548205, 3.780703 ], [ 11.548371, 3.780785 ], [ 11.548625, 3.780884 ], [ 11.549066, 3.781033 ], [ 11.549788, 3.781349 ], [ 11.550248, 3.781654 ], [ 11.550607, 3.78186 ], [ 11.550787, 3.781966 ], [ 11.550956, 3.782067 ], [ 11.551636, 3.782532 ], [ 11.551796, 3.782651 ], [ 11.552423, 3.783198 ], [ 11.552671, 3.783438 ], [ 11.553037, 3.783791 ], [ 11.553542, 3.784233 ], [ 11.553835, 3.784497 ], [ 11.554004, 3.784669 ], [ 11.554109, 3.78484 ], [ 11.554242, 3.78508 ], [ 11.554403, 3.785401 ], [ 11.554753, 3.786084 ], [ 11.554891, 3.786368 ], [ 11.55501, 3.786684 ], [ 11.555097, 3.786928 ], [ 11.555209, 3.787306 ], [ 11.555228, 3.787408 ], [ 11.555288, 3.787743 ], [ 11.555301, 3.788147 ], [ 11.555262, 3.788551 ], [ 11.55518, 3.789066 ], [ 11.55502, 3.78954 ], [ 11.554991, 3.789626 ], [ 11.554931, 3.789805 ], [ 11.554894, 3.790081 ], [ 11.554905, 3.79025 ], [ 11.554915, 3.790269 ], [ 11.554968, 3.790377 ], [ 11.555042, 3.790508 ], [ 11.555176, 3.79068 ], [ 11.55534, 3.790842 ], [ 11.555597, 3.791028 ], [ 11.555839, 3.791203 ], [ 11.555872, 3.791224 ], [ 11.555996, 3.791304 ], [ 11.556079, 3.79134 ], [ 11.556166, 3.791366 ], [ 11.556362, 3.791399 ], [ 11.556902, 3.791491 ], [ 11.556992, 3.791501 ], [ 11.557372, 3.791533 ], [ 11.55779, 3.791545 ], [ 11.558242, 3.791596 ], [ 11.558336, 3.791623 ], [ 11.559281, 3.7918 ], [ 11.559356, 3.791815 ], [ 11.560082, 3.791959 ], [ 11.560406, 3.792023 ], [ 11.560627, 3.79211 ], [ 11.561706, 3.792647 ], [ 11.561728, 3.792658 ], [ 11.562055, 3.792839 ], [ 11.56216, 3.792925 ] ] } },
{ "type": "Feature", "properties": { "nom": "", "classe": "tertiary" }, "geometry": { "type": "LineString", "coordinates": [ [ 11.534019, 3.690081 ], [ 11.533929, 3.69016 ], [ 11.533247, 3.690758 ], [ 11.532897, 3.691064 ], [ 11.532706, 3.691212 ], [ 11.532606, 3.69129 ], [ 11.53006, 3.692261 ], [ 11.529791, 3.692364 ], [ 11.529084, 3.692559 ], [ 11.527576, 3.692975 ], [ 11.526951, 3.693014 ], [ 11.526052, 3.692689 ], [ 11.525722, 3.6924 ], [ 11.525414, 3.69213 ], [ 11.524945, 3.691623 ], [ 11.523889, 3.690986 ], [ 11.522834, 3.69031 ], [ 11.512004, 3.69044 ], [ 11.512063, 3.691483 ], [ 11.512295, 3.69213 ], [ 11.512393, 3.692506 ], [ 11.512556, 3.692975 ], [ 11.51253, 3.693807 ], [ 11.512334, 3.694546 ], [ 11.512035, 3.695082 ], [ 11.511432, 3.695493 ], [ 11.509625, 3.696192 ], [ 11.50887, 3.696481 ], [ 11.508417, 3.696645 ], [ 11.507983, 3.696589 ], [ 11.506655, 3.696459 ], [ 11.505795, 3.696368 ], [ 11.505196, 3.696394 ], [ 11.503828, 3.695978 ], [ 11.502978, 3.695786 ], [ 11.502128, 3.695527 ], [ 11.500917, 3.695101 ], [ 11.498536, 3.694734 ], [ 11.498122, 3.69469 ], [ 11.496765, 3.695124 ], [ 11.496555, 3.695177 ], [ 11.494955, 3.695098 ], [ 11.493349, 3.695117 ], [ 11.493112, 3.695171 ], [ 11.492905, 3.695329 ], [ 11.492348, 3.695996 ], [ 11.491707, 3.696706 ], [ 11.491486, 3.696983 ], [ 11.491122, 3.697125 ], [ 11.490009, 3.697559 ], [ 11.489402, 3.697978 ], [ 11.488924, 3.698444 ], [ 11.488536, 3.698841 ], [ 11.488116, 3.699286 ], [ 11.487679, 3.699749 ], [ 11.487245, 3.700083 ], [ 11.486978, 3.700252 ], [ 11.486712, 3.700393 ], [ 11.486304, 3.700513 ], [ 11.485154, 3.700438 ] ] } },
{ "type": "Feature", "properties": { "nom": "", "classe": "secondary" }, "geometry": { "type": "LineString", "coordinates": [ [ 11.493451, 3.850544 ], [ 11.493446, 3.850393 ], [ 11.493446, 3.850349 ], [ 11.493468, 3.850263 ], [ 11.493481, 3.850243 ], [ 11.49351, 3.850212 ], [ 11.493559, 3.850177 ], [ 11.493715, 3.850067 ] ] } },
{ "type": "Feature", "properties": { "nom": "", "classe": "secondary" }, "geometry": { "type": "LineString", "coordinates": [ [ 11.523719, 3.870677 ], [ 11.523747, 3.870651 ], [ 11.523782, 3.870636 ], [ 11.523823, 3.870633 ], [ 11.523863, 3.870644 ], [ 11.523883, 3.870657 ], [ 11.523907, 3.87068 ], [ 11.523922, 3.870709 ], [ 11.52393, 3.870753 ], [ 11.523921, 3.870797 ], [ 11.523896, 3.870835 ], [ 11.523858, 3.870861 ], [ 11.523813, 3.87087 ], [ 11.523768, 3.870862 ], [ 11.523734, 3.870841 ], [ 11.523709, 3.870811 ], [ 11.523695, 3.870775 ], [ 11.523696, 3.870723 ], [ 11.523719, 3.870677 ] ] } },
{ "type": "Feature", "properties": { "nom": "Rue 1.794", "classe": "tertiary" }, "geometry": { "type": "LineString", "coordinates": [ [ 11.505848, 3.898943 ], [ 11.506082, 3.898989 ], [ 11.506336, 3.899071 ], [ 11.506668, 3.899215 ], [ 11.5067, 3.899229 ], [ 11.507773, 3.899716 ], [ 11.5079, 3.899784 ], [ 11.508159, 3.899924 ], [ 11.508627, 3.900195 ], [ 11.508768, 3.900276 ], [ 11.509058, 3.900443 ], [ 11.509395, 3.900629 ], [ 11.509774, 3.900839 ], [ 11.510424, 3.901198 ], [ 11.511014, 3.901497 ], [ 11.511135, 3.901572 ], [ 11.511787, 3.901976 ] ] } },
{ "type": "Feature", "properties": { "nom": "Rue 8.251", "classe": "trunk" }, "geometry": { "type": "LineString", "coordinates": [ [ 11.507354, 3.802262 ], [ 11.507582, 3.802209 ], [ 11.50787, 3.802158 ], [ 11.508083, 3.802148 ], [ 11.508263, 3.802165 ] ] } },
{ "type": "Feature", "properties": { "nom": "", "classe": "tertiary" }, "geometry": { "type": "LineString", "coordinates": [ [ 11.596441, 3.949823 ], [ 11.596037, 3.949541 ], [ 11.595895, 3.949432 ], [ 11.595782, 3.949256 ], [ 11.595681, 3.948989 ], [ 11.595623, 3.948648 ], [ 11.59561, 3.948594 ] ] } },
{ "type": "Feature", "properties": { "nom": "", "classe": "tertiary" }, "geometry": { "type": "LineString", "coordinates": [ [ 11.537837, 3.801508 ], [ 11.537759, 3.801508 ] ] } },
{ "type": "Feature", "properties": { "nom": "", "classe": "tertiary" }, "geometry": { "type": "LineString", "coordinates": [ [ 11.539791, 3.80166 ], [ 11.539693, 3.80163 ], [ 11.53956, 3.801595 ], [ 11.539423, 3.801581 ], [ 11.539078, 3.801563 ], [ 11.538946, 3.801556 ], [ 11.538423, 3.801519 ], [ 11.537837, 3.801508 ] ] } },
{ "type": "Feature", "properties": { "nom": "", "classe": "tertiary" }, "geometry": { "type": "LineString", "coordinates": [ [ 11.596745, 3.949902 ], [ 11.596781, 3.949745 ], [ 11.596871, 3.949294 ], [ 11.596875, 3.949283 ], [ 11.596972, 3.949008 ], [ 11.597038, 3.948786 ], [ 11.597065, 3.948676 ], [ 11.597068, 3.948604 ], [ 11.597035, 3.948234 ], [ 11.597032, 3.948148 ], [ 11.59704, 3.947965 ], [ 11.597081, 3.947738 ], [ 11.597173, 3.947503 ], [ 11.597201, 3.947436 ], [ 11.597369, 3.946948 ], [ 11.597454, 3.94676 ], [ 11.59746, 3.946567 ], [ 11.597572, 3.946138 ], [ 11.597683, 3.945694 ], [ 11.597801, 3.945496 ] ] } },
{ "type": "Feature", "properties": { "nom": "", "classe": "tertiary" }, "geometry": { "type": "LineString", "coordinates": [ [ 11.538015, 3.793859 ], [ 11.538089, 3.79384 ], [ 11.538237, 3.793808 ], [ 11.538372, 3.793771 ], [ 11.538476, 3.793752 ], [ 11.538513, 3.793746 ], [ 11.53908, 3.79378 ], [ 11.539122, 3.793779 ], [ 11.539793, 3.793926 ] ] } },
{ "type": "Feature", "properties": { "nom": "", "classe": "tertiary" }, "geometry": { "type": "LineString", "coordinates": [ [ 11.536973, 3.797452 ], [ 11.536884, 3.797515 ] ] } },
{ "type": "Feature", "properties": { "nom": "", "classe": "tertiary" }, "geometry": { "type": "LineString", "coordinates": [ [ 11.536884, 3.797515 ], [ 11.536638, 3.797748 ], [ 11.536412, 3.797923 ], [ 11.536364, 3.797953 ], [ 11.536304, 3.79799 ], [ 11.536268, 3.798012 ], [ 11.53603, 3.798146 ], [ 11.535799, 3.798245 ], [ 11.535274, 3.798446 ], [ 11.535156, 3.798492 ], [ 11.534998, 3.798554 ], [ 11.534723, 3.798647 ], [ 11.534659, 3.798674 ], [ 11.534613, 3.798719 ], [ 11.534573, 3.798789 ], [ 11.534557, 3.798869 ], [ 11.53453, 3.799026 ], [ 11.534505, 3.799273 ], [ 11.534498, 3.799588 ] ] } },
{ "type": "Feature", "properties": { "nom": "", "classe": "tertiary" }, "geometry": { "type": "LineString", "coordinates": [ [ 11.589479, 3.890312 ], [ 11.589588, 3.890391 ], [ 11.589654, 3.890472 ], [ 11.589733, 3.890614 ], [ 11.589822, 3.890846 ], [ 11.589861, 3.890963 ], [ 11.589998, 3.891482 ], [ 11.590049, 3.891679 ], [ 11.590099, 3.891872 ], [ 11.590147, 3.892024 ], [ 11.590212, 3.892158 ], [ 11.590243, 3.892219 ], [ 11.59056, 3.89273 ], [ 11.590674, 3.892854 ], [ 11.591055, 3.893216 ], [ 11.591277, 3.893482 ], [ 11.591322, 3.893536 ], [ 11.591542, 3.89381 ], [ 11.591595, 3.893858 ], [ 11.591632, 3.89388 ], [ 11.591934, 3.894068 ], [ 11.592114, 3.894229 ], [ 11.592236, 3.894309 ], [ 11.592324, 3.89438 ], [ 11.592546, 3.894581 ], [ 11.592588, 3.894639 ], [ 11.592629, 3.894696 ], [ 11.592719, 3.894723 ], [ 11.592769, 3.894767 ], [ 11.592931, 3.894829 ], [ 11.593076, 3.894858 ], [ 11.593144, 3.894863 ], [ 11.593615, 3.894858 ], [ 11.593827, 3.894921 ], [ 11.594081, 3.895004 ], [ 11.594239, 3.895052 ], [ 11.59439, 3.895103 ], [ 11.594621, 3.895144 ], [ 11.594722, 3.89515 ], [ 11.594861, 3.895151 ], [ 11.595021, 3.89514 ], [ 11.595121, 3.895121 ], [ 11.595253, 3.895095 ], [ 11.595534, 3.895015 ], [ 11.595667, 3.894977 ], [ 11.596044, 3.89487 ], [ 11.596265, 3.894752 ], [ 11.59634, 3.894747 ], [ 11.596461, 3.894681 ], [ 11.596633, 3.894675 ], [ 11.596763, 3.894684 ], [ 11.597377, 3.894757 ], [ 11.597557, 3.89476 ], [ 11.597974, 3.894766 ], [ 11.598548, 3.894726 ], [ 11.598879, 3.894653 ], [ 11.599351, 3.89455 ], [ 11.599535, 3.894503 ], [ 11.599937, 3.8944 ] ] } },
{ "type": "Feature", "properties": { "nom": "", "classe": "tertiary" }, "geometry": { "type": "LineString", "coordinates": [ [ 11.45922, 3.784746 ], [ 11.459158, 3.78467 ], [ 11.459097, 3.784566 ], [ 11.459037, 3.78447 ], [ 11.45893, 3.784308 ], [ 11.458871, 3.784195 ], [ 11.458815, 3.784085 ], [ 11.458785, 3.78396 ], [ 11.458777, 3.783821 ], [ 11.458839, 3.783139 ], [ 11.458857, 3.782913 ], [ 11.458834, 3.782807 ], [ 11.458741, 3.782634 ], [ 11.458666, 3.782526 ], [ 11.45854, 3.782402 ], [ 11.458316, 3.782251 ], [ 11.458196, 3.782171 ], [ 11.457905, 3.78197 ], [ 11.457559, 3.781777 ], [ 11.457458, 3.781731 ], [ 11.457342, 3.781691 ], [ 11.457197, 3.781651 ], [ 11.456906, 3.781611 ], [ 11.456539, 3.781588 ], [ 11.456221, 3.781535 ], [ 11.456081, 3.781496 ], [ 11.455916, 3.781443 ], [ 11.455502, 3.78129 ], [ 11.455106, 3.781168 ], [ 11.454667, 3.781058 ], [ 11.454365, 3.780958 ], [ 11.45409, 3.780846 ], [ 11.453796, 3.780693 ], [ 11.453617, 3.780572 ], [ 11.453524, 3.780496 ], [ 11.453392, 3.780379 ], [ 11.453313, 3.780281 ], [ 11.453046, 3.779911 ], [ 11.452748, 3.779501 ], [ 11.452683, 3.779408 ], [ 11.452616, 3.779314 ], [ 11.452576, 3.779243 ], [ 11.452541, 3.779157 ], [ 11.452516, 3.779091 ], [ 11.452486, 3.778987 ], [ 11.452484, 3.778867 ], [ 11.452489, 3.778767 ], [ 11.452509, 3.778649 ], [ 11.452554, 3.77855 ], [ 11.452577, 3.7785 ], [ 11.452829, 3.777957 ], [ 11.452912, 3.777735 ], [ 11.452952, 3.777563 ], [ 11.452972, 3.777422 ], [ 11.452974, 3.777232 ], [ 11.452937, 3.776945 ], [ 11.452806, 3.776258 ], [ 11.452704, 3.775876 ], [ 11.452673, 3.775747 ], [ 11.45267, 3.775662 ], [ 11.452676, 3.775579 ], [ 11.452705, 3.775434 ], [ 11.452759, 3.775285 ], [ 11.452834, 3.775137 ], [ 11.453005, 3.774847 ], [ 11.453224, 3.774392 ], [ 11.453382, 3.774072 ], [ 11.45363, 3.773524 ], [ 11.453806, 3.773106 ], [ 11.453899, 3.77285 ], [ 11.453963, 3.772692 ], [ 11.454078, 3.772476 ], [ 11.454157, 3.772351 ], [ 11.454275, 3.772197 ], [ 11.454425, 3.772074 ], [ 11.454531, 3.772012 ], [ 11.454772, 3.771897 ], [ 11.455097, 3.771759 ], [ 11.455327, 3.771652 ], [ 11.455573, 3.771511 ], [ 11.455783, 3.771368 ], [ 11.455904, 3.771276 ], [ 11.456049, 3.771136 ], [ 11.456176, 3.770979 ], [ 11.456283, 3.770796 ], [ 11.456333, 3.770671 ], [ 11.456398, 3.770403 ], [ 11.45647, 3.770028 ], [ 11.456549, 3.769612 ], [ 11.456595, 3.769338 ], [ 11.456617, 3.769087 ], [ 11.456621, 3.768827 ], [ 11.456608, 3.768461 ], [ 11.456594, 3.76812 ], [ 11.456564, 3.76787 ], [ 11.456545, 3.767776 ] ] } },
{ "type": "Feature", "properties": { "nom": "", "classe": "tertiary" }, "geometry": { "type": "LineString", "coordinates": [ [ 11.458834, 3.782807 ], [ 11.458883, 3.782773 ], [ 11.458917, 3.782736 ], [ 11.458955, 3.782649 ], [ 11.458979, 3.782541 ], [ 11.459018, 3.78231 ], [ 11.459061, 3.781626 ], [ 11.459104, 3.781328 ], [ 11.45912, 3.781217 ], [ 11.459214, 3.780556 ], [ 11.459329, 3.77984 ], [ 11.45935, 3.779654 ], [ 11.459412, 3.77925 ], [ 11.459444, 3.778739 ], [ 11.459505, 3.778577 ], [ 11.459532, 3.778488 ], [ 11.459604, 3.778377 ], [ 11.460222, 3.777752 ], [ 11.460387, 3.777628 ], [ 11.460891, 3.777188 ], [ 11.460972, 3.777091 ], [ 11.461133, 3.77683 ], [ 11.461303, 3.776565 ], [ 11.461409, 3.776467 ], [ 11.461559, 3.776376 ], [ 11.461958, 3.776182 ], [ 11.46235, 3.775991 ], [ 11.462465, 3.775919 ], [ 11.462655, 3.775766 ], [ 11.463097, 3.775344 ], [ 11.463968, 3.774598 ], [ 11.464757, 3.773876 ], [ 11.464966, 3.773672 ], [ 11.465054, 3.773582 ], [ 11.465576, 3.773038 ], [ 11.465769, 3.772822 ], [ 11.46584, 3.772751 ], [ 11.46599, 3.772622 ], [ 11.466448, 3.772216 ], [ 11.466795, 3.771922 ], [ 11.466935, 3.771823 ], [ 11.467246, 3.77157 ], [ 11.46742, 3.771441 ], [ 11.467706, 3.77123 ], [ 11.467939, 3.771058 ], [ 11.468372, 3.770738 ], [ 11.468505, 3.770614 ], [ 11.468878, 3.770266 ], [ 11.469296, 3.769835 ], [ 11.4697, 3.769415 ], [ 11.469982, 3.769061 ], [ 11.469989, 3.769029 ], [ 11.470007, 3.768965 ], [ 11.470022, 3.768863 ], [ 11.470055, 3.768415 ], [ 11.470096, 3.767982 ], [ 11.470158, 3.767308 ], [ 11.470222, 3.766867 ], [ 11.470246, 3.766745 ], [ 11.470398, 3.766332 ], [ 11.470456, 3.76611 ], [ 11.470602, 3.765751 ], [ 11.470692, 3.765437 ], [ 11.470769, 3.76516 ], [ 11.470798, 3.765083 ], [ 11.470835, 3.765015 ], [ 11.470911, 3.764892 ], [ 11.471051, 3.764712 ], [ 11.471119, 3.764645 ], [ 11.471161, 3.764613 ], [ 11.471188, 3.764592 ], [ 11.471338, 3.764503 ], [ 11.471432, 3.764441 ], [ 11.471714, 3.764228 ], [ 11.472028, 3.763982 ], [ 11.47214, 3.763912 ], [ 11.472195, 3.763889 ], [ 11.472229, 3.763879 ], [ 11.472269, 3.763871 ], [ 11.472338, 3.763854 ], [ 11.472399, 3.763842 ], [ 11.472482, 3.763826 ], [ 11.472586, 3.76382 ], [ 11.472683, 3.763826 ], [ 11.4729, 3.763885 ] ] } },
{ "type": "Feature", "properties": { "nom": "", "classe": "secondary" }, "geometry": { "type": "LineString", "coordinates": [ [ 11.536853, 3.82568 ], [ 11.536797, 3.825624 ], [ 11.536758, 3.825579 ], [ 11.536697, 3.825493 ] ] } },
{ "type": "Feature", "properties": { "nom": "Rue 8.751", "classe": "secondary" }, "geometry": { "type": "LineString", "coordinates": [ [ 11.53678, 3.825454 ], [ 11.53682, 3.825544 ], [ 11.536838, 3.82561 ], [ 11.536853, 3.82568 ] ] } },
{ "type": "Feature", "properties": { "nom": "Rue 8.795", "classe": "trunk" }, "geometry": { "type": "LineString", "coordinates": [ [ 11.537082, 3.825374 ], [ 11.537309, 3.825346 ], [ 11.537662, 3.825287 ], [ 11.538371, 3.82515 ], [ 11.53939, 3.824962 ], [ 11.539753, 3.824894 ], [ 11.540008, 3.824848 ], [ 11.540258, 3.824807 ], [ 11.540688, 3.824744 ], [ 11.541128, 3.824693 ], [ 11.54151, 3.824668 ], [ 11.542008, 3.824669 ], [ 11.542468, 3.824698 ], [ 11.542971, 3.824747 ], [ 11.543096, 3.824762 ], [ 11.543464, 3.824829 ], [ 11.543952, 3.824922 ], [ 11.544781, 3.825156 ], [ 11.545064, 3.82526 ], [ 11.545374, 3.825414 ], [ 11.545766, 3.825599 ], [ 11.546381, 3.825918 ], [ 11.546674, 3.826077 ], [ 11.54709, 3.826298 ], [ 11.547689, 3.826633 ], [ 11.548131, 3.826905 ], [ 11.548564, 3.827179 ], [ 11.548809, 3.827334 ], [ 11.549023, 3.827491 ], [ 11.549108, 3.82756 ], [ 11.549717, 3.828079 ], [ 11.550167, 3.828508 ] ] } },
{ "type": "Feature", "properties": { "nom": "Rue 8.795", "classe": "trunk" }, "geometry": { "type": "LineString", "coordinates": [ [ 11.537082, 3.825374 ], [ 11.53696, 3.825413 ], [ 11.536886, 3.825434 ], [ 11.536782, 3.825448 ] ] } },
{ "type": "Feature", "properties": { "nom": "Rue 8.751", "classe": "secondary" }, "geometry": { "type": "LineString", "coordinates": [ [ 11.529986, 3.81226 ], [ 11.530012, 3.812658 ], [ 11.529981, 3.813011 ], [ 11.529946, 3.813359 ], [ 11.529935, 3.813692 ], [ 11.529929, 3.813878 ], [ 11.529925, 3.814016 ], [ 11.529925, 3.814349 ], [ 11.529951, 3.814637 ], [ 11.53004, 3.815127 ], [ 11.530053, 3.815206 ], [ 11.530171, 3.8159 ], [ 11.530194, 3.816032 ], [ 11.530249, 3.816427 ], [ 11.530349, 3.816912 ], [ 11.53045, 3.817237 ], [ 11.530549, 3.81749 ], [ 11.530658, 3.817684 ], [ 11.530828, 3.817925 ], [ 11.531017, 3.818195 ], [ 11.531289, 3.818571 ], [ 11.531518, 3.818833 ], [ 11.531699, 3.819043 ], [ 11.531983, 3.819335 ], [ 11.532223, 3.819575 ], [ 11.532709, 3.82006 ], [ 11.532979, 3.820349 ], [ 11.533166, 3.820564 ], [ 11.5332, 3.8206 ], [ 11.533536, 3.820986 ], [ 11.533714, 3.82119 ], [ 11.534013, 3.821517 ], [ 11.534481, 3.822013 ], [ 11.534781, 3.822269 ], [ 11.534881, 3.822363 ], [ 11.534938, 3.822417 ], [ 11.53503, 3.822509 ], [ 11.535055, 3.822534 ], [ 11.535207, 3.822735 ], [ 11.535451, 3.823106 ], [ 11.535679, 3.82346 ], [ 11.535982, 3.823973 ], [ 11.536123, 3.824254 ], [ 11.536605, 3.825201 ] ] } },
{ "type": "Feature", "properties": { "nom": "", "classe": "secondary" }, "geometry": { "type": "LineString", "coordinates": [ [ 11.536654, 3.825369 ], [ 11.536631, 3.825323 ], [ 11.536611, 3.825268 ], [ 11.536605, 3.825201 ] ] } },
{ "type": "Feature", "properties": { "nom": "", "classe": "trunk" }, "geometry": { "type": "LineString", "coordinates": [ [ 11.536653, 3.825467 ], [ 11.536594, 3.825457 ], [ 11.536537, 3.825442 ], [ 11.536424, 3.825421 ] ] } },
{ "type": "Feature", "properties": { "nom": "", "classe": "primary" }, "geometry": { "type": "LineString", "coordinates": [ [ 11.449934, 3.945487 ], [ 11.44982, 3.945423 ] ] } },
{ "type": "Feature", "properties": { "nom": "", "classe": "primary" }, "geometry": { "type": "LineString", "coordinates": [ [ 11.45077, 3.945883 ], [ 11.450553, 3.945804 ], [ 11.449934, 3.945487 ] ] } },
{ "type": "Feature", "properties": { "nom": "", "classe": "primary" }, "geometry": { "type": "LineString", "coordinates": [ [ 11.449998, 3.945465 ], [ 11.450669, 3.945798 ], [ 11.45077, 3.945883 ] ] } },
{ "type": "Feature", "properties": { "nom": "", "classe": "primary" }, "geometry": { "type": "LineString", "coordinates": [ [ 11.449865, 3.94538 ], [ 11.449998, 3.945465 ] ] } },
{ "type": "Feature", "properties": { "nom": "", "classe": "primary" }, "geometry": { "type": "LineString", "coordinates": [ [ 11.448457, 3.94168 ], [ 11.448564, 3.94211 ] ] } },
{ "type": "Feature", "properties": { "nom": "", "classe": "primary" }, "geometry": { "type": "LineString", "coordinates": [ [ 11.44982, 3.945423 ], [ 11.449694, 3.945341 ], [ 11.449479, 3.945133 ], [ 11.449407, 3.94504 ], [ 11.449353, 3.944951 ], [ 11.449282, 3.944816 ], [ 11.449216, 3.944647 ], [ 11.449039, 3.943948 ], [ 11.448618, 3.942466 ], [ 11.448579, 3.942298 ], [ 11.448564, 3.94211 ] ] } },
{ "type": "Feature", "properties": { "nom": "", "classe": "primary" }, "geometry": { "type": "LineString", "coordinates": [ [ 11.448564, 3.94211 ], [ 11.44867, 3.9423 ], [ 11.449108, 3.943929 ], [ 11.449286, 3.944614 ], [ 11.449344, 3.944784 ], [ 11.449412, 3.944924 ], [ 11.449451, 3.944985 ], [ 11.449516, 3.945071 ], [ 11.449588, 3.945151 ], [ 11.449739, 3.945299 ], [ 11.449865, 3.94538 ] ] } },
{ "type": "Feature", "properties": { "nom": "", "classe": "primary" }, "geometry": { "type": "LineString", "coordinates": [ [ 11.449645, 3.989629 ], [ 11.449569, 3.989096 ], [ 11.449615, 3.988568 ], [ 11.450094, 3.987081 ], [ 11.450212, 3.98684 ], [ 11.450335, 3.986676 ], [ 11.450515, 3.986497 ], [ 11.450683, 3.986383 ], [ 11.450951, 3.986303 ], [ 11.451362, 3.986036 ], [ 11.451549, 3.985783 ], [ 11.451637, 3.985664 ], [ 11.451818, 3.98535 ], [ 11.451916, 3.985016 ], [ 11.451949, 3.984906 ], [ 11.452128, 3.983837 ], [ 11.45218, 3.983455 ], [ 11.452313, 3.982769 ], [ 11.453221, 3.980538 ], [ 11.453523, 3.980053 ], [ 11.453638, 3.97987 ], [ 11.454123, 3.979371 ], [ 11.454293, 3.979104 ], [ 11.454582, 3.978161 ], [ 11.45474, 3.977765 ], [ 11.454922, 3.977515 ], [ 11.455176, 3.977335 ], [ 11.455433, 3.977192 ], [ 11.455679, 3.976998 ], [ 11.455842, 3.976718 ], [ 11.455918, 3.976379 ], [ 11.455866, 3.976037 ], [ 11.455792, 3.975906 ], [ 11.45314, 3.971314 ], [ 11.452868, 3.970764 ], [ 11.45276, 3.970468 ], [ 11.452682, 3.970144 ], [ 11.452663, 3.969837 ], [ 11.45268, 3.969528 ], [ 11.45271, 3.969236 ], [ 11.452836, 3.968584 ], [ 11.452931, 3.967967 ], [ 11.452943, 3.967655 ], [ 11.45293, 3.967257 ], [ 11.452886, 3.967064 ], [ 11.452806, 3.966862 ], [ 11.452731, 3.966713 ], [ 11.45236, 3.966193 ], [ 11.452295, 3.966067 ], [ 11.452202, 3.965832 ], [ 11.452166, 3.965767 ], [ 11.452123, 3.965702 ], [ 11.451949, 3.965526 ], [ 11.45134, 3.964997 ], [ 11.450652, 3.964212 ], [ 11.450565, 3.964063 ], [ 11.450491, 3.9639 ], [ 11.450444, 3.963701 ], [ 11.450423, 3.963519 ], [ 11.450436, 3.963307 ], [ 11.450461, 3.96314 ], [ 11.450512, 3.962958 ], [ 11.450605, 3.962745 ], [ 11.450758, 3.962523 ], [ 11.451182, 3.961935 ], [ 11.451269, 3.961773 ], [ 11.451345, 3.961594 ], [ 11.451395, 3.961437 ], [ 11.451593, 3.960655 ], [ 11.451641, 3.960518 ], [ 11.451731, 3.96037 ], [ 11.451838, 3.960272 ], [ 11.453337, 3.95878 ], [ 11.453454, 3.958646 ], [ 11.45378, 3.958199 ], [ 11.453853, 3.958071 ], [ 11.45591, 3.954416 ], [ 11.456817, 3.952851 ], [ 11.457207, 3.952162 ], [ 11.457368, 3.951884 ], [ 11.458604, 3.949749 ], [ 11.458652, 3.949677 ], [ 11.458678, 3.949585 ], [ 11.45888, 3.948876 ], [ 11.459118, 3.947884 ] ] } },
{ "type": "Feature", "properties": { "nom": "", "classe": "tertiary" }, "geometry": { "type": "LineString", "coordinates": [ [ 11.583838, 3.961951 ], [ 11.583769, 3.961893 ], [ 11.58373, 3.96185 ], [ 11.58369, 3.961796 ], [ 11.583633, 3.961705 ], [ 11.583581, 3.961629 ], [ 11.583529, 3.961527 ], [ 11.583497, 3.961438 ], [ 11.583482, 3.961328 ] ] } },
{ "type": "Feature", "properties": { "nom": "", "classe": "tertiary" }, "geometry": { "type": "LineString", "coordinates": [ [ 11.591034, 3.965272 ], [ 11.590977, 3.965213 ], [ 11.590925, 3.96519 ], [ 11.59085, 3.965188 ], [ 11.590727, 3.965212 ], [ 11.590594, 3.965241 ], [ 11.59052, 3.965225 ] ] } },
{ "type": "Feature", "properties": { "nom": "", "classe": "tertiary" }, "geometry": { "type": "LineString", "coordinates": [ [ 11.593537, 3.966065 ], [ 11.593482, 3.966049 ] ] } },
{ "type": "Feature", "properties": { "nom": "Rue 7.960", "classe": "tertiary" }, "geometry": { "type": "LineString", "coordinates": [ [ 11.486628, 3.804006 ], [ 11.48613, 3.803809 ], [ 11.485726, 3.803659 ], [ 11.485319, 3.803518 ], [ 11.485032, 3.803386 ], [ 11.484885, 3.803273 ], [ 11.484772, 3.803173 ], [ 11.484672, 3.803069 ], [ 11.48457, 3.802915 ], [ 11.484501, 3.80269 ], [ 11.484448, 3.802419 ], [ 11.484372, 3.801939 ], [ 11.484342, 3.801784 ], [ 11.484264, 3.801595 ], [ 11.484191, 3.801472 ], [ 11.483985, 3.801246 ], [ 11.483728, 3.800996 ], [ 11.48358, 3.800836 ], [ 11.483268, 3.80053 ], [ 11.482635, 3.79992 ], [ 11.482452, 3.799755 ], [ 11.482216, 3.799559 ] ] } },
{ "type": "Feature", "properties": { "nom": "Rue 7.960", "classe": "tertiary" }, "geometry": { "type": "LineString", "coordinates": [ [ 11.482216, 3.799559 ], [ 11.482203, 3.799548 ], [ 11.482183, 3.799529 ] ] } },
{ "type": "Feature", "properties": { "nom": "Rue 7.936", "classe": "tertiary" }, "geometry": { "type": "LineString", "coordinates": [ [ 11.463918, 3.823704 ], [ 11.46413, 3.823818 ], [ 11.464264, 3.823948 ], [ 11.464344, 3.824042 ], [ 11.464514, 3.824294 ], [ 11.464638, 3.82446 ], [ 11.464761, 3.824623 ], [ 11.464905, 3.82478 ], [ 11.465036, 3.824928 ], [ 11.465168, 3.825041 ], [ 11.46531, 3.825125 ], [ 11.465487, 3.825218 ], [ 11.465648, 3.825267 ], [ 11.465797, 3.825311 ], [ 11.465975, 3.825336 ], [ 11.466207, 3.825339 ], [ 11.466391, 3.825323 ], [ 11.466776, 3.8253 ], [ 11.467094, 3.825281 ], [ 11.467277, 3.825277 ], [ 11.467662, 3.825302 ], [ 11.468214, 3.825357 ], [ 11.468338, 3.825316 ], [ 11.468489, 3.825232 ], [ 11.468558, 3.825181 ], [ 11.468651, 3.825066 ], [ 11.468787, 3.824894 ], [ 11.468983, 3.824565 ], [ 11.469109, 3.82429 ], [ 11.469332, 3.823831 ], [ 11.469494, 3.823474 ], [ 11.469568, 3.823342 ], [ 11.469649, 3.823205 ], [ 11.469757, 3.82305 ], [ 11.470144, 3.822602 ], [ 11.470196, 3.822509 ], [ 11.470248, 3.822409 ], [ 11.47028, 3.82231 ], [ 11.470297, 3.822224 ], [ 11.470328, 3.821915 ], [ 11.470338, 3.821651 ], [ 11.470354, 3.821464 ], [ 11.470388, 3.821307 ], [ 11.470436, 3.821175 ], [ 11.470485, 3.821064 ], [ 11.470527, 3.820974 ], [ 11.470692, 3.820752 ], [ 11.47096, 3.820446 ], [ 11.471168, 3.820253 ], [ 11.471293, 3.820149 ], [ 11.471441, 3.820051 ], [ 11.471598, 3.819993 ], [ 11.471723, 3.819992 ] ] } },
{ "type": "Feature", "properties": { "nom": "Boulevard du 20 Mai 1972", "classe": "trunk" }, "geometry": { "type": "LineString", "coordinates": [ [ 11.521631, 3.860285 ], [ 11.521575, 3.860462 ] ] } },
{ "type": "Feature", "properties": { "nom": "Rue 6.327", "classe": "tertiary" }, "geometry": { "type": "LineString", "coordinates": [ [ 11.466244, 3.88347 ], [ 11.465973, 3.883072 ], [ 11.465793, 3.882831 ], [ 11.465562, 3.882551 ], [ 11.465409, 3.882313 ], [ 11.465364, 3.882222 ], [ 11.465299, 3.882093 ], [ 11.465288, 3.882052 ], [ 11.465285, 3.882013 ], [ 11.465293, 3.881974 ], [ 11.465309, 3.881923 ] ] } },
{ "type": "Feature", "properties": { "nom": "", "classe": "primary" }, "geometry": { "type": "LineString", "coordinates": [ [ 11.532069, 3.868387 ], [ 11.531879, 3.868263 ] ] } },
{ "type": "Feature", "properties": { "nom": "", "classe": "tertiary" }, "geometry": { "type": "LineString", "coordinates": [ [ 11.532066, 3.868677 ], [ 11.532093, 3.868463 ] ] } },
{ "type": "Feature", "properties": { "nom": "Rue Manfred Otto Fouda", "classe": "tertiary" }, "geometry": { "type": "LineString", "coordinates": [ [ 11.533886, 3.865088 ], [ 11.533854, 3.865153 ], [ 11.533808, 3.865271 ], [ 11.53361, 3.865502 ], [ 11.533434, 3.865683 ], [ 11.533247, 3.865886 ], [ 11.532973, 3.86621 ], [ 11.532635, 3.866669 ], [ 11.532475, 3.867026 ], [ 11.532357, 3.867349 ], [ 11.532245, 3.867721 ], [ 11.532194, 3.867986 ], [ 11.532175, 3.868135 ] ] } },
{ "type": "Feature", "properties": { "nom": "", "classe": "primary" }, "geometry": { "type": "LineString", "coordinates": [ [ 11.532438, 3.868447 ], [ 11.532196, 3.868469 ] ] } },
{ "type": "Feature", "properties": { "nom": "", "classe": "primary" }, "geometry": { "type": "LineString", "coordinates": [ [ 11.532213, 3.868355 ], [ 11.532227, 3.868384 ], [ 11.532228, 3.868416 ], [ 11.532218, 3.868446 ], [ 11.532196, 3.868469 ], [ 11.532171, 3.868482 ], [ 11.532144, 3.868485 ], [ 11.532117, 3.868479 ], [ 11.532093, 3.868463 ], [ 11.532076, 3.868441 ], [ 11.532068, 3.868415 ], [ 11.532069, 3.868387 ], [ 11.532079, 3.868361 ], [ 11.532098, 3.86834 ], [ 11.532123, 3.868327 ], [ 11.532148, 3.868323 ], [ 11.532172, 3.868327 ], [ 11.532195, 3.868338 ], [ 11.532213, 3.868355 ] ] } },
{ "type": "Feature", "properties": { "nom": "Rue 1.280", "classe": "secondary" }, "geometry": { "type": "LineString", "coordinates": [ [ 11.536546, 3.86872 ], [ 11.536373, 3.86887 ], [ 11.536151, 3.869065 ], [ 11.535992, 3.869224 ], [ 11.535818, 3.869398 ], [ 11.535626, 3.869579 ], [ 11.535485, 3.869711 ], [ 11.535295, 3.869898 ], [ 11.535096, 3.870096 ], [ 11.534872, 3.870304 ], [ 11.534364, 3.870773 ] ] } },
{ "type": "Feature", "properties": { "nom": "Rue 1.280", "classe": "secondary" }, "geometry": { "type": "LineString", "coordinates": [ [ 11.534337, 3.870723 ], [ 11.534459, 3.87062 ], [ 11.535044, 3.870036 ], [ 11.535254, 3.869836 ], [ 11.535435, 3.869661 ], [ 11.535763, 3.869342 ], [ 11.536102, 3.869009 ], [ 11.536497, 3.868665 ] ] } },
{ "type": "Feature", "properties": { "nom": "Rue 1.317", "classe": "tertiary" }, "geometry": { "type": "LineString", "coordinates": [ [ 11.541131, 3.870014 ], [ 11.541104, 3.870157 ] ] } },
{ "type": "Feature", "properties": { "nom": "", "classe": "primary" }, "geometry": { "type": "LineString", "coordinates": [ [ 11.442227, 3.789482 ], [ 11.442253, 3.789543 ], [ 11.442319, 3.789703 ], [ 11.442364, 3.789798 ], [ 11.442416, 3.789868 ], [ 11.442458, 3.789917 ], [ 11.442503, 3.78996 ], [ 11.442554, 3.789997 ], [ 11.442617, 3.790037 ], [ 11.442702, 3.790078 ], [ 11.442812, 3.790116 ], [ 11.44288, 3.790133 ], [ 11.442941, 3.790138 ], [ 11.443077, 3.790196 ] ] } },
{ "type": "Feature", "properties": { "nom": "", "classe": "primary" }, "geometry": { "type": "LineString", "coordinates": [ [ 11.443077, 3.790196 ], [ 11.442844, 3.79019 ], [ 11.442758, 3.790168 ], [ 11.442688, 3.790135 ], [ 11.442608, 3.790096 ], [ 11.442437, 3.789975 ], [ 11.442414, 3.789958 ], [ 11.442365, 3.789899 ], [ 11.44233, 3.789854 ], [ 11.442269, 3.789779 ], [ 11.442165, 3.789573 ], [ 11.44214, 3.789511 ] ] } },
{ "type": "Feature", "properties": { "nom": "", "classe": "trunk" }, "geometry": { "type": "LineString", "coordinates": [ [ 11.440751, 3.789877 ], [ 11.440974, 3.789817 ], [ 11.44155, 3.789683 ], [ 11.441884, 3.789585 ], [ 11.44214, 3.789511 ], [ 11.442227, 3.789482 ], [ 11.442456, 3.789393 ], [ 11.442765, 3.789278 ], [ 11.443242, 3.789066 ], [ 11.443594, 3.788887 ], [ 11.443627, 3.78887 ], [ 11.443705, 3.788826 ], [ 11.443917, 3.788705 ], [ 11.444077, 3.788636 ] ] } },
{ "type": "Feature", "properties": { "nom": "", "classe": "trunk" }, "geometry": { "type": "LineString", "coordinates": [ [ 11.444077, 3.788636 ], [ 11.443945, 3.78875 ], [ 11.443826, 3.788823 ], [ 11.443657, 3.788917 ], [ 11.443258, 3.789116 ], [ 11.442753, 3.789346 ], [ 11.442512, 3.789441 ], [ 11.442253, 3.789543 ], [ 11.442165, 3.789573 ], [ 11.441619, 3.78974 ], [ 11.440998, 3.789885 ], [ 11.440751, 3.789877 ] ] } },
{ "type": "Feature", "properties": { "nom": "", "classe": "trunk" }, "geometry": { "type": "LineString", "coordinates": [ [ 11.455937, 3.785044 ], [ 11.454262, 3.785197 ], [ 11.453859, 3.785227 ], [ 11.452913, 3.7853 ], [ 11.452634, 3.785334 ], [ 11.452031, 3.785389 ], [ 11.45149, 3.785442 ], [ 11.450121, 3.785573 ], [ 11.449473, 3.785646 ], [ 11.449012, 3.785739 ], [ 11.448766, 3.785799 ], [ 11.448512, 3.785874 ], [ 11.448121, 3.786011 ], [ 11.447716, 3.786155 ], [ 11.447356, 3.786327 ], [ 11.44702, 3.786505 ], [ 11.44669, 3.786692 ], [ 11.446469, 3.786831 ], [ 11.446289, 3.786948 ], [ 11.446154, 3.787051 ], [ 11.445862, 3.787285 ], [ 11.445714, 3.787404 ], [ 11.445195, 3.78782 ], [ 11.44488, 3.788054 ], [ 11.444476, 3.788359 ], [ 11.444258, 3.788521 ], [ 11.444077, 3.788636 ] ] } },
{ "type": "Feature", "properties": { "nom": "Rue 4.086", "classe": "tertiary" }, "geometry": { "type": "LineString", "coordinates": [ [ 11.539264, 3.864591 ], [ 11.53919, 3.864942 ] ] } },
{ "type": "Feature", "properties": { "nom": "Rue 8.437", "classe": "secondary" }, "geometry": { "type": "LineString", "coordinates": [ [ 11.491996, 3.782249 ], [ 11.491895, 3.782307 ] ] } },
{ "type": "Feature", "properties": { "nom": "Rue 8.437", "classe": "secondary" }, "geometry": { "type": "LineString", "coordinates": [ [ 11.491895, 3.782307 ], [ 11.491477, 3.782532 ], [ 11.491183, 3.782861 ], [ 11.490553, 3.783369 ], [ 11.490004, 3.783811 ] ] } },
{ "type": "Feature", "properties": { "nom": "", "classe": "secondary" }, "geometry": { "type": "LineString", "coordinates": [ [ 11.549744, 3.897361 ], [ 11.549654, 3.897547 ], [ 11.549577, 3.897633 ] ] } },
{ "type": "Feature", "properties": { "nom": "", "classe": "secondary" }, "geometry": { "type": "LineString", "coordinates": [ [ 11.54323, 3.711979 ], [ 11.54312, 3.71171 ] ] } },
{ "type": "Feature", "properties": { "nom": "", "classe": "secondary" }, "geometry": { "type": "LineString", "coordinates": [ [ 11.549803, 3.897325 ], [ 11.549744, 3.897361 ] ] } },
{ "type": "Feature", "properties": { "nom": "", "classe": "secondary" }, "geometry": { "type": "LineString", "coordinates": [ [ 11.54966, 3.896825 ], [ 11.549705, 3.896941 ], [ 11.549729, 3.897075 ], [ 11.549769, 3.897225 ], [ 11.549803, 3.897325 ], [ 11.54985, 3.897455 ], [ 11.54999, 3.897771 ], [ 11.550088, 3.89798 ], [ 11.550169, 3.898141 ], [ 11.550256, 3.898283 ], [ 11.550315, 3.898369 ], [ 11.55033, 3.898393 ], [ 11.550352, 3.898426 ], [ 11.550399, 3.898489 ] ] } },
{ "type": "Feature", "properties": { "nom": "Rue 5.500", "classe": "secondary" }, "geometry": { "type": "LineString", "coordinates": [ [ 11.557229, 3.90027 ], [ 11.557178, 3.900234 ], [ 11.557108, 3.900191 ], [ 11.557051, 3.900159 ], [ 11.556988, 3.900123 ], [ 11.556878, 3.900071 ], [ 11.556627, 3.899953 ], [ 11.556369, 3.89985 ], [ 11.556126, 3.899787 ], [ 11.555871, 3.899736 ], [ 11.555631, 3.899711 ], [ 11.555459, 3.899698 ], [ 11.555221, 3.899695 ], [ 11.554942, 3.899712 ], [ 11.55474, 3.89973 ], [ 11.554533, 3.899761 ], [ 11.55435, 3.899789 ], [ 11.554262, 3.899802 ], [ 11.553963, 3.899845 ], [ 11.553707, 3.899881 ], [ 11.553433, 3.899912 ], [ 11.553235, 3.899922 ], [ 11.552927, 3.899914 ], [ 11.552736, 3.899898 ], [ 11.552631, 3.899889 ], [ 11.552335, 3.899838 ], [ 11.552086, 3.899771 ], [ 11.551888, 3.899704 ], [ 11.551739, 3.899645 ], [ 11.551486, 3.899534 ], [ 11.551247, 3.89941 ], [ 11.551059, 3.899281 ], [ 11.550937, 3.899186 ], [ 11.550848, 3.899103 ], [ 11.550685, 3.898954 ], [ 11.550555, 3.89882 ], [ 11.550441, 3.898686 ], [ 11.550343, 3.898559 ], [ 11.550286, 3.898484 ], [ 11.550231, 3.898406 ], [ 11.550166, 3.898312 ], [ 11.550098, 3.898187 ], [ 11.550013, 3.89803 ], [ 11.549952, 3.897899 ], [ 11.54991, 3.897808 ], [ 11.549878, 3.897727 ], [ 11.549841, 3.897622 ], [ 11.549792, 3.897475 ], [ 11.549744, 3.897361 ], [ 11.549708, 3.897253 ], [ 11.549661, 3.897097 ], [ 11.549643, 3.896959 ], [ 11.54966, 3.896825 ] ] } },
{ "type": "Feature", "properties": { "nom": "Rue 5.500", "classe": "secondary" }, "geometry": { "type": "LineString", "coordinates": [ [ 11.548908, 3.894061 ], [ 11.549086, 3.894383 ], [ 11.549187, 3.894612 ], [ 11.549233, 3.894732 ], [ 11.549271, 3.894859 ], [ 11.549292, 3.894935 ], [ 11.549312, 3.895001 ], [ 11.549321, 3.895046 ], [ 11.549357, 3.895193 ], [ 11.549407, 3.895401 ], [ 11.549469, 3.895714 ], [ 11.549518, 3.895978 ], [ 11.54959, 3.896359 ], [ 11.549606, 3.896443 ], [ 11.54963, 3.896611 ], [ 11.54966, 3.896825 ] ] } },
{ "type": "Feature", "properties": { "nom": "Rue 6.251", "classe": "secondary" }, "geometry": { "type": "LineString", "coordinates": [ [ 11.483846, 3.876852 ], [ 11.483871, 3.876793 ], [ 11.483898, 3.876736 ], [ 11.483935, 3.876624 ], [ 11.48395, 3.876575 ], [ 11.483984, 3.876424 ], [ 11.484039, 3.876129 ], [ 11.484059, 3.875965 ], [ 11.484086, 3.875875 ], [ 11.484125, 3.875795 ], [ 11.484232, 3.87564 ], [ 11.484412, 3.87538 ], [ 11.48462, 3.875058 ], [ 11.484664, 3.87492 ], [ 11.484682, 3.874804 ], [ 11.484688, 3.874609 ], [ 11.484687, 3.874438 ], [ 11.484612, 3.873876 ], [ 11.484543, 3.873362 ], [ 11.4845, 3.872896 ], [ 11.484452, 3.872342 ], [ 11.484318, 3.871677 ], [ 11.484262, 3.871293 ] ] } },
{ "type": "Feature", "properties": { "nom": "", "classe": "tertiary" }, "geometry": { "type": "LineString", "coordinates": [ [ 11.59057, 3.956261 ], [ 11.590493, 3.956286 ] ] } },
{ "type": "Feature", "properties": { "nom": "", "classe": "secondary" }, "geometry": { "type": "LineString", "coordinates": [ [ 11.549708, 3.897253 ], [ 11.549769, 3.897225 ] ] } },
{ "type": "Feature", "properties": { "nom": "", "classe": "tertiary" }, "geometry": { "type": "LineString", "coordinates": [ [ 11.585109, 3.902874 ], [ 11.585106, 3.902921 ], [ 11.585119, 3.902964 ], [ 11.585197, 3.903053 ], [ 11.585226, 3.903098 ], [ 11.585238, 3.903121 ], [ 11.585242, 3.903153 ] ] } },
{ "type": "Feature", "properties": { "nom": "", "classe": "trunk" }, "geometry": { "type": "LineString", "coordinates": [ [ 11.421055, 3.78973 ], [ 11.421152, 3.789674 ] ] } },
{ "type": "Feature", "properties": { "nom": "", "classe": "trunk" }, "geometry": { "type": "LineString", "coordinates": [ [ 11.421152, 3.789674 ], [ 11.421458, 3.789468 ], [ 11.422504, 3.788791 ], [ 11.422671, 3.788728 ] ] } },
{ "type": "Feature", "properties": { "nom": "", "classe": "trunk" }, "geometry": { "type": "LineString", "coordinates": [ [ 11.421236, 3.789715 ], [ 11.421144, 3.789775 ] ] } },
{ "type": "Feature", "properties": { "nom": "", "classe": "trunk" }, "geometry": { "type": "LineString", "coordinates": [ [ 11.421144, 3.789775 ], [ 11.420246, 3.790288 ], [ 11.419399, 3.790733 ], [ 11.419049, 3.790914 ] ] } },
{ "type": "Feature", "properties": { "nom": "", "classe": "primary" }, "geometry": { "type": "LineString", "coordinates": [ [ 11.421144, 3.789775 ], [ 11.421055, 3.78973 ] ] } },
{ "type": "Feature", "properties": { "nom": "", "classe": "primary" }, "geometry": { "type": "LineString", "coordinates": [ [ 11.421152, 3.789674 ], [ 11.421236, 3.789715 ] ] } },
{ "type": "Feature", "properties": { "nom": "", "classe": "trunk" }, "geometry": { "type": "LineString", "coordinates": [ [ 11.419049, 3.790914 ], [ 11.419354, 3.79072 ], [ 11.42006, 3.79033 ], [ 11.420281, 3.790201 ], [ 11.421055, 3.78973 ] ] } },
{ "type": "Feature", "properties": { "nom": "", "classe": "trunk" }, "geometry": { "type": "LineString", "coordinates": [ [ 11.422671, 3.788728 ], [ 11.422545, 3.788857 ], [ 11.421236, 3.789715 ] ] } },
{ "type": "Feature", "properties": { "nom": "", "classe": "trunk" }, "geometry": { "type": "LineString", "coordinates": [ [ 11.440751, 3.789877 ], [ 11.440449, 3.789923 ], [ 11.440097, 3.789964 ], [ 11.439026, 3.789979 ], [ 11.437741, 3.789977 ], [ 11.437212, 3.789959 ], [ 11.436937, 3.789939 ], [ 11.436573, 3.789908 ], [ 11.436279, 3.789878 ], [ 11.435996, 3.789834 ], [ 11.435708, 3.78979 ], [ 11.435384, 3.789737 ], [ 11.435039, 3.789667 ], [ 11.434776, 3.789603 ], [ 11.434454, 3.789525 ], [ 11.434018, 3.789394 ], [ 11.43312, 3.789093 ], [ 11.43284, 3.788982 ], [ 11.432413, 3.788793 ], [ 11.432127, 3.788666 ], [ 11.43178, 3.788501 ], [ 11.431169, 3.788199 ], [ 11.430816, 3.788013 ], [ 11.430687, 3.787946 ], [ 11.430088, 3.78765 ], [ 11.429882, 3.787561 ], [ 11.429648, 3.787469 ], [ 11.429132, 3.787305 ], [ 11.428914, 3.787235 ], [ 11.428744, 3.787186 ], [ 11.428587, 3.787147 ], [ 11.428193, 3.787077 ], [ 11.428054, 3.787053 ], [ 11.427935, 3.787035 ], [ 11.427853, 3.787028 ], [ 11.42762, 3.787027 ], [ 11.427167, 3.787016 ], [ 11.426865, 3.787028 ], [ 11.426433, 3.787083 ], [ 11.426098, 3.787134 ], [ 11.42566, 3.787232 ], [ 11.425433, 3.787309 ], [ 11.425015, 3.787459 ], [ 11.424459, 3.787705 ], [ 11.424189, 3.787838 ], [ 11.423975, 3.787962 ], [ 11.423656, 3.788164 ], [ 11.423158, 3.788447 ], [ 11.423056, 3.788509 ], [ 11.422671, 3.788728 ] ] } },
{ "type": "Feature", "properties": { "nom": "", "classe": "primary" }, "geometry": { "type": "LineString", "coordinates": [ [ 11.421055, 3.78973 ], [ 11.420156, 3.789202 ], [ 11.420085, 3.789146 ], [ 11.420009, 3.789068 ] ] } },
{ "type": "Feature", "properties": { "nom": "Rue 5.500", "classe": "secondary" }, "geometry": { "type": "LineString", "coordinates": [ [ 11.559975, 3.904176 ], [ 11.559933, 3.904129 ], [ 11.559829, 3.904013 ], [ 11.559795, 3.903971 ], [ 11.559719, 3.903877 ], [ 11.559606, 3.903724 ], [ 11.559533, 3.903624 ], [ 11.559475, 3.903536 ], [ 11.559391, 3.903401 ], [ 11.559304, 3.903259 ], [ 11.55921, 3.903102 ], [ 11.559127, 3.902958 ], [ 11.559027, 3.902764 ], [ 11.558946, 3.902616 ], [ 11.558825, 3.902391 ], [ 11.558702, 3.902156 ], [ 11.558598, 3.901956 ], [ 11.558478, 3.90173 ], [ 11.558358, 3.901527 ], [ 11.558271, 3.901382 ], [ 11.558148, 3.901182 ], [ 11.558083, 3.901088 ], [ 11.55806, 3.901053 ], [ 11.557972, 3.900942 ], [ 11.5579, 3.90086 ], [ 11.557876, 3.900835 ], [ 11.557841, 3.900799 ], [ 11.557824, 3.900782 ], [ 11.557808, 3.900765 ], [ 11.557742, 3.900701 ], [ 11.557703, 3.900657 ], [ 11.55763, 3.90059 ], [ 11.557536, 3.900502 ], [ 11.557452, 3.900431 ], [ 11.55737, 3.900367 ], [ 11.557297, 3.900317 ], [ 11.557229, 3.90027 ] ] } },
{ "type": "Feature", "properties": { "nom": "", "classe": "tertiary" }, "geometry": { "type": "LineString", "coordinates": [ [ 11.535313, 3.940219 ], [ 11.535455, 3.940233 ], [ 11.535614, 3.940241 ], [ 11.538106, 3.940218 ], [ 11.540018, 3.940199 ], [ 11.540715, 3.94021 ], [ 11.541233, 3.940191 ], [ 11.54258, 3.940128 ], [ 11.543099, 3.940098 ], [ 11.544074, 3.940042 ], [ 11.545877, 3.939928 ], [ 11.546997, 3.939929 ], [ 11.547369, 3.939923 ], [ 11.547618, 3.93988 ] ] } },
{ "type": "Feature", "properties": { "nom": "Rue 6.148", "classe": "tertiary" }, "geometry": { "type": "LineString", "coordinates": [ [ 11.500604, 3.923598 ], [ 11.500682, 3.923631 ], [ 11.50078, 3.923663 ], [ 11.501178, 3.923765 ], [ 11.501367, 3.923818 ], [ 11.501671, 3.92388 ], [ 11.502045, 3.923967 ], [ 11.502293, 3.924026 ], [ 11.502484, 3.924063 ], [ 11.502701, 3.9241 ], [ 11.503037, 3.924155 ], [ 11.503235, 3.924195 ], [ 11.503409, 3.924231 ], [ 11.50356, 3.924276 ], [ 11.503733, 3.924355 ], [ 11.503882, 3.924456 ], [ 11.503953, 3.924435 ], [ 11.504064, 3.924419 ], [ 11.504375, 3.924404 ], [ 11.504921, 3.924366 ], [ 11.505089, 3.924353 ], [ 11.505238, 3.924339 ], [ 11.505707, 3.924223 ], [ 11.505791, 3.924199 ], [ 11.50584, 3.924185 ], [ 11.50647, 3.923994 ], [ 11.506567, 3.923952 ], [ 11.506797, 3.923872 ], [ 11.50687, 3.923836 ], [ 11.506925, 3.923818 ], [ 11.507092, 3.92371 ], [ 11.507235, 3.923621 ], [ 11.507554, 3.923379 ] ] } },
{ "type": "Feature", "properties": { "nom": "", "classe": "tertiary" }, "geometry": { "type": "LineString", "coordinates": [ [ 11.581632, 3.939305 ], [ 11.581727, 3.939235 ], [ 11.581785, 3.939207 ], [ 11.581862, 3.939179 ], [ 11.581948, 3.93916 ] ] } },
{ "type": "Feature", "properties": { "nom": "Rue 5.860", "classe": "tertiary" }, "geometry": { "type": "LineString", "coordinates": [ [ 11.5191, 3.922825 ], [ 11.518996, 3.922834 ], [ 11.518875, 3.922861 ], [ 11.518823, 3.92289 ], [ 11.51879, 3.922925 ], [ 11.518767, 3.922962 ], [ 11.518669, 3.923195 ], [ 11.518591, 3.923431 ], [ 11.518548, 3.92353 ], [ 11.518473, 3.923697 ], [ 11.518407, 3.923781 ], [ 11.518318, 3.923875 ], [ 11.518242, 3.923935 ], [ 11.517868, 3.924148 ], [ 11.517807, 3.924168 ], [ 11.51752, 3.924316 ], [ 11.517491, 3.924331 ], [ 11.517445, 3.924359 ], [ 11.517342, 3.924419 ], [ 11.516988, 3.924675 ], [ 11.516641, 3.92493 ], [ 11.516582, 3.924973 ], [ 11.51653, 3.925026 ], [ 11.516369, 3.92527 ] ] } },
{ "type": "Feature", "properties": { "nom": "Rue 5.500", "classe": "secondary" }, "geometry": { "type": "LineString", "coordinates": [ [ 11.570144, 3.910899 ], [ 11.570124, 3.910782 ], [ 11.570123, 3.910776 ], [ 11.570094, 3.91065 ], [ 11.570059, 3.910487 ], [ 11.569959, 3.910206 ], [ 11.56982, 3.909894 ], [ 11.569711, 3.909691 ], [ 11.569573, 3.909461 ], [ 11.569404, 3.909251 ], [ 11.569168, 3.908984 ], [ 11.569033, 3.90886 ], [ 11.568896, 3.908752 ], [ 11.568707, 3.90862 ], [ 11.568471, 3.908455 ], [ 11.568187, 3.908292 ], [ 11.567869, 3.908116 ], [ 11.567505, 3.907948 ], [ 11.566911, 3.907665 ], [ 11.566571, 3.907503 ], [ 11.566204, 3.907353 ], [ 11.565689, 3.907141 ], [ 11.565404, 3.90701 ], [ 11.565191, 3.906912 ], [ 11.565115, 3.906878 ], [ 11.564685, 3.906681 ], [ 11.564552, 3.906618 ], [ 11.564392, 3.906543 ], [ 11.564246, 3.906477 ], [ 11.564175, 3.906445 ], [ 11.563963, 3.906349 ], [ 11.563807, 3.906278 ], [ 11.563673, 3.906217 ], [ 11.563486, 3.906132 ], [ 11.563416, 3.906106 ] ] } },
{ "type": "Feature", "properties": { "nom": "Rue 5.271", "classe": "tertiary" }, "geometry": { "type": "LineString", "coordinates": [ [ 11.558137, 3.889217 ], [ 11.558119, 3.889441 ], [ 11.558115, 3.889652 ], [ 11.558112, 3.890045 ], [ 11.55812, 3.890226 ], [ 11.558155, 3.890447 ], [ 11.558152, 3.890514 ], [ 11.558166, 3.890626 ], [ 11.558209, 3.890847 ], [ 11.558255, 3.8911 ], [ 11.558298, 3.891299 ], [ 11.558311, 3.891381 ], [ 11.558337, 3.891533 ], [ 11.558375, 3.891735 ], [ 11.558396, 3.891941 ], [ 11.558358, 3.892267 ], [ 11.55834, 3.89236 ], [ 11.558243, 3.892904 ], [ 11.558204, 3.893124 ], [ 11.558195, 3.893426 ], [ 11.558191, 3.8936 ], [ 11.558198, 3.893725 ], [ 11.5582, 3.893809 ], [ 11.558211, 3.893924 ], [ 11.558207, 3.894291 ], [ 11.558207, 3.894502 ], [ 11.558228, 3.89474 ], [ 11.558278, 3.894914 ] ] } },
{ "type": "Feature", "properties": { "nom": "", "classe": "tertiary" }, "geometry": { "type": "LineString", "coordinates": [ [ 11.564455, 3.814914 ], [ 11.564778, 3.81543 ] ] } },
{ "type": "Feature", "properties": { "nom": "Route du Golf", "classe": "secondary" }, "geometry": { "type": "LineString", "coordinates": [ [ 11.501066, 3.895119 ], [ 11.500959, 3.895154 ] ] } },
{ "type": "Feature", "properties": { "nom": "Route du Golf", "classe": "secondary" }, "geometry": { "type": "LineString", "coordinates": [ [ 11.500959, 3.895154 ], [ 11.500788, 3.895212 ], [ 11.500625, 3.895259 ], [ 11.500401, 3.895317 ] ] } },
{ "type": "Feature", "properties": { "nom": "Route du Golf", "classe": "secondary" }, "geometry": { "type": "LineString", "coordinates": [ [ 11.500816, 3.895019 ], [ 11.500921, 3.894978 ] ] } },
{ "type": "Feature", "properties": { "nom": "Rue 4.098", "classe": "secondary" }, "geometry": { "type": "LineString", "coordinates": [ [ 11.530342, 3.858177 ], [ 11.530162, 3.85824 ] ] } },
{ "type": "Feature", "properties": { "nom": "Rue Ze Mendouga", "classe": "secondary" }, "geometry": { "type": "LineString", "coordinates": [ [ 11.52969, 3.858011 ], [ 11.530043, 3.85817 ] ] } },
{ "type": "Feature", "properties": { "nom": "Rue Ze Mendouga", "classe": "secondary" }, "geometry": { "type": "LineString", "coordinates": [ [ 11.530159, 3.85828 ], [ 11.530188, 3.85849 ] ] } },
{ "type": "Feature", "properties": { "nom": "", "classe": "secondary" }, "geometry": { "type": "LineString", "coordinates": [ [ 11.53014, 3.858192 ], [ 11.530155, 3.858214 ], [ 11.530162, 3.85824 ], [ 11.530163, 3.85826 ], [ 11.530159, 3.85828 ], [ 11.530144, 3.858307 ], [ 11.530121, 3.858327 ], [ 11.530092, 3.858338 ], [ 11.530062, 3.858339 ], [ 11.530033, 3.858329 ], [ 11.530009, 3.85831 ], [ 11.529994, 3.858286 ], [ 11.529987, 3.858259 ], [ 11.529989, 3.858231 ], [ 11.53, 3.858205 ], [ 11.530019, 3.858184 ], [ 11.530043, 3.85817 ], [ 11.530069, 3.858164 ], [ 11.530095, 3.858166 ], [ 11.530119, 3.858176 ], [ 11.53014, 3.858192 ] ] } },
{ "type": "Feature", "properties": { "nom": "Rue Ze Mendouga", "classe": "secondary" }, "geometry": { "type": "LineString", "coordinates": [ [ 11.52969, 3.858011 ], [ 11.529451, 3.857854 ], [ 11.529305, 3.857737 ], [ 11.529173, 3.857609 ], [ 11.528754, 3.857185 ], [ 11.528641, 3.857078 ], [ 11.528574, 3.857021 ], [ 11.528322, 3.856857 ], [ 11.528053, 3.856702 ], [ 11.527806, 3.856577 ], [ 11.527764, 3.856553 ], [ 11.527536, 3.856423 ], [ 11.527183, 3.856214 ], [ 11.526992, 3.856091 ], [ 11.526524, 3.855803 ], [ 11.526302, 3.855663 ], [ 11.526226, 3.855612 ], [ 11.525982, 3.855474 ], [ 11.525896, 3.855447 ], [ 11.525812, 3.855431 ], [ 11.525746, 3.855418 ], [ 11.525668, 3.855407 ] ] } },
{ "type": "Feature", "properties": { "nom": "", "classe": "secondary" }, "geometry": { "type": "LineString", "coordinates": [ [ 11.538906, 3.88501 ], [ 11.538885, 3.885072 ], [ 11.538862, 3.885129 ], [ 11.538829, 3.885207 ], [ 11.53878, 3.885372 ] ] } },
{ "type": "Feature", "properties": { "nom": "", "classe": "tertiary" }, "geometry": { "type": "LineString", "coordinates": [ [ 11.564196, 3.906382 ], [ 11.564175, 3.906445 ] ] } },
{ "type": "Feature", "properties": { "nom": "Rue 5.500", "classe": "secondary" }, "geometry": { "type": "LineString", "coordinates": [ [ 11.563447, 3.906043 ], [ 11.563517, 3.906075 ], [ 11.563899, 3.906248 ], [ 11.564196, 3.906382 ], [ 11.564217, 3.906391 ], [ 11.56427, 3.906417 ], [ 11.564421, 3.906491 ], [ 11.5647, 3.906622 ], [ 11.56508, 3.906795 ], [ 11.565713, 3.907086 ], [ 11.566159, 3.907276 ], [ 11.566407, 3.907384 ], [ 11.566585, 3.907462 ], [ 11.567519, 3.907887 ], [ 11.567893, 3.908045 ], [ 11.568119, 3.908171 ], [ 11.568396, 3.908321 ], [ 11.568739, 3.908542 ], [ 11.568949, 3.908693 ], [ 11.5691, 3.908816 ], [ 11.569225, 3.908937 ], [ 11.56948, 3.90919 ], [ 11.569651, 3.909401 ], [ 11.569797, 3.909637 ], [ 11.569912, 3.909848 ], [ 11.569946, 3.909929 ], [ 11.57, 3.910056 ], [ 11.570036, 3.910144 ], [ 11.570118, 3.910398 ], [ 11.570135, 3.910467 ], [ 11.570169, 3.910634 ], [ 11.570207, 3.910861 ] ] } },
{ "type": "Feature", "properties": { "nom": "Rue Jean Abanda Bili", "classe": "primary" }, "geometry": { "type": "LineString", "coordinates": [ [ 11.537487, 3.873167 ], [ 11.537327, 3.872988 ], [ 11.537171, 3.872835 ], [ 11.536974, 3.872629 ] ] } },
{ "type": "Feature", "properties": { "nom": "Rue Henri Dunant", "classe": "secondary" }, "geometry": { "type": "LineString", "coordinates": [ [ 11.51106, 3.870046 ], [ 11.510874, 3.870107 ], [ 11.51071, 3.870134 ], [ 11.510504, 3.87016 ], [ 11.510246, 3.870189 ] ] } },
{ "type": "Feature", "properties": { "nom": "Rue Henri Dunant", "classe": "secondary" }, "geometry": { "type": "LineString", "coordinates": [ [ 11.510246, 3.870189 ], [ 11.509907, 3.870255 ], [ 11.509568, 3.870344 ], [ 11.509241, 3.870465 ], [ 11.508855, 3.87069 ], [ 11.508482, 3.870937 ] ] } },
{ "type": "Feature", "properties": { "nom": "Rue Elig Efa", "classe": "secondary" }, "geometry": { "type": "LineString", "coordinates": [ [ 11.497704, 3.871968 ], [ 11.497706, 3.872169 ], [ 11.497721, 3.872302 ], [ 11.497803, 3.872521 ] ] } },
{ "type": "Feature", "properties": { "nom": "Autoroute Yaoundé-Nsimalen", "classe": "motorway" }, "geometry": { "type": "LineString", "coordinates": [ [ 11.508593, 3.777911 ], [ 11.508038, 3.778507 ], [ 11.507363, 3.779298 ], [ 11.507081, 3.779699 ], [ 11.505656, 3.781803 ], [ 11.505282, 3.78238 ] ] } },
{ "type": "Feature", "properties": { "nom": "Autoroute Yaoundé-Nsimalen", "classe": "motorway" }, "geometry": { "type": "LineString", "coordinates": [ [ 11.505282, 3.78238 ], [ 11.504764, 3.783106 ], [ 11.504206, 3.783918 ], [ 11.50329, 3.785128 ], [ 11.502951, 3.785641 ], [ 11.502645, 3.786121 ], [ 11.502397, 3.78657 ], [ 11.502184, 3.787027 ], [ 11.502013, 3.787455 ], [ 11.501883, 3.78787 ], [ 11.501759, 3.78832 ], [ 11.501673, 3.788772 ], [ 11.501615, 3.78926 ], [ 11.501599, 3.78966 ], [ 11.501591, 3.790137 ], [ 11.501603, 3.79305 ] ] } },
{ "type": "Feature", "properties": { "nom": "Autoroute Yaoundé-Nsimalen", "classe": "motorway" }, "geometry": { "type": "LineString", "coordinates": [ [ 11.534577, 3.722847 ], [ 11.534952, 3.722602 ], [ 11.535256, 3.722395 ], [ 11.5355, 3.722214 ], [ 11.535802, 3.721958 ], [ 11.536013, 3.721763 ], [ 11.536217, 3.721555 ], [ 11.536586, 3.72113 ] ] } },
{ "type": "Feature", "properties": { "nom": "Autoroute Yaoundé-Nsimalen", "classe": "motorway" }, "geometry": { "type": "LineString", "coordinates": [ [ 11.536656, 3.721196 ], [ 11.536334, 3.72157 ], [ 11.536114, 3.721809 ], [ 11.53591, 3.722007 ], [ 11.535675, 3.722211 ], [ 11.535345, 3.72246 ], [ 11.534971, 3.722727 ], [ 11.534343, 3.723124 ] ] } },
{ "type": "Feature", "properties": { "nom": "Rue 2.716", "classe": "secondary" }, "geometry": { "type": "LineString", "coordinates": [ [ 11.49135, 3.878895 ], [ 11.491184, 3.878821 ], [ 11.490962, 3.878723 ], [ 11.490666, 3.878602 ], [ 11.490415, 3.87848 ], [ 11.490176, 3.878374 ], [ 11.489986, 3.878299 ], [ 11.489806, 3.878293 ], [ 11.489102, 3.878315 ] ] } },
{ "type": "Feature", "properties": { "nom": "Rue 2.716", "classe": "secondary" }, "geometry": { "type": "LineString", "coordinates": [ [ 11.492226, 3.879625 ], [ 11.491925, 3.879381 ], [ 11.491604, 3.879121 ], [ 11.49135, 3.878895 ] ] } },
{ "type": "Feature", "properties": { "nom": "Rue Jean Tsanga Manga", "classe": "tertiary" }, "geometry": { "type": "LineString", "coordinates": [ [ 11.491363, 3.896405 ], [ 11.491197, 3.896716 ], [ 11.491115, 3.896955 ], [ 11.491062, 3.89716 ], [ 11.491025, 3.897412 ], [ 11.490969, 3.897889 ], [ 11.490957, 3.898039 ], [ 11.490966, 3.898165 ], [ 11.490989, 3.898294 ], [ 11.491025, 3.89841 ] ] } },
{ "type": "Feature", "properties": { "nom": "Rue Jean Tsanga Manga", "classe": "tertiary" }, "geometry": { "type": "LineString", "coordinates": [ [ 11.48767, 3.907751 ], [ 11.48751, 3.907878 ], [ 11.487372, 3.907992 ], [ 11.487287, 3.908091 ], [ 11.487245, 3.908136 ], [ 11.487207, 3.908212 ], [ 11.487148, 3.908351 ], [ 11.487075, 3.908599 ], [ 11.487017, 3.908783 ], [ 11.486978, 3.908902 ], [ 11.48693, 3.909 ], [ 11.486863, 3.909126 ], [ 11.486749, 3.909267 ], [ 11.4861, 3.909907 ], [ 11.486056, 3.909941 ], [ 11.485974, 3.910043 ] ] } },
{ "type": "Feature", "properties": { "nom": "Rue du Vatican", "classe": "tertiary" }, "geometry": { "type": "LineString", "coordinates": [ [ 11.464091, 3.939089 ], [ 11.464064, 3.939194 ], [ 11.463976, 3.939483 ], [ 11.463863, 3.939753 ], [ 11.463722, 3.939921 ], [ 11.462807, 3.941333 ], [ 11.462627, 3.941561 ], [ 11.462446, 3.941702 ], [ 11.462368, 3.941739 ], [ 11.46227, 3.941755 ], [ 11.46159, 3.941728 ], [ 11.461483, 3.941742 ], [ 11.4614, 3.941762 ], [ 11.460632, 3.942063 ], [ 11.460541, 3.942108 ], [ 11.460453, 3.94217 ], [ 11.460359, 3.942265 ], [ 11.459184, 3.943816 ], [ 11.459126, 3.943903 ], [ 11.459073, 3.944008 ], [ 11.459045, 3.944119 ], [ 11.459031, 3.944224 ], [ 11.458966, 3.945432 ], [ 11.458934, 3.945783 ], [ 11.458882, 3.946132 ], [ 11.458853, 3.946356 ] ] } },
{ "type": "Feature", "properties": { "nom": "", "classe": "primary" }, "geometry": { "type": "LineString", "coordinates": [ [ 11.458853, 3.946356 ], [ 11.45778, 3.946201 ], [ 11.456348, 3.946006 ], [ 11.456017, 3.94598 ], [ 11.455449, 3.945991 ], [ 11.455228, 3.946004 ], [ 11.454119, 3.94622 ], [ 11.453373, 3.946327 ], [ 11.453207, 3.946359 ], [ 11.452405, 3.9465 ], [ 11.452285, 3.946501 ], [ 11.452185, 3.946496 ], [ 11.452088, 3.94647 ], [ 11.451821, 3.946368 ], [ 11.451737, 3.946337 ], [ 11.451297, 3.946137 ], [ 11.450868, 3.945943 ], [ 11.45077, 3.945883 ] ] } },
{ "type": "Feature", "properties": { "nom": "", "classe": "primary" }, "geometry": { "type": "LineString", "coordinates": [ [ 11.459255, 3.947058 ], [ 11.459247, 3.946934 ], [ 11.45922, 3.946811 ], [ 11.459169, 3.946683 ], [ 11.459086, 3.94656 ], [ 11.458984, 3.946462 ], [ 11.458853, 3.946356 ] ] } },
{ "type": "Feature", "properties": { "nom": "Rue 8.437", "classe": "secondary" }, "geometry": { "type": "LineString", "coordinates": [ [ 11.523926, 3.789027 ], [ 11.523783, 3.788915 ], [ 11.523617, 3.788795 ], [ 11.523238, 3.788602 ], [ 11.523088, 3.78853 ], [ 11.522971, 3.788474 ], [ 11.522871, 3.788426 ], [ 11.522739, 3.788363 ], [ 11.522322, 3.788143 ], [ 11.522193, 3.788069 ], [ 11.521951, 3.787914 ], [ 11.521843, 3.787828 ], [ 11.521814, 3.787805 ], [ 11.521702, 3.787696 ], [ 11.521585, 3.787557 ], [ 11.521505, 3.787446 ], [ 11.521352, 3.787136 ], [ 11.521211, 3.786845 ], [ 11.521053, 3.786521 ], [ 11.520868, 3.786157 ], [ 11.520651, 3.785727 ], [ 11.520554, 3.785537 ], [ 11.520479, 3.785387 ], [ 11.520391, 3.785193 ], [ 11.520202, 3.784887 ], [ 11.520175, 3.784837 ] ] } },
{ "type": "Feature", "properties": { "nom": "Rue 8.437", "classe": "secondary" }, "geometry": { "type": "LineString", "coordinates": [ [ 11.520175, 3.784837 ], [ 11.520137, 3.784766 ] ] } },
{ "type": "Feature", "properties": { "nom": "Rue Etoundi Ekono Damien", "classe": "tertiary" }, "geometry": { "type": "LineString", "coordinates": [ [ 11.5936, 3.969418 ], [ 11.593912, 3.969396 ], [ 11.594343, 3.969367 ], [ 11.594769, 3.96931 ], [ 11.595031, 3.96931 ], [ 11.595735, 3.969479 ], [ 11.596263, 3.969602 ], [ 11.596514, 3.96966 ], [ 11.596751, 3.9697 ], [ 11.596986, 3.969723 ], [ 11.597107, 3.969735 ], [ 11.597426, 3.96974 ], [ 11.597617, 3.969714 ], [ 11.597737, 3.969708 ], [ 11.597959, 3.96965 ], [ 11.598186, 3.96957 ] ] } },
{ "type": "Feature", "properties": { "nom": "Rue Etoundi Ekono Damien", "classe": "tertiary" }, "geometry": { "type": "LineString", "coordinates": [ [ 11.598186, 3.96957 ], [ 11.598356, 3.96948 ] ] } },
{ "type": "Feature", "properties": { "nom": "Route de Ntoutmevom", "classe": "tertiary" }, "geometry": { "type": "LineString", "coordinates": [ [ 11.589785, 3.983708 ], [ 11.589661, 3.983754 ], [ 11.589286, 3.983887 ], [ 11.589142, 3.983935 ], [ 11.588916, 3.984039 ], [ 11.588762, 3.984123 ], [ 11.58865, 3.984192 ], [ 11.588448, 3.98432 ], [ 11.588226, 3.984481 ], [ 11.588133, 3.984562 ], [ 11.588064, 3.984639 ], [ 11.588013, 3.984704 ], [ 11.587959, 3.984786 ], [ 11.587804, 3.985104 ], [ 11.587734, 3.985215 ], [ 11.587614, 3.985419 ], [ 11.587484, 3.985626 ], [ 11.587435, 3.985702 ], [ 11.587346, 3.98583 ], [ 11.587302, 3.985889 ], [ 11.586828, 3.986517 ], [ 11.586722, 3.986658 ], [ 11.586622, 3.986805 ], [ 11.586531, 3.986942 ], [ 11.58643, 3.987093 ], [ 11.586276, 3.987322 ], [ 11.58616, 3.987499 ], [ 11.586041, 3.987668 ], [ 11.585917, 3.987849 ], [ 11.585745, 3.98809 ], [ 11.585589, 3.988319 ], [ 11.585561, 3.98836 ], [ 11.58552, 3.98842 ], [ 11.585452, 3.988516 ], [ 11.585261, 3.988787 ], [ 11.58499, 3.989191 ], [ 11.584901, 3.989316 ], [ 11.584673, 3.989649 ], [ 11.584456, 3.989957 ] ] } },
{ "type": "Feature", "properties": { "nom": "Avenue de Mvolye", "classe": "tertiary" }, "geometry": { "type": "LineString", "coordinates": [ [ 11.499995, 3.837799 ], [ 11.499886, 3.837645 ], [ 11.49977, 3.837483 ], [ 11.49944, 3.836999 ], [ 11.499397, 3.836927 ], [ 11.499252, 3.836688 ], [ 11.499158, 3.83654 ], [ 11.499129, 3.836495 ], [ 11.498938, 3.836196 ], [ 11.498819, 3.835949 ], [ 11.498618, 3.835614 ], [ 11.498405, 3.835326 ], [ 11.498097, 3.835101 ], [ 11.498053, 3.835083 ], [ 11.497994, 3.835066 ], [ 11.497856, 3.835073 ], [ 11.49777, 3.835091 ], [ 11.497672, 3.835127 ], [ 11.497593, 3.835171 ], [ 11.497262, 3.835342 ], [ 11.497111, 3.835427 ], [ 11.49683, 3.835576 ], [ 11.496736, 3.835626 ], [ 11.496496, 3.835743 ], [ 11.496309, 3.835836 ], [ 11.496033, 3.835967 ], [ 11.495966, 3.836013 ] ] } },
{ "type": "Feature", "properties": { "nom": "", "classe": "tertiary" }, "geometry": { "type": "LineString", "coordinates": [ [ 11.596441, 3.949823 ], [ 11.596638, 3.949886 ], [ 11.596745, 3.949902 ] ] } }
]
}
